account_id,month,segment,utilization_pct,monthly_spend_usd,delinquent_30d
C000001,2025-08,Prime,15,1250,0
C000002,2025-08,Prime,25,1782,0
C000003,2025-08,Prime,53,1086,0
C000004,2025-08,Prime,22,2004,0
C000005,2025-08,Prime,48,1445,0
C000006,2025-08,Prime,41,2260,0
C000007,2025-08,Prime,37,1805,0
C000008,2025-08,Prime,24,1381,0
C000009,2025-08,Prime,2,2354,0
C000010,2025-08,Prime,46,2281,0
C000011,2025-08,Prime,8,2694,0
C000012,2025-08,Prime,32,1296,0
C000013,2025-08,Prime,24,1722,0
C000014,2025-08,Prime,18,608,0
C000015,2025-08,Prime,21,2922,0
C000016,2025-08,Prime,26,209,0
C000017,2025-08,Prime,16,1451,0
C000018,2025-08,Prime,35,1905,0
C000019,2025-08,Prime,48,1364,0
C000020,2025-08,Prime,16,1788,0
C000021,2025-08,Prime,30,2467,0
C000022,2025-08,Prime,31,2785,0
C000023,2025-08,Prime,24,148,0
C000024,2025-08,Prime,44,1336,0
C000025,2025-08,Prime,32,1351,0
C000026,2025-08,Prime,2,918,0
C000027,2025-08,Prime,18,1865,0
C000028,2025-08,Prime,42,2693,0
C000029,2025-08,Prime,8,1624,0
C000030,2025-08,Prime,21,1613,0
C000031,2025-08,Prime,33,1737,0
C000032,2025-08,Prime,28,1832,0
C000033,2025-08,Prime,21,1415,0
C000034,2025-08,Prime,17,590,0
C000035,2025-08,Prime,48,634,0
C000036,2025-08,Prime,23,1028,0
C000037,2025-08,Prime,49,1511,0
C000038,2025-08,Prime,6,981,0
C000039,2025-08,Prime,31,769,0
C000040,2025-08,Prime,22,470,0
C000041,2025-08,Prime,1,1727,0
C000042,2025-08,Prime,20,1259,0
C000043,2025-08,Prime,1,2032,0
C000044,2025-08,Prime,22,2650,0
C000045,2025-08,Prime,72,515,0
C000046,2025-08,Prime,22,2180,0
C000047,2025-08,Prime,33,2117,0
C000048,2025-08,Prime,18,1151,0
C000049,2025-08,Prime,42,0,0
C000050,2025-08,Prime,22,3254,0
C000051,2025-08,Prime,7,0,0
C000052,2025-08,Prime,45,472,0
C000053,2025-08,Prime,49,1559,0
C000054,2025-08,Prime,18,1945,0
C000055,2025-08,Prime,27,986,0
C000056,2025-08,Prime,17,1393,0
C000057,2025-08,Prime,41,1364,0
C000058,2025-08,Prime,4,2237,0
C000059,2025-08,Prime,31,1553,0
C000060,2025-08,Prime,47,1850,0
C000061,2025-08,Prime,6,1705,0
C000062,2025-08,Prime,36,3281,0
C000063,2025-08,Prime,1,1835,0
C000064,2025-08,Prime,35,1922,0
C000065,2025-08,Prime,77,1359,0
C000066,2025-08,Prime,34,2422,0
C000067,2025-08,Prime,31,1450,0
C000068,2025-08,Prime,31,1424,0
C000069,2025-08,Prime,42,1157,0
C000070,2025-08,Prime,39,329,0
C000071,2025-08,Prime,15,785,0
C000072,2025-08,Prime,22,2127,0
C000073,2025-08,Prime,2,842,0
C000074,2025-08,Prime,6,2613,0
C000075,2025-08,Prime,9,363,0
C000076,2025-08,Prime,30,906,0
C000077,2025-08,Prime,55,667,0
C000078,2025-08,Prime,28,756,0
C000079,2025-08,Prime,10,1974,0
C000080,2025-08,Prime,26,575,0
C000081,2025-08,Prime,26,1791,0
C000082,2025-08,Prime,19,360,0
C000083,2025-08,Prime,58,2252,0
C000084,2025-08,Prime,37,960,0
C000085,2025-08,Prime,13,2090,0
C000086,2025-08,Prime,27,1311,0
C000087,2025-08,Prime,9,1629,0
C000088,2025-08,Prime,20,1475,0
C000089,2025-08,Prime,43,1398,0
C000090,2025-08,Prime,1,2289,1
C000091,2025-08,Prime,39,1469,0
C000092,2025-08,Prime,24,1780,0
C000093,2025-08,Prime,37,1358,0
C000094,2025-08,Prime,19,1611,0
C000095,2025-08,Prime,19,1832,0
C000096,2025-08,Prime,28,1771,0
C000097,2025-08,Prime,44,2103,0
C000098,2025-08,Prime,27,0,0
C000099,2025-08,Prime,20,309,0
C000100,2025-08,Prime,21,1298,0
C000101,2025-08,Prime,46,973,0
C000102,2025-08,Prime,36,2445,0
C000103,2025-08,Prime,1,742,0
C000104,2025-08,Prime,17,1118,0
C000105,2025-08,Prime,33,2103,0
C000106,2025-08,Prime,40,2480,0
C000107,2025-08,Prime,14,2387,0
C000108,2025-08,Prime,30,658,0
C000109,2025-08,Prime,12,1716,0
C000110,2025-08,Prime,41,2424,0
C000111,2025-08,Prime,54,661,0
C000112,2025-08,Prime,9,1827,0
C000113,2025-08,Prime,19,1729,0
C000114,2025-08,Prime,42,1411,0
C000115,2025-08,Prime,50,2104,0
C000116,2025-08,Prime,1,26,1
C000117,2025-08,Prime,52,0,0
C000118,2025-08,Prime,29,800,0
C000119,2025-08,Prime,5,466,0
C000120,2025-08,Prime,43,1686,0
C000121,2025-08,Prime,20,611,0
C000122,2025-08,Prime,59,1824,0
C000123,2025-08,Prime,28,1350,0
C000124,2025-08,Prime,20,1426,0
C000125,2025-08,Prime,23,1477,0
C000126,2025-08,Prime,42,508,0
C000127,2025-08,Prime,41,2136,0
C000128,2025-08,Prime,19,1780,0
C000129,2025-08,Prime,14,2172,0
C000130,2025-08,Prime,39,871,0
C000131,2025-08,Prime,38,878,0
C000132,2025-08,Prime,54,1728,1
C000133,2025-08,Prime,10,1490,0
C000134,2025-08,Prime,23,1616,0
C000135,2025-08,Prime,17,417,0
C000136,2025-08,Prime,49,267,0
C000137,2025-08,Prime,17,1242,0
C000138,2025-08,Prime,1,1514,0
C000139,2025-08,Prime,19,1429,0
C000140,2025-08,Prime,23,2570,0
C000141,2025-08,Prime,25,264,0
C000142,2025-08,Prime,39,1108,0
C000143,2025-08,Prime,36,1834,0
C000144,2025-08,Prime,47,1596,0
C000145,2025-08,Prime,40,1386,0
C000146,2025-08,Prime,32,1110,0
C000147,2025-08,Prime,1,2069,0
C000148,2025-08,Prime,6,1071,0
C000149,2025-08,Prime,17,1403,1
C000150,2025-08,Prime,30,2148,0
C000151,2025-08,Prime,3,1486,0
C000152,2025-08,Prime,34,2767,0
C000153,2025-08,Prime,35,1402,0
C000154,2025-08,Prime,1,0,0
C000155,2025-08,Prime,35,1147,0
C000156,2025-08,Prime,1,570,0
C000157,2025-08,Prime,11,630,0
C000158,2025-08,Prime,25,727,0
C000159,2025-08,Prime,43,2170,0
C000160,2025-08,Prime,22,989,0
C000161,2025-08,Prime,46,203,0
C000162,2025-08,Prime,18,2825,0
C000163,2025-08,Prime,11,1515,0
C000164,2025-08,Prime,30,1155,0
C000165,2025-08,Prime,61,957,0
C000166,2025-08,Prime,48,1928,0
C000167,2025-08,Prime,32,1693,1
C000168,2025-08,Prime,30,865,0
C000169,2025-08,Prime,1,971,0
C000170,2025-08,Prime,32,2502,0
C000171,2025-08,Prime,17,672,0
C000172,2025-08,Prime,24,2008,0
C000173,2025-08,Prime,20,780,0
C000174,2025-08,Prime,37,1566,0
C000175,2025-08,Prime,48,408,0
C000176,2025-08,Prime,17,2047,0
C000177,2025-08,Prime,47,2128,0
C000178,2025-08,Prime,8,21,0
C000179,2025-08,Prime,5,372,0
C000180,2025-08,Prime,31,2091,0
C000181,2025-08,Prime,21,1881,0
C000182,2025-08,Prime,24,1257,0
C000183,2025-08,Prime,29,875,0
C000184,2025-08,Prime,18,1031,0
C000185,2025-08,Prime,43,542,0
C000186,2025-08,Prime,45,2074,0
C000187,2025-08,Prime,55,1179,0
C000188,2025-08,Prime,25,920,0
C000189,2025-08,Prime,22,731,0
C000190,2025-08,Prime,49,1428,0
C000191,2025-08,Prime,39,477,0
C000192,2025-08,Prime,57,1073,0
C000193,2025-08,Prime,22,2331,0
C000194,2025-08,Prime,6,1436,0
C000195,2025-08,Prime,52,1389,0
C000196,2025-08,Prime,20,1286,0
C000197,2025-08,Prime,43,249,0
C000198,2025-08,Prime,1,892,0
C000199,2025-08,Prime,58,2291,0
C000200,2025-08,Prime,65,1802,0
C000201,2025-08,Prime,9,2341,0
C000202,2025-08,Prime,27,2267,0
C000203,2025-08,Prime,1,2368,0
C000204,2025-08,Prime,1,710,0
C000205,2025-08,Prime,37,1850,0
C000206,2025-08,Prime,19,1148,0
C000207,2025-08,Prime,41,2183,0
C000208,2025-08,Prime,23,703,0
C000209,2025-08,Prime,24,1816,0
C000210,2025-08,Prime,22,3042,0
C000211,2025-08,Prime,19,1142,0
C000212,2025-08,Prime,13,1826,0
C000213,2025-08,Prime,41,1169,0
C000214,2025-08,Prime,39,1635,0
C000215,2025-08,Prime,26,1957,0
C000216,2025-08,Prime,40,942,0
C000217,2025-08,Prime,4,419,0
C000218,2025-08,Prime,7,1265,0
C000219,2025-08,Prime,17,1343,0
C000220,2025-08,Prime,57,1785,0
C000221,2025-08,Prime,23,0,0
C000222,2025-08,Prime,1,1285,0
C000223,2025-08,Prime,27,2679,0
C000224,2025-08,Prime,1,878,0
C000225,2025-08,Prime,41,2347,0
C000226,2025-08,Prime,14,1664,0
C000227,2025-08,Prime,1,2043,0
C000228,2025-08,Prime,51,2425,0
C000229,2025-08,Prime,53,1626,0
C000230,2025-08,Prime,32,1292,0
C000231,2025-08,Prime,6,1382,0
C000232,2025-08,Prime,57,900,0
C000233,2025-08,Prime,37,1479,0
C000234,2025-08,Prime,1,1465,0
C000235,2025-08,Prime,4,1375,0
C000236,2025-08,Prime,36,2620,0
C000237,2025-08,Prime,1,2128,0
C000238,2025-08,Prime,58,1754,0
C000239,2025-08,Prime,45,651,0
C000240,2025-08,Prime,49,1124,0
C000241,2025-08,Prime,23,1769,0
C000242,2025-08,Prime,19,1494,0
C000243,2025-08,Prime,1,895,0
C000244,2025-08,Prime,42,510,0
C000245,2025-08,Prime,30,1450,0
C000246,2025-08,Prime,1,710,0
C000247,2025-08,Prime,43,2094,0
C000248,2025-08,Prime,30,1907,0
C000249,2025-08,Prime,40,1331,0
C000250,2025-08,Prime,39,2413,0
C000251,2025-08,Prime,14,2068,0
C000252,2025-08,Prime,42,1998,0
C000253,2025-08,Prime,24,2302,0
C000254,2025-08,Prime,36,2701,0
C000255,2025-08,Prime,43,1838,1
C000256,2025-08,Prime,15,1344,0
C000257,2025-08,Prime,14,901,0
C000258,2025-08,Prime,26,1413,0
C000259,2025-08,Prime,32,1570,0
C000260,2025-08,Prime,47,1709,0
C000261,2025-08,Prime,22,1974,0
C000262,2025-08,Prime,8,1012,0
C000263,2025-08,Prime,12,1026,0
C000264,2025-08,Prime,45,1557,0
C000265,2025-08,Prime,54,1166,0
C000266,2025-08,Prime,20,1941,0
C000267,2025-08,Prime,40,586,0
C000268,2025-08,Prime,29,1561,0
C000269,2025-08,Prime,42,1555,0
C000270,2025-08,Prime,14,2536,0
C000271,2025-08,Prime,9,1006,0
C000272,2025-08,Prime,46,1823,0
C000273,2025-08,Prime,36,292,0
C000274,2025-08,Prime,40,2771,1
C000275,2025-08,Prime,13,1133,0
C000276,2025-08,Prime,20,1049,1
C000277,2025-08,Prime,12,252,0
C000278,2025-08,Prime,21,1960,0
C000279,2025-08,Prime,1,1059,0
C000280,2025-08,Prime,10,2289,0
C000281,2025-08,Prime,52,2168,0
C000282,2025-08,Prime,39,2585,0
C000283,2025-08,Prime,31,821,0
C000284,2025-08,Prime,27,1531,0
C000285,2025-08,Prime,9,1516,0
C000286,2025-08,Prime,1,984,0
C000287,2025-08,Prime,44,1484,0
C000288,2025-08,Prime,41,2666,0
C000289,2025-08,Prime,47,1657,0
C000290,2025-08,Prime,16,312,0
C000291,2025-08,Prime,66,1338,0
C000292,2025-08,Prime,39,1761,0
C000293,2025-08,Prime,41,155,0
C000294,2025-08,Prime,65,2217,0
C000295,2025-08,Prime,7,2506,0
C000296,2025-08,Prime,39,0,0
C000297,2025-08,Prime,32,1582,0
C000298,2025-08,Prime,25,1813,0
C000299,2025-08,Prime,2,0,0
C000300,2025-08,Prime,29,1336,0
C000301,2025-08,Prime,74,1482,0
C000302,2025-08,Prime,57,481,0
C000303,2025-08,Prime,1,949,0
C000304,2025-08,Prime,1,2817,0
C000305,2025-08,Prime,39,0,0
C000306,2025-08,Prime,34,1532,0
C000307,2025-08,Prime,39,813,0
C000308,2025-08,Prime,21,1422,0
C000309,2025-08,Prime,24,961,0
C000310,2025-08,Prime,34,2172,0
C000311,2025-08,Prime,1,3040,0
C000312,2025-08,Prime,43,1139,0
C000313,2025-08,Prime,10,1935,0
C000314,2025-08,Prime,11,1707,0
C000315,2025-08,Prime,1,562,0
C000316,2025-08,Prime,6,1047,0
C000317,2025-08,Prime,40,370,0
C000318,2025-08,Prime,38,1648,0
C000319,2025-08,Prime,43,1220,0
C000320,2025-08,Prime,14,2144,0
C000321,2025-08,Prime,28,1546,0
C000322,2025-08,Prime,63,944,0
C000323,2025-08,Prime,9,1268,0
C000324,2025-08,Prime,34,902,0
C000325,2025-08,Prime,23,1846,0
C000326,2025-08,Prime,51,995,0
C000327,2025-08,Prime,31,2436,0
C000328,2025-08,Prime,45,2891,0
C000329,2025-08,Prime,13,2165,0
C000330,2025-08,Prime,39,544,0
C000331,2025-08,Prime,46,1924,0
C000332,2025-08,Prime,70,2331,0
C000333,2025-08,Prime,55,1076,0
C000334,2025-08,Prime,24,2742,0
C000335,2025-08,Prime,21,3104,0
C000336,2025-08,Prime,16,1419,0
C000337,2025-08,Prime,47,2805,0
C000338,2025-08,Prime,32,1033,0
C000339,2025-08,Prime,39,1717,0
C000340,2025-08,Prime,20,578,0
C000341,2025-08,Prime,1,884,0
C000342,2025-08,Prime,31,1051,0
C000343,2025-08,Prime,17,944,0
C000344,2025-08,Prime,27,2495,0
C000345,2025-08,Prime,1,421,0
C000346,2025-08,Prime,8,1324,0
C000347,2025-08,Prime,53,1887,1
C000348,2025-08,Prime,27,2278,0
C000349,2025-08,Prime,20,952,0
C000350,2025-08,Prime,43,1009,0
C000351,2025-08,Prime,29,2498,0
C000352,2025-08,Prime,40,0,0
C000353,2025-08,Prime,34,1969,0
C000354,2025-08,Prime,1,1629,0
C000355,2025-08,Prime,33,774,0
C000356,2025-08,Prime,26,2652,0
C000357,2025-08,Prime,42,1115,0
C000358,2025-08,Prime,53,2120,0
C000359,2025-08,Prime,1,2211,0
C000360,2025-08,Prime,13,2160,0
C000361,2025-08,Prime,21,1786,0
C000362,2025-08,Prime,63,373,0
C000363,2025-08,Prime,27,1065,0
C000364,2025-08,Prime,19,1656,0
C000365,2025-08,Prime,33,1453,0
C000366,2025-08,Prime,30,1879,0
C000367,2025-08,Prime,48,956,0
C000368,2025-08,Prime,43,1223,0
C000369,2025-08,Prime,1,1331,0
C000370,2025-08,Prime,25,1092,0
C000371,2025-08,Prime,43,117,0
C000372,2025-08,Prime,48,2444,0
C000373,2025-08,Prime,18,1173,0
C000374,2025-08,Prime,1,1178,0
C000375,2025-08,Prime,26,1968,0
C000376,2025-08,Prime,30,2601,0
C000377,2025-08,Prime,39,1341,0
C000378,2025-08,Prime,26,2033,0
C000379,2025-08,Prime,23,533,0
C000380,2025-08,Prime,17,586,0
C000381,2025-08,Prime,40,1169,0
C000382,2025-08,Prime,28,1619,0
C000383,2025-08,Prime,54,1725,0
C000384,2025-08,Prime,43,1655,0
C000385,2025-08,Prime,37,108,0
C000386,2025-08,Prime,24,1588,0
C000387,2025-08,Prime,43,901,0
C000388,2025-08,Prime,54,1989,0
C000389,2025-08,Prime,37,1083,0
C000390,2025-08,Prime,10,2036,0
C000391,2025-08,Prime,23,2426,0
C000392,2025-08,Prime,2,2375,0
C000393,2025-08,Prime,31,1530,0
C000394,2025-08,Prime,11,532,0
C000395,2025-08,Prime,43,1072,0
C000396,2025-08,Prime,68,653,0
C000397,2025-08,Prime,44,2765,0
C000398,2025-08,Prime,40,1605,0
C000399,2025-08,Prime,33,2508,0
C000400,2025-08,Prime,18,2007,0
C000401,2025-08,Prime,10,1425,0
C000402,2025-08,Prime,40,2414,0
C000403,2025-08,Prime,35,2016,0
C000404,2025-08,Prime,36,2531,0
C000405,2025-08,Prime,1,1606,0
C000406,2025-08,Prime,56,1632,0
C000407,2025-08,Prime,43,1588,0
C000408,2025-08,Prime,27,1173,0
C000409,2025-08,Prime,29,1058,0
C000410,2025-08,Prime,43,2074,0
C000411,2025-08,Prime,8,3022,0
C000412,2025-08,Prime,1,1910,0
C000413,2025-08,Prime,17,705,0
C000414,2025-08,Prime,11,1001,0
C000415,2025-08,Prime,14,780,0
C000416,2025-08,Prime,21,1347,0
C000417,2025-08,Prime,26,572,0
C000418,2025-08,Prime,20,1873,0
C000419,2025-08,Prime,37,263,0
C000420,2025-08,Prime,1,2784,0
C000421,2025-08,Prime,20,741,0
C000422,2025-08,Prime,33,2233,0
C000423,2025-08,Prime,51,1999,0
C000424,2025-08,Prime,1,1363,0
C000425,2025-08,Prime,1,1783,0
C000426,2025-08,Prime,9,1389,0
C000427,2025-08,Prime,62,1517,0
C000428,2025-08,Prime,26,2151,0
C000429,2025-08,Prime,16,1060,0
C000430,2025-08,Prime,59,2307,0
C000431,2025-08,Prime,12,601,0
C000432,2025-08,Prime,36,1232,0
C000433,2025-08,Prime,11,2086,0
C000434,2025-08,Prime,57,1340,0
C000435,2025-08,Prime,35,1427,0
C000436,2025-08,Prime,47,960,0
C000437,2025-08,Prime,28,1130,0
C000438,2025-08,Prime,68,466,0
C000439,2025-08,Prime,20,2458,0
C000440,2025-08,Prime,21,1356,0
C000441,2025-08,Prime,74,2348,0
C000442,2025-08,Prime,39,2197,0
C000443,2025-08,Prime,40,1047,0
C000444,2025-08,Prime,1,503,0
C000445,2025-08,Prime,27,434,0
C000446,2025-08,Prime,19,359,0
C000447,2025-08,Prime,10,3924,0
C000448,2025-08,Prime,13,1909,0
C000449,2025-08,Prime,28,2424,0
C000450,2025-08,Prime,24,988,0
C000451,2025-08,Prime,22,1715,0
C000452,2025-08,Prime,23,827,0
C000453,2025-08,Prime,39,2551,0
C000454,2025-08,Prime,34,804,0
C000455,2025-08,Prime,49,729,0
C000456,2025-08,Prime,20,723,0
C000457,2025-08,Prime,14,1163,0
C000458,2025-08,Prime,9,1788,0
C000459,2025-08,Prime,37,2395,0
C000460,2025-08,Prime,41,569,0
C000461,2025-08,Prime,48,2206,0
C000462,2025-08,Prime,1,295,0
C000463,2025-08,Prime,51,471,0
C000464,2025-08,Prime,15,974,0
C000465,2025-08,Prime,60,1446,0
C000466,2025-08,Prime,50,1058,0
C000467,2025-08,Prime,23,627,0
C000468,2025-08,Prime,53,2401,0
C000469,2025-08,Prime,24,2304,0
C000470,2025-08,Prime,23,1693,0
C000471,2025-08,Prime,14,970,0
C000472,2025-08,Prime,22,1732,0
C000473,2025-08,Prime,49,1836,0
C000474,2025-08,Prime,21,1098,0
C000475,2025-08,Prime,11,514,0
C000476,2025-08,Prime,1,1574,0
C000477,2025-08,Prime,6,1037,0
C000478,2025-08,Prime,40,1582,0
C000479,2025-08,Prime,1,1631,0
C000480,2025-08,Prime,4,0,0
C000481,2025-08,Near-prime,55,1863,0
C000482,2025-08,Near-prime,55,368,0
C000483,2025-08,Near-prime,44,1502,0
C000484,2025-08,Near-prime,44,831,0
C000485,2025-08,Near-prime,28,329,0
C000486,2025-08,Near-prime,77,1889,0
C000487,2025-08,Near-prime,44,1173,0
C000488,2025-08,Near-prime,38,1351,1
C000489,2025-08,Near-prime,41,951,0
C000490,2025-08,Near-prime,31,588,0
C000491,2025-08,Near-prime,66,1250,0
C000492,2025-08,Near-prime,71,1727,0
C000493,2025-08,Near-prime,52,914,0
C000494,2025-08,Near-prime,64,933,0
C000495,2025-08,Near-prime,54,1005,0
C000496,2025-08,Near-prime,66,740,0
C000497,2025-08,Near-prime,81,559,0
C000498,2025-08,Near-prime,53,664,0
C000499,2025-08,Near-prime,59,949,0
C000500,2025-08,Near-prime,84,731,0
C000501,2025-08,Near-prime,37,1491,0
C000502,2025-08,Near-prime,49,1293,0
C000503,2025-08,Near-prime,46,1625,0
C000504,2025-08,Near-prime,63,1703,0
C000505,2025-08,Near-prime,85,965,0
C000506,2025-08,Near-prime,43,0,0
C000507,2025-08,Near-prime,75,1557,0
C000508,2025-08,Near-prime,58,380,1
C000509,2025-08,Near-prime,74,1524,0
C000510,2025-08,Near-prime,48,1403,0
C000511,2025-08,Near-prime,36,623,0
C000512,2025-08,Near-prime,72,968,0
C000513,2025-08,Near-prime,58,1591,0
C000514,2025-08,Near-prime,55,893,0
C000515,2025-08,Near-prime,65,588,0
C000516,2025-08,Near-prime,49,374,0
C000517,2025-08,Near-prime,43,0,0
C000518,2025-08,Near-prime,74,608,0
C000519,2025-08,Near-prime,38,1309,0
C000520,2025-08,Near-prime,77,1572,0
C000521,2025-08,Near-prime,54,890,0
C000522,2025-08,Near-prime,73,616,0
C000523,2025-08,Near-prime,57,1161,0
C000524,2025-08,Near-prime,68,277,0
C000525,2025-08,Near-prime,52,722,0
C000526,2025-08,Near-prime,49,1256,0
C000527,2025-08,Near-prime,49,98,0
C000528,2025-08,Near-prime,56,1047,0
C000529,2025-08,Near-prime,69,1413,0
C000530,2025-08,Near-prime,68,833,0
C000531,2025-08,Near-prime,71,1058,0
C000532,2025-08,Near-prime,38,120,0
C000533,2025-08,Near-prime,63,1116,0
C000534,2025-08,Near-prime,38,726,0
C000535,2025-08,Near-prime,44,308,0
C000536,2025-08,Near-prime,71,1649,0
C000537,2025-08,Near-prime,50,1153,0
C000538,2025-08,Near-prime,35,737,0
C000539,2025-08,Near-prime,32,1836,0
C000540,2025-08,Near-prime,58,723,0
C000541,2025-08,Near-prime,54,1872,0
C000542,2025-08,Near-prime,55,885,0
C000543,2025-08,Near-prime,79,1091,0
C000544,2025-08,Near-prime,69,232,1
C000545,2025-08,Near-prime,26,990,0
C000546,2025-08,Near-prime,53,1539,0
C000547,2025-08,Near-prime,56,2061,0
C000548,2025-08,Near-prime,54,1517,0
C000549,2025-08,Near-prime,73,1178,0
C000550,2025-08,Near-prime,50,575,0
C000551,2025-08,Near-prime,39,1036,0
C000552,2025-08,Near-prime,65,1082,0
C000553,2025-08,Near-prime,62,2155,0
C000554,2025-08,Near-prime,38,1582,0
C000555,2025-08,Near-prime,34,909,0
C000556,2025-08,Near-prime,74,966,0
C000557,2025-08,Near-prime,68,1633,0
C000558,2025-08,Near-prime,59,442,0
C000559,2025-08,Near-prime,29,1747,0
C000560,2025-08,Near-prime,33,746,0
C000561,2025-08,Near-prime,38,549,0
C000562,2025-08,Near-prime,63,878,0
C000563,2025-08,Near-prime,57,53,0
C000564,2025-08,Near-prime,58,1164,0
C000565,2025-08,Near-prime,64,668,1
C000566,2025-08,Near-prime,35,1276,0
C000567,2025-08,Near-prime,50,478,0
C000568,2025-08,Near-prime,45,193,0
C000569,2025-08,Near-prime,35,1240,0
C000570,2025-08,Near-prime,39,717,0
C000571,2025-08,Near-prime,39,253,0
C000572,2025-08,Near-prime,62,738,0
C000573,2025-08,Near-prime,35,1164,0
C000574,2025-08,Near-prime,42,634,0
C000575,2025-08,Near-prime,43,480,0
C000576,2025-08,Near-prime,80,1400,0
C000577,2025-08,Near-prime,40,661,0
C000578,2025-08,Near-prime,44,687,0
C000579,2025-08,Near-prime,64,765,0
C000580,2025-08,Near-prime,38,307,0
C000581,2025-08,Near-prime,49,701,0
C000582,2025-08,Near-prime,59,830,0
C000583,2025-08,Near-prime,50,940,0
C000584,2025-08,Near-prime,39,588,0
C000585,2025-08,Near-prime,50,1535,0
C000586,2025-08,Near-prime,51,1824,0
C000587,2025-08,Near-prime,31,800,0
C000588,2025-08,Near-prime,58,2066,0
C000589,2025-08,Near-prime,55,677,0
C000590,2025-08,Near-prime,42,181,0
C000591,2025-08,Near-prime,53,385,0
C000592,2025-08,Near-prime,80,1149,0
C000593,2025-08,Near-prime,68,112,0
C000594,2025-08,Near-prime,10,512,0
C000595,2025-08,Near-prime,82,1061,1
C000596,2025-08,Near-prime,33,1498,0
C000597,2025-08,Near-prime,46,1318,0
C000598,2025-08,Near-prime,28,1989,0
C000599,2025-08,Near-prime,64,804,0
C000600,2025-08,Near-prime,51,668,0
C000601,2025-08,Near-prime,14,777,0
C000602,2025-08,Near-prime,41,1783,0
C000603,2025-08,Near-prime,32,796,0
C000604,2025-08,Near-prime,72,1383,0
C000605,2025-08,Near-prime,12,1375,0
C000606,2025-08,Near-prime,71,971,0
C000607,2025-08,Near-prime,33,1570,0
C000608,2025-08,Near-prime,64,2130,0
C000609,2025-08,Near-prime,49,1028,0
C000610,2025-08,Near-prime,83,1906,0
C000611,2025-08,Near-prime,55,1326,0
C000612,2025-08,Near-prime,70,1532,0
C000613,2025-08,Near-prime,55,1725,0
C000614,2025-08,Near-prime,100,945,0
C000615,2025-08,Near-prime,60,1079,0
C000616,2025-08,Near-prime,34,1510,0
C000617,2025-08,Near-prime,75,1253,0
C000618,2025-08,Near-prime,69,566,0
C000619,2025-08,Near-prime,79,1458,0
C000620,2025-08,Near-prime,45,731,0
C000621,2025-08,Near-prime,46,1764,0
C000622,2025-08,Near-prime,69,32,0
C000623,2025-08,Near-prime,77,572,0
C000624,2025-08,Near-prime,34,641,0
C000625,2025-08,Near-prime,51,1087,0
C000626,2025-08,Near-prime,85,1211,0
C000627,2025-08,Near-prime,61,1728,0
C000628,2025-08,Near-prime,50,881,0
C000629,2025-08,Near-prime,47,681,0
C000630,2025-08,Near-prime,59,1044,0
C000631,2025-08,Near-prime,56,466,0
C000632,2025-08,Near-prime,31,2065,0
C000633,2025-08,Near-prime,81,620,0
C000634,2025-08,Near-prime,29,802,0
C000635,2025-08,Near-prime,58,1114,0
C000636,2025-08,Near-prime,48,1027,0
C000637,2025-08,Near-prime,37,946,0
C000638,2025-08,Near-prime,78,1352,0
C000639,2025-08,Near-prime,83,0,0
C000640,2025-08,Near-prime,70,1068,0
C000641,2025-08,Near-prime,38,64,0
C000642,2025-08,Near-prime,37,1582,0
C000643,2025-08,Near-prime,35,814,0
C000644,2025-08,Near-prime,50,816,0
C000645,2025-08,Near-prime,40,0,0
C000646,2025-08,Near-prime,71,949,0
C000647,2025-08,Near-prime,43,700,0
C000648,2025-08,Near-prime,34,1110,0
C000649,2025-08,Near-prime,60,839,0
C000650,2025-08,Near-prime,54,872,0
C000651,2025-08,Near-prime,84,689,0
C000652,2025-08,Near-prime,57,838,0
C000653,2025-08,Near-prime,69,1573,0
C000654,2025-08,Near-prime,48,741,0
C000655,2025-08,Near-prime,65,1020,0
C000656,2025-08,Near-prime,59,1222,0
C000657,2025-08,Near-prime,44,740,0
C000658,2025-08,Near-prime,63,1218,0
C000659,2025-08,Near-prime,51,218,0
C000660,2025-08,Near-prime,25,1014,0
C000661,2025-08,Near-prime,29,1212,0
C000662,2025-08,Near-prime,20,959,0
C000663,2025-08,Near-prime,35,86,0
C000664,2025-08,Near-prime,70,1201,0
C000665,2025-08,Near-prime,88,0,0
C000666,2025-08,Near-prime,55,1118,0
C000667,2025-08,Near-prime,75,1744,0
C000668,2025-08,Near-prime,64,1032,0
C000669,2025-08,Near-prime,38,182,0
C000670,2025-08,Near-prime,1,581,0
C000671,2025-08,Near-prime,29,1542,0
C000672,2025-08,Near-prime,65,559,0
C000673,2025-08,Near-prime,40,1089,0
C000674,2025-08,Near-prime,28,1508,0
C000675,2025-08,Near-prime,58,820,0
C000676,2025-08,Near-prime,45,0,0
C000677,2025-08,Near-prime,58,1310,0
C000678,2025-08,Near-prime,59,466,0
C000679,2025-08,Near-prime,61,1078,0
C000680,2025-08,Near-prime,75,87,0
C000681,2025-08,Near-prime,62,633,0
C000682,2025-08,Near-prime,65,614,0
C000683,2025-08,Near-prime,57,1426,0
C000684,2025-08,Near-prime,33,1054,0
C000685,2025-08,Near-prime,24,449,0
C000686,2025-08,Near-prime,48,985,0
C000687,2025-08,Near-prime,28,371,0
C000688,2025-08,Near-prime,40,1222,0
C000689,2025-08,Near-prime,59,1105,0
C000690,2025-08,Near-prime,59,797,0
C000691,2025-08,Near-prime,71,908,0
C000692,2025-08,Near-prime,51,956,0
C000693,2025-08,Near-prime,48,594,0
C000694,2025-08,Near-prime,23,692,0
C000695,2025-08,Near-prime,1,274,0
C000696,2025-08,Near-prime,39,1003,0
C000697,2025-08,Near-prime,41,1789,0
C000698,2025-08,Near-prime,46,931,0
C000699,2025-08,Near-prime,40,1115,0
C000700,2025-08,Near-prime,66,1097,0
C000701,2025-08,Near-prime,43,1763,0
C000702,2025-08,Near-prime,78,625,0
C000703,2025-08,Near-prime,63,609,0
C000704,2025-08,Near-prime,44,1504,0
C000705,2025-08,Near-prime,51,825,0
C000706,2025-08,Near-prime,36,1174,0
C000707,2025-08,Near-prime,46,792,0
C000708,2025-08,Near-prime,37,1452,0
C000709,2025-08,Near-prime,27,854,0
C000710,2025-08,Near-prime,41,244,0
C000711,2025-08,Near-prime,54,1388,0
C000712,2025-08,Near-prime,22,1029,0
C000713,2025-08,Near-prime,57,1779,0
C000714,2025-08,Near-prime,67,858,0
C000715,2025-08,Near-prime,86,2395,0
C000716,2025-08,Near-prime,76,1177,0
C000717,2025-08,Near-prime,25,1090,0
C000718,2025-08,Near-prime,21,908,0
C000719,2025-08,Near-prime,69,1223,0
C000720,2025-08,Near-prime,58,1355,0
C000721,2025-08,Near-prime,53,1460,0
C000722,2025-08,Near-prime,53,1511,0
C000723,2025-08,Near-prime,48,948,0
C000724,2025-08,Near-prime,71,51,0
C000725,2025-08,Near-prime,70,1163,0
C000726,2025-08,Near-prime,31,890,0
C000727,2025-08,Near-prime,42,678,0
C000728,2025-08,Near-prime,28,513,0
C000729,2025-08,Near-prime,58,853,0
C000730,2025-08,Near-prime,30,1291,0
C000731,2025-08,Near-prime,32,1100,0
C000732,2025-08,Near-prime,59,864,0
C000733,2025-08,Near-prime,45,1214,0
C000734,2025-08,Near-prime,42,1636,0
C000735,2025-08,Near-prime,62,1115,0
C000736,2025-08,Near-prime,71,489,0
C000737,2025-08,Near-prime,38,248,0
C000738,2025-08,Near-prime,46,619,0
C000739,2025-08,Near-prime,42,320,0
C000740,2025-08,Near-prime,65,1368,0
C000741,2025-08,Near-prime,66,1305,0
C000742,2025-08,Near-prime,41,817,0
C000743,2025-08,Near-prime,75,1070,0
C000744,2025-08,Near-prime,86,313,0
C000745,2025-08,Near-prime,24,503,0
C000746,2025-08,Near-prime,53,741,0
C000747,2025-08,Near-prime,14,988,0
C000748,2025-08,Near-prime,86,882,0
C000749,2025-08,Near-prime,60,434,0
C000750,2025-08,Near-prime,58,492,0
C000751,2025-08,Near-prime,37,912,0
C000752,2025-08,Near-prime,75,1205,0
C000753,2025-08,Near-prime,58,1100,0
C000754,2025-08,Near-prime,72,435,0
C000755,2025-08,Near-prime,67,1138,0
C000756,2025-08,Near-prime,59,1200,0
C000757,2025-08,Near-prime,63,876,0
C000758,2025-08,Near-prime,60,1602,0
C000759,2025-08,Near-prime,42,228,0
C000760,2025-08,Near-prime,63,1878,1
C000761,2025-08,Near-prime,50,1420,0
C000762,2025-08,Near-prime,31,1594,1
C000763,2025-08,Near-prime,37,879,0
C000764,2025-08,Near-prime,64,508,0
C000765,2025-08,Near-prime,82,1241,1
C000766,2025-08,Near-prime,64,411,0
C000767,2025-08,Near-prime,62,466,0
C000768,2025-08,Near-prime,33,1639,0
C000769,2025-08,Near-prime,69,996,0
C000770,2025-08,Near-prime,33,680,0
C000771,2025-08,Near-prime,95,1029,0
C000772,2025-08,Near-prime,61,1037,0
C000773,2025-08,Near-prime,69,954,0
C000774,2025-08,Near-prime,48,1534,0
C000775,2025-08,Near-prime,54,1119,0
C000776,2025-08,Near-prime,65,996,0
C000777,2025-08,Near-prime,38,1442,0
C000778,2025-08,Near-prime,79,1123,0
C000779,2025-08,Near-prime,68,994,0
C000780,2025-08,Near-prime,70,765,0
C000781,2025-08,Near-prime,31,1384,0
C000782,2025-08,Near-prime,56,964,0
C000783,2025-08,Near-prime,60,957,0
C000784,2025-08,Near-prime,53,1094,0
C000785,2025-08,Near-prime,34,770,0
C000786,2025-08,Near-prime,25,1072,0
C000787,2025-08,Near-prime,58,1089,0
C000788,2025-08,Near-prime,50,1949,1
C000789,2025-08,Near-prime,68,1062,0
C000790,2025-08,Near-prime,75,988,0
C000791,2025-08,Near-prime,29,1313,0
C000792,2025-08,Near-prime,62,375,0
C000793,2025-08,Near-prime,41,70,0
C000794,2025-08,Near-prime,75,1258,0
C000795,2025-08,Near-prime,47,1121,0
C000796,2025-08,Near-prime,55,791,0
C000797,2025-08,Near-prime,63,79,0
C000798,2025-08,Near-prime,44,907,0
C000799,2025-08,Near-prime,47,836,0
C000800,2025-08,Near-prime,54,1499,0
C000801,2025-08,Near-prime,58,1615,0
C000802,2025-08,Near-prime,31,900,0
C000803,2025-08,Near-prime,47,1311,0
C000804,2025-08,Near-prime,28,1431,0
C000805,2025-08,Near-prime,48,1329,0
C000806,2025-08,Near-prime,53,1209,0
C000807,2025-08,Near-prime,30,1318,1
C000808,2025-08,Near-prime,50,896,0
C000809,2025-08,Near-prime,20,1168,0
C000810,2025-08,Near-prime,84,666,0
C000811,2025-08,Near-prime,34,479,0
C000812,2025-08,Near-prime,72,1042,0
C000813,2025-08,Near-prime,58,1703,0
C000814,2025-08,Near-prime,39,395,0
C000815,2025-08,Near-prime,57,0,0
C000816,2025-08,Near-prime,85,1316,0
C000817,2025-08,Near-prime,73,832,0
C000818,2025-08,Near-prime,53,1173,0
C000819,2025-08,Near-prime,52,526,0
C000820,2025-08,Near-prime,42,1438,0
C000821,2025-08,Near-prime,33,116,0
C000822,2025-08,Near-prime,43,1467,0
C000823,2025-08,Near-prime,91,1251,0
C000824,2025-08,Near-prime,58,1000,0
C000825,2025-08,Near-prime,48,1611,0
C000826,2025-08,Near-prime,49,376,0
C000827,2025-08,Near-prime,41,1238,0
C000828,2025-08,Near-prime,45,916,0
C000829,2025-08,Near-prime,44,1498,0
C000830,2025-08,Near-prime,48,1293,0
C000831,2025-08,Near-prime,40,850,0
C000832,2025-08,Near-prime,95,581,0
C000833,2025-08,Near-prime,64,1652,0
C000834,2025-08,Near-prime,38,305,0
C000835,2025-08,Near-prime,72,1234,0
C000836,2025-08,Near-prime,78,1589,0
C000837,2025-08,Near-prime,47,1364,0
C000838,2025-08,Near-prime,13,695,0
C000839,2025-08,Near-prime,39,483,0
C000840,2025-08,Near-prime,27,995,0
C000841,2025-08,Near-prime,50,1020,0
C000842,2025-08,Near-prime,85,754,0
C000843,2025-08,Near-prime,38,1539,0
C000844,2025-08,Near-prime,53,1452,1
C000845,2025-08,Near-prime,53,943,0
C000846,2025-08,Near-prime,50,710,0
C000847,2025-08,Near-prime,21,1067,0
C000848,2025-08,Near-prime,51,1093,0
C000849,2025-08,Near-prime,20,1610,0
C000850,2025-08,Near-prime,46,750,0
C000851,2025-08,Near-prime,54,228,0
C000852,2025-08,Near-prime,23,778,0
C000853,2025-08,Near-prime,19,969,0
C000854,2025-08,Near-prime,27,1498,0
C000855,2025-08,Near-prime,60,557,0
C000856,2025-08,Near-prime,65,1381,0
C000857,2025-08,Near-prime,33,450,0
C000858,2025-08,Near-prime,50,43,0
C000859,2025-08,Near-prime,47,577,0
C000860,2025-08,Near-prime,61,25,1
C000861,2025-08,Near-prime,45,1002,0
C000862,2025-08,Near-prime,32,1455,0
C000863,2025-08,Near-prime,47,62,0
C000864,2025-08,Near-prime,51,896,0
C000865,2025-08,Near-prime,57,866,0
C000866,2025-08,Near-prime,39,1986,0
C000867,2025-08,Near-prime,48,867,0
C000868,2025-08,Near-prime,23,812,0
C000869,2025-08,Near-prime,66,1131,0
C000870,2025-08,Near-prime,6,1551,0
C000871,2025-08,Near-prime,53,389,0
C000872,2025-08,Near-prime,48,990,0
C000873,2025-08,Near-prime,43,956,0
C000874,2025-08,Near-prime,45,987,0
C000875,2025-08,Near-prime,16,1575,0
C000876,2025-08,Near-prime,48,298,0
C000877,2025-08,Near-prime,70,1205,0
C000878,2025-08,Near-prime,78,487,0
C000879,2025-08,Near-prime,59,212,0
C000880,2025-08,Near-prime,72,1236,0
C000881,2025-08,Near-prime,46,603,0
C000882,2025-08,Near-prime,44,855,0
C000883,2025-08,Near-prime,54,526,0
C000884,2025-08,Near-prime,53,1510,0
C000885,2025-08,Near-prime,71,406,0
C000886,2025-08,Near-prime,100,1114,0
C000887,2025-08,Near-prime,62,1113,0
C000888,2025-08,Near-prime,95,786,0
C000889,2025-08,Near-prime,42,689,0
C000890,2025-08,Near-prime,42,1710,0
C000891,2025-08,Near-prime,48,1056,0
C000892,2025-08,Near-prime,46,1614,0
C000893,2025-08,Near-prime,44,1189,0
C000894,2025-08,Near-prime,39,914,0
C000895,2025-08,Near-prime,60,477,0
C000896,2025-08,Near-prime,37,1732,0
C000897,2025-08,Near-prime,67,1078,0
C000898,2025-08,Near-prime,57,1094,0
C000899,2025-08,Near-prime,58,1060,0
C000900,2025-08,Near-prime,52,667,0
C000901,2025-08,Near-prime,23,933,0
C000902,2025-08,Near-prime,38,1061,0
C000903,2025-08,Near-prime,55,875,0
C000904,2025-08,Near-prime,32,1202,0
C000905,2025-08,Near-prime,48,1433,0
C000906,2025-08,Near-prime,23,813,0
C000907,2025-08,Near-prime,56,1651,0
C000908,2025-08,Near-prime,52,982,0
C000909,2025-08,Near-prime,52,892,0
C000910,2025-08,Near-prime,69,348,0
C000911,2025-08,Subprime,77,887,0
C000912,2025-08,Subprime,100,602,0
C000913,2025-08,Subprime,51,753,0
C000914,2025-08,Subprime,80,189,0
C000915,2025-08,Subprime,71,0,1
C000916,2025-08,Subprime,69,346,0
C000917,2025-08,Subprime,26,747,0
C000918,2025-08,Subprime,28,389,0
C000919,2025-08,Subprime,64,0,0
C000920,2025-08,Subprime,69,595,0
C000921,2025-08,Subprime,77,566,0
C000922,2025-08,Subprime,91,711,0
C000923,2025-08,Subprime,60,479,0
C000924,2025-08,Subprime,60,534,0
C000925,2025-08,Subprime,58,580,0
C000926,2025-08,Subprime,87,1063,0
C000927,2025-08,Subprime,68,695,0
C000928,2025-08,Subprime,94,1118,0
C000929,2025-08,Subprime,96,795,1
C000930,2025-08,Subprime,75,159,0
C000931,2025-08,Subprime,97,1002,1
C000932,2025-08,Subprime,80,1121,0
C000933,2025-08,Subprime,100,735,1
C000934,2025-08,Subprime,69,921,0
C000935,2025-08,Subprime,56,567,0
C000936,2025-08,Subprime,100,0,0
C000937,2025-08,Subprime,100,549,1
C000938,2025-08,Subprime,42,688,0
C000939,2025-08,Subprime,42,744,0
C000940,2025-08,Subprime,77,618,0
C000941,2025-08,Subprime,76,618,0
C000942,2025-08,Subprime,67,409,0
C000943,2025-08,Subprime,97,421,0
C000944,2025-08,Subprime,64,1001,0
C000945,2025-08,Subprime,76,976,0
C000946,2025-08,Subprime,96,437,0
C000947,2025-08,Subprime,62,519,1
C000948,2025-08,Subprime,67,531,0
C000949,2025-08,Subprime,100,967,0
C000950,2025-08,Subprime,87,913,0
C000951,2025-08,Subprime,72,747,0
C000952,2025-08,Subprime,55,733,0
C000953,2025-08,Subprime,38,541,0
C000954,2025-08,Subprime,54,112,0
C000955,2025-08,Subprime,56,608,0
C000956,2025-08,Subprime,88,883,0
C000957,2025-08,Subprime,88,598,0
C000958,2025-08,Subprime,100,507,0
C000959,2025-08,Subprime,74,870,0
C000960,2025-08,Subprime,77,1032,0
C000961,2025-08,Subprime,100,430,0
C000962,2025-08,Subprime,71,67,0
C000963,2025-08,Subprime,63,769,0
C000964,2025-08,Subprime,54,971,0
C000965,2025-08,Subprime,79,962,0
C000966,2025-08,Subprime,61,1058,0
C000967,2025-08,Subprime,39,513,0
C000968,2025-08,Subprime,97,865,0
C000969,2025-08,Subprime,59,458,0
C000970,2025-08,Subprime,86,566,0
C000971,2025-08,Subprime,85,404,0
C000972,2025-08,Subprime,100,853,1
C000973,2025-08,Subprime,71,802,1
C000974,2025-08,Subprime,58,985,0
C000975,2025-08,Subprime,63,706,0
C000976,2025-08,Subprime,39,1190,0
C000977,2025-08,Subprime,58,465,0
C000978,2025-08,Subprime,63,583,0
C000979,2025-08,Subprime,46,331,0
C000980,2025-08,Subprime,86,993,0
C000981,2025-08,Subprime,81,524,1
C000982,2025-08,Subprime,96,881,0
C000983,2025-08,Subprime,86,744,1
C000984,2025-08,Subprime,35,714,0
C000985,2025-08,Subprime,100,832,1
C000986,2025-08,Subprime,88,742,0
C000987,2025-08,Subprime,64,633,0
C000988,2025-08,Subprime,81,739,1
C000989,2025-08,Subprime,87,436,0
C000990,2025-08,Subprime,66,271,0
C000991,2025-08,Subprime,62,840,0
C000992,2025-08,Subprime,62,810,0
C000993,2025-08,Subprime,74,584,0
C000994,2025-08,Subprime,61,1414,0
C000995,2025-08,Subprime,52,456,0
C000996,2025-08,Subprime,39,834,1
C000997,2025-08,Subprime,37,489,0
C000998,2025-08,Subprime,55,348,0
C000999,2025-08,Subprime,94,1037,0
C001000,2025-08,Subprime,50,660,0
C001001,2025-08,Subprime,82,540,1
C001002,2025-08,Subprime,54,462,0
C001003,2025-08,Subprime,100,979,0
C001004,2025-08,Subprime,62,808,0
C001005,2025-08,Subprime,82,1101,0
C001006,2025-08,Subprime,75,745,0
C001007,2025-08,Subprime,70,847,1
C001008,2025-08,Subprime,83,349,0
C001009,2025-08,Subprime,53,479,0
C001010,2025-08,Subprime,59,611,0
C001011,2025-08,Subprime,77,1031,1
C001012,2025-08,Subprime,74,514,0
C001013,2025-08,Subprime,76,971,0
C001014,2025-08,Subprime,46,721,0
C001015,2025-08,Subprime,64,1139,0
C001016,2025-08,Subprime,94,553,1
C001017,2025-08,Subprime,56,87,0
C001018,2025-08,Subprime,40,719,1
C001019,2025-08,Subprime,86,612,0
C001020,2025-08,Subprime,66,707,1
C001021,2025-08,Subprime,58,0,0
C001022,2025-08,Subprime,92,761,0
C001023,2025-08,Subprime,27,301,0
C001024,2025-08,Subprime,83,0,0
C001025,2025-08,Subprime,62,960,0
C001026,2025-08,Subprime,55,673,0
C001027,2025-08,Subprime,49,630,0
C001028,2025-08,Subprime,56,1174,0
C001029,2025-08,Subprime,64,947,0
C001030,2025-08,Subprime,68,949,0
C001031,2025-08,Subprime,89,479,0
C001032,2025-08,Subprime,37,706,0
C001033,2025-08,Subprime,17,1157,0
C001034,2025-08,Subprime,93,1057,0
C001035,2025-08,Subprime,100,284,0
C001036,2025-08,Subprime,51,616,1
C001037,2025-08,Subprime,48,345,1
C001038,2025-08,Subprime,48,604,0
C001039,2025-08,Subprime,42,676,0
C001040,2025-08,Subprime,40,614,0
C001041,2025-08,Subprime,70,695,0
C001042,2025-08,Subprime,71,4,0
C001043,2025-08,Subprime,43,623,0
C001044,2025-08,Subprime,74,907,0
C001045,2025-08,Subprime,68,760,0
C001046,2025-08,Subprime,60,881,0
C001047,2025-08,Subprime,62,1109,0
C001048,2025-08,Subprime,73,524,0
C001049,2025-08,Subprime,94,330,0
C001050,2025-08,Subprime,73,579,0
C001051,2025-08,Subprime,83,776,0
C001052,2025-08,Subprime,39,228,0
C001053,2025-08,Subprime,68,427,0
C001054,2025-08,Subprime,47,107,0
C001055,2025-08,Subprime,72,572,0
C001056,2025-08,Subprime,55,810,1
C001057,2025-08,Subprime,55,144,0
C001058,2025-08,Subprime,74,403,0
C001059,2025-08,Subprime,96,793,0
C001060,2025-08,Subprime,86,604,0
C001061,2025-08,Subprime,72,825,0
C001062,2025-08,Subprime,62,955,0
C001063,2025-08,Subprime,59,438,0
C001064,2025-08,Subprime,74,253,0
C001065,2025-08,Subprime,91,784,0
C001066,2025-08,Subprime,49,503,0
C001067,2025-08,Subprime,93,467,0
C001068,2025-08,Subprime,65,0,0
C001069,2025-08,Subprime,54,1123,0
C001070,2025-08,Subprime,79,0,0
C001071,2025-08,Subprime,63,708,0
C001072,2025-08,Subprime,74,825,0
C001073,2025-08,Subprime,58,1093,0
C001074,2025-08,Subprime,70,324,0
C001075,2025-08,Subprime,82,547,0
C001076,2025-08,Subprime,63,652,0
C001077,2025-08,Subprime,68,846,0
C001078,2025-08,Subprime,73,470,0
C001079,2025-08,Subprime,75,386,0
C001080,2025-08,Subprime,54,564,0
C001081,2025-08,Subprime,55,516,0
C001082,2025-08,Subprime,59,690,0
C001083,2025-08,Subprime,73,398,0
C001084,2025-08,Subprime,57,646,0
C001085,2025-08,Subprime,82,964,0
C001086,2025-08,Subprime,67,1110,0
C001087,2025-08,Subprime,87,250,0
C001088,2025-08,Subprime,98,361,0
C001089,2025-08,Subprime,71,745,1
C001090,2025-08,Subprime,100,671,0
C001091,2025-08,Subprime,69,774,0
C001092,2025-08,Subprime,73,486,0
C001093,2025-08,Subprime,61,255,0
C001094,2025-08,Subprime,79,1062,0
C001095,2025-08,Subprime,90,335,0
C001096,2025-08,Subprime,57,942,0
C001097,2025-08,Subprime,69,809,0
C001098,2025-08,Subprime,70,1019,0
C001099,2025-08,Subprime,59,967,0
C001100,2025-08,Subprime,85,681,0
C001101,2025-08,Subprime,43,457,0
C001102,2025-08,Subprime,92,1084,0
C001103,2025-08,Subprime,50,396,1
C001104,2025-08,Subprime,79,740,0
C001105,2025-08,Subprime,84,83,0
C001106,2025-08,Subprime,77,940,0
C001107,2025-08,Subprime,70,527,0
C001108,2025-08,Subprime,100,544,0
C001109,2025-08,Subprime,36,526,0
C001110,2025-08,Subprime,75,565,0
C001111,2025-08,Subprime,88,478,0
C001112,2025-08,Subprime,100,838,0
C001113,2025-08,Subprime,77,392,0
C001114,2025-08,Subprime,91,594,0
C001115,2025-08,Subprime,83,925,0
C001116,2025-08,Subprime,53,863,0
C001117,2025-08,Subprime,38,733,0
C001118,2025-08,Subprime,76,238,0
C001119,2025-08,Subprime,77,724,0
C001120,2025-08,Subprime,83,644,0
C001121,2025-08,Subprime,97,280,1
C001122,2025-08,Subprime,88,294,1
C001123,2025-08,Subprime,87,872,0
C001124,2025-08,Subprime,54,53,0
C001125,2025-08,Subprime,47,1225,0
C001126,2025-08,Subprime,60,423,0
C001127,2025-08,Subprime,96,618,0
C001128,2025-08,Subprime,78,363,0
C001129,2025-08,Subprime,82,943,0
C001130,2025-08,Subprime,46,840,0
C001131,2025-08,Subprime,100,777,1
C001132,2025-08,Subprime,73,801,0
C001133,2025-08,Subprime,68,229,1
C001134,2025-08,Subprime,100,666,0
C001135,2025-08,Subprime,80,568,1
C001136,2025-08,Subprime,100,557,0
C001137,2025-08,Subprime,100,322,0
C001138,2025-08,Subprime,59,399,0
C001139,2025-08,Subprime,99,557,0
C001140,2025-08,Subprime,62,783,0
C001141,2025-08,Subprime,71,781,0
C001142,2025-08,Subprime,59,611,0
C001143,2025-08,Subprime,86,422,0
C001144,2025-08,Subprime,89,769,0
C001145,2025-08,Subprime,62,801,0
C001146,2025-08,Subprime,82,994,0
C001147,2025-08,Subprime,77,713,0
C001148,2025-08,Subprime,35,726,0
C001149,2025-08,Subprime,54,430,0
C001150,2025-08,Subprime,87,1035,0
C001151,2025-08,Subprime,64,798,0
C001152,2025-08,Subprime,60,944,0
C001153,2025-08,Subprime,83,548,0
C001154,2025-08,Subprime,35,793,0
C001155,2025-08,Subprime,88,59,1
C001156,2025-08,Subprime,53,502,0
C001157,2025-08,Subprime,45,413,0
C001158,2025-08,Subprime,82,590,0
C001159,2025-08,Subprime,91,572,0
C001160,2025-08,Subprime,70,425,0
C001161,2025-08,Subprime,56,314,0
C001162,2025-08,Subprime,38,1199,0
C001163,2025-08,Subprime,81,576,0
C001164,2025-08,Subprime,100,1266,0
C001165,2025-08,Subprime,72,323,1
C001166,2025-08,Subprime,47,1286,0
C001167,2025-08,Subprime,64,805,0
C001168,2025-08,Subprime,78,658,0
C001169,2025-08,Subprime,75,924,0
C001170,2025-08,Subprime,100,545,0
C001171,2025-08,Subprime,71,368,0
C001172,2025-08,Subprime,84,380,1
C001173,2025-08,Subprime,39,417,0
C001174,2025-08,Subprime,93,803,0
C001175,2025-08,Subprime,71,339,0
C001176,2025-08,Subprime,39,664,0
C001177,2025-08,Subprime,69,513,0
C001178,2025-08,Subprime,56,323,0
C001179,2025-08,Subprime,50,841,0
C001180,2025-08,Subprime,75,341,0
C001181,2025-08,Subprime,85,832,0
C001182,2025-08,Subprime,83,838,0
C001183,2025-08,Subprime,94,470,0
C001184,2025-08,Subprime,88,311,0
C001185,2025-08,Subprime,48,411,0
C001186,2025-08,Subprime,33,0,0
C001187,2025-08,Subprime,98,1061,0
C001188,2025-08,Subprime,85,649,0
C001189,2025-08,Subprime,76,732,0
C001190,2025-08,Subprime,55,412,0
C001191,2025-08,Subprime,48,333,0
C001192,2025-08,Subprime,81,684,0
C001193,2025-08,Subprime,71,571,0
C001194,2025-08,Subprime,65,916,0
C001195,2025-08,Subprime,87,103,0
C001196,2025-08,Subprime,50,516,0
C001197,2025-08,Subprime,75,713,0
C001198,2025-08,Subprime,84,284,0
C001199,2025-08,Subprime,56,454,0
C001200,2025-08,Subprime,82,1020,0
C001201,2025-08,Subprime,64,446,0
C001202,2025-08,Subprime,96,412,0
C001203,2025-08,Subprime,66,586,0
C001204,2025-08,Subprime,95,322,0
C001205,2025-08,Subprime,80,1360,0
C001206,2025-08,Subprime,74,783,0
C001207,2025-08,Subprime,33,556,0
C001208,2025-08,Subprime,68,1097,0
C001209,2025-08,Subprime,62,173,0
C001210,2025-08,Subprime,43,679,0
C001211,2025-08,Subprime,62,545,1
C001212,2025-08,Subprime,100,647,1
C001213,2025-08,Subprime,59,0,0
C001214,2025-08,Subprime,46,435,0
C001215,2025-08,Subprime,100,650,0
C001216,2025-08,Subprime,95,978,0
C001217,2025-08,Subprime,53,576,0
C001218,2025-08,Subprime,89,400,0
C001219,2025-08,Subprime,97,933,0
C001220,2025-08,Subprime,80,766,0
C001221,2025-09,Prime,24,2769,0
C001222,2025-09,Prime,33,1498,0
C001223,2025-09,Prime,12,60,0
C001224,2025-09,Prime,24,1556,0
C001225,2025-09,Prime,29,1257,0
C001226,2025-09,Prime,21,1280,0
C001227,2025-09,Prime,20,1981,0
C001228,2025-09,Prime,1,1981,0
C001229,2025-09,Prime,10,2074,0
C001230,2025-09,Prime,33,3318,0
C001231,2025-09,Prime,35,2732,0
C001232,2025-09,Prime,9,1355,0
C001233,2025-09,Prime,20,1338,0
C001234,2025-09,Prime,50,387,0
C001235,2025-09,Prime,27,1934,0
C001236,2025-09,Prime,40,1840,0
C001237,2025-09,Prime,48,2165,0
C001238,2025-09,Prime,45,426,0
C001239,2025-09,Prime,7,2316,0
C001240,2025-09,Prime,49,1198,0
C001241,2025-09,Prime,22,2392,0
C001242,2025-09,Prime,37,1386,0
C001243,2025-09,Prime,15,2187,0
C001244,2025-09,Prime,36,1519,0
C001245,2025-09,Prime,11,2086,0
C001246,2025-09,Prime,27,839,0
C001247,2025-09,Prime,41,1495,0
C001248,2025-09,Prime,9,1080,0
C001249,2025-09,Prime,43,3088,0
C001250,2025-09,Prime,26,633,0
C001251,2025-09,Prime,23,0,0
C001252,2025-09,Prime,41,516,0
C001253,2025-09,Prime,36,1315,0
C001254,2025-09,Prime,35,885,0
C001255,2025-09,Prime,52,889,0
C001256,2025-09,Prime,50,754,0
C001257,2025-09,Prime,47,1869,0
C001258,2025-09,Prime,12,1308,0
C001259,2025-09,Prime,9,1849,0
C001260,2025-09,Prime,3,2280,0
C001261,2025-09,Prime,48,2096,0
C001262,2025-09,Prime,18,1448,0
C001263,2025-09,Prime,43,2703,0
C001264,2025-09,Prime,56,0,0
C001265,2025-09,Prime,17,1309,0
C001266,2025-09,Prime,35,1974,0
C001267,2025-09,Prime,46,0,0
C001268,2025-09,Prime,1,863,0
C001269,2025-09,Prime,41,1684,0
C001270,2025-09,Prime,54,572,0
C001271,2025-09,Prime,9,1952,0
C001272,2025-09,Prime,3,1473,0
C001273,2025-09,Prime,41,2981,0
C001274,2025-09,Prime,39,1991,0
C001275,2025-09,Prime,71,1754,0
C001276,2025-09,Prime,40,951,0
C001277,2025-09,Prime,23,62,0
C001278,2025-09,Prime,67,1868,0
C001279,2025-09,Prime,13,588,0
C001280,2025-09,Prime,37,1641,0
C001281,2025-09,Prime,38,2729,0
C001282,2025-09,Prime,11,1735,0
C001283,2025-09,Prime,48,2164,0
C001284,2025-09,Prime,2,1456,0
C001285,2025-09,Prime,17,1564,0
C001286,2025-09,Prime,25,792,0
C001287,2025-09,Prime,22,1045,0
C001288,2025-09,Prime,39,1502,0
C001289,2025-09,Prime,18,1270,0
C001290,2025-09,Prime,4,1939,0
C001291,2025-09,Prime,60,0,0
C001292,2025-09,Prime,48,1059,0
C001293,2025-09,Prime,20,232,0
C001294,2025-09,Prime,28,735,0
C001295,2025-09,Prime,50,515,0
C001296,2025-09,Prime,31,1369,0
C001297,2025-09,Prime,54,1805,0
C001298,2025-09,Prime,6,3342,0
C001299,2025-09,Prime,20,786,0
C001300,2025-09,Prime,36,1560,0
C001301,2025-09,Prime,33,1521,0
C001302,2025-09,Prime,41,2944,0
C001303,2025-09,Prime,47,1424,0
C001304,2025-09,Prime,39,1966,0
C001305,2025-09,Prime,42,1927,0
C001306,2025-09,Prime,1,916,0
C001307,2025-09,Prime,15,317,0
C001308,2025-09,Prime,56,1522,0
C001309,2025-09,Prime,36,390,0
C001310,2025-09,Prime,44,442,0
C001311,2025-09,Prime,18,1008,0
C001312,2025-09,Prime,47,930,0
C001313,2025-09,Prime,1,1317,0
C001314,2025-09,Prime,46,1522,0
C001315,2025-09,Prime,62,1492,0
C001316,2025-09,Prime,39,1255,0
C001317,2025-09,Prime,15,1927,0
C001318,2025-09,Prime,68,1230,0
C001319,2025-09,Prime,50,2796,0
C001320,2025-09,Prime,39,1918,0
C001321,2025-09,Prime,34,592,0
C001322,2025-09,Prime,47,1729,0
C001323,2025-09,Prime,52,1407,0
C001324,2025-09,Prime,5,780,0
C001325,2025-09,Prime,9,1949,0
C001326,2025-09,Prime,27,686,0
C001327,2025-09,Prime,1,1282,0
C001328,2025-09,Prime,20,2020,0
C001329,2025-09,Prime,27,633,0
C001330,2025-09,Prime,22,2515,0
C001331,2025-09,Prime,32,3376,0
C001332,2025-09,Prime,1,1263,0
C001333,2025-09,Prime,17,1827,0
C001334,2025-09,Prime,16,0,0
C001335,2025-09,Prime,6,517,0
C001336,2025-09,Prime,7,2093,0
C001337,2025-09,Prime,24,2642,0
C001338,2025-09,Prime,24,1147,0
C001339,2025-09,Prime,34,1989,0
C001340,2025-09,Prime,27,473,0
C001341,2025-09,Prime,11,1205,0
C001342,2025-09,Prime,30,484,0
C001343,2025-09,Prime,20,1900,0
C001344,2025-09,Prime,35,2213,0
C001345,2025-09,Prime,55,711,0
C001346,2025-09,Prime,39,2067,1
C001347,2025-09,Prime,18,2059,0
C001348,2025-09,Prime,45,1817,0
C001349,2025-09,Prime,8,1500,0
C001350,2025-09,Prime,47,4,0
C001351,2025-09,Prime,30,1357,0
C001352,2025-09,Prime,13,1743,0
C001353,2025-09,Prime,29,704,0
C001354,2025-09,Prime,68,999,0
C001355,2025-09,Prime,1,1248,0
C001356,2025-09,Prime,37,1052,0
C001357,2025-09,Prime,16,1137,0
C001358,2025-09,Prime,56,0,0
C001359,2025-09,Prime,1,2287,0
C001360,2025-09,Prime,5,1851,0
C001361,2025-09,Prime,41,1271,0
C001362,2025-09,Prime,1,487,0
C001363,2025-09,Prime,31,0,0
C001364,2025-09,Prime,34,813,0
C001365,2025-09,Prime,28,3020,0
C001366,2025-09,Prime,1,751,0
C001367,2025-09,Prime,35,1717,0
C001368,2025-09,Prime,54,2316,0
C001369,2025-09,Prime,29,1084,0
C001370,2025-09,Prime,51,1027,0
C001371,2025-09,Prime,40,0,0
C001372,2025-09,Prime,7,1070,0
C001373,2025-09,Prime,22,2879,0
C001374,2025-09,Prime,28,2105,0
C001375,2025-09,Prime,34,2012,0
C001376,2025-09,Prime,1,2241,0
C001377,2025-09,Prime,29,1039,0
C001378,2025-09,Prime,23,1388,0
C001379,2025-09,Prime,27,866,0
C001380,2025-09,Prime,5,2929,0
C001381,2025-09,Prime,53,0,0
C001382,2025-09,Prime,40,1875,0
C001383,2025-09,Prime,21,1150,0
C001384,2025-09,Prime,1,459,0
C001385,2025-09,Prime,20,1065,0
C001386,2025-09,Prime,7,2622,0
C001387,2025-09,Prime,50,1917,0
C001388,2025-09,Prime,18,1661,0
C001389,2025-09,Prime,32,3149,0
C001390,2025-09,Prime,52,1718,0
C001391,2025-09,Prime,20,1895,0
C001392,2025-09,Prime,69,896,0
C001393,2025-09,Prime,27,1186,0
C001394,2025-09,Prime,27,1272,0
C001395,2025-09,Prime,18,3422,0
C001396,2025-09,Prime,45,2290,0
C001397,2025-09,Prime,24,2988,0
C001398,2025-09,Prime,70,470,0
C001399,2025-09,Prime,31,1295,0
C001400,2025-09,Prime,29,1158,0
C001401,2025-09,Prime,33,2968,0
C001402,2025-09,Prime,46,2687,0
C001403,2025-09,Prime,49,89,0
C001404,2025-09,Prime,26,338,0
C001405,2025-09,Prime,18,1562,0
C001406,2025-09,Prime,13,2341,0
C001407,2025-09,Prime,19,804,0
C001408,2025-09,Prime,39,3304,0
C001409,2025-09,Prime,28,1609,0
C001410,2025-09,Prime,28,1010,0
C001411,2025-09,Prime,42,1140,0
C001412,2025-09,Prime,10,780,0
C001413,2025-09,Prime,19,2038,0
C001414,2025-09,Prime,26,1867,0
C001415,2025-09,Prime,29,1482,0
C001416,2025-09,Prime,25,1594,0
C001417,2025-09,Prime,15,1085,0
C001418,2025-09,Prime,31,249,0
C001419,2025-09,Prime,3,2017,0
C001420,2025-09,Prime,9,2163,0
C001421,2025-09,Prime,1,3249,0
C001422,2025-09,Prime,6,2606,0
C001423,2025-09,Prime,7,747,0
C001424,2025-09,Prime,26,2262,0
C001425,2025-09,Prime,28,1988,0
C001426,2025-09,Prime,1,797,0
C001427,2025-09,Prime,43,1853,0
C001428,2025-09,Prime,33,2599,0
C001429,2025-09,Prime,11,1204,0
C001430,2025-09,Prime,1,1660,0
C001431,2025-09,Prime,6,1146,0
C001432,2025-09,Prime,26,960,0
C001433,2025-09,Prime,30,1298,0
C001434,2025-09,Prime,11,2806,0
C001435,2025-09,Prime,31,1857,0
C001436,2025-09,Prime,46,1511,0
C001437,2025-09,Prime,48,1776,0
C001438,2025-09,Prime,60,1245,0
C001439,2025-09,Prime,1,1558,0
C001440,2025-09,Prime,33,0,0
C001441,2025-09,Prime,10,1568,0
C001442,2025-09,Prime,31,2329,0
C001443,2025-09,Prime,60,172,0
C001444,2025-09,Prime,19,1459,0
C001445,2025-09,Prime,3,990,0
C001446,2025-09,Prime,45,1335,0
C001447,2025-09,Prime,36,0,0
C001448,2025-09,Prime,31,1414,0
C001449,2025-09,Prime,38,850,0
C001450,2025-09,Prime,49,1651,0
C001451,2025-09,Prime,18,1001,0
C001452,2025-09,Prime,24,2254,0
C001453,2025-09,Prime,11,1001,0
C001454,2025-09,Prime,16,1696,0
C001455,2025-09,Prime,31,1669,0
C001456,2025-09,Prime,12,1278,0
C001457,2025-09,Prime,30,2045,0
C001458,2025-09,Prime,52,1065,0
C001459,2025-09,Prime,38,1777,0
C001460,2025-09,Prime,43,2070,0
C001461,2025-09,Prime,54,1008,0
C001462,2025-09,Prime,1,2736,0
C001463,2025-09,Prime,34,1996,0
C001464,2025-09,Prime,7,1506,0
C001465,2025-09,Prime,33,791,0
C001466,2025-09,Prime,39,1506,0
C001467,2025-09,Prime,1,2267,0
C001468,2025-09,Prime,21,1860,0
C001469,2025-09,Prime,59,1393,0
C001470,2025-09,Prime,34,1480,0
C001471,2025-09,Prime,27,785,0
C001472,2025-09,Prime,30,1482,0
C001473,2025-09,Prime,35,1698,0
C001474,2025-09,Prime,17,1132,0
C001475,2025-09,Prime,47,823,0
C001476,2025-09,Prime,39,367,0
C001477,2025-09,Prime,40,1822,0
C001478,2025-09,Prime,27,2625,0
C001479,2025-09,Prime,5,1657,0
C001480,2025-09,Prime,41,1683,0
C001481,2025-09,Prime,21,1127,0
C001482,2025-09,Prime,22,959,0
C001483,2025-09,Prime,21,143,0
C001484,2025-09,Prime,27,1131,0
C001485,2025-09,Prime,1,1168,0
C001486,2025-09,Prime,39,1899,0
C001487,2025-09,Prime,61,2127,0
C001488,2025-09,Prime,11,1302,0
C001489,2025-09,Prime,27,898,0
C001490,2025-09,Prime,22,1790,0
C001491,2025-09,Prime,60,1488,0
C001492,2025-09,Prime,12,530,0
C001493,2025-09,Prime,55,2411,0
C001494,2025-09,Prime,38,1899,0
C001495,2025-09,Prime,42,1306,0
C001496,2025-09,Prime,13,1532,0
C001497,2025-09,Prime,33,2005,0
C001498,2025-09,Prime,1,2262,0
C001499,2025-09,Prime,31,425,0
C001500,2025-09,Prime,67,1547,0
C001501,2025-09,Prime,1,1240,0
C001502,2025-09,Prime,41,2137,0
C001503,2025-09,Prime,17,2228,0
C001504,2025-09,Prime,20,2381,0
C001505,2025-09,Prime,10,1351,0
C001506,2025-09,Prime,1,1637,0
C001507,2025-09,Prime,38,1419,0
C001508,2025-09,Prime,32,1318,0
C001509,2025-09,Prime,34,1952,0
C001510,2025-09,Prime,20,2580,0
C001511,2025-09,Prime,42,1050,0
C001512,2025-09,Prime,50,1669,0
C001513,2025-09,Prime,43,1861,0
C001514,2025-09,Prime,21,512,0
C001515,2025-09,Prime,30,942,0
C001516,2025-09,Prime,4,1157,0
C001517,2025-09,Prime,28,2816,0
C001518,2025-09,Prime,53,2408,0
C001519,2025-09,Prime,23,1336,0
C001520,2025-09,Prime,13,1656,0
C001521,2025-09,Prime,20,1504,0
C001522,2025-09,Prime,48,2106,0
C001523,2025-09,Prime,32,1734,0
C001524,2025-09,Prime,1,2132,0
C001525,2025-09,Prime,8,867,0
C001526,2025-09,Prime,22,2287,0
C001527,2025-09,Prime,1,1092,0
C001528,2025-09,Prime,15,1357,0
C001529,2025-09,Prime,41,2091,0
C001530,2025-09,Prime,61,277,0
C001531,2025-09,Prime,33,2328,0
C001532,2025-09,Prime,17,1209,0
C001533,2025-09,Prime,28,1224,0
C001534,2025-09,Prime,21,1804,0
C001535,2025-09,Prime,35,1289,0
C001536,2025-09,Prime,52,1299,0
C001537,2025-09,Prime,23,1726,0
C001538,2025-09,Prime,1,0,0
C001539,2025-09,Prime,58,1056,0
C001540,2025-09,Prime,1,1483,0
C001541,2025-09,Prime,57,1926,0
C001542,2025-09,Prime,20,0,0
C001543,2025-09,Prime,24,2503,0
C001544,2025-09,Prime,47,740,0
C001545,2025-09,Prime,14,434,0
C001546,2025-09,Prime,9,1839,0
C001547,2025-09,Prime,1,1219,0
C001548,2025-09,Prime,25,1095,0
C001549,2025-09,Prime,53,1973,0
C001550,2025-09,Prime,1,2067,0
C001551,2025-09,Prime,17,1387,0
C001552,2025-09,Prime,18,1059,0
C001553,2025-09,Prime,34,1118,0
C001554,2025-09,Prime,20,971,0
C001555,2025-09,Prime,49,2160,0
C001556,2025-09,Prime,52,1497,0
C001557,2025-09,Prime,27,0,0
C001558,2025-09,Prime,37,936,0
C001559,2025-09,Prime,16,1704,0
C001560,2025-09,Prime,1,24,0
C001561,2025-09,Prime,1,568,0
C001562,2025-09,Prime,1,722,0
C001563,2025-09,Prime,14,1100,0
C001564,2025-09,Prime,13,496,0
C001565,2025-09,Prime,24,2554,0
C001566,2025-09,Prime,31,1237,0
C001567,2025-09,Prime,17,927,0
C001568,2025-09,Prime,28,1923,0
C001569,2025-09,Prime,19,906,0
C001570,2025-09,Prime,1,1706,0
C001571,2025-09,Prime,34,470,0
C001572,2025-09,Prime,28,845,0
C001573,2025-09,Prime,39,898,0
C001574,2025-09,Prime,20,1042,0
C001575,2025-09,Prime,10,2288,0
C001576,2025-09,Prime,18,1916,0
C001577,2025-09,Prime,10,1567,0
C001578,2025-09,Prime,16,1127,0
C001579,2025-09,Prime,15,731,0
C001580,2025-09,Prime,30,719,0
C001581,2025-09,Prime,44,1388,0
C001582,2025-09,Prime,1,1064,0
C001583,2025-09,Prime,35,1509,0
C001584,2025-09,Prime,55,1472,0
C001585,2025-09,Prime,24,987,0
C001586,2025-09,Prime,17,1580,0
C001587,2025-09,Prime,29,2348,0
C001588,2025-09,Prime,19,1148,0
C001589,2025-09,Prime,23,1293,0
C001590,2025-09,Prime,27,573,0
C001591,2025-09,Prime,1,235,0
C001592,2025-09,Prime,17,1929,0
C001593,2025-09,Prime,21,1181,0
C001594,2025-09,Prime,33,1241,0
C001595,2025-09,Prime,22,840,0
C001596,2025-09,Prime,47,1142,0
C001597,2025-09,Prime,33,1848,0
C001598,2025-09,Prime,52,1420,0
C001599,2025-09,Prime,9,1838,0
C001600,2025-09,Prime,30,1337,0
C001601,2025-09,Prime,28,2068,0
C001602,2025-09,Prime,60,989,0
C001603,2025-09,Prime,19,1561,0
C001604,2025-09,Prime,5,1654,0
C001605,2025-09,Prime,47,704,0
C001606,2025-09,Prime,26,448,0
C001607,2025-09,Prime,21,1461,0
C001608,2025-09,Prime,31,1249,0
C001609,2025-09,Prime,21,1577,0
C001610,2025-09,Prime,28,1111,0
C001611,2025-09,Prime,41,1324,0
C001612,2025-09,Prime,1,1615,0
C001613,2025-09,Prime,44,1546,0
C001614,2025-09,Prime,26,1401,0
C001615,2025-09,Prime,42,1915,0
C001616,2025-09,Prime,45,786,0
C001617,2025-09,Prime,19,555,0
C001618,2025-09,Prime,10,1973,0
C001619,2025-09,Prime,23,1724,0
C001620,2025-09,Prime,28,2815,0
C001621,2025-09,Prime,39,1030,0
C001622,2025-09,Prime,39,1440,0
C001623,2025-09,Prime,14,169,0
C001624,2025-09,Prime,19,2047,0
C001625,2025-09,Prime,75,515,0
C001626,2025-09,Prime,34,1113,0
C001627,2025-09,Prime,27,1162,0
C001628,2025-09,Prime,61,930,0
C001629,2025-09,Prime,3,1574,0
C001630,2025-09,Prime,46,2210,0
C001631,2025-09,Prime,31,2212,0
C001632,2025-09,Prime,1,1153,0
C001633,2025-09,Prime,10,1979,0
C001634,2025-09,Prime,47,3186,0
C001635,2025-09,Prime,45,2039,0
C001636,2025-09,Prime,40,817,1
C001637,2025-09,Prime,53,652,0
C001638,2025-09,Prime,22,446,0
C001639,2025-09,Prime,52,1376,0
C001640,2025-09,Prime,25,969,0
C001641,2025-09,Prime,20,2472,0
C001642,2025-09,Prime,2,2733,0
C001643,2025-09,Prime,1,1529,0
C001644,2025-09,Prime,17,728,0
C001645,2025-09,Prime,27,1255,0
C001646,2025-09,Prime,9,3371,0
C001647,2025-09,Prime,1,462,0
C001648,2025-09,Prime,20,1329,0
C001649,2025-09,Prime,45,1054,0
C001650,2025-09,Prime,4,1052,0
C001651,2025-09,Prime,26,1479,0
C001652,2025-09,Prime,50,1490,0
C001653,2025-09,Prime,1,412,0
C001654,2025-09,Prime,35,1350,0
C001655,2025-09,Prime,23,1553,0
C001656,2025-09,Prime,1,1958,0
C001657,2025-09,Prime,24,1999,0
C001658,2025-09,Prime,55,788,0
C001659,2025-09,Prime,25,2804,0
C001660,2025-09,Prime,30,2192,0
C001661,2025-09,Prime,36,1949,0
C001662,2025-09,Prime,4,2991,0
C001663,2025-09,Prime,17,1931,0
C001664,2025-09,Prime,67,2016,0
C001665,2025-09,Prime,15,1423,0
C001666,2025-09,Prime,43,653,0
C001667,2025-09,Prime,12,1982,0
C001668,2025-09,Prime,20,1311,0
C001669,2025-09,Prime,52,966,0
C001670,2025-09,Prime,26,1752,0
C001671,2025-09,Prime,41,2965,0
C001672,2025-09,Prime,1,1385,0
C001673,2025-09,Prime,2,1247,0
C001674,2025-09,Prime,38,1092,0
C001675,2025-09,Prime,19,2699,0
C001676,2025-09,Prime,5,2132,0
C001677,2025-09,Prime,43,1109,0
C001678,2025-09,Prime,13,2368,0
C001679,2025-09,Prime,28,2548,0
C001680,2025-09,Prime,37,736,0
C001681,2025-09,Prime,34,755,0
C001682,2025-09,Prime,3,1090,0
C001683,2025-09,Prime,35,1974,0
C001684,2025-09,Prime,12,745,0
C001685,2025-09,Prime,50,2092,1
C001686,2025-09,Prime,19,1729,0
C001687,2025-09,Prime,21,1121,0
C001688,2025-09,Prime,29,2117,0
C001689,2025-09,Prime,23,1158,0
C001690,2025-09,Prime,51,1155,0
C001691,2025-09,Prime,42,2010,0
C001692,2025-09,Prime,54,1564,0
C001693,2025-09,Prime,70,1927,0
C001694,2025-09,Prime,8,1238,0
C001695,2025-09,Prime,65,600,0
C001696,2025-09,Prime,61,35,0
C001697,2025-09,Prime,30,1117,0
C001698,2025-09,Prime,24,2643,0
C001699,2025-09,Prime,39,2188,0
C001700,2025-09,Prime,1,822,0
C001701,2025-09,Near-prime,46,291,0
C001702,2025-09,Near-prime,50,667,0
C001703,2025-09,Near-prime,29,912,0
C001704,2025-09,Near-prime,53,1149,0
C001705,2025-09,Near-prime,34,499,0
C001706,2025-09,Near-prime,32,1084,0
C001707,2025-09,Near-prime,61,392,0
C001708,2025-09,Near-prime,53,1678,0
C001709,2025-09,Near-prime,38,790,0
C001710,2025-09,Near-prime,58,360,0
C001711,2025-09,Near-prime,54,1349,0
C001712,2025-09,Near-prime,49,277,0
C001713,2025-09,Near-prime,53,308,0
C001714,2025-09,Near-prime,64,1112,0
C001715,2025-09,Near-prime,83,1119,0
C001716,2025-09,Near-prime,17,1387,0
C001717,2025-09,Near-prime,47,1107,0
C001718,2025-09,Near-prime,55,1318,0
C001719,2025-09,Near-prime,77,970,0
C001720,2025-09,Near-prime,64,505,0
C001721,2025-09,Near-prime,68,1358,0
C001722,2025-09,Near-prime,70,0,0
C001723,2025-09,Near-prime,79,1163,0
C001724,2025-09,Near-prime,61,0,0
C001725,2025-09,Near-prime,62,28,0
C001726,2025-09,Near-prime,53,773,0
C001727,2025-09,Near-prime,45,584,1
C001728,2025-09,Near-prime,72,1809,0
C001729,2025-09,Near-prime,61,880,0
C001730,2025-09,Near-prime,25,1563,0
C001731,2025-09,Near-prime,28,346,0
C001732,2025-09,Near-prime,38,280,0
C001733,2025-09,Near-prime,67,1711,0
C001734,2025-09,Near-prime,65,0,0
C001735,2025-09,Near-prime,58,1101,0
C001736,2025-09,Near-prime,35,1174,0
C001737,2025-09,Near-prime,40,808,1
C001738,2025-09,Near-prime,95,1681,1
C001739,2025-09,Near-prime,51,1181,0
C001740,2025-09,Near-prime,60,253,0
C001741,2025-09,Near-prime,3,462,0
C001742,2025-09,Near-prime,86,1438,0
C001743,2025-09,Near-prime,32,1582,0
C001744,2025-09,Near-prime,78,1474,0
C001745,2025-09,Near-prime,47,1413,0
C001746,2025-09,Near-prime,40,451,0
C001747,2025-09,Near-prime,17,945,0
C001748,2025-09,Near-prime,40,931,0
C001749,2025-09,Near-prime,29,1391,0
C001750,2025-09,Near-prime,58,892,0
C001751,2025-09,Near-prime,61,493,0
C001752,2025-09,Near-prime,57,494,0
C001753,2025-09,Near-prime,31,1577,0
C001754,2025-09,Near-prime,47,889,0
C001755,2025-09,Near-prime,47,749,0
C001756,2025-09,Near-prime,35,918,0
C001757,2025-09,Near-prime,14,1257,0
C001758,2025-09,Near-prime,56,1619,0
C001759,2025-09,Near-prime,38,587,0
C001760,2025-09,Near-prime,18,528,0
C001761,2025-09,Near-prime,46,1108,0
C001762,2025-09,Near-prime,30,721,0
C001763,2025-09,Near-prime,46,386,0
C001764,2025-09,Near-prime,26,1038,1
C001765,2025-09,Near-prime,62,1792,0
C001766,2025-09,Near-prime,71,353,0
C001767,2025-09,Near-prime,27,670,0
C001768,2025-09,Near-prime,88,1356,0
C001769,2025-09,Near-prime,66,345,0
C001770,2025-09,Near-prime,18,993,0
C001771,2025-09,Near-prime,70,354,0
C001772,2025-09,Near-prime,72,1083,1
C001773,2025-09,Near-prime,40,1415,0
C001774,2025-09,Near-prime,44,377,0
C001775,2025-09,Near-prime,63,593,0
C001776,2025-09,Near-prime,57,673,0
C001777,2025-09,Near-prime,67,1261,0
C001778,2025-09,Near-prime,44,1307,0
C001779,2025-09,Near-prime,58,542,0
C001780,2025-09,Near-prime,59,853,0
C001781,2025-09,Near-prime,72,1828,0
C001782,2025-09,Near-prime,41,1047,0
C001783,2025-09,Near-prime,13,1112,0
C001784,2025-09,Near-prime,24,859,0
C001785,2025-09,Near-prime,34,1122,0
C001786,2025-09,Near-prime,30,1471,0
C001787,2025-09,Near-prime,30,1393,0
C001788,2025-09,Near-prime,47,1261,0
C001789,2025-09,Near-prime,36,1458,0
C001790,2025-09,Near-prime,47,1678,0
C001791,2025-09,Near-prime,49,303,0
C001792,2025-09,Near-prime,50,684,1
C001793,2025-09,Near-prime,62,782,0
C001794,2025-09,Near-prime,34,1860,0
C001795,2025-09,Near-prime,41,659,0
C001796,2025-09,Near-prime,33,970,0
C001797,2025-09,Near-prime,52,427,0
C001798,2025-09,Near-prime,50,887,0
C001799,2025-09,Near-prime,87,1546,0
C001800,2025-09,Near-prime,27,1361,0
C001801,2025-09,Near-prime,42,1103,0
C001802,2025-09,Near-prime,69,1463,0
C001803,2025-09,Near-prime,68,1401,0
C001804,2025-09,Near-prime,53,1402,0
C001805,2025-09,Near-prime,69,1000,0
C001806,2025-09,Near-prime,79,1497,0
C001807,2025-09,Near-prime,56,1363,0
C001808,2025-09,Near-prime,30,1034,0
C001809,2025-09,Near-prime,100,1061,0
C001810,2025-09,Near-prime,50,1188,0
C001811,2025-09,Near-prime,16,0,0
C001812,2025-09,Near-prime,58,144,0
C001813,2025-09,Near-prime,42,1081,0
C001814,2025-09,Near-prime,56,741,0
C001815,2025-09,Near-prime,39,674,0
C001816,2025-09,Near-prime,54,452,1
C001817,2025-09,Near-prime,53,954,0
C001818,2025-09,Near-prime,58,1323,0
C001819,2025-09,Near-prime,36,1420,0
C001820,2025-09,Near-prime,69,1494,0
C001821,2025-09,Near-prime,44,1584,0
C001822,2025-09,Near-prime,55,854,0
C001823,2025-09,Near-prime,57,1166,0
C001824,2025-09,Near-prime,60,1307,0
C001825,2025-09,Near-prime,39,1358,0
C001826,2025-09,Near-prime,56,1277,0
C001827,2025-09,Near-prime,37,368,0
C001828,2025-09,Near-prime,50,1622,0
C001829,2025-09,Near-prime,60,414,0
C001830,2025-09,Near-prime,55,774,0
C001831,2025-09,Near-prime,40,0,0
C001832,2025-09,Near-prime,34,1136,0
C001833,2025-09,Near-prime,67,1204,0
C001834,2025-09,Near-prime,35,441,0
C001835,2025-09,Near-prime,11,545,0
C001836,2025-09,Near-prime,50,1180,0
C001837,2025-09,Near-prime,57,310,0
C001838,2025-09,Near-prime,22,688,0
C001839,2025-09,Near-prime,42,132,0
C001840,2025-09,Near-prime,36,1060,0
C001841,2025-09,Near-prime,78,1548,0
C001842,2025-09,Near-prime,14,1405,0
C001843,2025-09,Near-prime,44,1017,0
C001844,2025-09,Near-prime,38,0,0
C001845,2025-09,Near-prime,65,1738,0
C001846,2025-09,Near-prime,25,1391,0
C001847,2025-09,Near-prime,57,716,0
C001848,2025-09,Near-prime,45,1007,0
C001849,2025-09,Near-prime,30,69,0
C001850,2025-09,Near-prime,48,716,0
C001851,2025-09,Near-prime,53,874,0
C001852,2025-09,Near-prime,41,766,0
C001853,2025-09,Near-prime,32,903,0
C001854,2025-09,Near-prime,36,1797,0
C001855,2025-09,Near-prime,67,1070,0
C001856,2025-09,Near-prime,45,1158,0
C001857,2025-09,Near-prime,56,1113,0
C001858,2025-09,Near-prime,66,1349,0
C001859,2025-09,Near-prime,100,808,0
C001860,2025-09,Near-prime,78,1794,0
C001861,2025-09,Near-prime,39,1832,0
C001862,2025-09,Near-prime,52,1211,0
C001863,2025-09,Near-prime,55,663,0
C001864,2025-09,Near-prime,55,872,0
C001865,2025-09,Near-prime,70,940,0
C001866,2025-09,Near-prime,95,899,0
C001867,2025-09,Near-prime,39,1751,1
C001868,2025-09,Near-prime,35,894,0
C001869,2025-09,Near-prime,50,686,0
C001870,2025-09,Near-prime,71,1387,0
C001871,2025-09,Near-prime,20,730,0
C001872,2025-09,Near-prime,39,1193,1
C001873,2025-09,Near-prime,42,1548,0
C001874,2025-09,Near-prime,51,1591,0
C001875,2025-09,Near-prime,35,603,0
C001876,2025-09,Near-prime,61,1148,0
C001877,2025-09,Near-prime,62,2330,0
C001878,2025-09,Near-prime,89,1643,0
C001879,2025-09,Near-prime,39,1408,0
C001880,2025-09,Near-prime,54,153,0
C001881,2025-09,Near-prime,34,684,0
C001882,2025-09,Near-prime,52,529,0
C001883,2025-09,Near-prime,42,1534,0
C001884,2025-09,Near-prime,70,1042,0
C001885,2025-09,Near-prime,65,1549,0
C001886,2025-09,Near-prime,46,1779,0
C001887,2025-09,Near-prime,45,938,0
C001888,2025-09,Near-prime,32,1869,0
C001889,2025-09,Near-prime,43,923,0
C001890,2025-09,Near-prime,63,1721,0
C001891,2025-09,Near-prime,49,1264,0
C001892,2025-09,Near-prime,16,1145,0
C001893,2025-09,Near-prime,65,937,0
C001894,2025-09,Near-prime,46,1448,0
C001895,2025-09,Near-prime,50,1198,0
C001896,2025-09,Near-prime,20,906,0
C001897,2025-09,Near-prime,43,1647,0
C001898,2025-09,Near-prime,64,1041,0
C001899,2025-09,Near-prime,75,1440,0
C001900,2025-09,Near-prime,59,804,0
C001901,2025-09,Near-prime,57,896,0
C001902,2025-09,Near-prime,57,190,0
C001903,2025-09,Near-prime,44,1806,0
C001904,2025-09,Near-prime,56,918,1
C001905,2025-09,Near-prime,69,1303,0
C001906,2025-09,Near-prime,67,828,0
C001907,2025-09,Near-prime,64,138,0
C001908,2025-09,Near-prime,40,963,0
C001909,2025-09,Near-prime,22,920,0
C001910,2025-09,Near-prime,47,615,0
C001911,2025-09,Near-prime,50,1179,0
C001912,2025-09,Near-prime,37,1421,0
C001913,2025-09,Near-prime,39,479,0
C001914,2025-09,Near-prime,48,1036,0
C001915,2025-09,Near-prime,38,1555,0
C001916,2025-09,Near-prime,62,1625,0
C001917,2025-09,Near-prime,85,671,0
C001918,2025-09,Near-prime,32,324,0
C001919,2025-09,Near-prime,23,854,0
C001920,2025-09,Near-prime,67,361,0
C001921,2025-09,Near-prime,15,1274,0
C001922,2025-09,Near-prime,42,837,0
C001923,2025-09,Near-prime,39,1112,0
C001924,2025-09,Near-prime,41,468,0
C001925,2025-09,Near-prime,46,1913,0
C001926,2025-09,Near-prime,62,1839,0
C001927,2025-09,Near-prime,76,506,0
C001928,2025-09,Near-prime,77,1797,0
C001929,2025-09,Near-prime,37,874,0
C001930,2025-09,Near-prime,37,433,1
C001931,2025-09,Near-prime,53,1299,0
C001932,2025-09,Near-prime,39,657,0
C001933,2025-09,Near-prime,58,1298,0
C001934,2025-09,Near-prime,69,1265,0
C001935,2025-09,Near-prime,53,1234,0
C001936,2025-09,Near-prime,53,479,0
C001937,2025-09,Near-prime,43,1754,0
C001938,2025-09,Near-prime,71,49,0
C001939,2025-09,Near-prime,57,646,0
C001940,2025-09,Near-prime,39,976,0
C001941,2025-09,Near-prime,68,1013,0
C001942,2025-09,Near-prime,89,1513,0
C001943,2025-09,Near-prime,69,2090,0
C001944,2025-09,Near-prime,46,1372,0
C001945,2025-09,Near-prime,42,1038,0
C001946,2025-09,Near-prime,74,340,0
C001947,2025-09,Near-prime,56,1093,0
C001948,2025-09,Near-prime,66,1066,0
C001949,2025-09,Near-prime,70,0,0
C001950,2025-09,Near-prime,45,1815,0
C001951,2025-09,Near-prime,55,1673,0
C001952,2025-09,Near-prime,55,1354,0
C001953,2025-09,Near-prime,77,740,0
C001954,2025-09,Near-prime,56,1726,0
C001955,2025-09,Near-prime,34,0,0
C001956,2025-09,Near-prime,64,1566,0
C001957,2025-09,Near-prime,37,745,0
C001958,2025-09,Near-prime,52,1191,0
C001959,2025-09,Near-prime,50,904,1
C001960,2025-09,Near-prime,50,822,0
C001961,2025-09,Near-prime,87,704,0
C001962,2025-09,Near-prime,41,1092,0
C001963,2025-09,Near-prime,58,877,0
C001964,2025-09,Near-prime,25,498,0
C001965,2025-09,Near-prime,26,545,0
C001966,2025-09,Near-prime,34,1300,0
C001967,2025-09,Near-prime,61,828,0
C001968,2025-09,Near-prime,50,967,0
C001969,2025-09,Near-prime,42,1331,0
C001970,2025-09,Near-prime,73,1779,0
C001971,2025-09,Near-prime,52,1117,0
C001972,2025-09,Near-prime,47,629,0
C001973,2025-09,Near-prime,32,696,0
C001974,2025-09,Near-prime,76,1780,0
C001975,2025-09,Near-prime,41,437,0
C001976,2025-09,Near-prime,66,635,0
C001977,2025-09,Near-prime,43,1405,0
C001978,2025-09,Near-prime,67,797,0
C001979,2025-09,Near-prime,58,608,0
C001980,2025-09,Near-prime,77,1067,1
C001981,2025-09,Near-prime,80,790,0
C001982,2025-09,Near-prime,53,600,0
C001983,2025-09,Near-prime,24,1225,0
C001984,2025-09,Near-prime,83,761,0
C001985,2025-09,Near-prime,53,1408,0
C001986,2025-09,Near-prime,47,1055,1
C001987,2025-09,Near-prime,10,116,0
C001988,2025-09,Near-prime,27,1058,0
C001989,2025-09,Near-prime,50,722,0
C001990,2025-09,Near-prime,15,1119,0
C001991,2025-09,Near-prime,63,1110,0
C001992,2025-09,Near-prime,63,690,0
C001993,2025-09,Near-prime,32,756,0
C001994,2025-09,Near-prime,56,1378,0
C001995,2025-09,Near-prime,72,525,0
C001996,2025-09,Near-prime,81,1531,0
C001997,2025-09,Near-prime,79,2,0
C001998,2025-09,Near-prime,69,892,0
C001999,2025-09,Near-prime,55,1249,0
C002000,2025-09,Near-prime,37,1180,0
C002001,2025-09,Near-prime,53,61,0
C002002,2025-09,Near-prime,54,394,0
C002003,2025-09,Near-prime,70,1440,0
C002004,2025-09,Near-prime,43,1512,0
C002005,2025-09,Near-prime,60,487,0
C002006,2025-09,Near-prime,48,648,0
C002007,2025-09,Near-prime,92,675,1
C002008,2025-09,Near-prime,51,355,0
C002009,2025-09,Near-prime,45,1403,0
C002010,2025-09,Near-prime,60,1692,0
C002011,2025-09,Near-prime,36,712,0
C002012,2025-09,Near-prime,24,1425,0
C002013,2025-09,Near-prime,92,869,0
C002014,2025-09,Near-prime,27,1945,0
C002015,2025-09,Near-prime,47,0,0
C002016,2025-09,Near-prime,59,1305,0
C002017,2025-09,Near-prime,39,738,0
C002018,2025-09,Near-prime,26,1522,0
C002019,2025-09,Near-prime,68,998,0
C002020,2025-09,Near-prime,45,621,0
C002021,2025-09,Near-prime,20,919,0
C002022,2025-09,Near-prime,53,1116,0
C002023,2025-09,Near-prime,40,1264,0
C002024,2025-09,Near-prime,69,917,1
C002025,2025-09,Near-prime,23,1258,0
C002026,2025-09,Near-prime,37,1388,0
C002027,2025-09,Near-prime,40,1635,0
C002028,2025-09,Near-prime,59,953,0
C002029,2025-09,Near-prime,66,1555,0
C002030,2025-09,Near-prime,45,1338,1
C002031,2025-09,Near-prime,47,1209,0
C002032,2025-09,Near-prime,62,1520,0
C002033,2025-09,Near-prime,27,1542,0
C002034,2025-09,Near-prime,33,975,0
C002035,2025-09,Near-prime,53,271,0
C002036,2025-09,Near-prime,79,660,0
C002037,2025-09,Near-prime,55,1251,0
C002038,2025-09,Near-prime,60,1212,0
C002039,2025-09,Near-prime,31,1073,0
C002040,2025-09,Near-prime,39,0,0
C002041,2025-09,Near-prime,68,964,0
C002042,2025-09,Near-prime,33,1293,0
C002043,2025-09,Near-prime,66,716,0
C002044,2025-09,Near-prime,16,1538,0
C002045,2025-09,Near-prime,48,1670,0
C002046,2025-09,Near-prime,66,1482,0
C002047,2025-09,Near-prime,64,241,0
C002048,2025-09,Near-prime,52,1268,0
C002049,2025-09,Near-prime,55,771,0
C002050,2025-09,Near-prime,86,1349,0
C002051,2025-09,Near-prime,59,1701,0
C002052,2025-09,Near-prime,69,1023,0
C002053,2025-09,Near-prime,86,1638,0
C002054,2025-09,Near-prime,44,1364,0
C002055,2025-09,Near-prime,34,870,0
C002056,2025-09,Near-prime,47,1318,0
C002057,2025-09,Near-prime,43,667,1
C002058,2025-09,Near-prime,75,899,0
C002059,2025-09,Near-prime,43,2495,0
C002060,2025-09,Near-prime,42,1516,0
C002061,2025-09,Near-prime,33,577,0
C002062,2025-09,Near-prime,61,1566,1
C002063,2025-09,Near-prime,48,1176,0
C002064,2025-09,Near-prime,43,820,0
C002065,2025-09,Near-prime,89,1175,1
C002066,2025-09,Near-prime,52,770,0
C002067,2025-09,Near-prime,37,1228,0
C002068,2025-09,Near-prime,37,846,0
C002069,2025-09,Near-prime,75,872,1
C002070,2025-09,Near-prime,40,1056,0
C002071,2025-09,Near-prime,44,834,1
C002072,2025-09,Near-prime,57,862,0
C002073,2025-09,Near-prime,52,1128,0
C002074,2025-09,Near-prime,94,1715,0
C002075,2025-09,Near-prime,49,558,0
C002076,2025-09,Near-prime,18,736,0
C002077,2025-09,Near-prime,52,673,0
C002078,2025-09,Near-prime,72,403,0
C002079,2025-09,Near-prime,60,343,0
C002080,2025-09,Near-prime,57,1386,0
C002081,2025-09,Near-prime,38,799,0
C002082,2025-09,Near-prime,47,1000,0
C002083,2025-09,Near-prime,47,1845,0
C002084,2025-09,Near-prime,35,717,0
C002085,2025-09,Near-prime,1,939,0
C002086,2025-09,Near-prime,53,1309,0
C002087,2025-09,Near-prime,46,0,0
C002088,2025-09,Near-prime,67,448,1
C002089,2025-09,Near-prime,24,1145,0
C002090,2025-09,Near-prime,65,671,0
C002091,2025-09,Near-prime,81,2031,1
C002092,2025-09,Near-prime,50,1227,1
C002093,2025-09,Near-prime,36,697,0
C002094,2025-09,Near-prime,73,1317,0
C002095,2025-09,Near-prime,87,917,0
C002096,2025-09,Near-prime,77,1130,0
C002097,2025-09,Near-prime,49,1211,0
C002098,2025-09,Near-prime,26,751,0
C002099,2025-09,Near-prime,50,855,0
C002100,2025-09,Near-prime,41,1053,0
C002101,2025-09,Near-prime,73,1276,0
C002102,2025-09,Near-prime,66,1024,0
C002103,2025-09,Near-prime,36,653,0
C002104,2025-09,Near-prime,53,1355,0
C002105,2025-09,Near-prime,64,959,0
C002106,2025-09,Near-prime,60,101,0
C002107,2025-09,Near-prime,44,630,0
C002108,2025-09,Near-prime,48,1267,0
C002109,2025-09,Near-prime,65,757,0
C002110,2025-09,Near-prime,49,1492,0
C002111,2025-09,Near-prime,46,1036,0
C002112,2025-09,Near-prime,67,1564,0
C002113,2025-09,Near-prime,62,1913,0
C002114,2025-09,Near-prime,72,432,0
C002115,2025-09,Near-prime,40,611,0
C002116,2025-09,Near-prime,54,1811,0
C002117,2025-09,Near-prime,54,0,0
C002118,2025-09,Near-prime,56,1333,0
C002119,2025-09,Near-prime,54,1306,0
C002120,2025-09,Near-prime,59,876,0
C002121,2025-09,Near-prime,15,1016,0
C002122,2025-09,Near-prime,64,1368,0
C002123,2025-09,Near-prime,56,1501,0
C002124,2025-09,Near-prime,56,1058,0
C002125,2025-09,Near-prime,18,644,0
C002126,2025-09,Near-prime,26,714,0
C002127,2025-09,Near-prime,50,1153,0
C002128,2025-09,Near-prime,23,1648,0
C002129,2025-09,Near-prime,48,151,0
C002130,2025-09,Near-prime,35,996,0
C002131,2025-09,Subprime,100,369,0
C002132,2025-09,Subprime,78,751,0
C002133,2025-09,Subprime,100,783,0
C002134,2025-09,Subprime,65,214,0
C002135,2025-09,Subprime,75,508,0
C002136,2025-09,Subprime,61,587,0
C002137,2025-09,Subprime,79,375,0
C002138,2025-09,Subprime,74,574,0
C002139,2025-09,Subprime,61,1198,0
C002140,2025-09,Subprime,60,833,0
C002141,2025-09,Subprime,49,595,0
C002142,2025-09,Subprime,64,942,0
C002143,2025-09,Subprime,36,76,0
C002144,2025-09,Subprime,51,885,0
C002145,2025-09,Subprime,43,465,0
C002146,2025-09,Subprime,53,811,0
C002147,2025-09,Subprime,45,752,0
C002148,2025-09,Subprime,80,698,1
C002149,2025-09,Subprime,56,921,0
C002150,2025-09,Subprime,100,497,0
C002151,2025-09,Subprime,76,770,0
C002152,2025-09,Subprime,38,1199,0
C002153,2025-09,Subprime,62,678,0
C002154,2025-09,Subprime,73,270,0
C002155,2025-09,Subprime,76,810,0
C002156,2025-09,Subprime,88,558,0
C002157,2025-09,Subprime,60,266,1
C002158,2025-09,Subprime,60,1481,0
C002159,2025-09,Subprime,60,868,0
C002160,2025-09,Subprime,96,888,0
C002161,2025-09,Subprime,60,567,0
C002162,2025-09,Subprime,94,493,0
C002163,2025-09,Subprime,78,318,0
C002164,2025-09,Subprime,80,683,0
C002165,2025-09,Subprime,100,861,0
C002166,2025-09,Subprime,73,200,1
C002167,2025-09,Subprime,55,1200,0
C002168,2025-09,Subprime,96,620,1
C002169,2025-09,Subprime,66,510,1
C002170,2025-09,Subprime,37,530,0
C002171,2025-09,Subprime,78,798,0
C002172,2025-09,Subprime,99,483,0
C002173,2025-09,Subprime,100,388,0
C002174,2025-09,Subprime,33,1228,0
C002175,2025-09,Subprime,50,1004,0
C002176,2025-09,Subprime,58,732,0
C002177,2025-09,Subprime,100,447,0
C002178,2025-09,Subprime,73,619,0
C002179,2025-09,Subprime,76,528,0
C002180,2025-09,Subprime,92,363,0
C002181,2025-09,Subprime,81,1079,0
C002182,2025-09,Subprime,53,576,0
C002183,2025-09,Subprime,61,752,0
C002184,2025-09,Subprime,61,678,0
C002185,2025-09,Subprime,61,620,0
C002186,2025-09,Subprime,91,668,1
C002187,2025-09,Subprime,68,560,0
C002188,2025-09,Subprime,64,330,0
C002189,2025-09,Subprime,86,943,0
C002190,2025-09,Subprime,74,504,0
C002191,2025-09,Subprime,56,435,0
C002192,2025-09,Subprime,48,607,0
C002193,2025-09,Subprime,80,813,0
C002194,2025-09,Subprime,66,411,0
C002195,2025-09,Subprime,77,392,0
C002196,2025-09,Subprime,85,432,0
C002197,2025-09,Subprime,76,268,0
C002198,2025-09,Subprime,70,1079,0
C002199,2025-09,Subprime,82,1081,1
C002200,2025-09,Subprime,71,762,0
C002201,2025-09,Subprime,63,972,0
C002202,2025-09,Subprime,73,517,0
C002203,2025-09,Subprime,71,830,0
C002204,2025-09,Subprime,81,47,0
C002205,2025-09,Subprime,48,666,0
C002206,2025-09,Subprime,86,532,0
C002207,2025-09,Subprime,53,477,0
C002208,2025-09,Subprime,52,1025,0
C002209,2025-09,Subprime,77,554,0
C002210,2025-09,Subprime,52,915,1
C002211,2025-09,Subprime,63,879,1
C002212,2025-09,Subprime,65,1106,0
C002213,2025-09,Subprime,58,628,0
C002214,2025-09,Subprime,69,1385,0
C002215,2025-09,Subprime,75,317,0
C002216,2025-09,Subprime,74,1177,0
C002217,2025-09,Subprime,72,286,1
C002218,2025-09,Subprime,85,856,0
C002219,2025-09,Subprime,98,477,0
C002220,2025-09,Subprime,96,715,0
C002221,2025-09,Subprime,48,555,0
C002222,2025-09,Subprime,90,1248,0
C002223,2025-09,Subprime,48,740,0
C002224,2025-09,Subprime,84,575,0
C002225,2025-09,Subprime,45,451,0
C002226,2025-09,Subprime,42,954,0
C002227,2025-09,Subprime,42,656,1
C002228,2025-09,Subprime,64,1093,0
C002229,2025-09,Subprime,100,805,0
C002230,2025-09,Subprime,83,590,0
C002231,2025-09,Subprime,70,292,0
C002232,2025-09,Subprime,79,1007,0
C002233,2025-09,Subprime,100,661,0
C002234,2025-09,Subprime,60,726,0
C002235,2025-09,Subprime,90,429,1
C002236,2025-09,Subprime,38,745,0
C002237,2025-09,Subprime,61,856,0
C002238,2025-09,Subprime,42,387,0
C002239,2025-09,Subprime,60,597,0
C002240,2025-09,Subprime,67,689,0
C002241,2025-09,Subprime,74,816,1
C002242,2025-09,Subprime,64,1281,0
C002243,2025-09,Subprime,53,989,0
C002244,2025-09,Subprime,55,194,0
C002245,2025-09,Subprime,58,838,0
C002246,2025-09,Subprime,71,467,0
C002247,2025-09,Subprime,41,555,1
C002248,2025-09,Subprime,60,359,0
C002249,2025-09,Subprime,67,404,0
C002250,2025-09,Subprime,77,712,0
C002251,2025-09,Subprime,59,104,1
C002252,2025-09,Subprime,79,621,0
C002253,2025-09,Subprime,79,639,0
C002254,2025-09,Subprime,75,612,0
C002255,2025-09,Subprime,75,488,0
C002256,2025-09,Subprime,90,529,0
C002257,2025-09,Subprime,78,1017,0
C002258,2025-09,Subprime,89,799,0
C002259,2025-09,Subprime,100,762,0
C002260,2025-09,Subprime,79,815,0
C002261,2025-09,Subprime,56,938,0
C002262,2025-09,Subprime,52,479,0
C002263,2025-09,Subprime,37,514,0
C002264,2025-09,Subprime,56,172,0
C002265,2025-09,Subprime,87,1488,0
C002266,2025-09,Subprime,75,915,0
C002267,2025-09,Subprime,80,1184,0
C002268,2025-09,Subprime,100,849,0
C002269,2025-09,Subprime,88,319,0
C002270,2025-09,Subprime,74,305,1
C002271,2025-09,Subprime,100,1027,0
C002272,2025-09,Subprime,100,878,0
C002273,2025-09,Subprime,78,549,0
C002274,2025-09,Subprime,60,477,0
C002275,2025-09,Subprime,82,981,0
C002276,2025-09,Subprime,79,504,0
C002277,2025-09,Subprime,57,238,0
C002278,2025-09,Subprime,50,1414,0
C002279,2025-09,Subprime,47,243,0
C002280,2025-09,Subprime,86,848,0
C002281,2025-09,Subprime,17,784,0
C002282,2025-09,Subprime,99,956,0
C002283,2025-09,Subprime,65,752,0
C002284,2025-09,Subprime,89,151,1
C002285,2025-09,Subprime,60,347,0
C002286,2025-09,Subprime,100,542,0
C002287,2025-09,Subprime,71,611,0
C002288,2025-09,Subprime,90,975,0
C002289,2025-09,Subprime,44,738,0
C002290,2025-09,Subprime,64,724,1
C002291,2025-09,Subprime,92,446,0
C002292,2025-09,Subprime,38,519,0
C002293,2025-09,Subprime,86,695,0
C002294,2025-09,Subprime,67,437,0
C002295,2025-09,Subprime,69,522,0
C002296,2025-09,Subprime,54,714,0
C002297,2025-09,Subprime,37,456,1
C002298,2025-09,Subprime,88,868,0
C002299,2025-09,Subprime,72,0,0
C002300,2025-09,Subprime,86,969,0
C002301,2025-09,Subprime,74,501,0
C002302,2025-09,Subprime,88,887,1
C002303,2025-09,Subprime,87,894,0
C002304,2025-09,Subprime,46,547,0
C002305,2025-09,Subprime,63,368,0
C002306,2025-09,Subprime,90,133,0
C002307,2025-09,Subprime,79,177,1
C002308,2025-09,Subprime,39,1019,0
C002309,2025-09,Subprime,85,551,0
C002310,2025-09,Subprime,61,955,0
C002311,2025-09,Subprime,44,136,0
C002312,2025-09,Subprime,73,911,0
C002313,2025-09,Subprime,100,878,0
C002314,2025-09,Subprime,15,483,0
C002315,2025-09,Subprime,100,960,0
C002316,2025-09,Subprime,75,1325,0
C002317,2025-09,Subprime,53,578,0
C002318,2025-09,Subprime,82,379,1
C002319,2025-09,Subprime,71,1282,0
C002320,2025-09,Subprime,32,1212,1
C002321,2025-09,Subprime,61,120,0
C002322,2025-09,Subprime,28,806,0
C002323,2025-09,Subprime,59,281,0
C002324,2025-09,Subprime,54,61,0
C002325,2025-09,Subprime,53,902,0
C002326,2025-09,Subprime,76,865,0
C002327,2025-09,Subprime,55,857,0
C002328,2025-09,Subprime,88,1049,0
C002329,2025-09,Subprime,53,194,0
C002330,2025-09,Subprime,100,756,0
C002331,2025-09,Subprime,70,113,1
C002332,2025-09,Subprime,54,939,0
C002333,2025-09,Subprime,46,856,0
C002334,2025-09,Subprime,45,1030,0
C002335,2025-09,Subprime,32,492,0
C002336,2025-09,Subprime,90,0,1
C002337,2025-09,Subprime,91,528,0
C002338,2025-09,Subprime,66,765,1
C002339,2025-09,Subprime,80,891,0
C002340,2025-09,Subprime,66,953,0
C002341,2025-09,Subprime,58,735,1
C002342,2025-09,Subprime,66,738,0
C002343,2025-09,Subprime,85,411,0
C002344,2025-09,Subprime,54,402,0
C002345,2025-09,Subprime,56,690,0
C002346,2025-09,Subprime,49,1138,0
C002347,2025-09,Subprime,52,356,0
C002348,2025-09,Subprime,87,528,0
C002349,2025-09,Subprime,66,654,0
C002350,2025-09,Subprime,48,686,0
C002351,2025-09,Subprime,72,443,0
C002352,2025-09,Subprime,72,748,0
C002353,2025-09,Subprime,52,486,0
C002354,2025-09,Subprime,91,1083,0
C002355,2025-09,Subprime,67,318,0
C002356,2025-09,Subprime,67,897,0
C002357,2025-09,Subprime,85,632,0
C002358,2025-09,Subprime,52,622,0
C002359,2025-09,Subprime,83,864,0
C002360,2025-09,Subprime,77,1185,0
C002361,2025-09,Subprime,54,306,0
C002362,2025-09,Subprime,100,435,0
C002363,2025-09,Subprime,24,996,0
C002364,2025-09,Subprime,74,527,0
C002365,2025-09,Subprime,64,418,0
C002366,2025-09,Subprime,77,542,0
C002367,2025-09,Subprime,65,510,0
C002368,2025-09,Subprime,69,233,0
C002369,2025-09,Subprime,77,1096,0
C002370,2025-09,Subprime,85,344,0
C002371,2025-09,Subprime,51,563,0
C002372,2025-09,Subprime,35,632,0
C002373,2025-09,Subprime,68,637,0
C002374,2025-09,Subprime,100,1011,1
C002375,2025-09,Subprime,45,473,0
C002376,2025-09,Subprime,56,838,0
C002377,2025-09,Subprime,92,908,0
C002378,2025-09,Subprime,53,297,0
C002379,2025-09,Subprime,97,248,0
C002380,2025-09,Subprime,72,472,0
C002381,2025-09,Subprime,84,1142,0
C002382,2025-09,Subprime,86,1326,0
C002383,2025-09,Subprime,78,1162,0
C002384,2025-09,Subprime,66,293,0
C002385,2025-09,Subprime,53,720,0
C002386,2025-09,Subprime,43,1194,0
C002387,2025-09,Subprime,74,711,0
C002388,2025-09,Subprime,67,746,0
C002389,2025-09,Subprime,60,573,0
C002390,2025-09,Subprime,73,328,0
C002391,2025-09,Subprime,52,505,0
C002392,2025-09,Subprime,69,740,0
C002393,2025-09,Subprime,83,563,1
C002394,2025-09,Subprime,80,458,0
C002395,2025-09,Subprime,74,302,0
C002396,2025-09,Subprime,64,984,0
C002397,2025-09,Subprime,60,1247,0
C002398,2025-09,Subprime,90,788,0
C002399,2025-09,Subprime,74,93,0
C002400,2025-09,Subprime,59,1189,0
C002401,2025-09,Subprime,93,1016,1
C002402,2025-09,Subprime,61,170,0
C002403,2025-09,Subprime,97,497,1
C002404,2025-09,Subprime,60,236,0
C002405,2025-09,Subprime,72,655,0
C002406,2025-09,Subprime,76,1061,0
C002407,2025-09,Subprime,65,310,0
C002408,2025-09,Subprime,62,712,0
C002409,2025-09,Subprime,87,1009,0
C002410,2025-09,Subprime,59,527,0
C002411,2025-09,Subprime,85,703,0
C002412,2025-09,Subprime,88,958,0
C002413,2025-09,Subprime,63,136,0
C002414,2025-09,Subprime,67,641,0
C002415,2025-09,Subprime,73,1214,0
C002416,2025-09,Subprime,40,1111,0
C002417,2025-09,Subprime,86,504,1
C002418,2025-09,Subprime,76,586,0
C002419,2025-09,Subprime,90,174,1
C002420,2025-09,Subprime,35,599,0
C002421,2025-09,Subprime,89,389,0
C002422,2025-09,Subprime,59,321,0
C002423,2025-09,Subprime,85,674,0
C002424,2025-09,Subprime,47,583,0
C002425,2025-09,Subprime,64,235,1
C002426,2025-09,Subprime,48,1159,0
C002427,2025-09,Subprime,50,329,0
C002428,2025-09,Subprime,80,457,0
C002429,2025-09,Subprime,96,798,0
C002430,2025-09,Subprime,65,421,0
C002431,2025-09,Subprime,85,661,0
C002432,2025-09,Subprime,66,850,0
C002433,2025-09,Subprime,57,859,1
C002434,2025-09,Subprime,82,669,0
C002435,2025-09,Subprime,91,667,0
C002436,2025-09,Subprime,41,643,1
C002437,2025-09,Subprime,69,570,0
C002438,2025-09,Subprime,42,626,0
C002439,2025-09,Subprime,57,748,0
C002440,2025-09,Subprime,67,908,0
C002441,2025-10,Prime,31,2666,0
C002442,2025-10,Prime,28,1560,0
C002443,2025-10,Prime,33,1976,0
C002444,2025-10,Prime,27,2021,0
C002445,2025-10,Prime,1,2227,0
C002446,2025-10,Prime,3,328,0
C002447,2025-10,Prime,35,496,0
C002448,2025-10,Prime,47,702,0
C002449,2025-10,Prime,33,851,0
C002450,2025-10,Prime,8,2475,0
C002451,2025-10,Prime,41,1607,0
C002452,2025-10,Prime,1,2263,0
C002453,2025-10,Prime,66,406,1
C002454,2025-10,Prime,32,487,0
C002455,2025-10,Prime,19,1577,0
C002456,2025-10,Prime,28,318,0
C002457,2025-10,Prime,20,2443,0
C002458,2025-10,Prime,30,1781,0
C002459,2025-10,Prime,8,1954,0
C002460,2025-10,Prime,1,2370,0
C002461,2025-10,Prime,47,783,0
C002462,2025-10,Prime,25,773,0
C002463,2025-10,Prime,30,2167,0
C002464,2025-10,Prime,31,1875,0
C002465,2025-10,Prime,25,377,0
C002466,2025-10,Prime,27,2503,0
C002467,2025-10,Prime,35,2141,0
C002468,2025-10,Prime,33,1861,0
C002469,2025-10,Prime,48,1761,0
C002470,2025-10,Prime,16,1177,0
C002471,2025-10,Prime,26,1399,0
C002472,2025-10,Prime,42,1740,0
C002473,2025-10,Prime,29,199,0
C002474,2025-10,Prime,18,3207,0
C002475,2025-10,Prime,15,1425,0
C002476,2025-10,Prime,26,1763,0
C002477,2025-10,Prime,6,778,0
C002478,2025-10,Prime,52,1308,0
C002479,2025-10,Prime,33,2376,0
C002480,2025-10,Prime,29,1702,0
C002481,2025-10,Prime,18,451,0
C002482,2025-10,Prime,33,900,0
C002483,2025-10,Prime,11,1983,0
C002484,2025-10,Prime,17,1449,0
C002485,2025-10,Prime,26,1302,0
C002486,2025-10,Prime,35,2185,0
C002487,2025-10,Prime,66,2692,0
C002488,2025-10,Prime,42,1621,0
C002489,2025-10,Prime,21,1520,0
C002490,2025-10,Prime,21,1761,0
C002491,2025-10,Prime,23,689,0
C002492,2025-10,Prime,43,1741,0
C002493,2025-10,Prime,40,2021,0
C002494,2025-10,Prime,29,749,0
C002495,2025-10,Prime,12,2277,0
C002496,2025-10,Prime,34,767,0
C002497,2025-10,Prime,41,692,0
C002498,2025-10,Prime,52,1258,0
C002499,2025-10,Prime,24,1244,0
C002500,2025-10,Prime,31,2180,0
C002501,2025-10,Prime,39,1313,0
C002502,2025-10,Prime,47,2518,0
C002503,2025-10,Prime,70,1567,0
C002504,2025-10,Prime,36,1824,0
C002505,2025-10,Prime,28,2709,0
C002506,2025-10,Prime,22,1750,0
C002507,2025-10,Prime,37,2170,0
C002508,2025-10,Prime,31,0,1
C002509,2025-10,Prime,4,2310,0
C002510,2025-10,Prime,15,419,0
C002511,2025-10,Prime,22,1662,0
C002512,2025-10,Prime,8,1049,0
C002513,2025-10,Prime,16,1599,0
C002514,2025-10,Prime,30,1432,0
C002515,2025-10,Prime,27,1532,0
C002516,2025-10,Prime,45,827,0
C002517,2025-10,Prime,29,1331,0
C002518,2025-10,Prime,33,1605,0
C002519,2025-10,Prime,42,1892,0
C002520,2025-10,Prime,40,300,0
C002521,2025-10,Prime,47,1201,0
C002522,2025-10,Prime,31,2200,0
C002523,2025-10,Prime,45,1499,0
C002524,2025-10,Prime,43,1366,0
C002525,2025-10,Prime,49,1544,0
C002526,2025-10,Prime,45,1448,0
C002527,2025-10,Prime,22,982,0
C002528,2025-10,Prime,1,1596,0
C002529,2025-10,Prime,27,2776,0
C002530,2025-10,Prime,1,1989,0
C002531,2025-10,Prime,46,930,0
C002532,2025-10,Prime,37,2244,0
C002533,2025-10,Prime,28,2158,0
C002534,2025-10,Prime,11,2071,0
C002535,2025-10,Prime,7,734,0
C002536,2025-10,Prime,29,1308,0
C002537,2025-10,Prime,11,2469,0
C002538,2025-10,Prime,32,1934,0
C002539,2025-10,Prime,12,771,0
C002540,2025-10,Prime,19,1260,0
C002541,2025-10,Prime,34,2245,0
C002542,2025-10,Prime,31,0,0
C002543,2025-10,Prime,11,1790,0
C002544,2025-10,Prime,23,1143,0
C002545,2025-10,Prime,46,599,0
C002546,2025-10,Prime,22,2246,0
C002547,2025-10,Prime,1,1607,0
C002548,2025-10,Prime,38,2055,0
C002549,2025-10,Prime,37,3002,0
C002550,2025-10,Prime,46,78,0
C002551,2025-10,Prime,11,1617,0
C002552,2025-10,Prime,41,390,0
C002553,2025-10,Prime,1,1320,0
C002554,2025-10,Prime,19,1378,0
C002555,2025-10,Prime,41,1333,0
C002556,2025-10,Prime,36,1617,0
C002557,2025-10,Prime,38,2529,0
C002558,2025-10,Prime,31,2003,0
C002559,2025-10,Prime,37,1964,0
C002560,2025-10,Prime,29,2169,0
C002561,2025-10,Prime,47,1696,0
C002562,2025-10,Prime,22,2744,0
C002563,2025-10,Prime,30,727,0
C002564,2025-10,Prime,58,915,0
C002565,2025-10,Prime,30,1303,0
C002566,2025-10,Prime,17,2726,0
C002567,2025-10,Prime,30,1990,0
C002568,2025-10,Prime,20,1241,0
C002569,2025-10,Prime,7,1874,0
C002570,2025-10,Prime,46,936,0
C002571,2025-10,Prime,27,786,0
C002572,2025-10,Prime,33,1386,0
C002573,2025-10,Prime,26,1879,0
C002574,2025-10,Prime,41,546,0
C002575,2025-10,Prime,66,2257,0
C002576,2025-10,Prime,66,1518,0
C002577,2025-10,Prime,28,1070,0
C002578,2025-10,Prime,43,1299,0
C002579,2025-10,Prime,28,723,0
C002580,2025-10,Prime,15,3009,0
C002581,2025-10,Prime,27,1714,0
C002582,2025-10,Prime,9,2504,0
C002583,2025-10,Prime,38,1504,0
C002584,2025-10,Prime,47,1321,0
C002585,2025-10,Prime,46,662,0
C002586,2025-10,Prime,47,1258,0
C002587,2025-10,Prime,1,1317,0
C002588,2025-10,Prime,55,761,0
C002589,2025-10,Prime,44,670,0
C002590,2025-10,Prime,8,2418,0
C002591,2025-10,Prime,1,1897,0
C002592,2025-10,Prime,41,491,0
C002593,2025-10,Prime,54,1344,0
C002594,2025-10,Prime,13,1484,0
C002595,2025-10,Prime,27,1147,0
C002596,2025-10,Prime,35,233,0
C002597,2025-10,Prime,37,1777,0
C002598,2025-10,Prime,30,1804,0
C002599,2025-10,Prime,20,739,0
C002600,2025-10,Prime,27,1785,0
C002601,2025-10,Prime,3,1601,0
C002602,2025-10,Prime,36,0,0
C002603,2025-10,Prime,11,2549,0
C002604,2025-10,Prime,45,2003,0
C002605,2025-10,Prime,24,1458,0
C002606,2025-10,Prime,34,1473,0
C002607,2025-10,Prime,24,1193,0
C002608,2025-10,Prime,40,351,0
C002609,2025-10,Prime,22,370,0
C002610,2025-10,Prime,24,3358,0
C002611,2025-10,Prime,19,2991,0
C002612,2025-10,Prime,26,1161,0
C002613,2025-10,Prime,33,1820,0
C002614,2025-10,Prime,23,1796,0
C002615,2025-10,Prime,1,2095,0
C002616,2025-10,Prime,21,2279,0
C002617,2025-10,Prime,1,274,0
C002618,2025-10,Prime,12,791,0
C002619,2025-10,Prime,24,1010,0
C002620,2025-10,Prime,52,1241,0
C002621,2025-10,Prime,51,911,0
C002622,2025-10,Prime,9,821,0
C002623,2025-10,Prime,28,1003,0
C002624,2025-10,Prime,1,735,0
C002625,2025-10,Prime,1,1547,0
C002626,2025-10,Prime,6,1185,0
C002627,2025-10,Prime,18,2421,0
C002628,2025-10,Prime,2,1497,0
C002629,2025-10,Prime,61,1577,0
C002630,2025-10,Prime,13,890,0
C002631,2025-10,Prime,8,762,0
C002632,2025-10,Prime,13,2261,0
C002633,2025-10,Prime,49,1807,0
C002634,2025-10,Prime,9,931,0
C002635,2025-10,Prime,33,1167,0
C002636,2025-10,Prime,47,1925,0
C002637,2025-10,Prime,42,1378,0
C002638,2025-10,Prime,32,2393,0
C002639,2025-10,Prime,52,1970,0
C002640,2025-10,Prime,16,2851,0
C002641,2025-10,Prime,25,2147,0
C002642,2025-10,Prime,32,1747,0
C002643,2025-10,Prime,55,458,0
C002644,2025-10,Prime,38,2088,0
C002645,2025-10,Prime,38,0,0
C002646,2025-10,Prime,48,770,0
C002647,2025-10,Prime,14,1274,0
C002648,2025-10,Prime,33,1558,0
C002649,2025-10,Prime,32,1427,0
C002650,2025-10,Prime,30,785,0
C002651,2025-10,Prime,2,970,0
C002652,2025-10,Prime,47,1489,0
C002653,2025-10,Prime,23,815,0
C002654,2025-10,Prime,26,2045,0
C002655,2025-10,Prime,24,1476,0
C002656,2025-10,Prime,25,1399,0
C002657,2025-10,Prime,53,1503,0
C002658,2025-10,Prime,12,1654,0
C002659,2025-10,Prime,1,2634,0
C002660,2025-10,Prime,14,1977,0
C002661,2025-10,Prime,26,1618,0
C002662,2025-10,Prime,13,2049,0
C002663,2025-10,Prime,35,2224,0
C002664,2025-10,Prime,31,2630,0
C002665,2025-10,Prime,1,1551,0
C002666,2025-10,Prime,15,1329,0
C002667,2025-10,Prime,20,517,0
C002668,2025-10,Prime,24,1737,0
C002669,2025-10,Prime,9,1302,0
C002670,2025-10,Prime,18,1488,0
C002671,2025-10,Prime,50,1687,0
C002672,2025-10,Prime,7,1723,0
C002673,2025-10,Prime,29,1162,0
C002674,2025-10,Prime,32,1325,0
C002675,2025-10,Prime,1,1597,1
C002676,2025-10,Prime,67,2628,0
C002677,2025-10,Prime,19,3088,0
C002678,2025-10,Prime,53,1448,0
C002679,2025-10,Prime,12,1216,0
C002680,2025-10,Prime,1,1758,0
C002681,2025-10,Prime,60,1786,0
C002682,2025-10,Prime,17,810,0
C002683,2025-10,Prime,52,1832,0
C002684,2025-10,Prime,28,2052,0
C002685,2025-10,Prime,17,1803,0
C002686,2025-10,Prime,17,1590,1
C002687,2025-10,Prime,9,1489,0
C002688,2025-10,Prime,1,1288,0
C002689,2025-10,Prime,41,1421,0
C002690,2025-10,Prime,25,1457,0
C002691,2025-10,Prime,25,1215,0
C002692,2025-10,Prime,41,1472,0
C002693,2025-10,Prime,26,2082,0
C002694,2025-10,Prime,17,1672,0
C002695,2025-10,Prime,45,2158,0
C002696,2025-10,Prime,28,860,0
C002697,2025-10,Prime,57,1955,0
C002698,2025-10,Prime,43,29,0
C002699,2025-10,Prime,35,1645,0
C002700,2025-10,Prime,6,1974,0
C002701,2025-10,Prime,57,2113,0
C002702,2025-10,Prime,32,1419,0
C002703,2025-10,Prime,17,2264,0
C002704,2025-10,Prime,12,2127,0
C002705,2025-10,Prime,39,2033,0
C002706,2025-10,Prime,41,738,0
C002707,2025-10,Prime,57,929,0
C002708,2025-10,Prime,46,1165,0
C002709,2025-10,Prime,17,1291,0
C002710,2025-10,Prime,35,537,0
C002711,2025-10,Prime,22,1313,0
C002712,2025-10,Prime,14,1608,0
C002713,2025-10,Prime,32,1501,0
C002714,2025-10,Prime,21,818,0
C002715,2025-10,Prime,30,1125,0
C002716,2025-10,Prime,27,2253,0
C002717,2025-10,Prime,38,0,0
C002718,2025-10,Prime,67,1372,0
C002719,2025-10,Prime,35,1580,0
C002720,2025-10,Prime,15,511,0
C002721,2025-10,Prime,33,2981,0
C002722,2025-10,Prime,64,1366,0
C002723,2025-10,Prime,33,1461,0
C002724,2025-10,Prime,42,3083,0
C002725,2025-10,Prime,41,2003,0
C002726,2025-10,Prime,20,1475,0
C002727,2025-10,Prime,66,610,0
C002728,2025-10,Prime,46,2549,0
C002729,2025-10,Prime,19,1658,0
C002730,2025-10,Prime,63,1505,0
C002731,2025-10,Prime,61,1514,0
C002732,2025-10,Prime,73,2506,0
C002733,2025-10,Prime,14,1969,0
C002734,2025-10,Prime,8,0,0
C002735,2025-10,Prime,9,1796,0
C002736,2025-10,Prime,44,1738,0
C002737,2025-10,Prime,22,1773,0
C002738,2025-10,Prime,1,1806,0
C002739,2025-10,Prime,49,260,0
C002740,2025-10,Prime,27,2249,0
C002741,2025-10,Prime,5,2962,0
C002742,2025-10,Prime,70,1392,0
C002743,2025-10,Prime,20,1034,0
C002744,2025-10,Prime,37,1647,0
C002745,2025-10,Prime,18,1391,0
C002746,2025-10,Prime,59,1194,0
C002747,2025-10,Prime,13,569,0
C002748,2025-10,Prime,23,2416,0
C002749,2025-10,Prime,27,315,0
C002750,2025-10,Prime,27,2268,0
C002751,2025-10,Prime,35,198,0
C002752,2025-10,Prime,24,915,0
C002753,2025-10,Prime,32,1570,0
C002754,2025-10,Prime,1,1390,0
C002755,2025-10,Prime,29,618,0
C002756,2025-10,Prime,33,1812,0
C002757,2025-10,Prime,23,1257,0
C002758,2025-10,Prime,27,496,0
C002759,2025-10,Prime,5,864,0
C002760,2025-10,Prime,39,1490,0
C002761,2025-10,Prime,17,1441,0
C002762,2025-10,Prime,47,1142,0
C002763,2025-10,Prime,27,2989,0
C002764,2025-10,Prime,83,963,0
C002765,2025-10,Prime,33,1531,0
C002766,2025-10,Prime,33,2291,0
C002767,2025-10,Prime,24,985,0
C002768,2025-10,Prime,48,1929,0
C002769,2025-10,Prime,30,1176,0
C002770,2025-10,Prime,48,2502,0
C002771,2025-10,Prime,34,1818,0
C002772,2025-10,Prime,1,1124,0
C002773,2025-10,Prime,25,867,0
C002774,2025-10,Prime,16,1667,0
C002775,2025-10,Prime,34,319,0
C002776,2025-10,Prime,33,1406,0
C002777,2025-10,Prime,1,2081,0
C002778,2025-10,Prime,13,1330,0
C002779,2025-10,Prime,17,707,0
C002780,2025-10,Prime,13,1157,0
C002781,2025-10,Prime,46,1142,0
C002782,2025-10,Prime,18,1232,0
C002783,2025-10,Prime,52,1647,0
C002784,2025-10,Prime,33,699,0
C002785,2025-10,Prime,46,2101,0
C002786,2025-10,Prime,37,2247,1
C002787,2025-10,Prime,4,1613,1
C002788,2025-10,Prime,1,441,0
C002789,2025-10,Prime,23,1410,0
C002790,2025-10,Prime,28,1905,0
C002791,2025-10,Prime,25,1393,0
C002792,2025-10,Prime,49,1125,0
C002793,2025-10,Prime,20,1959,0
C002794,2025-10,Prime,38,2655,0
C002795,2025-10,Prime,27,486,0
C002796,2025-10,Prime,22,1082,0
C002797,2025-10,Prime,16,2094,0
C002798,2025-10,Prime,12,617,0
C002799,2025-10,Prime,4,1346,0
C002800,2025-10,Prime,1,2068,0
C002801,2025-10,Prime,30,1562,0
C002802,2025-10,Prime,34,1166,0
C002803,2025-10,Prime,18,3375,0
C002804,2025-10,Prime,52,1482,0
C002805,2025-10,Prime,21,1699,0
C002806,2025-10,Prime,25,1837,0
C002807,2025-10,Prime,34,1110,0
C002808,2025-10,Prime,30,1443,0
C002809,2025-10,Prime,11,471,0
C002810,2025-10,Prime,1,2434,0
C002811,2025-10,Prime,29,843,0
C002812,2025-10,Prime,40,617,0
C002813,2025-10,Prime,33,2224,0
C002814,2025-10,Prime,7,2436,0
C002815,2025-10,Prime,54,2806,0
C002816,2025-10,Prime,58,1757,0
C002817,2025-10,Prime,21,1851,0
C002818,2025-10,Prime,18,1582,0
C002819,2025-10,Prime,5,598,0
C002820,2025-10,Prime,15,986,0
C002821,2025-10,Prime,1,2134,0
C002822,2025-10,Prime,28,1846,0
C002823,2025-10,Prime,28,42,0
C002824,2025-10,Prime,57,2233,0
C002825,2025-10,Prime,23,2402,0
C002826,2025-10,Prime,57,805,0
C002827,2025-10,Prime,21,2516,0
C002828,2025-10,Prime,51,1504,0
C002829,2025-10,Prime,68,2184,0
C002830,2025-10,Prime,30,1566,0
C002831,2025-10,Prime,28,1355,0
C002832,2025-10,Prime,54,848,0
C002833,2025-10,Prime,39,2240,0
C002834,2025-10,Prime,21,2194,0
C002835,2025-10,Prime,27,2526,0
C002836,2025-10,Prime,44,1757,0
C002837,2025-10,Prime,1,1087,0
C002838,2025-10,Prime,54,1403,0
C002839,2025-10,Prime,1,1057,0
C002840,2025-10,Prime,20,2031,0
C002841,2025-10,Prime,21,1194,0
C002842,2025-10,Prime,1,1507,0
C002843,2025-10,Prime,30,1506,0
C002844,2025-10,Prime,32,829,0
C002845,2025-10,Prime,40,913,0
C002846,2025-10,Prime,41,2940,0
C002847,2025-10,Prime,34,1254,0
C002848,2025-10,Prime,18,1715,0
C002849,2025-10,Prime,23,1451,0
C002850,2025-10,Prime,41,2015,0
C002851,2025-10,Prime,40,1948,0
C002852,2025-10,Prime,36,63,0
C002853,2025-10,Prime,40,2971,0
C002854,2025-10,Prime,55,2417,0
C002855,2025-10,Prime,20,2472,0
C002856,2025-10,Prime,15,688,0
C002857,2025-10,Prime,1,969,0
C002858,2025-10,Prime,45,2149,0
C002859,2025-10,Prime,22,468,0
C002860,2025-10,Prime,31,1526,0
C002861,2025-10,Prime,43,1070,0
C002862,2025-10,Prime,11,2666,0
C002863,2025-10,Prime,37,1253,0
C002864,2025-10,Prime,5,1995,0
C002865,2025-10,Prime,1,2053,0
C002866,2025-10,Prime,48,1365,0
C002867,2025-10,Prime,16,1151,0
C002868,2025-10,Prime,28,2123,0
C002869,2025-10,Prime,23,1645,0
C002870,2025-10,Prime,56,485,0
C002871,2025-10,Prime,23,1908,0
C002872,2025-10,Prime,30,1429,0
C002873,2025-10,Prime,6,381,0
C002874,2025-10,Prime,28,1002,0
C002875,2025-10,Prime,37,2126,0
C002876,2025-10,Prime,1,1795,0
C002877,2025-10,Prime,16,1614,0
C002878,2025-10,Prime,11,1388,0
C002879,2025-10,Prime,34,1540,0
C002880,2025-10,Prime,6,1236,0
C002881,2025-10,Prime,42,585,0
C002882,2025-10,Prime,46,2183,0
C002883,2025-10,Prime,66,1097,0
C002884,2025-10,Prime,63,858,0
C002885,2025-10,Prime,43,1560,0
C002886,2025-10,Prime,36,1615,0
C002887,2025-10,Prime,1,1430,0
C002888,2025-10,Prime,13,2128,0
C002889,2025-10,Prime,16,1644,0
C002890,2025-10,Prime,58,341,0
C002891,2025-10,Prime,21,2310,0
C002892,2025-10,Prime,25,1384,0
C002893,2025-10,Prime,30,611,0
C002894,2025-10,Prime,25,404,0
C002895,2025-10,Prime,19,475,0
C002896,2025-10,Prime,51,1242,0
C002897,2025-10,Prime,70,1777,0
C002898,2025-10,Prime,12,2107,0
C002899,2025-10,Prime,34,1962,0
C002900,2025-10,Prime,23,174,0
C002901,2025-10,Prime,21,886,0
C002902,2025-10,Prime,30,37,0
C002903,2025-10,Prime,18,1143,1
C002904,2025-10,Prime,41,2388,0
C002905,2025-10,Prime,30,1773,0
C002906,2025-10,Prime,44,1978,0
C002907,2025-10,Prime,21,446,0
C002908,2025-10,Prime,35,2751,0
C002909,2025-10,Prime,45,0,0
C002910,2025-10,Prime,28,2129,0
C002911,2025-10,Prime,20,1992,0
C002912,2025-10,Prime,39,1673,0
C002913,2025-10,Prime,6,1129,0
C002914,2025-10,Prime,12,446,0
C002915,2025-10,Prime,27,121,0
C002916,2025-10,Prime,30,259,0
C002917,2025-10,Prime,66,151,0
C002918,2025-10,Prime,27,1190,0
C002919,2025-10,Prime,21,2857,0
C002920,2025-10,Prime,29,1760,0
C002921,2025-10,Near-prime,94,1523,0
C002922,2025-10,Near-prime,49,490,0
C002923,2025-10,Near-prime,85,1424,0
C002924,2025-10,Near-prime,38,707,0
C002925,2025-10,Near-prime,78,1172,0
C002926,2025-10,Near-prime,46,1197,0
C002927,2025-10,Near-prime,98,1373,0
C002928,2025-10,Near-prime,51,536,0
C002929,2025-10,Near-prime,60,660,0
C002930,2025-10,Near-prime,67,637,0
C002931,2025-10,Near-prime,20,1812,0
C002932,2025-10,Near-prime,54,1103,0
C002933,2025-10,Near-prime,41,1845,0
C002934,2025-10,Near-prime,72,1166,0
C002935,2025-10,Near-prime,19,1094,0
C002936,2025-10,Near-prime,16,759,0
C002937,2025-10,Near-prime,61,687,0
C002938,2025-10,Near-prime,46,1711,0
C002939,2025-10,Near-prime,71,1334,0
C002940,2025-10,Near-prime,30,1413,0
C002941,2025-10,Near-prime,60,399,0
C002942,2025-10,Near-prime,52,0,0
C002943,2025-10,Near-prime,24,1093,0
C002944,2025-10,Near-prime,44,603,0
C002945,2025-10,Near-prime,53,685,0
C002946,2025-10,Near-prime,55,1489,0
C002947,2025-10,Near-prime,55,277,0
C002948,2025-10,Near-prime,54,1267,0
C002949,2025-10,Near-prime,48,1382,0
C002950,2025-10,Near-prime,44,1583,0
C002951,2025-10,Near-prime,64,0,0
C002952,2025-10,Near-prime,55,606,1
C002953,2025-10,Near-prime,80,1778,0
C002954,2025-10,Near-prime,50,343,0
C002955,2025-10,Near-prime,71,1512,0
C002956,2025-10,Near-prime,86,701,0
C002957,2025-10,Near-prime,85,842,0
C002958,2025-10,Near-prime,74,1052,0
C002959,2025-10,Near-prime,35,1470,0
C002960,2025-10,Near-prime,61,1224,0
C002961,2025-10,Near-prime,63,42,0
C002962,2025-10,Near-prime,64,717,0
C002963,2025-10,Near-prime,86,1083,0
C002964,2025-10,Near-prime,28,1038,0
C002965,2025-10,Near-prime,57,1016,0
C002966,2025-10,Near-prime,63,1838,0
C002967,2025-10,Near-prime,44,691,0
C002968,2025-10,Near-prime,41,1177,0
C002969,2025-10,Near-prime,20,937,0
C002970,2025-10,Near-prime,56,1299,0
C002971,2025-10,Near-prime,40,1004,0
C002972,2025-10,Near-prime,46,0,0
C002973,2025-10,Near-prime,45,1773,0
C002974,2025-10,Near-prime,55,423,0
C002975,2025-10,Near-prime,48,397,0
C002976,2025-10,Near-prime,38,370,0
C002977,2025-10,Near-prime,13,1196,0
C002978,2025-10,Near-prime,48,1287,0
C002979,2025-10,Near-prime,39,2536,0
C002980,2025-10,Near-prime,46,361,0
C002981,2025-10,Near-prime,73,768,0
C002982,2025-10,Near-prime,59,998,0
C002983,2025-10,Near-prime,56,1106,0
C002984,2025-10,Near-prime,50,1122,0
C002985,2025-10,Near-prime,40,1495,0
C002986,2025-10,Near-prime,79,1259,0
C002987,2025-10,Near-prime,52,505,0
C002988,2025-10,Near-prime,62,1338,0
C002989,2025-10,Near-prime,77,1038,0
C002990,2025-10,Near-prime,46,1342,0
C002991,2025-10,Near-prime,47,1496,0
C002992,2025-10,Near-prime,55,873,0
C002993,2025-10,Near-prime,56,1259,0
C002994,2025-10,Near-prime,82,1383,0
C002995,2025-10,Near-prime,46,671,0
C002996,2025-10,Near-prime,19,944,0
C002997,2025-10,Near-prime,70,650,0
C002998,2025-10,Near-prime,38,884,0
C002999,2025-10,Near-prime,42,1599,0
C003000,2025-10,Near-prime,41,1848,1
C003001,2025-10,Near-prime,63,251,0
C003002,2025-10,Near-prime,52,1165,0
C003003,2025-10,Near-prime,54,673,0
C003004,2025-10,Near-prime,33,638,1
C003005,2025-10,Near-prime,70,816,0
C003006,2025-10,Near-prime,38,1197,0
C003007,2025-10,Near-prime,36,777,0
C003008,2025-10,Near-prime,68,509,0
C003009,2025-10,Near-prime,55,589,0
C003010,2025-10,Near-prime,46,1836,0
C003011,2025-10,Near-prime,24,1251,0
C003012,2025-10,Near-prime,40,0,0
C003013,2025-10,Near-prime,3,517,0
C003014,2025-10,Near-prime,57,464,0
C003015,2025-10,Near-prime,29,542,0
C003016,2025-10,Near-prime,35,1201,0
C003017,2025-10,Near-prime,81,205,0
C003018,2025-10,Near-prime,37,217,1
C003019,2025-10,Near-prime,50,938,0
C003020,2025-10,Near-prime,59,58,0
C003021,2025-10,Near-prime,39,1052,0
C003022,2025-10,Near-prime,38,764,0
C003023,2025-10,Near-prime,35,608,0
C003024,2025-10,Near-prime,77,360,1
C003025,2025-10,Near-prime,45,1491,0
C003026,2025-10,Near-prime,55,1255,0
C003027,2025-10,Near-prime,65,1447,0
C003028,2025-10,Near-prime,57,556,0
C003029,2025-10,Near-prime,33,1263,0
C003030,2025-10,Near-prime,46,1293,0
C003031,2025-10,Near-prime,34,1558,0
C003032,2025-10,Near-prime,78,1704,0
C003033,2025-10,Near-prime,57,632,0
C003034,2025-10,Near-prime,67,353,0
C003035,2025-10,Near-prime,37,517,0
C003036,2025-10,Near-prime,48,1822,0
C003037,2025-10,Near-prime,23,1342,0
C003038,2025-10,Near-prime,33,1664,0
C003039,2025-10,Near-prime,58,1029,0
C003040,2025-10,Near-prime,11,674,0
C003041,2025-10,Near-prime,71,1418,0
C003042,2025-10,Near-prime,86,697,0
C003043,2025-10,Near-prime,43,705,0
C003044,2025-10,Near-prime,79,634,0
C003045,2025-10,Near-prime,65,917,0
C003046,2025-10,Near-prime,28,1827,0
C003047,2025-10,Near-prime,57,385,0
C003048,2025-10,Near-prime,87,1416,0
C003049,2025-10,Near-prime,36,1424,0
C003050,2025-10,Near-prime,62,354,0
C003051,2025-10,Near-prime,65,1250,0
C003052,2025-10,Near-prime,37,614,0
C003053,2025-10,Near-prime,57,1086,0
C003054,2025-10,Near-prime,56,536,0
C003055,2025-10,Near-prime,81,1623,1
C003056,2025-10,Near-prime,69,755,0
C003057,2025-10,Near-prime,84,520,0
C003058,2025-10,Near-prime,34,179,0
C003059,2025-10,Near-prime,55,682,0
C003060,2025-10,Near-prime,39,1227,0
C003061,2025-10,Near-prime,46,821,0
C003062,2025-10,Near-prime,59,989,0
C003063,2025-10,Near-prime,77,1370,0
C003064,2025-10,Near-prime,74,1067,0
C003065,2025-10,Near-prime,59,896,0
C003066,2025-10,Near-prime,31,719,0
C003067,2025-10,Near-prime,56,1083,0
C003068,2025-10,Near-prime,53,1390,0
C003069,2025-10,Near-prime,52,1127,0
C003070,2025-10,Near-prime,50,1138,0
C003071,2025-10,Near-prime,94,834,0
C003072,2025-10,Near-prime,54,1005,0
C003073,2025-10,Near-prime,33,1118,0
C003074,2025-10,Near-prime,75,1743,0
C003075,2025-10,Near-prime,29,2344,0
C003076,2025-10,Near-prime,83,866,0
C003077,2025-10,Near-prime,58,1245,0
C003078,2025-10,Near-prime,37,1550,0
C003079,2025-10,Near-prime,100,839,0
C003080,2025-10,Near-prime,84,359,0
C003081,2025-10,Near-prime,75,1098,0
C003082,2025-10,Near-prime,24,1879,0
C003083,2025-10,Near-prime,43,626,0
C003084,2025-10,Near-prime,69,1021,0
C003085,2025-10,Near-prime,70,1542,0
C003086,2025-10,Near-prime,23,1125,0
C003087,2025-10,Near-prime,62,1049,0
C003088,2025-10,Near-prime,55,1526,0
C003089,2025-10,Near-prime,42,805,0
C003090,2025-10,Near-prime,21,918,0
C003091,2025-10,Near-prime,57,1998,0
C003092,2025-10,Near-prime,62,1238,0
C003093,2025-10,Near-prime,70,0,0
C003094,2025-10,Near-prime,61,1006,0
C003095,2025-10,Near-prime,47,1538,0
C003096,2025-10,Near-prime,33,1020,0
C003097,2025-10,Near-prime,68,984,0
C003098,2025-10,Near-prime,48,293,0
C003099,2025-10,Near-prime,38,971,0
C003100,2025-10,Near-prime,64,1539,0
C003101,2025-10,Near-prime,69,1438,0
C003102,2025-10,Near-prime,26,851,0
C003103,2025-10,Near-prime,37,1404,0
C003104,2025-10,Near-prime,61,292,0
C003105,2025-10,Near-prime,38,834,0
C003106,2025-10,Near-prime,29,629,0
C003107,2025-10,Near-prime,56,595,0
C003108,2025-10,Near-prime,51,433,0
C003109,2025-10,Near-prime,43,798,0
C003110,2025-10,Near-prime,51,1778,0
C003111,2025-10,Near-prime,44,1628,0
C003112,2025-10,Near-prime,78,1055,0
C003113,2025-10,Near-prime,80,1791,0
C003114,2025-10,Near-prime,64,949,0
C003115,2025-10,Near-prime,37,803,0
C003116,2025-10,Near-prime,73,755,0
C003117,2025-10,Near-prime,21,949,0
C003118,2025-10,Near-prime,16,556,0
C003119,2025-10,Near-prime,48,1008,0
C003120,2025-10,Near-prime,60,1727,0
C003121,2025-10,Near-prime,55,1557,0
C003122,2025-10,Near-prime,49,987,1
C003123,2025-10,Near-prime,42,613,0
C003124,2025-10,Near-prime,36,939,0
C003125,2025-10,Near-prime,53,514,0
C003126,2025-10,Near-prime,52,313,0
C003127,2025-10,Near-prime,27,344,0
C003128,2025-10,Near-prime,65,2164,0
C003129,2025-10,Near-prime,37,1168,0
C003130,2025-10,Near-prime,63,996,0
C003131,2025-10,Near-prime,40,445,0
C003132,2025-10,Near-prime,60,602,0
C003133,2025-10,Near-prime,100,1175,0
C003134,2025-10,Near-prime,48,966,0
C003135,2025-10,Near-prime,49,1068,0
C003136,2025-10,Near-prime,47,727,0
C003137,2025-10,Near-prime,49,972,0
C003138,2025-10,Near-prime,35,562,0
C003139,2025-10,Near-prime,30,612,0
C003140,2025-10,Near-prime,35,1198,0
C003141,2025-10,Near-prime,48,669,0
C003142,2025-10,Near-prime,63,1072,0
C003143,2025-10,Near-prime,61,547,0
C003144,2025-10,Near-prime,39,583,0
C003145,2025-10,Near-prime,42,1052,0
C003146,2025-10,Near-prime,61,893,0
C003147,2025-10,Near-prime,48,2301,0
C003148,2025-10,Near-prime,19,928,0
C003149,2025-10,Near-prime,53,2087,0
C003150,2025-10,Near-prime,30,1159,0
C003151,2025-10,Near-prime,55,909,0
C003152,2025-10,Near-prime,65,735,0
C003153,2025-10,Near-prime,63,1376,0
C003154,2025-10,Near-prime,54,159,0
C003155,2025-10,Near-prime,60,776,0
C003156,2025-10,Near-prime,62,777,0
C003157,2025-10,Near-prime,38,878,0
C003158,2025-10,Near-prime,45,1070,0
C003159,2025-10,Near-prime,16,946,0
C003160,2025-10,Near-prime,91,1383,0
C003161,2025-10,Near-prime,91,732,1
C003162,2025-10,Near-prime,37,1101,0
C003163,2025-10,Near-prime,69,1404,0
C003164,2025-10,Near-prime,53,0,0
C003165,2025-10,Near-prime,19,1512,0
C003166,2025-10,Near-prime,45,1419,0
C003167,2025-10,Near-prime,63,1101,0
C003168,2025-10,Near-prime,47,842,0
C003169,2025-10,Near-prime,85,1396,0
C003170,2025-10,Near-prime,41,1131,0
C003171,2025-10,Near-prime,47,820,0
C003172,2025-10,Near-prime,79,0,0
C003173,2025-10,Near-prime,18,859,0
C003174,2025-10,Near-prime,44,454,0
C003175,2025-10,Near-prime,41,1467,0
C003176,2025-10,Near-prime,99,919,0
C003177,2025-10,Near-prime,62,1027,0
C003178,2025-10,Near-prime,38,1175,0
C003179,2025-10,Near-prime,55,1120,0
C003180,2025-10,Near-prime,59,1077,0
C003181,2025-10,Near-prime,39,724,0
C003182,2025-10,Near-prime,78,1355,0
C003183,2025-10,Near-prime,34,949,0
C003184,2025-10,Near-prime,33,346,0
C003185,2025-10,Near-prime,62,838,0
C003186,2025-10,Near-prime,19,831,1
C003187,2025-10,Near-prime,74,1328,0
C003188,2025-10,Near-prime,29,506,0
C003189,2025-10,Near-prime,51,1523,0
C003190,2025-10,Near-prime,46,1060,0
C003191,2025-10,Near-prime,56,182,0
C003192,2025-10,Near-prime,48,292,0
C003193,2025-10,Near-prime,52,1423,0
C003194,2025-10,Near-prime,71,1584,0
C003195,2025-10,Near-prime,51,978,0
C003196,2025-10,Near-prime,63,1291,0
C003197,2025-10,Near-prime,35,1354,0
C003198,2025-10,Near-prime,61,401,0
C003199,2025-10,Near-prime,56,196,0
C003200,2025-10,Near-prime,28,564,0
C003201,2025-10,Near-prime,53,0,0
C003202,2025-10,Near-prime,44,1375,0
C003203,2025-10,Near-prime,56,1446,0
C003204,2025-10,Near-prime,9,131,0
C003205,2025-10,Near-prime,49,1547,0
C003206,2025-10,Near-prime,45,2177,0
C003207,2025-10,Near-prime,68,1435,0
C003208,2025-10,Near-prime,34,0,0
C003209,2025-10,Near-prime,33,455,0
C003210,2025-10,Near-prime,59,1384,0
C003211,2025-10,Near-prime,72,1116,0
C003212,2025-10,Near-prime,26,253,0
C003213,2025-10,Near-prime,69,1199,0
C003214,2025-10,Near-prime,56,460,0
C003215,2025-10,Near-prime,89,313,0
C003216,2025-10,Near-prime,85,773,0
C003217,2025-10,Near-prime,28,1666,0
C003218,2025-10,Near-prime,49,1697,0
C003219,2025-10,Near-prime,39,1808,0
C003220,2025-10,Near-prime,88,2150,0
C003221,2025-10,Near-prime,47,0,0
C003222,2025-10,Near-prime,64,1308,0
C003223,2025-10,Near-prime,33,1133,0
C003224,2025-10,Near-prime,29,0,0
C003225,2025-10,Near-prime,53,774,0
C003226,2025-10,Near-prime,46,967,0
C003227,2025-10,Near-prime,66,471,0
C003228,2025-10,Near-prime,86,1567,0
C003229,2025-10,Near-prime,26,709,0
C003230,2025-10,Near-prime,67,859,0
C003231,2025-10,Near-prime,30,995,0
C003232,2025-10,Near-prime,66,893,0
C003233,2025-10,Near-prime,18,945,0
C003234,2025-10,Near-prime,60,1168,0
C003235,2025-10,Near-prime,65,856,0
C003236,2025-10,Near-prime,74,595,0
C003237,2025-10,Near-prime,58,1196,0
C003238,2025-10,Near-prime,44,922,0
C003239,2025-10,Near-prime,76,1327,0
C003240,2025-10,Near-prime,51,1230,0
C003241,2025-10,Near-prime,72,830,0
C003242,2025-10,Near-prime,32,569,0
C003243,2025-10,Near-prime,49,1043,0
C003244,2025-10,Near-prime,84,1334,0
C003245,2025-10,Near-prime,46,1776,0
C003246,2025-10,Near-prime,77,525,0
C003247,2025-10,Near-prime,46,1410,0
C003248,2025-10,Near-prime,77,509,0
C003249,2025-10,Near-prime,18,1040,0
C003250,2025-10,Near-prime,21,1382,0
C003251,2025-10,Near-prime,76,454,0
C003252,2025-10,Near-prime,65,1140,0
C003253,2025-10,Near-prime,38,639,0
C003254,2025-10,Near-prime,78,1065,0
C003255,2025-10,Near-prime,38,798,0
C003256,2025-10,Near-prime,36,834,0
C003257,2025-10,Near-prime,30,2140,1
C003258,2025-10,Near-prime,32,1377,0
C003259,2025-10,Near-prime,56,1218,0
C003260,2025-10,Near-prime,27,1425,0
C003261,2025-10,Near-prime,55,1542,0
C003262,2025-10,Near-prime,31,630,0
C003263,2025-10,Near-prime,49,563,0
C003264,2025-10,Near-prime,30,1311,0
C003265,2025-10,Near-prime,53,1188,0
C003266,2025-10,Near-prime,67,695,0
C003267,2025-10,Near-prime,41,821,0
C003268,2025-10,Near-prime,81,1257,0
C003269,2025-10,Near-prime,55,706,0
C003270,2025-10,Near-prime,22,1161,0
C003271,2025-10,Near-prime,74,323,0
C003272,2025-10,Near-prime,51,1410,0
C003273,2025-10,Near-prime,78,631,0
C003274,2025-10,Near-prime,55,1270,0
C003275,2025-10,Near-prime,53,950,0
C003276,2025-10,Near-prime,57,0,0
C003277,2025-10,Near-prime,77,1304,0
C003278,2025-10,Near-prime,48,629,0
C003279,2025-10,Near-prime,40,1468,0
C003280,2025-10,Near-prime,76,713,0
C003281,2025-10,Near-prime,62,792,0
C003282,2025-10,Near-prime,60,572,0
C003283,2025-10,Near-prime,61,1259,0
C003284,2025-10,Near-prime,56,819,0
C003285,2025-10,Near-prime,45,998,0
C003286,2025-10,Near-prime,74,0,0
C003287,2025-10,Near-prime,48,1138,0
C003288,2025-10,Near-prime,54,637,0
C003289,2025-10,Near-prime,70,232,0
C003290,2025-10,Near-prime,88,926,0
C003291,2025-10,Near-prime,54,1481,0
C003292,2025-10,Near-prime,33,1485,0
C003293,2025-10,Near-prime,56,629,0
C003294,2025-10,Near-prime,70,987,0
C003295,2025-10,Near-prime,29,1614,0
C003296,2025-10,Near-prime,51,867,0
C003297,2025-10,Near-prime,36,950,0
C003298,2025-10,Near-prime,47,895,0
C003299,2025-10,Near-prime,57,1149,0
C003300,2025-10,Near-prime,44,0,0
C003301,2025-10,Near-prime,26,919,0
C003302,2025-10,Near-prime,27,1123,0
C003303,2025-10,Near-prime,44,1396,0
C003304,2025-10,Near-prime,27,351,0
C003305,2025-10,Near-prime,58,1007,0
C003306,2025-10,Near-prime,6,708,0
C003307,2025-10,Near-prime,29,1230,0
C003308,2025-10,Near-prime,48,1608,0
C003309,2025-10,Near-prime,49,1293,0
C003310,2025-10,Near-prime,25,516,0
C003311,2025-10,Near-prime,59,1933,0
C003312,2025-10,Near-prime,50,992,0
C003313,2025-10,Near-prime,26,726,1
C003314,2025-10,Near-prime,47,608,0
C003315,2025-10,Near-prime,59,1115,0
C003316,2025-10,Near-prime,45,1393,0
C003317,2025-10,Near-prime,47,575,0
C003318,2025-10,Near-prime,69,1039,0
C003319,2025-10,Near-prime,81,417,0
C003320,2025-10,Near-prime,52,1592,0
C003321,2025-10,Near-prime,35,0,0
C003322,2025-10,Near-prime,50,1779,0
C003323,2025-10,Near-prime,37,0,0
C003324,2025-10,Near-prime,56,739,0
C003325,2025-10,Near-prime,72,410,0
C003326,2025-10,Near-prime,63,848,0
C003327,2025-10,Near-prime,30,889,0
C003328,2025-10,Near-prime,13,871,0
C003329,2025-10,Near-prime,59,335,0
C003330,2025-10,Near-prime,11,1087,0
C003331,2025-10,Near-prime,78,62,0
C003332,2025-10,Near-prime,14,1089,0
C003333,2025-10,Near-prime,48,1200,0
C003334,2025-10,Near-prime,26,883,0
C003335,2025-10,Near-prime,53,1293,1
C003336,2025-10,Near-prime,37,184,0
C003337,2025-10,Near-prime,39,822,0
C003338,2025-10,Near-prime,40,692,0
C003339,2025-10,Near-prime,54,331,1
C003340,2025-10,Near-prime,71,610,0
C003341,2025-10,Near-prime,68,907,0
C003342,2025-10,Near-prime,12,1133,0
C003343,2025-10,Near-prime,49,367,0
C003344,2025-10,Near-prime,50,789,0
C003345,2025-10,Near-prime,36,1416,0
C003346,2025-10,Near-prime,23,1370,0
C003347,2025-10,Near-prime,69,1360,0
C003348,2025-10,Near-prime,59,1060,1
C003349,2025-10,Near-prime,67,708,0
C003350,2025-10,Near-prime,23,451,0
C003351,2025-10,Subprime,75,493,0
C003352,2025-10,Subprime,55,579,0
C003353,2025-10,Subprime,63,441,0
C003354,2025-10,Subprime,67,540,0
C003355,2025-10,Subprime,90,1068,0
C003356,2025-10,Subprime,100,129,0
C003357,2025-10,Subprime,65,0,0
C003358,2025-10,Subprime,72,912,1
C003359,2025-10,Subprime,46,743,0
C003360,2025-10,Subprime,64,0,0
C003361,2025-10,Subprime,92,708,0
C003362,2025-10,Subprime,68,920,0
C003363,2025-10,Subprime,47,436,0
C003364,2025-10,Subprime,47,404,0
C003365,2025-10,Subprime,59,574,1
C003366,2025-10,Subprime,71,775,0
C003367,2025-10,Subprime,99,611,0
C003368,2025-10,Subprime,63,646,0
C003369,2025-10,Subprime,87,5,1
C003370,2025-10,Subprime,86,876,0
C003371,2025-10,Subprime,67,0,0
C003372,2025-10,Subprime,34,1027,0
C003373,2025-10,Subprime,85,450,1
C003374,2025-10,Subprime,48,432,0
C003375,2025-10,Subprime,57,1178,0
C003376,2025-10,Subprime,63,1182,0
C003377,2025-10,Subprime,65,794,0
C003378,2025-10,Subprime,80,451,0
C003379,2025-10,Subprime,41,516,0
C003380,2025-10,Subprime,67,760,0
C003381,2025-10,Subprime,89,487,0
C003382,2025-10,Subprime,53,235,0
C003383,2025-10,Subprime,100,449,0
C003384,2025-10,Subprime,79,809,0
C003385,2025-10,Subprime,73,617,0
C003386,2025-10,Subprime,68,347,0
C003387,2025-10,Subprime,62,644,1
C003388,2025-10,Subprime,80,343,0
C003389,2025-10,Subprime,54,587,0
C003390,2025-10,Subprime,72,83,1
C003391,2025-10,Subprime,92,30,0
C003392,2025-10,Subprime,61,490,0
C003393,2025-10,Subprime,50,340,0
C003394,2025-10,Subprime,58,284,0
C003395,2025-10,Subprime,78,692,1
C003396,2025-10,Subprime,60,1035,0
C003397,2025-10,Subprime,53,963,0
C003398,2025-10,Subprime,95,920,0
C003399,2025-10,Subprime,68,180,0
C003400,2025-10,Subprime,42,258,0
C003401,2025-10,Subprime,96,777,0
C003402,2025-10,Subprime,72,286,0
C003403,2025-10,Subprime,36,816,0
C003404,2025-10,Subprime,67,865,0
C003405,2025-10,Subprime,47,642,0
C003406,2025-10,Subprime,68,485,0
C003407,2025-10,Subprime,85,471,0
C003408,2025-10,Subprime,68,429,0
C003409,2025-10,Subprime,50,741,0
C003410,2025-10,Subprime,72,846,1
C003411,2025-10,Subprime,73,362,0
C003412,2025-10,Subprime,79,576,0
C003413,2025-10,Subprime,65,684,0
C003414,2025-10,Subprime,65,756,1
C003415,2025-10,Subprime,76,215,0
C003416,2025-10,Subprime,86,660,0
C003417,2025-10,Subprime,72,1337,0
C003418,2025-10,Subprime,100,0,0
C003419,2025-10,Subprime,56,610,0
C003420,2025-10,Subprime,90,1310,0
C003421,2025-10,Subprime,63,1476,0
C003422,2025-10,Subprime,72,593,0
C003423,2025-10,Subprime,81,763,0
C003424,2025-10,Subprime,90,1054,1
C003425,2025-10,Subprime,66,136,0
C003426,2025-10,Subprime,62,841,1
C003427,2025-10,Subprime,63,959,0
C003428,2025-10,Subprime,48,282,0
C003429,2025-10,Subprime,52,233,0
C003430,2025-10,Subprime,52,1027,0
C003431,2025-10,Subprime,49,45,0
C003432,2025-10,Subprime,82,347,0
C003433,2025-10,Subprime,56,1326,0
C003434,2025-10,Subprime,69,83,1
C003435,2025-10,Subprime,67,153,0
C003436,2025-10,Subprime,84,348,0
C003437,2025-10,Subprime,100,131,0
C003438,2025-10,Subprime,63,594,0
C003439,2025-10,Subprime,56,218,0
C003440,2025-10,Subprime,65,638,0
C003441,2025-10,Subprime,84,517,0
C003442,2025-10,Subprime,61,141,0
C003443,2025-10,Subprime,68,602,0
C003444,2025-10,Subprime,38,368,0
C003445,2025-10,Subprime,86,302,0
C003446,2025-10,Subprime,78,814,0
C003447,2025-10,Subprime,83,213,1
C003448,2025-10,Subprime,68,702,0
C003449,2025-10,Subprime,47,293,0
C003450,2025-10,Subprime,87,787,0
C003451,2025-10,Subprime,73,584,0
C003452,2025-10,Subprime,89,0,0
C003453,2025-10,Subprime,67,573,0
C003454,2025-10,Subprime,67,801,0
C003455,2025-10,Subprime,55,444,0
C003456,2025-10,Subprime,69,791,0
C003457,2025-10,Subprime,71,237,0
C003458,2025-10,Subprime,62,412,1
C003459,2025-10,Subprime,64,699,0
C003460,2025-10,Subprime,46,896,0
C003461,2025-10,Subprime,67,533,1
C003462,2025-10,Subprime,77,177,0
C003463,2025-10,Subprime,72,885,0
C003464,2025-10,Subprime,68,199,0
C003465,2025-10,Subprime,54,618,1
C003466,2025-10,Subprime,85,1065,0
C003467,2025-10,Subprime,60,305,1
C003468,2025-10,Subprime,89,567,0
C003469,2025-10,Subprime,60,1165,0
C003470,2025-10,Subprime,59,488,0
C003471,2025-10,Subprime,50,715,0
C003472,2025-10,Subprime,45,214,0
C003473,2025-10,Subprime,63,46,0
C003474,2025-10,Subprime,44,765,0
C003475,2025-10,Subprime,68,1043,0
C003476,2025-10,Subprime,81,957,0
C003477,2025-10,Subprime,46,1128,0
C003478,2025-10,Subprime,70,331,0
C003479,2025-10,Subprime,89,559,0
C003480,2025-10,Subprime,50,765,0
C003481,2025-10,Subprime,76,754,0
C003482,2025-10,Subprime,96,519,0
C003483,2025-10,Subprime,88,1176,0
C003484,2025-10,Subprime,86,979,0
C003485,2025-10,Subprime,73,594,0
C003486,2025-10,Subprime,71,577,0
C003487,2025-10,Subprime,96,939,0
C003488,2025-10,Subprime,44,387,0
C003489,2025-10,Subprime,85,894,0
C003490,2025-10,Subprime,81,813,0
C003491,2025-10,Subprime,100,358,0
C003492,2025-10,Subprime,49,344,0
C003493,2025-10,Subprime,68,1320,0
C003494,2025-10,Subprime,100,970,0
C003495,2025-10,Subprime,64,718,0
C003496,2025-10,Subprime,82,89,0
C003497,2025-10,Subprime,93,597,0
C003498,2025-10,Subprime,67,752,0
C003499,2025-10,Subprime,97,127,0
C003500,2025-10,Subprime,71,265,0
C003501,2025-10,Subprime,94,603,0
C003502,2025-10,Subprime,73,0,0
C003503,2025-10,Subprime,78,849,0
C003504,2025-10,Subprime,100,300,0
C003505,2025-10,Subprime,74,497,0
C003506,2025-10,Subprime,53,820,1
C003507,2025-10,Subprime,92,471,0
C003508,2025-10,Subprime,72,0,0
C003509,2025-10,Subprime,78,841,1
C003510,2025-10,Subprime,94,915,0
C003511,2025-10,Subprime,100,565,1
C003512,2025-10,Subprime,51,1368,0
C003513,2025-10,Subprime,78,174,0
C003514,2025-10,Subprime,87,633,0
C003515,2025-10,Subprime,55,127,0
C003516,2025-10,Subprime,96,988,0
C003517,2025-10,Subprime,94,950,0
C003518,2025-10,Subprime,56,553,0
C003519,2025-10,Subprime,65,943,1
C003520,2025-10,Subprime,68,1002,0
C003521,2025-10,Subprime,53,670,0
C003522,2025-10,Subprime,87,955,1
C003523,2025-10,Subprime,66,114,0
C003524,2025-10,Subprime,76,456,0
C003525,2025-10,Subprime,79,608,1
C003526,2025-10,Subprime,80,430,0
C003527,2025-10,Subprime,55,282,0
C003528,2025-10,Subprime,74,307,0
C003529,2025-10,Subprime,69,690,0
C003530,2025-10,Subprime,77,829,0
C003531,2025-10,Subprime,61,882,0
C003532,2025-10,Subprime,65,282,0
C003533,2025-10,Subprime,40,765,1
C003534,2025-10,Subprime,75,177,0
C003535,2025-10,Subprime,68,554,0
C003536,2025-10,Subprime,62,201,0
C003537,2025-10,Subprime,49,0,1
C003538,2025-10,Subprime,53,1000,0
C003539,2025-10,Subprime,33,836,0
C003540,2025-10,Subprime,77,963,0
C003541,2025-10,Subprime,93,525,0
C003542,2025-10,Subprime,69,635,0
C003543,2025-10,Subprime,53,180,1
C003544,2025-10,Subprime,70,559,0
C003545,2025-10,Subprime,94,608,0
C003546,2025-10,Subprime,52,686,0
C003547,2025-10,Subprime,26,632,0
C003548,2025-10,Subprime,74,654,0
C003549,2025-10,Subprime,76,1159,0
C003550,2025-10,Subprime,63,406,0
C003551,2025-10,Subprime,80,871,0
C003552,2025-10,Subprime,56,818,0
C003553,2025-10,Subprime,63,1197,0
C003554,2025-10,Subprime,77,443,0
C003555,2025-10,Subprime,85,401,0
C003556,2025-10,Subprime,84,767,0
C003557,2025-10,Subprime,83,243,0
C003558,2025-10,Subprime,87,871,0
C003559,2025-10,Subprime,66,929,0
C003560,2025-10,Subprime,100,464,0
C003561,2025-10,Subprime,48,1247,0
C003562,2025-10,Subprime,56,804,0
C003563,2025-10,Subprime,79,397,0
C003564,2025-10,Subprime,83,218,1
C003565,2025-10,Subprime,40,720,0
C003566,2025-10,Subprime,80,646,0
C003567,2025-10,Subprime,85,1039,0
C003568,2025-10,Subprime,99,816,1
C003569,2025-10,Subprime,84,628,0
C003570,2025-10,Subprime,42,1233,0
C003571,2025-10,Subprime,94,916,1
C003572,2025-10,Subprime,100,529,0
C003573,2025-10,Subprime,51,764,0
C003574,2025-10,Subprime,70,825,0
C003575,2025-10,Subprime,69,554,0
C003576,2025-10,Subprime,78,662,0
C003577,2025-10,Subprime,64,0,0
C003578,2025-10,Subprime,76,646,0
C003579,2025-10,Subprime,73,313,1
C003580,2025-10,Subprime,58,631,0
C003581,2025-10,Subprime,60,978,0
C003582,2025-10,Subprime,54,575,0
C003583,2025-10,Subprime,93,1024,0
C003584,2025-10,Subprime,100,431,0
C003585,2025-10,Subprime,83,409,0
C003586,2025-10,Subprime,77,23,0
C003587,2025-10,Subprime,63,772,0
C003588,2025-10,Subprime,35,691,0
C003589,2025-10,Subprime,79,289,0
C003590,2025-10,Subprime,52,779,0
C003591,2025-10,Subprime,37,1062,0
C003592,2025-10,Subprime,61,356,0
C003593,2025-10,Subprime,76,279,1
C003594,2025-10,Subprime,100,492,0
C003595,2025-10,Subprime,100,374,0
C003596,2025-10,Subprime,83,893,0
C003597,2025-10,Subprime,67,759,0
C003598,2025-10,Subprime,45,1347,0
C003599,2025-10,Subprime,72,896,0
C003600,2025-10,Subprime,87,502,0
C003601,2025-10,Subprime,87,903,0
C003602,2025-10,Subprime,93,934,1
C003603,2025-10,Subprime,56,558,0
C003604,2025-10,Subprime,90,923,0
C003605,2025-10,Subprime,100,457,0
C003606,2025-10,Subprime,62,505,0
C003607,2025-10,Subprime,62,360,0
C003608,2025-10,Subprime,78,260,0
C003609,2025-10,Subprime,99,505,1
C003610,2025-10,Subprime,53,74,0
C003611,2025-10,Subprime,58,500,0
C003612,2025-10,Subprime,76,746,1
C003613,2025-10,Subprime,84,543,1
C003614,2025-10,Subprime,77,0,0
C003615,2025-10,Subprime,96,635,0
C003616,2025-10,Subprime,92,1180,0
C003617,2025-10,Subprime,74,536,0
C003618,2025-10,Subprime,60,308,0
C003619,2025-10,Subprime,100,796,0
C003620,2025-10,Subprime,47,93,1
C003621,2025-10,Subprime,80,461,0
C003622,2025-10,Subprime,28,462,1
C003623,2025-10,Subprime,79,333,0
C003624,2025-10,Subprime,87,711,0
C003625,2025-10,Subprime,74,655,0
C003626,2025-10,Subprime,82,705,0
C003627,2025-10,Subprime,84,359,1
C003628,2025-10,Subprime,79,382,0
C003629,2025-10,Subprime,81,291,0
C003630,2025-10,Subprime,68,484,0
C003631,2025-10,Subprime,66,613,0
C003632,2025-10,Subprime,83,734,0
C003633,2025-10,Subprime,52,375,0
C003634,2025-10,Subprime,84,600,0
C003635,2025-10,Subprime,55,690,0
C003636,2025-10,Subprime,65,407,0
C003637,2025-10,Subprime,83,312,0
C003638,2025-10,Subprime,82,401,0
C003639,2025-10,Subprime,66,588,0
C003640,2025-10,Subprime,49,896,0
C003641,2025-10,Subprime,98,273,0
C003642,2025-10,Subprime,66,103,0
C003643,2025-10,Subprime,52,519,0
C003644,2025-10,Subprime,100,357,0
C003645,2025-10,Subprime,55,896,0
C003646,2025-10,Subprime,87,340,0
C003647,2025-10,Subprime,52,823,0
C003648,2025-10,Subprime,83,667,1
C003649,2025-10,Subprime,97,722,0
C003650,2025-10,Subprime,57,59,0
C003651,2025-10,Subprime,51,1103,0
C003652,2025-10,Subprime,58,36,0
C003653,2025-10,Subprime,50,567,0
C003654,2025-10,Subprime,75,790,0
C003655,2025-10,Subprime,62,923,0
C003656,2025-10,Subprime,73,861,0
C003657,2025-10,Subprime,86,281,0
C003658,2025-10,Subprime,72,500,0
C003659,2025-10,Subprime,75,171,1
C003660,2025-10,Subprime,100,1145,0
C003661,2025-11,Prime,27,1923,0
C003662,2025-11,Prime,2,1905,0
C003663,2025-11,Prime,34,1786,0
C003664,2025-11,Prime,32,1501,0
C003665,2025-11,Prime,25,2026,0
C003666,2025-11,Prime,33,1954,0
C003667,2025-11,Prime,53,1787,1
C003668,2025-11,Prime,21,3206,0
C003669,2025-11,Prime,24,1470,0
C003670,2025-11,Prime,3,1592,0
C003671,2025-11,Prime,9,1097,0
C003672,2025-11,Prime,19,635,0
C003673,2025-11,Prime,35,1804,0
C003674,2025-11,Prime,18,2893,0
C003675,2025-11,Prime,28,921,0
C003676,2025-11,Prime,1,1572,0
C003677,2025-11,Prime,18,947,0
C003678,2025-11,Prime,16,984,0
C003679,2025-11,Prime,45,1449,0
C003680,2025-11,Prime,14,1741,0
C003681,2025-11,Prime,44,1084,0
C003682,2025-11,Prime,55,3312,0
C003683,2025-11,Prime,57,2010,0
C003684,2025-11,Prime,42,1282,0
C003685,2025-11,Prime,34,1078,0
C003686,2025-11,Prime,66,0,0
C003687,2025-11,Prime,7,0,0
C003688,2025-11,Prime,8,1163,0
C003689,2025-11,Prime,28,1633,0
C003690,2025-11,Prime,5,971,0
C003691,2025-11,Prime,41,1692,0
C003692,2025-11,Prime,46,1439,0
C003693,2025-11,Prime,66,1153,0
C003694,2025-11,Prime,57,2311,0
C003695,2025-11,Prime,13,1844,0
C003696,2025-11,Prime,67,1764,0
C003697,2025-11,Prime,35,987,0
C003698,2025-11,Prime,7,1091,0
C003699,2025-11,Prime,25,2086,0
C003700,2025-11,Prime,37,736,0
C003701,2025-11,Prime,23,2047,0
C003702,2025-11,Prime,28,201,0
C003703,2025-11,Prime,19,1679,0
C003704,2025-11,Prime,28,1692,0
C003705,2025-11,Prime,38,816,0
C003706,2025-11,Prime,41,749,0
C003707,2025-11,Prime,12,2042,0
C003708,2025-11,Prime,12,882,0
C003709,2025-11,Prime,27,1904,0
C003710,2025-11,Prime,8,1099,0
C003711,2025-11,Prime,1,1477,0
C003712,2025-11,Prime,42,2642,0
C003713,2025-11,Prime,45,1849,0
C003714,2025-11,Prime,1,1871,0
C003715,2025-11,Prime,46,1490,0
C003716,2025-11,Prime,12,2367,0
C003717,2025-11,Prime,25,1572,0
C003718,2025-11,Prime,9,1392,0
C003719,2025-11,Prime,41,1906,0
C003720,2025-11,Prime,56,2028,0
C003721,2025-11,Prime,4,1922,0
C003722,2025-11,Prime,20,550,0
C003723,2025-11,Prime,54,939,0
C003724,2025-11,Prime,1,1336,0
C003725,2025-11,Prime,67,759,0
C003726,2025-11,Prime,19,1233,0
C003727,2025-11,Prime,8,1511,0
C003728,2025-11,Prime,30,2639,0
C003729,2025-11,Prime,29,1065,0
C003730,2025-11,Prime,1,593,0
C003731,2025-11,Prime,34,2090,0
C003732,2025-11,Prime,17,1611,0
C003733,2025-11,Prime,45,1766,0
C003734,2025-11,Prime,28,1287,0
C003735,2025-11,Prime,52,1664,0
C003736,2025-11,Prime,10,2084,0
C003737,2025-11,Prime,12,991,0
C003738,2025-11,Prime,22,1843,0
C003739,2025-11,Prime,16,2181,0
C003740,2025-11,Prime,31,232,0
C003741,2025-11,Prime,31,2220,0
C003742,2025-11,Prime,31,1082,0
C003743,2025-11,Prime,39,2463,0
C003744,2025-11,Prime,25,1021,0
C003745,2025-11,Prime,49,2868,0
C003746,2025-11,Prime,37,1452,0
C003747,2025-11,Prime,42,484,0
C003748,2025-11,Prime,19,0,0
C003749,2025-11,Prime,28,1317,0
C003750,2025-11,Prime,19,1014,0
C003751,2025-11,Prime,32,3044,0
C003752,2025-11,Prime,44,1962,0
C003753,2025-11,Prime,32,2158,0
C003754,2025-11,Prime,29,947,0
C003755,2025-11,Prime,25,1836,0
C003756,2025-11,Prime,32,1657,0
C003757,2025-11,Prime,20,2775,0
C003758,2025-11,Prime,31,1033,0
C003759,2025-11,Prime,27,976,0
C003760,2025-11,Prime,53,2402,0
C003761,2025-11,Prime,26,1486,0
C003762,2025-11,Prime,36,785,0
C003763,2025-11,Prime,34,2285,0
C003764,2025-11,Prime,44,340,0
C003765,2025-11,Prime,44,1133,0
C003766,2025-11,Prime,31,1839,0
C003767,2025-11,Prime,58,1269,0
C003768,2025-11,Prime,44,1895,0
C003769,2025-11,Prime,28,939,0
C003770,2025-11,Prime,28,1938,0
C003771,2025-11,Prime,30,1810,0
C003772,2025-11,Prime,26,1630,0
C003773,2025-11,Prime,13,2085,0
C003774,2025-11,Prime,22,918,0
C003775,2025-11,Prime,23,1764,0
C003776,2025-11,Prime,12,1324,0
C003777,2025-11,Prime,19,1168,0
C003778,2025-11,Prime,28,1177,0
C003779,2025-11,Prime,4,0,0
C003780,2025-11,Prime,1,2177,0
C003781,2025-11,Prime,19,792,0
C003782,2025-11,Prime,41,1692,0
C003783,2025-11,Prime,56,3025,0
C003784,2025-11,Prime,1,1508,0
C003785,2025-11,Prime,19,1676,1
C003786,2025-11,Prime,39,1264,0
C003787,2025-11,Prime,37,326,0
C003788,2025-11,Prime,1,2826,0
C003789,2025-11,Prime,1,2074,0
C003790,2025-11,Prime,61,1645,0
C003791,2025-11,Prime,1,585,0
C003792,2025-11,Prime,37,2670,0
C003793,2025-11,Prime,24,692,0
C003794,2025-11,Prime,25,2198,0
C003795,2025-11,Prime,54,2475,0
C003796,2025-11,Prime,19,1115,0
C003797,2025-11,Prime,10,636,0
C003798,2025-11,Prime,37,875,0
C003799,2025-11,Prime,34,903,0
C003800,2025-11,Prime,24,904,0
C003801,2025-11,Prime,17,1839,0
C003802,2025-11,Prime,2,1583,0
C003803,2025-11,Prime,22,583,1
C003804,2025-11,Prime,22,1119,0
C003805,2025-11,Prime,1,734,0
C003806,2025-11,Prime,28,481,0
C003807,2025-11,Prime,42,1042,0
C003808,2025-11,Prime,39,1299,0
C003809,2025-11,Prime,26,992,0
C003810,2025-11,Prime,30,2272,0
C003811,2025-11,Prime,24,1048,0
C003812,2025-11,Prime,47,2319,0
C003813,2025-11,Prime,27,1283,0
C003814,2025-11,Prime,48,498,0
C003815,2025-11,Prime,43,453,0
C003816,2025-11,Prime,1,1900,0
C003817,2025-11,Prime,29,1566,0
C003818,2025-11,Prime,1,1436,0
C003819,2025-11,Prime,11,2225,0
C003820,2025-11,Prime,41,997,0
C003821,2025-11,Prime,19,1031,0
C003822,2025-11,Prime,17,954,0
C003823,2025-11,Prime,26,1772,0
C003824,2025-11,Prime,55,530,0
C003825,2025-11,Prime,54,984,0
C003826,2025-11,Prime,17,1056,0
C003827,2025-11,Prime,40,1534,0
C003828,2025-11,Prime,54,1494,0
C003829,2025-11,Prime,25,2376,0
C003830,2025-11,Prime,31,1889,0
C003831,2025-11,Prime,46,943,0
C003832,2025-11,Prime,35,1772,0
C003833,2025-11,Prime,40,1088,0
C003834,2025-11,Prime,38,1171,0
C003835,2025-11,Prime,11,306,0
C003836,2025-11,Prime,29,1157,0
C003837,2025-11,Prime,29,1976,0
C003838,2025-11,Prime,27,1219,0
C003839,2025-11,Prime,19,2198,0
C003840,2025-11,Prime,11,1706,0
C003841,2025-11,Prime,28,2349,0
C003842,2025-11,Prime,12,1283,0
C003843,2025-11,Prime,34,1875,0
C003844,2025-11,Prime,1,558,0
C003845,2025-11,Prime,22,746,0
C003846,2025-11,Prime,32,2122,0
C003847,2025-11,Prime,38,1103,0
C003848,2025-11,Prime,10,969,0
C003849,2025-11,Prime,19,2312,0
C003850,2025-11,Prime,25,1331,0
C003851,2025-11,Prime,20,2187,0
C003852,2025-11,Prime,32,1370,0
C003853,2025-11,Prime,32,2494,0
C003854,2025-11,Prime,34,1399,0
C003855,2025-11,Prime,42,608,0
C003856,2025-11,Prime,31,2022,0
C003857,2025-11,Prime,24,2133,0
C003858,2025-11,Prime,17,1480,0
C003859,2025-11,Prime,24,2814,0
C003860,2025-11,Prime,33,548,0
C003861,2025-11,Prime,26,1787,0
C003862,2025-11,Prime,26,2591,0
C003863,2025-11,Prime,59,1191,0
C003864,2025-11,Prime,1,625,0
C003865,2025-11,Prime,37,1501,0
C003866,2025-11,Prime,20,1955,0
C003867,2025-11,Prime,35,1161,0
C003868,2025-11,Prime,1,1851,0
C003869,2025-11,Prime,3,1753,0
C003870,2025-11,Prime,4,1296,0
C003871,2025-11,Prime,11,1281,0
C003872,2025-11,Prime,42,1659,0
C003873,2025-11,Prime,8,401,0
C003874,2025-11,Prime,1,63,0
C003875,2025-11,Prime,8,717,0
C003876,2025-11,Prime,10,1425,0
C003877,2025-11,Prime,19,2196,0
C003878,2025-11,Prime,14,1188,0
C003879,2025-11,Prime,43,2079,0
C003880,2025-11,Prime,16,2586,0
C003881,2025-11,Prime,55,1847,0
C003882,2025-11,Prime,34,847,0
C003883,2025-11,Prime,52,3028,0
C003884,2025-11,Prime,34,1545,0
C003885,2025-11,Prime,10,1054,0
C003886,2025-11,Prime,47,1142,0
C003887,2025-11,Prime,42,56,0
C003888,2025-11,Prime,28,2370,0
C003889,2025-11,Prime,72,1182,0
C003890,2025-11,Prime,1,2863,0
C003891,2025-11,Prime,35,1333,0
C003892,2025-11,Prime,29,0,0
C003893,2025-11,Prime,13,1889,0
C003894,2025-11,Prime,34,1000,0
C003895,2025-11,Prime,34,775,0
C003896,2025-11,Prime,7,949,0
C003897,2025-11,Prime,39,705,0
C003898,2025-11,Prime,25,1724,0
C003899,2025-11,Prime,33,1455,0
C003900,2025-11,Prime,68,1931,0
C003901,2025-11,Prime,2,1591,0
C003902,2025-11,Prime,36,1141,0
C003903,2025-11,Prime,53,2348,0
C003904,2025-11,Prime,26,590,0
C003905,2025-11,Prime,40,1501,0
C003906,2025-11,Prime,31,820,0
C003907,2025-11,Prime,5,549,0
C003908,2025-11,Prime,29,1035,0
C003909,2025-11,Prime,8,2028,0
C003910,2025-11,Prime,22,926,0
C003911,2025-11,Prime,34,1454,0
C003912,2025-11,Prime,33,1969,0
C003913,2025-11,Prime,26,1570,0
C003914,2025-11,Prime,11,2034,0
C003915,2025-11,Prime,56,1232,0
C003916,2025-11,Prime,25,908,0
C003917,2025-11,Prime,13,1762,0
C003918,2025-11,Prime,38,1894,0
C003919,2025-11,Prime,30,870,0
C003920,2025-11,Prime,24,767,0
C003921,2025-11,Prime,32,1901,0
C003922,2025-11,Prime,60,2342,0
C003923,2025-11,Prime,38,1491,0
C003924,2025-11,Prime,41,483,0
C003925,2025-11,Prime,33,1341,0
C003926,2025-11,Prime,45,3002,0
C003927,2025-11,Prime,32,2043,0
C003928,2025-11,Prime,26,1469,0
C003929,2025-11,Prime,8,1005,0
C003930,2025-11,Prime,36,645,0
C003931,2025-11,Prime,21,1312,0
C003932,2025-11,Prime,52,797,0
C003933,2025-11,Prime,39,1186,0
C003934,2025-11,Prime,29,2315,0
C003935,2025-11,Prime,31,59,0
C003936,2025-11,Prime,34,1862,0
C003937,2025-11,Prime,29,1002,0
C003938,2025-11,Prime,29,1561,0
C003939,2025-11,Prime,16,1433,0
C003940,2025-11,Prime,33,442,0
C003941,2025-11,Prime,11,755,0
C003942,2025-11,Prime,44,1978,0
C003943,2025-11,Prime,25,153,0
C003944,2025-11,Prime,29,2218,0
C003945,2025-11,Prime,34,888,0
C003946,2025-11,Prime,35,1977,0
C003947,2025-11,Prime,32,711,0
C003948,2025-11,Prime,9,1494,0
C003949,2025-11,Prime,15,1468,0
C003950,2025-11,Prime,30,1587,0
C003951,2025-11,Prime,30,1812,0
C003952,2025-11,Prime,13,1434,0
C003953,2025-11,Prime,9,2370,0
C003954,2025-11,Prime,26,885,0
C003955,2025-11,Prime,61,1811,0
C003956,2025-11,Prime,21,2029,0
C003957,2025-11,Prime,32,2700,0
C003958,2025-11,Prime,12,1464,0
C003959,2025-11,Prime,25,1376,0
C003960,2025-11,Prime,3,1203,0
C003961,2025-11,Prime,14,714,0
C003962,2025-11,Prime,27,1112,0
C003963,2025-11,Prime,28,1075,0
C003964,2025-11,Prime,16,325,0
C003965,2025-11,Prime,26,616,0
C003966,2025-11,Prime,33,1000,0
C003967,2025-11,Prime,47,713,0
C003968,2025-11,Prime,37,969,0
C003969,2025-11,Prime,57,415,0
C003970,2025-11,Prime,20,530,0
C003971,2025-11,Prime,34,874,0
C003972,2025-11,Prime,43,997,0
C003973,2025-11,Prime,43,1695,0
C003974,2025-11,Prime,14,1286,0
C003975,2025-11,Prime,3,0,0
C003976,2025-11,Prime,28,1701,0
C003977,2025-11,Prime,13,2716,0
C003978,2025-11,Prime,30,1559,0
C003979,2025-11,Prime,51,1315,0
C003980,2025-11,Prime,39,2134,0
C003981,2025-11,Prime,47,1256,0
C003982,2025-11,Prime,15,2018,0
C003983,2025-11,Prime,27,783,0
C003984,2025-11,Prime,24,2293,0
C003985,2025-11,Prime,38,2364,0
C003986,2025-11,Prime,13,1327,0
C003987,2025-11,Prime,45,2225,0
C003988,2025-11,Prime,11,837,0
C003989,2025-11,Prime,31,645,0
C003990,2025-11,Prime,65,2263,0
C003991,2025-11,Prime,49,1092,0
C003992,2025-11,Prime,33,1631,0
C003993,2025-11,Prime,25,1689,0
C003994,2025-11,Prime,26,1206,0
C003995,2025-11,Prime,47,1060,0
C003996,2025-11,Prime,22,2063,0
C003997,2025-11,Prime,20,0,0
C003998,2025-11,Prime,10,0,0
C003999,2025-11,Prime,14,1802,0
C004000,2025-11,Prime,2,2040,0
C004001,2025-11,Prime,31,1701,0
C004002,2025-11,Prime,3,1368,0
C004003,2025-11,Prime,1,678,0
C004004,2025-11,Prime,7,981,0
C004005,2025-11,Prime,49,2165,0
C004006,2025-11,Prime,34,1101,0
C004007,2025-11,Prime,55,1754,0
C004008,2025-11,Prime,1,1405,0
C004009,2025-11,Prime,62,1265,0
C004010,2025-11,Prime,19,2177,0
C004011,2025-11,Prime,33,707,0
C004012,2025-11,Prime,36,1298,0
C004013,2025-11,Prime,45,2234,0
C004014,2025-11,Prime,47,1187,0
C004015,2025-11,Prime,49,1758,0
C004016,2025-11,Prime,24,1484,0
C004017,2025-11,Prime,13,758,0
C004018,2025-11,Prime,37,2541,0
C004019,2025-11,Prime,47,551,0
C004020,2025-11,Prime,18,1149,0
C004021,2025-11,Prime,1,611,0
C004022,2025-11,Prime,8,505,0
C004023,2025-11,Prime,23,1958,0
C004024,2025-11,Prime,45,1313,0
C004025,2025-11,Prime,15,1706,0
C004026,2025-11,Prime,14,466,1
C004027,2025-11,Prime,17,1186,0
C004028,2025-11,Prime,14,1893,0
C004029,2025-11,Prime,20,1415,0
C004030,2025-11,Prime,39,1016,0
C004031,2025-11,Prime,43,1571,0
C004032,2025-11,Prime,13,953,0
C004033,2025-11,Prime,25,1710,0
C004034,2025-11,Prime,21,1012,0
C004035,2025-11,Prime,40,1407,0
C004036,2025-11,Prime,37,2886,0
C004037,2025-11,Prime,48,2978,0
C004038,2025-11,Prime,36,1130,0
C004039,2025-11,Prime,62,2581,0
C004040,2025-11,Prime,32,1788,0
C004041,2025-11,Prime,30,2256,0
C004042,2025-11,Prime,42,2308,0
C004043,2025-11,Prime,25,1090,0
C004044,2025-11,Prime,30,2215,0
C004045,2025-11,Prime,1,521,0
C004046,2025-11,Prime,15,1125,0
C004047,2025-11,Prime,1,1377,0
C004048,2025-11,Prime,22,1693,0
C004049,2025-11,Prime,8,1195,0
C004050,2025-11,Prime,8,1454,0
C004051,2025-11,Prime,29,497,0
C004052,2025-11,Prime,25,932,0
C004053,2025-11,Prime,40,1158,0
C004054,2025-11,Prime,20,274,0
C004055,2025-11,Prime,43,594,0
C004056,2025-11,Prime,1,1675,0
C004057,2025-11,Prime,60,505,0
C004058,2025-11,Prime,46,0,0
C004059,2025-11,Prime,16,1992,0
C004060,2025-11,Prime,62,1175,0
C004061,2025-11,Prime,32,1970,0
C004062,2025-11,Prime,38,1918,0
C004063,2025-11,Prime,14,394,0
C004064,2025-11,Prime,11,1534,0
C004065,2025-11,Prime,59,1125,0
C004066,2025-11,Prime,67,3534,0
C004067,2025-11,Prime,43,2189,0
C004068,2025-11,Prime,18,1204,0
C004069,2025-11,Prime,38,857,0
C004070,2025-11,Prime,3,1363,1
C004071,2025-11,Prime,1,1912,0
C004072,2025-11,Prime,22,193,0
C004073,2025-11,Prime,61,595,0
C004074,2025-11,Prime,35,1196,0
C004075,2025-11,Prime,22,1748,0
C004076,2025-11,Prime,23,1360,1
C004077,2025-11,Prime,9,0,0
C004078,2025-11,Prime,24,1346,0
C004079,2025-11,Prime,13,793,0
C004080,2025-11,Prime,58,1394,0
C004081,2025-11,Prime,39,2267,0
C004082,2025-11,Prime,57,1602,0
C004083,2025-11,Prime,28,1055,0
C004084,2025-11,Prime,14,3697,1
C004085,2025-11,Prime,37,874,0
C004086,2025-11,Prime,42,2578,0
C004087,2025-11,Prime,57,2035,0
C004088,2025-11,Prime,47,2336,0
C004089,2025-11,Prime,44,1722,0
C004090,2025-11,Prime,37,1313,0
C004091,2025-11,Prime,59,627,0
C004092,2025-11,Prime,11,2142,0
C004093,2025-11,Prime,37,1599,0
C004094,2025-11,Prime,32,2104,0
C004095,2025-11,Prime,60,1545,0
C004096,2025-11,Prime,31,1072,0
C004097,2025-11,Prime,37,1254,0
C004098,2025-11,Prime,37,1545,0
C004099,2025-11,Prime,79,1567,0
C004100,2025-11,Prime,15,1669,0
C004101,2025-11,Prime,39,1129,0
C004102,2025-11,Prime,1,1462,0
C004103,2025-11,Prime,71,1400,0
C004104,2025-11,Prime,65,2133,0
C004105,2025-11,Prime,21,2000,0
C004106,2025-11,Prime,76,451,0
C004107,2025-11,Prime,39,1726,1
C004108,2025-11,Prime,21,1429,0
C004109,2025-11,Prime,15,1763,0
C004110,2025-11,Prime,41,271,0
C004111,2025-11,Prime,40,2146,0
C004112,2025-11,Prime,1,1681,0
C004113,2025-11,Prime,45,2138,0
C004114,2025-11,Prime,9,0,0
C004115,2025-11,Prime,32,710,0
C004116,2025-11,Prime,19,2867,0
C004117,2025-11,Prime,24,1688,0
C004118,2025-11,Prime,40,1309,0
C004119,2025-11,Prime,43,1420,0
C004120,2025-11,Prime,4,0,0
C004121,2025-11,Prime,15,2225,0
C004122,2025-11,Prime,38,1298,0
C004123,2025-11,Prime,49,761,0
C004124,2025-11,Prime,64,1771,0
C004125,2025-11,Prime,36,721,0
C004126,2025-11,Prime,30,1456,0
C004127,2025-11,Prime,47,1744,0
C004128,2025-11,Prime,1,1709,0
C004129,2025-11,Prime,48,275,0
C004130,2025-11,Prime,10,1238,0
C004131,2025-11,Prime,8,2275,1
C004132,2025-11,Prime,28,669,0
C004133,2025-11,Prime,28,740,0
C004134,2025-11,Prime,53,2900,0
C004135,2025-11,Prime,48,1498,0
C004136,2025-11,Prime,44,467,0
C004137,2025-11,Prime,15,614,0
C004138,2025-11,Prime,25,0,0
C004139,2025-11,Prime,82,1242,0
C004140,2025-11,Prime,56,2793,0
C004141,2025-11,Near-prime,53,1840,0
C004142,2025-11,Near-prime,67,980,0
C004143,2025-11,Near-prime,39,1112,0
C004144,2025-11,Near-prime,72,412,0
C004145,2025-11,Near-prime,46,1197,0
C004146,2025-11,Near-prime,54,1174,0
C004147,2025-11,Near-prime,52,1477,1
C004148,2025-11,Near-prime,70,1271,0
C004149,2025-11,Near-prime,64,1602,1
C004150,2025-11,Near-prime,83,1001,0
C004151,2025-11,Near-prime,69,1277,0
C004152,2025-11,Near-prime,76,1328,0
C004153,2025-11,Near-prime,66,636,0
C004154,2025-11,Near-prime,68,486,0
C004155,2025-11,Near-prime,74,1571,1
C004156,2025-11,Near-prime,37,1100,0
C004157,2025-11,Near-prime,62,1156,0
C004158,2025-11,Near-prime,59,1087,0
C004159,2025-11,Near-prime,51,1499,0
C004160,2025-11,Near-prime,35,1146,0
C004161,2025-11,Near-prime,54,2533,0
C004162,2025-11,Near-prime,54,794,0
C004163,2025-11,Near-prime,23,560,0
C004164,2025-11,Near-prime,31,1671,0
C004165,2025-11,Near-prime,39,1539,0
C004166,2025-11,Near-prime,44,0,1
C004167,2025-11,Near-prime,37,1050,0
C004168,2025-11,Near-prime,68,544,0
C004169,2025-11,Near-prime,78,679,0
C004170,2025-11,Near-prime,32,674,0
C004171,2025-11,Near-prime,69,683,0
C004172,2025-11,Near-prime,64,1151,1
C004173,2025-11,Near-prime,29,245,0
C004174,2025-11,Near-prime,19,576,0
C004175,2025-11,Near-prime,74,886,0
C004176,2025-11,Near-prime,7,1277,0
C004177,2025-11,Near-prime,61,1023,0
C004178,2025-11,Near-prime,68,925,0
C004179,2025-11,Near-prime,20,562,0
C004180,2025-11,Near-prime,50,1338,1
C004181,2025-11,Near-prime,84,1510,0
C004182,2025-11,Near-prime,76,892,0
C004183,2025-11,Near-prime,43,1546,0
C004184,2025-11,Near-prime,49,1798,0
C004185,2025-11,Near-prime,47,0,0
C004186,2025-11,Near-prime,59,721,0
C004187,2025-11,Near-prime,38,1046,0
C004188,2025-11,Near-prime,41,866,0
C004189,2025-11,Near-prime,62,501,0
C004190,2025-11,Near-prime,47,1092,0
C004191,2025-11,Near-prime,62,1038,0
C004192,2025-11,Near-prime,40,1557,0
C004193,2025-11,Near-prime,49,1350,0
C004194,2025-11,Near-prime,44,28,0
C004195,2025-11,Near-prime,79,910,0
C004196,2025-11,Near-prime,65,1304,0
C004197,2025-11,Near-prime,65,1309,0
C004198,2025-11,Near-prime,50,700,0
C004199,2025-11,Near-prime,29,843,1
C004200,2025-11,Near-prime,92,1322,0
C004201,2025-11,Near-prime,52,489,0
C004202,2025-11,Near-prime,65,1340,0
C004203,2025-11,Near-prime,55,917,0
C004204,2025-11,Near-prime,39,270,0
C004205,2025-11,Near-prime,56,673,0
C004206,2025-11,Near-prime,53,796,0
C004207,2025-11,Near-prime,26,1228,0
C004208,2025-11,Near-prime,72,1322,0
C004209,2025-11,Near-prime,49,1432,0
C004210,2025-11,Near-prime,51,541,0
C004211,2025-11,Near-prime,18,927,0
C004212,2025-11,Near-prime,57,1241,0
C004213,2025-11,Near-prime,80,678,0
C004214,2025-11,Near-prime,90,1681,1
C004215,2025-11,Near-prime,57,1162,0
C004216,2025-11,Near-prime,59,253,0
C004217,2025-11,Near-prime,67,692,0
C004218,2025-11,Near-prime,9,351,0
C004219,2025-11,Near-prime,75,1088,0
C004220,2025-11,Near-prime,48,297,0
C004221,2025-11,Near-prime,77,512,0
C004222,2025-11,Near-prime,19,794,1
C004223,2025-11,Near-prime,75,1309,1
C004224,2025-11,Near-prime,26,1851,0
C004225,2025-11,Near-prime,28,651,0
C004226,2025-11,Near-prime,58,1436,0
C004227,2025-11,Near-prime,85,752,0
C004228,2025-11,Near-prime,49,385,0
C004229,2025-11,Near-prime,60,1873,0
C004230,2025-11,Near-prime,52,1121,0
C004231,2025-11,Near-prime,47,1138,0
C004232,2025-11,Near-prime,30,1403,0
C004233,2025-11,Near-prime,83,1284,0
C004234,2025-11,Near-prime,93,796,0
C004235,2025-11,Near-prime,37,782,0
C004236,2025-11,Near-prime,36,772,0
C004237,2025-11,Near-prime,62,772,0
C004238,2025-11,Near-prime,56,1269,0
C004239,2025-11,Near-prime,48,1327,0
C004240,2025-11,Near-prime,24,1021,0
C004241,2025-11,Near-prime,48,782,0
C004242,2025-11,Near-prime,69,1896,0
C004243,2025-11,Near-prime,33,268,0
C004244,2025-11,Near-prime,72,837,1
C004245,2025-11,Near-prime,41,1287,0
C004246,2025-11,Near-prime,62,835,0
C004247,2025-11,Near-prime,38,438,1
C004248,2025-11,Near-prime,61,290,0
C004249,2025-11,Near-prime,49,1009,0
C004250,2025-11,Near-prime,67,680,0
C004251,2025-11,Near-prime,64,1069,0
C004252,2025-11,Near-prime,59,1349,0
C004253,2025-11,Near-prime,66,998,0
C004254,2025-11,Near-prime,72,945,0
C004255,2025-11,Near-prime,34,1210,0
C004256,2025-11,Near-prime,56,832,0
C004257,2025-11,Near-prime,66,1266,0
C004258,2025-11,Near-prime,62,406,0
C004259,2025-11,Near-prime,64,1233,0
C004260,2025-11,Near-prime,66,829,0
C004261,2025-11,Near-prime,43,1254,0
C004262,2025-11,Near-prime,32,1344,0
C004263,2025-11,Near-prime,74,1894,0
C004264,2025-11,Near-prime,33,1469,0
C004265,2025-11,Near-prime,52,615,0
C004266,2025-11,Near-prime,43,467,0
C004267,2025-11,Near-prime,37,871,0
C004268,2025-11,Near-prime,32,513,0
C004269,2025-11,Near-prime,75,1130,0
C004270,2025-11,Near-prime,74,1277,0
C004271,2025-11,Near-prime,79,806,0
C004272,2025-11,Near-prime,28,218,0
C004273,2025-11,Near-prime,60,1055,0
C004274,2025-11,Near-prime,64,1428,0
C004275,2025-11,Near-prime,56,2010,0
C004276,2025-11,Near-prime,55,1232,0
C004277,2025-11,Near-prime,70,1926,0
C004278,2025-11,Near-prime,38,792,0
C004279,2025-11,Near-prime,51,289,0
C004280,2025-11,Near-prime,32,1284,0
C004281,2025-11,Near-prime,45,1244,1
C004282,2025-11,Near-prime,79,1704,0
C004283,2025-11,Near-prime,29,1578,0
C004284,2025-11,Near-prime,56,1209,0
C004285,2025-11,Near-prime,35,252,0
C004286,2025-11,Near-prime,56,1113,0
C004287,2025-11,Near-prime,45,796,0
C004288,2025-11,Near-prime,33,58,0
C004289,2025-11,Near-prime,42,1085,0
C004290,2025-11,Near-prime,65,843,0
C004291,2025-11,Near-prime,30,1235,0
C004292,2025-11,Near-prime,69,408,0
C004293,2025-11,Near-prime,51,1244,0
C004294,2025-11,Near-prime,37,1060,0
C004295,2025-11,Near-prime,74,1223,0
C004296,2025-11,Near-prime,68,1056,0
C004297,2025-11,Near-prime,24,1150,0
C004298,2025-11,Near-prime,34,813,0
C004299,2025-11,Near-prime,31,1429,0
C004300,2025-11,Near-prime,49,0,0
C004301,2025-11,Near-prime,38,577,0
C004302,2025-11,Near-prime,58,472,0
C004303,2025-11,Near-prime,39,556,0
C004304,2025-11,Near-prime,36,852,0
C004305,2025-11,Near-prime,49,412,1
C004306,2025-11,Near-prime,59,821,0
C004307,2025-11,Near-prime,46,2625,0
C004308,2025-11,Near-prime,34,1973,0
C004309,2025-11,Near-prime,39,1463,0
C004310,2025-11,Near-prime,66,663,0
C004311,2025-11,Near-prime,59,1566,0
C004312,2025-11,Near-prime,49,715,1
C004313,2025-11,Near-prime,32,584,0
C004314,2025-11,Near-prime,42,768,0
C004315,2025-11,Near-prime,64,566,0
C004316,2025-11,Near-prime,38,1121,0
C004317,2025-11,Near-prime,38,1238,0
C004318,2025-11,Near-prime,49,1070,0
C004319,2025-11,Near-prime,39,1223,0
C004320,2025-11,Near-prime,91,641,0
C004321,2025-11,Near-prime,60,380,0
C004322,2025-11,Near-prime,43,871,0
C004323,2025-11,Near-prime,61,906,0
C004324,2025-11,Near-prime,41,1248,0
C004325,2025-11,Near-prime,63,1598,0
C004326,2025-11,Near-prime,53,1042,0
C004327,2025-11,Near-prime,41,599,0
C004328,2025-11,Near-prime,23,523,0
C004329,2025-11,Near-prime,51,0,0
C004330,2025-11,Near-prime,35,1155,0
C004331,2025-11,Near-prime,42,731,0
C004332,2025-11,Near-prime,66,1070,0
C004333,2025-11,Near-prime,60,704,0
C004334,2025-11,Near-prime,59,316,0
C004335,2025-11,Near-prime,61,848,0
C004336,2025-11,Near-prime,47,1030,0
C004337,2025-11,Near-prime,59,1778,0
C004338,2025-11,Near-prime,54,1791,0
C004339,2025-11,Near-prime,34,1088,0
C004340,2025-11,Near-prime,23,410,0
C004341,2025-11,Near-prime,47,806,0
C004342,2025-11,Near-prime,18,560,0
C004343,2025-11,Near-prime,39,1392,0
C004344,2025-11,Near-prime,77,1473,0
C004345,2025-11,Near-prime,39,1686,0
C004346,2025-11,Near-prime,65,918,0
C004347,2025-11,Near-prime,10,1343,0
C004348,2025-11,Near-prime,29,458,0
C004349,2025-11,Near-prime,62,1202,0
C004350,2025-11,Near-prime,59,979,0
C004351,2025-11,Near-prime,96,145,0
C004352,2025-11,Near-prime,83,1056,0
C004353,2025-11,Near-prime,60,1230,0
C004354,2025-11,Near-prime,40,1108,0
C004355,2025-11,Near-prime,57,670,0
C004356,2025-11,Near-prime,67,603,0
C004357,2025-11,Near-prime,25,1464,0
C004358,2025-11,Near-prime,60,1197,0
C004359,2025-11,Near-prime,12,1256,0
C004360,2025-11,Near-prime,11,859,0
C004361,2025-11,Near-prime,46,2054,0
C004362,2025-11,Near-prime,32,1231,0
C004363,2025-11,Near-prime,74,1325,0
C004364,2025-11,Near-prime,60,932,0
C004365,2025-11,Near-prime,31,737,0
C004366,2025-11,Near-prime,74,805,0
C004367,2025-11,Near-prime,32,1073,0
C004368,2025-11,Near-prime,71,568,0
C004369,2025-11,Near-prime,49,1063,0
C004370,2025-11,Near-prime,54,790,0
C004371,2025-11,Near-prime,30,1869,0
C004372,2025-11,Near-prime,40,601,0
C004373,2025-11,Near-prime,23,1470,0
C004374,2025-11,Near-prime,49,398,0
C004375,2025-11,Near-prime,75,1147,0
C004376,2025-11,Near-prime,93,1559,0
C004377,2025-11,Near-prime,76,523,1
C004378,2025-11,Near-prime,59,539,0
C004379,2025-11,Near-prime,50,877,0
C004380,2025-11,Near-prime,8,961,0
C004381,2025-11,Near-prime,37,997,0
C004382,2025-11,Near-prime,71,1065,0
C004383,2025-11,Near-prime,62,745,0
C004384,2025-11,Near-prime,36,1320,0
C004385,2025-11,Near-prime,53,493,0
C004386,2025-11,Near-prime,82,326,0
C004387,2025-11,Near-prime,43,883,0
C004388,2025-11,Near-prime,66,1358,0
C004389,2025-11,Near-prime,27,1385,0
C004390,2025-11,Near-prime,48,1446,0
C004391,2025-11,Near-prime,52,1371,0
C004392,2025-11,Near-prime,27,1634,0
C004393,2025-11,Near-prime,56,1094,0
C004394,2025-11,Near-prime,28,221,0
C004395,2025-11,Near-prime,87,1026,0
C004396,2025-11,Near-prime,38,768,0
C004397,2025-11,Near-prime,64,935,0
C004398,2025-11,Near-prime,49,819,0
C004399,2025-11,Near-prime,40,1073,0
C004400,2025-11,Near-prime,52,2020,1
C004401,2025-11,Near-prime,74,1244,0
C004402,2025-11,Near-prime,19,1053,0
C004403,2025-11,Near-prime,19,1047,0
C004404,2025-11,Near-prime,51,1044,0
C004405,2025-11,Near-prime,58,1819,0
C004406,2025-11,Near-prime,57,1435,0
C004407,2025-11,Near-prime,45,2396,0
C004408,2025-11,Near-prime,41,1335,1
C004409,2025-11,Near-prime,54,840,0
C004410,2025-11,Near-prime,64,739,0
C004411,2025-11,Near-prime,62,782,0
C004412,2025-11,Near-prime,30,754,0
C004413,2025-11,Near-prime,41,1419,0
C004414,2025-11,Near-prime,86,1199,0
C004415,2025-11,Near-prime,52,159,0
C004416,2025-11,Near-prime,79,855,0
C004417,2025-11,Near-prime,19,462,0
C004418,2025-11,Near-prime,70,323,0
C004419,2025-11,Near-prime,69,563,0
C004420,2025-11,Near-prime,80,328,0
C004421,2025-11,Near-prime,59,620,0
C004422,2025-11,Near-prime,82,804,1
C004423,2025-11,Near-prime,68,922,0
C004424,2025-11,Near-prime,90,643,0
C004425,2025-11,Near-prime,79,1389,0
C004426,2025-11,Near-prime,72,1587,0
C004427,2025-11,Near-prime,79,668,0
C004428,2025-11,Near-prime,61,763,0
C004429,2025-11,Near-prime,53,2043,0
C004430,2025-11,Near-prime,71,785,0
C004431,2025-11,Near-prime,63,781,0
C004432,2025-11,Near-prime,59,854,0
C004433,2025-11,Near-prime,54,1451,0
C004434,2025-11,Near-prime,58,1081,0
C004435,2025-11,Near-prime,39,809,0
C004436,2025-11,Near-prime,45,673,0
C004437,2025-11,Near-prime,42,1086,0
C004438,2025-11,Near-prime,43,1095,0
C004439,2025-11,Near-prime,50,1312,0
C004440,2025-11,Near-prime,30,1594,0
C004441,2025-11,Near-prime,51,1049,0
C004442,2025-11,Near-prime,61,0,0
C004443,2025-11,Near-prime,62,1135,0
C004444,2025-11,Near-prime,52,1593,0
C004445,2025-11,Near-prime,44,918,0
C004446,2025-11,Near-prime,26,1087,0
C004447,2025-11,Near-prime,68,2156,0
C004448,2025-11,Near-prime,50,1804,0
C004449,2025-11,Near-prime,42,1741,0
C004450,2025-11,Near-prime,29,858,0
C004451,2025-11,Near-prime,50,1330,0
C004452,2025-11,Near-prime,49,1577,0
C004453,2025-11,Near-prime,63,1388,0
C004454,2025-11,Near-prime,68,603,0
C004455,2025-11,Near-prime,98,629,0
C004456,2025-11,Near-prime,58,1203,0
C004457,2025-11,Near-prime,84,1502,0
C004458,2025-11,Near-prime,32,530,0
C004459,2025-11,Near-prime,43,1263,0
C004460,2025-11,Near-prime,52,2061,0
C004461,2025-11,Near-prime,33,555,0
C004462,2025-11,Near-prime,36,481,0
C004463,2025-11,Near-prime,21,359,0
C004464,2025-11,Near-prime,35,614,0
C004465,2025-11,Near-prime,54,934,0
C004466,2025-11,Near-prime,38,895,0
C004467,2025-11,Near-prime,56,1054,0
C004468,2025-11,Near-prime,46,1462,0
C004469,2025-11,Near-prime,42,739,0
C004470,2025-11,Near-prime,81,1518,0
C004471,2025-11,Near-prime,54,970,0
C004472,2025-11,Near-prime,88,1555,0
C004473,2025-11,Near-prime,28,641,0
C004474,2025-11,Near-prime,68,1706,0
C004475,2025-11,Near-prime,34,1045,0
C004476,2025-11,Near-prime,9,867,0
C004477,2025-11,Near-prime,68,530,0
C004478,2025-11,Near-prime,56,1724,0
C004479,2025-11,Near-prime,74,1158,0
C004480,2025-11,Near-prime,43,1692,0
C004481,2025-11,Near-prime,61,824,0
C004482,2025-11,Near-prime,42,1465,0
C004483,2025-11,Near-prime,72,1407,1
C004484,2025-11,Near-prime,47,1361,0
C004485,2025-11,Near-prime,21,1980,0
C004486,2025-11,Near-prime,40,1225,0
C004487,2025-11,Near-prime,34,809,0
C004488,2025-11,Near-prime,47,228,0
C004489,2025-11,Near-prime,59,491,0
C004490,2025-11,Near-prime,70,1935,1
C004491,2025-11,Near-prime,43,1838,0
C004492,2025-11,Near-prime,50,1220,0
C004493,2025-11,Near-prime,35,663,0
C004494,2025-11,Near-prime,47,1558,0
C004495,2025-11,Near-prime,51,678,0
C004496,2025-11,Near-prime,51,682,0
C004497,2025-11,Near-prime,56,946,0
C004498,2025-11,Near-prime,9,1851,0
C004499,2025-11,Near-prime,43,632,0
C004500,2025-11,Near-prime,77,580,0
C004501,2025-11,Near-prime,45,1400,0
C004502,2025-11,Near-prime,43,0,0
C004503,2025-11,Near-prime,10,1057,0
C004504,2025-11,Near-prime,55,990,0
C004505,2025-11,Near-prime,63,1340,0
C004506,2025-11,Near-prime,58,616,0
C004507,2025-11,Near-prime,46,1181,0
C004508,2025-11,Near-prime,70,695,0
C004509,2025-11,Near-prime,66,902,0
C004510,2025-11,Near-prime,40,1090,0
C004511,2025-11,Near-prime,37,1492,0
C004512,2025-11,Near-prime,64,1860,0
C004513,2025-11,Near-prime,50,1783,0
C004514,2025-11,Near-prime,42,1300,0
C004515,2025-11,Near-prime,36,1247,0
C004516,2025-11,Near-prime,56,855,0
C004517,2025-11,Near-prime,67,332,0
C004518,2025-11,Near-prime,49,779,0
C004519,2025-11,Near-prime,69,601,0
C004520,2025-11,Near-prime,24,1534,0
C004521,2025-11,Near-prime,47,2054,1
C004522,2025-11,Near-prime,63,1481,0
C004523,2025-11,Near-prime,69,814,0
C004524,2025-11,Near-prime,74,1041,0
C004525,2025-11,Near-prime,5,711,0
C004526,2025-11,Near-prime,51,807,0
C004527,2025-11,Near-prime,36,1084,0
C004528,2025-11,Near-prime,94,862,0
C004529,2025-11,Near-prime,85,1101,0
C004530,2025-11,Near-prime,23,1724,0
C004531,2025-11,Near-prime,67,267,1
C004532,2025-11,Near-prime,55,1161,0
C004533,2025-11,Near-prime,62,1070,0
C004534,2025-11,Near-prime,46,2029,0
C004535,2025-11,Near-prime,52,78,0
C004536,2025-11,Near-prime,41,777,0
C004537,2025-11,Near-prime,59,427,1
C004538,2025-11,Near-prime,55,888,0
C004539,2025-11,Near-prime,54,1708,0
C004540,2025-11,Near-prime,60,800,0
C004541,2025-11,Near-prime,40,2032,0
C004542,2025-11,Near-prime,69,666,0
C004543,2025-11,Near-prime,65,1473,0
C004544,2025-11,Near-prime,47,1326,0
C004545,2025-11,Near-prime,14,771,0
C004546,2025-11,Near-prime,55,898,0
C004547,2025-11,Near-prime,77,40,0
C004548,2025-11,Near-prime,81,1034,0
C004549,2025-11,Near-prime,66,407,0
C004550,2025-11,Near-prime,31,303,0
C004551,2025-11,Near-prime,47,1612,0
C004552,2025-11,Near-prime,49,1989,0
C004553,2025-11,Near-prime,1,910,0
C004554,2025-11,Near-prime,40,141,0
C004555,2025-11,Near-prime,45,839,0
C004556,2025-11,Near-prime,59,1925,0
C004557,2025-11,Near-prime,56,816,0
C004558,2025-11,Near-prime,53,541,1
C004559,2025-11,Near-prime,21,535,0
C004560,2025-11,Near-prime,39,1561,0
C004561,2025-11,Near-prime,61,234,0
C004562,2025-11,Near-prime,34,769,0
C004563,2025-11,Near-prime,25,673,1
C004564,2025-11,Near-prime,54,783,0
C004565,2025-11,Near-prime,60,1767,0
C004566,2025-11,Near-prime,80,582,0
C004567,2025-11,Near-prime,34,772,0
C004568,2025-11,Near-prime,83,672,0
C004569,2025-11,Near-prime,95,242,0
C004570,2025-11,Near-prime,2,947,0
C004571,2025-11,Subprime,87,1092,1
C004572,2025-11,Subprime,69,525,0
C004573,2025-11,Subprime,83,846,0
C004574,2025-11,Subprime,80,481,0
C004575,2025-11,Subprime,58,330,0
C004576,2025-11,Subprime,50,1061,0
C004577,2025-11,Subprime,70,560,0
C004578,2025-11,Subprime,61,210,0
C004579,2025-11,Subprime,81,432,0
C004580,2025-11,Subprime,82,1067,0
C004581,2025-11,Subprime,67,499,1
C004582,2025-11,Subprime,75,706,0
C004583,2025-11,Subprime,86,554,0
C004584,2025-11,Subprime,99,1114,0
C004585,2025-11,Subprime,50,340,0
C004586,2025-11,Subprime,100,496,0
C004587,2025-11,Subprime,84,962,0
C004588,2025-11,Subprime,54,656,0
C004589,2025-11,Subprime,53,781,0
C004590,2025-11,Subprime,62,835,0
C004591,2025-11,Subprime,75,557,1
C004592,2025-11,Subprime,79,847,0
C004593,2025-11,Subprime,28,776,1
C004594,2025-11,Subprime,96,721,1
C004595,2025-11,Subprime,50,253,0
C004596,2025-11,Subprime,68,215,0
C004597,2025-11,Subprime,84,1177,0
C004598,2025-11,Subprime,50,719,0
C004599,2025-11,Subprime,72,712,1
C004600,2025-11,Subprime,49,954,0
C004601,2025-11,Subprime,96,902,0
C004602,2025-11,Subprime,82,783,0
C004603,2025-11,Subprime,69,440,0
C004604,2025-11,Subprime,65,522,0
C004605,2025-11,Subprime,64,346,0
C004606,2025-11,Subprime,50,753,1
C004607,2025-11,Subprime,73,80,0
C004608,2025-11,Subprime,78,54,0
C004609,2025-11,Subprime,59,416,1
C004610,2025-11,Subprime,66,53,0
C004611,2025-11,Subprime,91,467,0
C004612,2025-11,Subprime,78,919,1
C004613,2025-11,Subprime,64,638,0
C004614,2025-11,Subprime,58,439,0
C004615,2025-11,Subprime,58,464,0
C004616,2025-11,Subprime,74,1063,0
C004617,2025-11,Subprime,97,1119,0
C004618,2025-11,Subprime,75,935,0
C004619,2025-11,Subprime,74,170,0
C004620,2025-11,Subprime,73,568,0
C004621,2025-11,Subprime,61,71,0
C004622,2025-11,Subprime,85,433,0
C004623,2025-11,Subprime,80,1057,0
C004624,2025-11,Subprime,73,745,0
C004625,2025-11,Subprime,46,640,0
C004626,2025-11,Subprime,59,660,0
C004627,2025-11,Subprime,31,616,0
C004628,2025-11,Subprime,66,895,0
C004629,2025-11,Subprime,74,910,0
C004630,2025-11,Subprime,55,760,0
C004631,2025-11,Subprime,43,604,0
C004632,2025-11,Subprime,67,710,1
C004633,2025-11,Subprime,62,767,0
C004634,2025-11,Subprime,69,192,0
C004635,2025-11,Subprime,73,72,1
C004636,2025-11,Subprime,42,377,0
C004637,2025-11,Subprime,77,474,0
C004638,2025-11,Subprime,77,447,0
C004639,2025-11,Subprime,67,563,0
C004640,2025-11,Subprime,65,703,0
C004641,2025-11,Subprime,92,658,1
C004642,2025-11,Subprime,69,748,0
C004643,2025-11,Subprime,96,295,0
C004644,2025-11,Subprime,84,269,1
C004645,2025-11,Subprime,98,421,0
C004646,2025-11,Subprime,54,794,0
C004647,2025-11,Subprime,100,380,0
C004648,2025-11,Subprime,85,16,0
C004649,2025-11,Subprime,63,378,0
C004650,2025-11,Subprime,67,830,0
C004651,2025-11,Subprime,63,864,0
C004652,2025-11,Subprime,72,183,0
C004653,2025-11,Subprime,99,846,0
C004654,2025-11,Subprime,55,852,0
C004655,2025-11,Subprime,28,300,0
C004656,2025-11,Subprime,100,474,0
C004657,2025-11,Subprime,82,367,0
C004658,2025-11,Subprime,63,547,0
C004659,2025-11,Subprime,86,838,0
C004660,2025-11,Subprime,89,977,0
C004661,2025-11,Subprime,64,586,0
C004662,2025-11,Subprime,75,297,0
C004663,2025-11,Subprime,49,943,0
C004664,2025-11,Subprime,84,242,0
C004665,2025-11,Subprime,67,0,0
C004666,2025-11,Subprime,77,807,0
C004667,2025-11,Subprime,79,791,0
C004668,2025-11,Subprime,34,474,0
C004669,2025-11,Subprime,72,665,0
C004670,2025-11,Subprime,82,814,0
C004671,2025-11,Subprime,60,647,0
C004672,2025-11,Subprime,79,962,0
C004673,2025-11,Subprime,68,669,0
C004674,2025-11,Subprime,46,485,0
C004675,2025-11,Subprime,46,617,0
C004676,2025-11,Subprime,90,149,0
C004677,2025-11,Subprime,22,279,0
C004678,2025-11,Subprime,50,214,0
C004679,2025-11,Subprime,70,774,0
C004680,2025-11,Subprime,89,621,0
C004681,2025-11,Subprime,67,310,0
C004682,2025-11,Subprime,62,1182,0
C004683,2025-11,Subprime,59,58,0
C004684,2025-11,Subprime,87,324,0
C004685,2025-11,Subprime,86,717,0
C004686,2025-11,Subprime,71,780,0
C004687,2025-11,Subprime,100,619,0
C004688,2025-11,Subprime,83,554,1
C004689,2025-11,Subprime,54,1182,0
C004690,2025-11,Subprime,65,727,0
C004691,2025-11,Subprime,92,630,0
C004692,2025-11,Subprime,100,1146,0
C004693,2025-11,Subprime,73,511,0
C004694,2025-11,Subprime,58,612,0
C004695,2025-11,Subprime,95,743,0
C004696,2025-11,Subprime,61,132,0
C004697,2025-11,Subprime,69,637,1
C004698,2025-11,Subprime,75,949,0
C004699,2025-11,Subprime,83,559,0
C004700,2025-11,Subprime,40,755,0
C004701,2025-11,Subprime,79,726,0
C004702,2025-11,Subprime,82,688,0
C004703,2025-11,Subprime,97,739,1
C004704,2025-11,Subprime,59,577,0
C004705,2025-11,Subprime,100,677,0
C004706,2025-11,Subprime,47,1173,0
C004707,2025-11,Subprime,78,1005,0
C004708,2025-11,Subprime,53,1232,0
C004709,2025-11,Subprime,100,328,0
C004710,2025-11,Subprime,89,510,0
C004711,2025-11,Subprime,86,420,1
C004712,2025-11,Subprime,35,792,0
C004713,2025-11,Subprime,51,673,0
C004714,2025-11,Subprime,100,568,0
C004715,2025-11,Subprime,77,562,0
C004716,2025-11,Subprime,74,289,0
C004717,2025-11,Subprime,63,1039,0
C004718,2025-11,Subprime,62,403,0
C004719,2025-11,Subprime,63,621,0
C004720,2025-11,Subprime,62,1089,0
C004721,2025-11,Subprime,45,200,0
C004722,2025-11,Subprime,84,839,0
C004723,2025-11,Subprime,70,628,0
C004724,2025-11,Subprime,85,410,0
C004725,2025-11,Subprime,90,675,0
C004726,2025-11,Subprime,79,464,0
C004727,2025-11,Subprime,69,827,0
C004728,2025-11,Subprime,83,622,0
C004729,2025-11,Subprime,81,874,0
C004730,2025-11,Subprime,79,475,0
C004731,2025-11,Subprime,67,502,0
C004732,2025-11,Subprime,78,1024,0
C004733,2025-11,Subprime,76,445,0
C004734,2025-11,Subprime,100,1207,0
C004735,2025-11,Subprime,60,781,0
C004736,2025-11,Subprime,82,1215,0
C004737,2025-11,Subprime,65,29,0
C004738,2025-11,Subprime,53,733,0
C004739,2025-11,Subprime,87,519,0
C004740,2025-11,Subprime,100,870,0
C004741,2025-11,Subprime,84,659,0
C004742,2025-11,Subprime,87,669,0
C004743,2025-11,Subprime,46,638,0
C004744,2025-11,Subprime,35,618,0
C004745,2025-11,Subprime,98,622,0
C004746,2025-11,Subprime,95,475,0
C004747,2025-11,Subprime,50,893,0
C004748,2025-11,Subprime,48,397,0
C004749,2025-11,Subprime,71,736,0
C004750,2025-11,Subprime,86,728,0
C004751,2025-11,Subprime,77,649,0
C004752,2025-11,Subprime,69,36,0
C004753,2025-11,Subprime,95,585,0
C004754,2025-11,Subprime,94,433,0
C004755,2025-11,Subprime,73,753,1
C004756,2025-11,Subprime,92,1080,0
C004757,2025-11,Subprime,84,959,0
C004758,2025-11,Subprime,82,328,1
C004759,2025-11,Subprime,64,966,0
C004760,2025-11,Subprime,85,352,0
C004761,2025-11,Subprime,73,207,0
C004762,2025-11,Subprime,46,476,0
C004763,2025-11,Subprime,71,300,0
C004764,2025-11,Subprime,95,253,0
C004765,2025-11,Subprime,51,284,0
C004766,2025-11,Subprime,100,367,0
C004767,2025-11,Subprime,100,373,1
C004768,2025-11,Subprime,100,917,0
C004769,2025-11,Subprime,59,680,0
C004770,2025-11,Subprime,67,995,0
C004771,2025-11,Subprime,68,713,0
C004772,2025-11,Subprime,27,735,0
C004773,2025-11,Subprime,96,188,0
C004774,2025-11,Subprime,100,0,0
C004775,2025-11,Subprime,59,0,0
C004776,2025-11,Subprime,76,252,0
C004777,2025-11,Subprime,59,1279,0
C004778,2025-11,Subprime,95,736,0
C004779,2025-11,Subprime,58,1169,1
C004780,2025-11,Subprime,87,372,0
C004781,2025-11,Subprime,80,780,0
C004782,2025-11,Subprime,35,429,0
C004783,2025-11,Subprime,75,1081,0
C004784,2025-11,Subprime,58,478,0
C004785,2025-11,Subprime,59,916,0
C004786,2025-11,Subprime,75,437,0
C004787,2025-11,Subprime,91,616,0
C004788,2025-11,Subprime,51,1059,0
C004789,2025-11,Subprime,74,450,0
C004790,2025-11,Subprime,95,0,0
C004791,2025-11,Subprime,64,688,0
C004792,2025-11,Subprime,87,833,0
C004793,2025-11,Subprime,59,672,0
C004794,2025-11,Subprime,54,927,0
C004795,2025-11,Subprime,79,817,0
C004796,2025-11,Subprime,66,394,0
C004797,2025-11,Subprime,84,178,0
C004798,2025-11,Subprime,45,1010,0
C004799,2025-11,Subprime,62,452,0
C004800,2025-11,Subprime,74,560,0
C004801,2025-11,Subprime,74,825,0
C004802,2025-11,Subprime,81,451,0
C004803,2025-11,Subprime,84,1032,1
C004804,2025-11,Subprime,85,328,0
C004805,2025-11,Subprime,62,1202,0
C004806,2025-11,Subprime,90,743,0
C004807,2025-11,Subprime,62,274,0
C004808,2025-11,Subprime,92,779,0
C004809,2025-11,Subprime,40,948,0
C004810,2025-11,Subprime,58,968,0
C004811,2025-11,Subprime,71,437,0
C004812,2025-11,Subprime,77,766,0
C004813,2025-11,Subprime,100,354,0
C004814,2025-11,Subprime,82,371,1
C004815,2025-11,Subprime,74,754,0
C004816,2025-11,Subprime,76,933,0
C004817,2025-11,Subprime,59,545,0
C004818,2025-11,Subprime,99,525,0
C004819,2025-11,Subprime,56,559,1
C004820,2025-11,Subprime,59,671,0
C004821,2025-11,Subprime,51,825,0
C004822,2025-11,Subprime,71,825,0
C004823,2025-11,Subprime,50,92,0
C004824,2025-11,Subprime,57,859,0
C004825,2025-11,Subprime,67,598,0
C004826,2025-11,Subprime,75,737,0
C004827,2025-11,Subprime,75,731,0
C004828,2025-11,Subprime,100,439,0
C004829,2025-11,Subprime,44,206,0
C004830,2025-11,Subprime,77,0,0
C004831,2025-11,Subprime,62,284,0
C004832,2025-11,Subprime,68,735,0
C004833,2025-11,Subprime,35,310,0
C004834,2025-11,Subprime,69,739,0
C004835,2025-11,Subprime,93,841,0
C004836,2025-11,Subprime,63,0,1
C004837,2025-11,Subprime,97,1363,0
C004838,2025-11,Subprime,68,801,0
C004839,2025-11,Subprime,93,654,1
C004840,2025-11,Subprime,80,770,0
C004841,2025-11,Subprime,63,254,0
C004842,2025-11,Subprime,93,660,1
C004843,2025-11,Subprime,85,825,1
C004844,2025-11,Subprime,80,301,0
C004845,2025-11,Subprime,94,375,0
C004846,2025-11,Subprime,46,605,0
C004847,2025-11,Subprime,46,1017,0
C004848,2025-11,Subprime,75,521,1
C004849,2025-11,Subprime,22,1044,1
C004850,2025-11,Subprime,56,995,0
C004851,2025-11,Subprime,64,548,0
C004852,2025-11,Subprime,47,691,0
C004853,2025-11,Subprime,49,452,0
C004854,2025-11,Subprime,67,685,0
C004855,2025-11,Subprime,75,207,0
C004856,2025-11,Subprime,64,597,1
C004857,2025-11,Subprime,67,410,0
C004858,2025-11,Subprime,58,4,0
C004859,2025-11,Subprime,52,865,0
C004860,2025-11,Subprime,70,346,0
C004861,2025-11,Subprime,63,269,0
C004862,2025-11,Subprime,74,1099,0
C004863,2025-11,Subprime,76,1205,1
C004864,2025-11,Subprime,47,183,0
C004865,2025-11,Subprime,77,1109,0
C004866,2025-11,Subprime,40,994,0
C004867,2025-11,Subprime,96,915,0
C004868,2025-11,Subprime,61,529,0
C004869,2025-11,Subprime,30,0,1
C004870,2025-11,Subprime,89,771,0
C004871,2025-11,Subprime,64,439,0
C004872,2025-11,Subprime,76,753,0
C004873,2025-11,Subprime,48,708,0
C004874,2025-11,Subprime,68,557,0
C004875,2025-11,Subprime,67,397,0
C004876,2025-11,Subprime,97,850,1
C004877,2025-11,Subprime,46,0,0
C004878,2025-11,Subprime,36,0,0
C004879,2025-11,Subprime,75,681,0
C004880,2025-11,Subprime,76,745,0
C004881,2025-12,Prime,42,968,0
C004882,2025-12,Prime,25,931,0
C004883,2025-12,Prime,44,0,0
C004884,2025-12,Prime,14,2502,0
C004885,2025-12,Prime,24,2732,0
C004886,2025-12,Prime,35,2376,0
C004887,2025-12,Prime,1,884,0
C004888,2025-12,Prime,5,1320,0
C004889,2025-12,Prime,29,1192,0
C004890,2025-12,Prime,21,904,0
C004891,2025-12,Prime,31,1813,0
C004892,2025-12,Prime,36,1234,0
C004893,2025-12,Prime,25,2816,0
C004894,2025-12,Prime,47,1021,0
C004895,2025-12,Prime,2,938,0
C004896,2025-12,Prime,45,3014,0
C004897,2025-12,Prime,1,1886,0
C004898,2025-12,Prime,27,3108,0
C004899,2025-12,Prime,27,1816,0
C004900,2025-12,Prime,18,594,0
C004901,2025-12,Prime,27,1972,0
C004902,2025-12,Prime,3,2486,0
C004903,2025-12,Prime,5,2132,0
C004904,2025-12,Prime,20,1291,0
C004905,2025-12,Prime,34,2345,0
C004906,2025-12,Prime,24,900,0
C004907,2025-12,Prime,9,2567,0
C004908,2025-12,Prime,1,1098,0
C004909,2025-12,Prime,1,2893,0
C004910,2025-12,Prime,55,1759,0
C004911,2025-12,Prime,21,826,0
C004912,2025-12,Prime,17,1905,0
C004913,2025-12,Prime,1,1833,0
C004914,2025-12,Prime,9,1972,0
C004915,2025-12,Prime,43,1430,0
C004916,2025-12,Prime,28,0,0
C004917,2025-12,Prime,17,1489,0
C004918,2025-12,Prime,1,2392,0
C004919,2025-12,Prime,16,1836,0
C004920,2025-12,Prime,29,698,0
C004921,2025-12,Prime,33,0,0
C004922,2025-12,Prime,37,786,0
C004923,2025-12,Prime,1,815,0
C004924,2025-12,Prime,17,1821,0
C004925,2025-12,Prime,22,1799,0
C004926,2025-12,Prime,22,1687,0
C004927,2025-12,Prime,7,1615,0
C004928,2025-12,Prime,40,1480,0
C004929,2025-12,Prime,18,1206,0
C004930,2025-12,Prime,27,1782,0
C004931,2025-12,Prime,37,1343,1
C004932,2025-12,Prime,11,1632,0
C004933,2025-12,Prime,17,534,0
C004934,2025-12,Prime,1,1234,0
C004935,2025-12,Prime,44,1068,0
C004936,2025-12,Prime,14,1478,0
C004937,2025-12,Prime,53,3050,0
C004938,2025-12,Prime,38,2162,0
C004939,2025-12,Prime,48,2089,0
C004940,2025-12,Prime,24,2299,0
C004941,2025-12,Prime,34,894,0
C004942,2025-12,Prime,47,1533,0
C004943,2025-12,Prime,28,21,0
C004944,2025-12,Prime,3,0,0
C004945,2025-12,Prime,55,2596,0
C004946,2025-12,Prime,1,1612,0
C004947,2025-12,Prime,24,1857,1
C004948,2025-12,Prime,83,1442,0
C004949,2025-12,Prime,47,1002,0
C004950,2025-12,Prime,46,1041,0
C004951,2025-12,Prime,13,746,0
C004952,2025-12,Prime,40,1006,0
C004953,2025-12,Prime,64,1390,0
C004954,2025-12,Prime,26,0,1
C004955,2025-12,Prime,40,979,0
C004956,2025-12,Prime,6,1742,0
C004957,2025-12,Prime,1,1580,0
C004958,2025-12,Prime,6,1236,0
C004959,2025-12,Prime,50,2860,0
C004960,2025-12,Prime,43,600,0
C004961,2025-12,Prime,31,1325,0
C004962,2025-12,Prime,46,0,0
C004963,2025-12,Prime,14,1022,0
C004964,2025-12,Prime,6,1536,0
C004965,2025-12,Prime,36,2257,0
C004966,2025-12,Prime,32,1733,0
C004967,2025-12,Prime,1,1698,0
C004968,2025-12,Prime,38,1869,0
C004969,2025-12,Prime,20,3136,0
C004970,2025-12,Prime,47,905,0
C004971,2025-12,Prime,41,1769,0
C004972,2025-12,Prime,23,2220,0
C004973,2025-12,Prime,24,3019,0
C004974,2025-12,Prime,13,2737,0
C004975,2025-12,Prime,40,1803,0
C004976,2025-12,Prime,38,1188,0
C004977,2025-12,Prime,30,2246,0
C004978,2025-12,Prime,1,901,0
C004979,2025-12,Prime,43,653,0
C004980,2025-12,Prime,23,1072,0
C004981,2025-12,Prime,35,1025,0
C004982,2025-12,Prime,21,545,0
C004983,2025-12,Prime,26,1001,0
C004984,2025-12,Prime,23,440,0
C004985,2025-12,Prime,32,1349,0
C004986,2025-12,Prime,73,1566,0
C004987,2025-12,Prime,38,1018,0
C004988,2025-12,Prime,33,3113,0
C004989,2025-12,Prime,25,2138,0
C004990,2025-12,Prime,33,1758,0
C004991,2025-12,Prime,23,2200,0
C004992,2025-12,Prime,1,1921,0
C004993,2025-12,Prime,15,987,0
C004994,2025-12,Prime,27,2070,1
C004995,2025-12,Prime,4,1271,0
C004996,2025-12,Prime,6,2753,0
C004997,2025-12,Prime,45,1158,0
C004998,2025-12,Prime,54,2821,0
C004999,2025-12,Prime,32,198,0
C005000,2025-12,Prime,50,118,0
C005001,2025-12,Prime,9,687,0
C005002,2025-12,Prime,54,1600,0
C005003,2025-12,Prime,72,1989,0
C005004,2025-12,Prime,20,1470,0
C005005,2025-12,Prime,17,1950,0
C005006,2025-12,Prime,53,2095,0
C005007,2025-12,Prime,49,737,0
C005008,2025-12,Prime,54,1087,0
C005009,2025-12,Prime,31,1790,0
C005010,2025-12,Prime,16,2263,0
C005011,2025-12,Prime,38,1318,0
C005012,2025-12,Prime,41,1146,0
C005013,2025-12,Prime,42,629,0
C005014,2025-12,Prime,32,2118,0
C005015,2025-12,Prime,56,1250,0
C005016,2025-12,Prime,16,1813,0
C005017,2025-12,Prime,29,1252,0
C005018,2025-12,Prime,1,1240,0
C005019,2025-12,Prime,32,1738,0
C005020,2025-12,Prime,13,292,0
C005021,2025-12,Prime,27,667,0
C005022,2025-12,Prime,14,1122,0
C005023,2025-12,Prime,20,1053,0
C005024,2025-12,Prime,21,646,0
C005025,2025-12,Prime,35,1167,0
C005026,2025-12,Prime,23,1117,0
C005027,2025-12,Prime,15,499,0
C005028,2025-12,Prime,23,1807,0
C005029,2025-12,Prime,53,713,0
C005030,2025-12,Prime,13,2534,0
C005031,2025-12,Prime,23,868,0
C005032,2025-12,Prime,16,1747,0
C005033,2025-12,Prime,42,1829,0
C005034,2025-12,Prime,17,95,0
C005035,2025-12,Prime,3,1440,0
C005036,2025-12,Prime,23,1915,0
C005037,2025-12,Prime,17,359,0
C005038,2025-12,Prime,33,1740,0
C005039,2025-12,Prime,36,1710,0
C005040,2025-12,Prime,29,778,0
C005041,2025-12,Prime,54,1422,0
C005042,2025-12,Prime,49,1265,0
C005043,2025-12,Prime,26,0,0
C005044,2025-12,Prime,27,728,0
C005045,2025-12,Prime,30,1326,0
C005046,2025-12,Prime,14,323,1
C005047,2025-12,Prime,42,1741,0
C005048,2025-12,Prime,35,1042,0
C005049,2025-12,Prime,20,934,0
C005050,2025-12,Prime,34,263,0
C005051,2025-12,Prime,14,1052,0
C005052,2025-12,Prime,28,1300,0
C005053,2025-12,Prime,26,280,0
C005054,2025-12,Prime,29,2047,0
C005055,2025-12,Prime,11,1885,0
C005056,2025-12,Prime,14,1843,0
C005057,2025-12,Prime,34,1531,0
C005058,2025-12,Prime,55,1937,0
C005059,2025-12,Prime,38,1796,0
C005060,2025-12,Prime,19,2941,0
C005061,2025-12,Prime,33,1035,0
C005062,2025-12,Prime,54,1311,0
C005063,2025-12,Prime,21,2423,0
C005064,2025-12,Prime,18,1125,0
C005065,2025-12,Prime,1,101,0
C005066,2025-12,Prime,18,278,0
C005067,2025-12,Prime,17,1906,0
C005068,2025-12,Prime,18,2291,0
C005069,2025-12,Prime,17,1322,0
C005070,2025-12,Prime,42,1252,0
C005071,2025-12,Prime,42,2255,0
C005072,2025-12,Prime,8,2030,0
C005073,2025-12,Prime,12,1066,0
C005074,2025-12,Prime,36,951,0
C005075,2025-12,Prime,6,554,0
C005076,2025-12,Prime,18,792,0
C005077,2025-12,Prime,40,619,0
C005078,2025-12,Prime,31,2180,0
C005079,2025-12,Prime,35,2060,0
C005080,2025-12,Prime,44,1859,0
C005081,2025-12,Prime,29,806,0
C005082,2025-12,Prime,36,1731,0
C005083,2025-12,Prime,24,904,0
C005084,2025-12,Prime,33,1650,0
C005085,2025-12,Prime,1,1264,0
C005086,2025-12,Prime,25,3220,0
C005087,2025-12,Prime,27,1781,0
C005088,2025-12,Prime,37,700,0
C005089,2025-12,Prime,32,1873,1
C005090,2025-12,Prime,27,988,0
C005091,2025-12,Prime,43,1712,0
C005092,2025-12,Prime,32,1213,0
C005093,2025-12,Prime,16,1762,0
C005094,2025-12,Prime,2,156,0
C005095,2025-12,Prime,21,637,0
C005096,2025-12,Prime,43,1527,0
C005097,2025-12,Prime,36,1782,0
C005098,2025-12,Prime,14,1021,0
C005099,2025-12,Prime,32,462,0
C005100,2025-12,Prime,48,2974,0
C005101,2025-12,Prime,38,1337,0
C005102,2025-12,Prime,17,1279,0
C005103,2025-12,Prime,31,1910,0
C005104,2025-12,Prime,1,786,0
C005105,2025-12,Prime,26,918,0
C005106,2025-12,Prime,32,2391,0
C005107,2025-12,Prime,16,1737,0
C005108,2025-12,Prime,26,756,0
C005109,2025-12,Prime,1,2612,0
C005110,2025-12,Prime,55,1154,0
C005111,2025-12,Prime,39,1796,0
C005112,2025-12,Prime,38,1117,0
C005113,2025-12,Prime,36,1292,0
C005114,2025-12,Prime,34,2087,0
C005115,2025-12,Prime,17,1220,0
C005116,2025-12,Prime,4,2415,0
C005117,2025-12,Prime,33,3705,0
C005118,2025-12,Prime,14,859,0
C005119,2025-12,Prime,45,343,0
C005120,2025-12,Prime,21,1758,0
C005121,2025-12,Prime,25,1482,0
C005122,2025-12,Prime,37,1153,0
C005123,2025-12,Prime,1,1207,0
C005124,2025-12,Prime,30,1687,0
C005125,2025-12,Prime,1,962,0
C005126,2025-12,Prime,36,0,0
C005127,2025-12,Prime,1,1784,0
C005128,2025-12,Prime,57,2087,0
C005129,2025-12,Prime,43,771,0
C005130,2025-12,Prime,43,1151,0
C005131,2025-12,Prime,25,1627,0
C005132,2025-12,Prime,14,1229,0
C005133,2025-12,Prime,23,2030,0
C005134,2025-12,Prime,8,477,0
C005135,2025-12,Prime,39,1054,0
C005136,2025-12,Prime,8,1082,0
C005137,2025-12,Prime,34,1928,0
C005138,2025-12,Prime,26,2274,0
C005139,2025-12,Prime,24,1999,0
C005140,2025-12,Prime,23,1054,0
C005141,2025-12,Prime,14,944,0
C005142,2025-12,Prime,23,2285,0
C005143,2025-12,Prime,35,1842,0
C005144,2025-12,Prime,8,1626,0
C005145,2025-12,Prime,1,2070,0
C005146,2025-12,Prime,23,1280,0
C005147,2025-12,Prime,27,1201,0
C005148,2025-12,Prime,2,1578,0
C005149,2025-12,Prime,14,599,0
C005150,2025-12,Prime,49,988,0
C005151,2025-12,Prime,30,664,0
C005152,2025-12,Prime,30,1678,0
C005153,2025-12,Prime,47,906,0
C005154,2025-12,Prime,15,1875,0
C005155,2025-12,Prime,35,785,0
C005156,2025-12,Prime,13,1859,0
C005157,2025-12,Prime,47,2113,0
C005158,2025-12,Prime,1,1431,0
C005159,2025-12,Prime,27,1594,0
C005160,2025-12,Prime,50,990,0
C005161,2025-12,Prime,23,978,0
C005162,2025-12,Prime,37,2357,0
C005163,2025-12,Prime,53,1292,0
C005164,2025-12,Prime,17,2520,0
C005165,2025-12,Prime,37,861,0
C005166,2025-12,Prime,14,693,0
C005167,2025-12,Prime,9,535,0
C005168,2025-12,Prime,40,1858,0
C005169,2025-12,Prime,19,2824,0
C005170,2025-12,Prime,30,1208,0
C005171,2025-12,Prime,27,2201,0
C005172,2025-12,Prime,26,618,0
C005173,2025-12,Prime,15,2209,0
C005174,2025-12,Prime,45,2512,0
C005175,2025-12,Prime,17,1459,0
C005176,2025-12,Prime,60,1641,0
C005177,2025-12,Prime,46,1122,0
C005178,2025-12,Prime,42,483,0
C005179,2025-12,Prime,19,844,0
C005180,2025-12,Prime,69,676,0
C005181,2025-12,Prime,31,1845,0
C005182,2025-12,Prime,8,2385,0
C005183,2025-12,Prime,1,2064,0
C005184,2025-12,Prime,42,1777,0
C005185,2025-12,Prime,17,3026,0
C005186,2025-12,Prime,56,1767,0
C005187,2025-12,Prime,43,1061,0
C005188,2025-12,Prime,17,1818,0
C005189,2025-12,Prime,19,1617,0
C005190,2025-12,Prime,26,2189,0
C005191,2025-12,Prime,40,1882,0
C005192,2025-12,Prime,25,0,0
C005193,2025-12,Prime,9,1921,0
C005194,2025-12,Prime,54,1015,0
C005195,2025-12,Prime,46,1305,0
C005196,2025-12,Prime,28,791,0
C005197,2025-12,Prime,1,1857,0
C005198,2025-12,Prime,24,3207,0
C005199,2025-12,Prime,1,1381,0
C005200,2025-12,Prime,32,456,0
C005201,2025-12,Prime,67,1583,0
C005202,2025-12,Prime,16,478,0
C005203,2025-12,Prime,9,1932,0
C005204,2025-12,Prime,35,1866,0
C005205,2025-12,Prime,37,1206,0
C005206,2025-12,Prime,42,1524,0
C005207,2025-12,Prime,32,1009,0
C005208,2025-12,Prime,11,2856,0
C005209,2025-12,Prime,15,1210,0
C005210,2025-12,Prime,4,2111,0
C005211,2025-12,Prime,21,1865,0
C005212,2025-12,Prime,39,1667,0
C005213,2025-12,Prime,1,2165,0
C005214,2025-12,Prime,1,1785,0
C005215,2025-12,Prime,77,1603,0
C005216,2025-12,Prime,4,1220,0
C005217,2025-12,Prime,25,935,0
C005218,2025-12,Prime,30,1916,0
C005219,2025-12,Prime,1,115,0
C005220,2025-12,Prime,40,1498,0
C005221,2025-12,Prime,41,1372,1
C005222,2025-12,Prime,24,1237,0
C005223,2025-12,Prime,34,1607,0
C005224,2025-12,Prime,28,1870,0
C005225,2025-12,Prime,38,1677,1
C005226,2025-12,Prime,33,1395,0
C005227,2025-12,Prime,44,2023,0
C005228,2025-12,Prime,42,1043,0
C005229,2025-12,Prime,6,2368,0
C005230,2025-12,Prime,31,1535,0
C005231,2025-12,Prime,16,2054,0
C005232,2025-12,Prime,35,1505,0
C005233,2025-12,Prime,33,3146,0
C005234,2025-12,Prime,57,1052,0
C005235,2025-12,Prime,46,1864,0
C005236,2025-12,Prime,50,1761,0
C005237,2025-12,Prime,23,963,0
C005238,2025-12,Prime,6,760,0
C005239,2025-12,Prime,64,291,1
C005240,2025-12,Prime,9,292,0
C005241,2025-12,Prime,35,1865,0
C005242,2025-12,Prime,33,1033,0
C005243,2025-12,Prime,37,2353,0
C005244,2025-12,Prime,1,1536,0
C005245,2025-12,Prime,28,1433,0
C005246,2025-12,Prime,34,2784,0
C005247,2025-12,Prime,23,2646,0
C005248,2025-12,Prime,53,583,0
C005249,2025-12,Prime,12,1147,0
C005250,2025-12,Prime,36,1480,0
C005251,2025-12,Prime,24,899,0
C005252,2025-12,Prime,28,464,0
C005253,2025-12,Prime,18,1084,0
C005254,2025-12,Prime,20,2253,0
C005255,2025-12,Prime,29,3719,0
C005256,2025-12,Prime,19,2390,0
C005257,2025-12,Prime,23,703,0
C005258,2025-12,Prime,33,1424,0
C005259,2025-12,Prime,23,418,0
C005260,2025-12,Prime,15,1756,0
C005261,2025-12,Prime,30,1698,0
C005262,2025-12,Prime,17,1563,0
C005263,2025-12,Prime,9,606,0
C005264,2025-12,Prime,8,611,0
C005265,2025-12,Prime,35,698,0
C005266,2025-12,Prime,53,1340,0
C005267,2025-12,Prime,20,1292,0
C005268,2025-12,Prime,41,1893,0
C005269,2025-12,Prime,26,3696,0
C005270,2025-12,Prime,29,29,0
C005271,2025-12,Prime,42,1619,0
C005272,2025-12,Prime,34,1560,0
C005273,2025-12,Prime,7,1460,0
C005274,2025-12,Prime,24,2846,0
C005275,2025-12,Prime,23,1759,0
C005276,2025-12,Prime,35,1139,0
C005277,2025-12,Prime,34,1814,0
C005278,2025-12,Prime,1,277,0
C005279,2025-12,Prime,5,712,0
C005280,2025-12,Prime,36,2704,0
C005281,2025-12,Prime,36,976,0
C005282,2025-12,Prime,1,1567,0
C005283,2025-12,Prime,51,891,0
C005284,2025-12,Prime,7,1377,0
C005285,2025-12,Prime,30,1223,0
C005286,2025-12,Prime,24,2118,0
C005287,2025-12,Prime,28,2932,0
C005288,2025-12,Prime,16,829,0
C005289,2025-12,Prime,18,2891,0
C005290,2025-12,Prime,46,931,0
C005291,2025-12,Prime,58,2068,0
C005292,2025-12,Prime,30,1097,0
C005293,2025-12,Prime,7,837,0
C005294,2025-12,Prime,19,1166,0
C005295,2025-12,Prime,56,942,0
C005296,2025-12,Prime,1,1471,0
C005297,2025-12,Prime,43,850,1
C005298,2025-12,Prime,41,1539,0
C005299,2025-12,Prime,7,660,0
C005300,2025-12,Prime,15,1498,0
C005301,2025-12,Prime,42,688,0
C005302,2025-12,Prime,19,949,0
C005303,2025-12,Prime,46,1324,0
C005304,2025-12,Prime,51,1900,0
C005305,2025-12,Prime,40,1441,1
C005306,2025-12,Prime,21,716,0
C005307,2025-12,Prime,29,2450,0
C005308,2025-12,Prime,30,1697,0
C005309,2025-12,Prime,22,623,0
C005310,2025-12,Prime,43,395,0
C005311,2025-12,Prime,26,1860,0
C005312,2025-12,Prime,43,1502,0
C005313,2025-12,Prime,1,1712,0
C005314,2025-12,Prime,22,1414,0
C005315,2025-12,Prime,14,1520,0
C005316,2025-12,Prime,43,1581,0
C005317,2025-12,Prime,58,2259,0
C005318,2025-12,Prime,40,1156,0
C005319,2025-12,Prime,29,946,0
C005320,2025-12,Prime,78,2544,0
C005321,2025-12,Prime,51,545,0
C005322,2025-12,Prime,36,1333,0
C005323,2025-12,Prime,26,2040,0
C005324,2025-12,Prime,28,1712,0
C005325,2025-12,Prime,2,2187,0
C005326,2025-12,Prime,23,2477,0
C005327,2025-12,Prime,41,575,0
C005328,2025-12,Prime,37,1560,1
C005329,2025-12,Prime,1,1502,0
C005330,2025-12,Prime,3,1823,0
C005331,2025-12,Prime,54,1785,0
C005332,2025-12,Prime,18,868,0
C005333,2025-12,Prime,10,1172,0
C005334,2025-12,Prime,16,1292,0
C005335,2025-12,Prime,52,1531,0
C005336,2025-12,Prime,51,1091,0
C005337,2025-12,Prime,41,2114,0
C005338,2025-12,Prime,16,2616,1
C005339,2025-12,Prime,35,1036,0
C005340,2025-12,Prime,38,649,0
C005341,2025-12,Prime,27,1948,0
C005342,2025-12,Prime,28,1285,0
C005343,2025-12,Prime,49,361,0
C005344,2025-12,Prime,30,1536,0
C005345,2025-12,Prime,38,1578,0
C005346,2025-12,Prime,33,0,0
C005347,2025-12,Prime,46,1139,0
C005348,2025-12,Prime,1,1297,0
C005349,2025-12,Prime,51,1706,0
C005350,2025-12,Prime,20,1424,0
C005351,2025-12,Prime,10,840,0
C005352,2025-12,Prime,17,1016,0
C005353,2025-12,Prime,33,1387,0
C005354,2025-12,Prime,40,1864,0
C005355,2025-12,Prime,44,1396,0
C005356,2025-12,Prime,35,889,0
C005357,2025-12,Prime,39,153,0
C005358,2025-12,Prime,34,81,0
C005359,2025-12,Prime,21,1053,0
C005360,2025-12,Prime,27,1026,0
C005361,2025-12,Near-prime,23,743,0
C005362,2025-12,Near-prime,51,1030,0
C005363,2025-12,Near-prime,45,935,0
C005364,2025-12,Near-prime,65,587,0
C005365,2025-12,Near-prime,59,1035,0
C005366,2025-12,Near-prime,29,1727,0
C005367,2025-12,Near-prime,35,946,0
C005368,2025-12,Near-prime,85,316,1
C005369,2025-12,Near-prime,75,1033,0
C005370,2025-12,Near-prime,30,1362,0
C005371,2025-12,Near-prime,51,1713,0
C005372,2025-12,Near-prime,69,1727,0
C005373,2025-12,Near-prime,56,608,0
C005374,2025-12,Near-prime,49,1112,0
C005375,2025-12,Near-prime,75,198,0
C005376,2025-12,Near-prime,18,563,0
C005377,2025-12,Near-prime,56,1046,0
C005378,2025-12,Near-prime,73,259,0
C005379,2025-12,Near-prime,84,1590,0
C005380,2025-12,Near-prime,46,1274,0
C005381,2025-12,Near-prime,48,994,0
C005382,2025-12,Near-prime,58,953,0
C005383,2025-12,Near-prime,57,763,0
C005384,2025-12,Near-prime,55,1685,0
C005385,2025-12,Near-prime,54,1056,0
C005386,2025-12,Near-prime,52,1104,0
C005387,2025-12,Near-prime,68,989,0
C005388,2025-12,Near-prime,38,2022,0
C005389,2025-12,Near-prime,70,1633,0
C005390,2025-12,Near-prime,16,1817,0
C005391,2025-12,Near-prime,69,1582,0
C005392,2025-12,Near-prime,28,1359,0
C005393,2025-12,Near-prime,44,1726,0
C005394,2025-12,Near-prime,62,1996,0
C005395,2025-12,Near-prime,56,541,0
C005396,2025-12,Near-prime,42,1225,0
C005397,2025-12,Near-prime,80,1494,0
C005398,2025-12,Near-prime,59,1221,0
C005399,2025-12,Near-prime,5,1612,0
C005400,2025-12,Near-prime,45,2302,0
C005401,2025-12,Near-prime,48,818,0
C005402,2025-12,Near-prime,66,1042,0
C005403,2025-12,Near-prime,14,731,0
C005404,2025-12,Near-prime,73,0,0
C005405,2025-12,Near-prime,57,827,0
C005406,2025-12,Near-prime,43,552,0
C005407,2025-12,Near-prime,65,460,0
C005408,2025-12,Near-prime,68,1247,1
C005409,2025-12,Near-prime,49,666,0
C005410,2025-12,Near-prime,61,306,0
C005411,2025-12,Near-prime,55,1621,0
C005412,2025-12,Near-prime,42,1054,0
C005413,2025-12,Near-prime,62,905,0
C005414,2025-12,Near-prime,67,1830,0
C005415,2025-12,Near-prime,62,6,0
C005416,2025-12,Near-prime,44,1724,0
C005417,2025-12,Near-prime,73,1174,0
C005418,2025-12,Near-prime,81,1752,0
C005419,2025-12,Near-prime,79,1203,1
C005420,2025-12,Near-prime,79,1058,0
C005421,2025-12,Near-prime,71,426,0
C005422,2025-12,Near-prime,57,0,0
C005423,2025-12,Near-prime,60,1208,0
C005424,2025-12,Near-prime,35,1051,0
C005425,2025-12,Near-prime,49,469,0
C005426,2025-12,Near-prime,20,1134,0
C005427,2025-12,Near-prime,12,1010,0
C005428,2025-12,Near-prime,30,745,1
C005429,2025-12,Near-prime,18,1365,0
C005430,2025-12,Near-prime,61,1431,0
C005431,2025-12,Near-prime,73,1330,0
C005432,2025-12,Near-prime,43,729,0
C005433,2025-12,Near-prime,84,1488,0
C005434,2025-12,Near-prime,45,973,0
C005435,2025-12,Near-prime,72,1034,0
C005436,2025-12,Near-prime,56,296,0
C005437,2025-12,Near-prime,10,879,0
C005438,2025-12,Near-prime,79,679,0
C005439,2025-12,Near-prime,1,181,0
C005440,2025-12,Near-prime,60,525,0
C005441,2025-12,Near-prime,93,332,0
C005442,2025-12,Near-prime,30,1198,0
C005443,2025-12,Near-prime,51,1751,1
C005444,2025-12,Near-prime,30,1184,0
C005445,2025-12,Near-prime,45,811,0
C005446,2025-12,Near-prime,76,1519,0
C005447,2025-12,Near-prime,59,878,1
C005448,2025-12,Near-prime,42,673,0
C005449,2025-12,Near-prime,62,1158,0
C005450,2025-12,Near-prime,87,1148,1
C005451,2025-12,Near-prime,58,1044,0
C005452,2025-12,Near-prime,50,1060,0
C005453,2025-12,Near-prime,54,1293,0
C005454,2025-12,Near-prime,35,245,0
C005455,2025-12,Near-prime,24,1026,0
C005456,2025-12,Near-prime,31,1555,0
C005457,2025-12,Near-prime,53,1187,0
C005458,2025-12,Near-prime,33,779,0
C005459,2025-12,Near-prime,62,241,0
C005460,2025-12,Near-prime,56,40,0
C005461,2025-12,Near-prime,49,480,0
C005462,2025-12,Near-prime,23,1036,0
C005463,2025-12,Near-prime,38,823,0
C005464,2025-12,Near-prime,56,726,0
C005465,2025-12,Near-prime,25,1218,0
C005466,2025-12,Near-prime,31,508,0
C005467,2025-12,Near-prime,47,2028,0
C005468,2025-12,Near-prime,50,709,0
C005469,2025-12,Near-prime,72,691,0
C005470,2025-12,Near-prime,44,1614,1
C005471,2025-12,Near-prime,84,388,0
C005472,2025-12,Near-prime,28,1414,1
C005473,2025-12,Near-prime,63,498,0
C005474,2025-12,Near-prime,49,1641,0
C005475,2025-12,Near-prime,38,463,0
C005476,2025-12,Near-prime,36,793,0
C005477,2025-12,Near-prime,54,1043,0
C005478,2025-12,Near-prime,45,1307,0
C005479,2025-12,Near-prime,59,1089,0
C005480,2025-12,Near-prime,61,165,0
C005481,2025-12,Near-prime,64,1095,0
C005482,2025-12,Near-prime,67,1147,0
C005483,2025-12,Near-prime,14,834,0
C005484,2025-12,Near-prime,21,351,0
C005485,2025-12,Near-prime,46,727,0
C005486,2025-12,Near-prime,55,916,0
C005487,2025-12,Near-prime,29,1119,0
C005488,2025-12,Near-prime,46,1421,0
C005489,2025-12,Near-prime,48,1112,0
C005490,2025-12,Near-prime,41,842,0
C005491,2025-12,Near-prime,40,786,0
C005492,2025-12,Near-prime,58,553,0
C005493,2025-12,Near-prime,61,1265,0
C005494,2025-12,Near-prime,71,1343,0
C005495,2025-12,Near-prime,53,1361,0
C005496,2025-12,Near-prime,46,699,0
C005497,2025-12,Near-prime,67,446,0
C005498,2025-12,Near-prime,33,508,0
C005499,2025-12,Near-prime,25,906,0
C005500,2025-12,Near-prime,43,1539,0
C005501,2025-12,Near-prime,24,1706,0
C005502,2025-12,Near-prime,20,122,0
C005503,2025-12,Near-prime,49,352,0
C005504,2025-12,Near-prime,29,924,0
C005505,2025-12,Near-prime,83,1214,0
C005506,2025-12,Near-prime,44,363,0
C005507,2025-12,Near-prime,49,1663,0
C005508,2025-12,Near-prime,44,1606,0
C005509,2025-12,Near-prime,41,1074,0
C005510,2025-12,Near-prime,55,587,0
C005511,2025-12,Near-prime,38,891,0
C005512,2025-12,Near-prime,70,1619,0
C005513,2025-12,Near-prime,48,1053,0
C005514,2025-12,Near-prime,62,1711,0
C005515,2025-12,Near-prime,52,343,0
C005516,2025-12,Near-prime,54,1008,0
C005517,2025-12,Near-prime,80,1140,0
C005518,2025-12,Near-prime,63,1007,0
C005519,2025-12,Near-prime,49,421,0
C005520,2025-12,Near-prime,50,682,0
C005521,2025-12,Near-prime,71,1152,0
C005522,2025-12,Near-prime,55,996,0
C005523,2025-12,Near-prime,51,1311,0
C005524,2025-12,Near-prime,57,1352,0
C005525,2025-12,Near-prime,23,726,0
C005526,2025-12,Near-prime,65,2243,0
C005527,2025-12,Near-prime,54,602,0
C005528,2025-12,Near-prime,45,1767,0
C005529,2025-12,Near-prime,75,691,0
C005530,2025-12,Near-prime,46,1040,0
C005531,2025-12,Near-prime,71,1271,0
C005532,2025-12,Near-prime,52,1459,0
C005533,2025-12,Near-prime,85,746,0
C005534,2025-12,Near-prime,42,1200,0
C005535,2025-12,Near-prime,45,1415,0
C005536,2025-12,Near-prime,53,542,0
C005537,2025-12,Near-prime,57,672,0
C005538,2025-12,Near-prime,53,873,0
C005539,2025-12,Near-prime,59,1204,0
C005540,2025-12,Near-prime,37,1492,0
C005541,2025-12,Near-prime,44,650,0
C005542,2025-12,Near-prime,71,1182,0
C005543,2025-12,Near-prime,31,1169,0
C005544,2025-12,Near-prime,65,977,0
C005545,2025-12,Near-prime,47,949,0
C005546,2025-12,Near-prime,31,344,0
C005547,2025-12,Near-prime,35,1373,0
C005548,2025-12,Near-prime,34,1378,0
C005549,2025-12,Near-prime,42,1511,0
C005550,2025-12,Near-prime,46,690,0
C005551,2025-12,Near-prime,72,1773,0
C005552,2025-12,Near-prime,72,1155,0
C005553,2025-12,Near-prime,45,1349,0
C005554,2025-12,Near-prime,48,1224,0
C005555,2025-12,Near-prime,29,153,0
C005556,2025-12,Near-prime,100,1078,0
C005557,2025-12,Near-prime,53,460,0
C005558,2025-12,Near-prime,27,1439,0
C005559,2025-12,Near-prime,51,1161,0
C005560,2025-12,Near-prime,29,503,0
C005561,2025-12,Near-prime,55,224,0
C005562,2025-12,Near-prime,85,528,0
C005563,2025-12,Near-prime,62,786,0
C005564,2025-12,Near-prime,56,676,0
C005565,2025-12,Near-prime,47,1544,0
C005566,2025-12,Near-prime,39,571,0
C005567,2025-12,Near-prime,52,732,0
C005568,2025-12,Near-prime,67,845,0
C005569,2025-12,Near-prime,53,1036,0
C005570,2025-12,Near-prime,6,1051,0
C005571,2025-12,Near-prime,56,1373,0
C005572,2025-12,Near-prime,80,1682,0
C005573,2025-12,Near-prime,86,346,0
C005574,2025-12,Near-prime,39,992,0
C005575,2025-12,Near-prime,26,1204,0
C005576,2025-12,Near-prime,31,1080,1
C005577,2025-12,Near-prime,57,1234,0
C005578,2025-12,Near-prime,56,1346,0
C005579,2025-12,Near-prime,50,559,0
C005580,2025-12,Near-prime,18,280,0
C005581,2025-12,Near-prime,23,2098,0
C005582,2025-12,Near-prime,37,1358,0
C005583,2025-12,Near-prime,58,1540,0
C005584,2025-12,Near-prime,50,133,0
C005585,2025-12,Near-prime,61,1542,0
C005586,2025-12,Near-prime,11,568,0
C005587,2025-12,Near-prime,56,772,1
C005588,2025-12,Near-prime,32,928,1
C005589,2025-12,Near-prime,63,639,0
C005590,2025-12,Near-prime,50,214,0
C005591,2025-12,Near-prime,68,990,1
C005592,2025-12,Near-prime,57,2005,0
C005593,2025-12,Near-prime,66,495,0
C005594,2025-12,Near-prime,27,639,0
C005595,2025-12,Near-prime,60,1267,0
C005596,2025-12,Near-prime,62,1108,0
C005597,2025-12,Near-prime,37,2313,0
C005598,2025-12,Near-prime,42,1394,0
C005599,2025-12,Near-prime,31,1327,0
C005600,2025-12,Near-prime,28,915,0
C005601,2025-12,Near-prime,28,1242,0
C005602,2025-12,Near-prime,44,869,0
C005603,2025-12,Near-prime,79,0,0
C005604,2025-12,Near-prime,29,635,0
C005605,2025-12,Near-prime,50,2095,0
C005606,2025-12,Near-prime,28,0,0
C005607,2025-12,Near-prime,53,633,0
C005608,2025-12,Near-prime,55,1124,0
C005609,2025-12,Near-prime,56,1793,0
C005610,2025-12,Near-prime,57,1511,0
C005611,2025-12,Near-prime,26,569,0
C005612,2025-12,Near-prime,59,1359,0
C005613,2025-12,Near-prime,49,911,0
C005614,2025-12,Near-prime,58,217,0
C005615,2025-12,Near-prime,24,1259,0
C005616,2025-12,Near-prime,54,951,0
C005617,2025-12,Near-prime,70,915,0
C005618,2025-12,Near-prime,31,1758,0
C005619,2025-12,Near-prime,72,501,0
C005620,2025-12,Near-prime,36,1080,0
C005621,2025-12,Near-prime,73,820,0
C005622,2025-12,Near-prime,52,1123,0
C005623,2025-12,Near-prime,29,832,0
C005624,2025-12,Near-prime,45,1110,0
C005625,2025-12,Near-prime,75,1187,0
C005626,2025-12,Near-prime,40,1160,0
C005627,2025-12,Near-prime,51,1130,0
C005628,2025-12,Near-prime,30,1559,0
C005629,2025-12,Near-prime,65,306,0
C005630,2025-12,Near-prime,29,718,0
C005631,2025-12,Near-prime,47,1018,0
C005632,2025-12,Near-prime,42,1154,0
C005633,2025-12,Near-prime,31,914,0
C005634,2025-12,Near-prime,60,1227,0
C005635,2025-12,Near-prime,66,1078,0
C005636,2025-12,Near-prime,53,1408,0
C005637,2025-12,Near-prime,67,595,0
C005638,2025-12,Near-prime,7,1530,0
C005639,2025-12,Near-prime,60,838,0
C005640,2025-12,Near-prime,28,585,0
C005641,2025-12,Near-prime,23,1270,0
C005642,2025-12,Near-prime,100,991,0
C005643,2025-12,Near-prime,46,934,0
C005644,2025-12,Near-prime,39,1713,0
C005645,2025-12,Near-prime,50,1740,0
C005646,2025-12,Near-prime,38,980,0
C005647,2025-12,Near-prime,45,988,0
C005648,2025-12,Near-prime,66,292,0
C005649,2025-12,Near-prime,68,900,0
C005650,2025-12,Near-prime,54,424,0
C005651,2025-12,Near-prime,68,1505,0
C005652,2025-12,Near-prime,65,1291,0
C005653,2025-12,Near-prime,76,850,1
C005654,2025-12,Near-prime,24,1821,0
C005655,2025-12,Near-prime,31,446,0
C005656,2025-12,Near-prime,25,1086,0
C005657,2025-12,Near-prime,53,887,0
C005658,2025-12,Near-prime,61,1650,0
C005659,2025-12,Near-prime,65,524,0
C005660,2025-12,Near-prime,54,1316,0
C005661,2025-12,Near-prime,51,1664,0
C005662,2025-12,Near-prime,27,819,0
C005663,2025-12,Near-prime,64,535,0
C005664,2025-12,Near-prime,69,218,0
C005665,2025-12,Near-prime,73,532,0
C005666,2025-12,Near-prime,68,885,0
C005667,2025-12,Near-prime,46,1071,0
C005668,2025-12,Near-prime,53,300,0
C005669,2025-12,Near-prime,55,573,0
C005670,2025-12,Near-prime,15,674,0
C005671,2025-12,Near-prime,39,613,0
C005672,2025-12,Near-prime,37,1203,0
C005673,2025-12,Near-prime,60,287,0
C005674,2025-12,Near-prime,60,518,0
C005675,2025-12,Near-prime,37,1788,0
C005676,2025-12,Near-prime,46,1163,0
C005677,2025-12,Near-prime,85,445,0
C005678,2025-12,Near-prime,51,1036,0
C005679,2025-12,Near-prime,62,618,0
C005680,2025-12,Near-prime,30,1421,0
C005681,2025-12,Near-prime,77,1061,0
C005682,2025-12,Near-prime,40,868,0
C005683,2025-12,Near-prime,82,847,0
C005684,2025-12,Near-prime,59,550,0
C005685,2025-12,Near-prime,35,1394,0
C005686,2025-12,Near-prime,81,1600,0
C005687,2025-12,Near-prime,65,1266,0
C005688,2025-12,Near-prime,56,68,0
C005689,2025-12,Near-prime,50,828,0
C005690,2025-12,Near-prime,45,1171,0
C005691,2025-12,Near-prime,39,791,0
C005692,2025-12,Near-prime,53,1202,0
C005693,2025-12,Near-prime,37,538,0
C005694,2025-12,Near-prime,47,1368,0
C005695,2025-12,Near-prime,69,740,0
C005696,2025-12,Near-prime,49,538,0
C005697,2025-12,Near-prime,62,798,1
C005698,2025-12,Near-prime,37,561,0
C005699,2025-12,Near-prime,33,1512,0
C005700,2025-12,Near-prime,53,218,0
C005701,2025-12,Near-prime,94,1275,0
C005702,2025-12,Near-prime,77,775,0
C005703,2025-12,Near-prime,55,569,0
C005704,2025-12,Near-prime,61,1173,0
C005705,2025-12,Near-prime,14,482,0
C005706,2025-12,Near-prime,27,1591,0
C005707,2025-12,Near-prime,44,576,0
C005708,2025-12,Near-prime,37,1203,0
C005709,2025-12,Near-prime,60,604,0
C005710,2025-12,Near-prime,46,141,0
C005711,2025-12,Near-prime,10,618,0
C005712,2025-12,Near-prime,40,1458,0
C005713,2025-12,Near-prime,48,1578,1
C005714,2025-12,Near-prime,59,1711,0
C005715,2025-12,Near-prime,64,720,0
C005716,2025-12,Near-prime,48,0,0
C005717,2025-12,Near-prime,52,220,0
C005718,2025-12,Near-prime,34,963,0
C005719,2025-12,Near-prime,63,621,0
C005720,2025-12,Near-prime,66,1191,0
C005721,2025-12,Near-prime,56,1463,0
C005722,2025-12,Near-prime,49,799,0
C005723,2025-12,Near-prime,33,1875,0
C005724,2025-12,Near-prime,68,1672,0
C005725,2025-12,Near-prime,73,665,0
C005726,2025-12,Near-prime,56,1174,0
C005727,2025-12,Near-prime,30,231,0
C005728,2025-12,Near-prime,78,913,0
C005729,2025-12,Near-prime,71,769,0
C005730,2025-12,Near-prime,33,197,1
C005731,2025-12,Near-prime,32,801,0
C005732,2025-12,Near-prime,58,849,0
C005733,2025-12,Near-prime,41,581,0
C005734,2025-12,Near-prime,65,1040,0
C005735,2025-12,Near-prime,25,422,0
C005736,2025-12,Near-prime,71,1431,0
C005737,2025-12,Near-prime,67,899,0
C005738,2025-12,Near-prime,43,878,0
C005739,2025-12,Near-prime,28,412,0
C005740,2025-12,Near-prime,52,2202,1
C005741,2025-12,Near-prime,47,2309,0
C005742,2025-12,Near-prime,8,519,0
C005743,2025-12,Near-prime,49,484,0
C005744,2025-12,Near-prime,50,523,0
C005745,2025-12,Near-prime,34,1464,0
C005746,2025-12,Near-prime,93,1777,0
C005747,2025-12,Near-prime,50,768,0
C005748,2025-12,Near-prime,54,629,0
C005749,2025-12,Near-prime,65,1400,0
C005750,2025-12,Near-prime,53,1608,0
C005751,2025-12,Near-prime,100,1486,0
C005752,2025-12,Near-prime,63,864,0
C005753,2025-12,Near-prime,59,1353,0
C005754,2025-12,Near-prime,43,965,0
C005755,2025-12,Near-prime,49,1538,1
C005756,2025-12,Near-prime,81,884,0
C005757,2025-12,Near-prime,39,1933,0
C005758,2025-12,Near-prime,42,251,0
C005759,2025-12,Near-prime,9,897,0
C005760,2025-12,Near-prime,49,1465,0
C005761,2025-12,Near-prime,74,713,0
C005762,2025-12,Near-prime,45,926,0
C005763,2025-12,Near-prime,54,1597,0
C005764,2025-12,Near-prime,64,792,0
C005765,2025-12,Near-prime,51,269,0
C005766,2025-12,Near-prime,66,798,0
C005767,2025-12,Near-prime,46,995,0
C005768,2025-12,Near-prime,61,709,0
C005769,2025-12,Near-prime,25,1260,0
C005770,2025-12,Near-prime,41,246,0
C005771,2025-12,Near-prime,55,1637,0
C005772,2025-12,Near-prime,71,1159,0
C005773,2025-12,Near-prime,42,1616,0
C005774,2025-12,Near-prime,19,1125,0
C005775,2025-12,Near-prime,66,365,0
C005776,2025-12,Near-prime,73,390,0
C005777,2025-12,Near-prime,63,1146,0
C005778,2025-12,Near-prime,31,1567,0
C005779,2025-12,Near-prime,58,749,0
C005780,2025-12,Near-prime,84,381,0
C005781,2025-12,Near-prime,51,1472,0
C005782,2025-12,Near-prime,26,2142,0
C005783,2025-12,Near-prime,82,1241,0
C005784,2025-12,Near-prime,57,1042,0
C005785,2025-12,Near-prime,94,1000,0
C005786,2025-12,Near-prime,58,816,0
C005787,2025-12,Near-prime,53,584,0
C005788,2025-12,Near-prime,69,1015,0
C005789,2025-12,Near-prime,86,1943,0
C005790,2025-12,Near-prime,75,1334,0
C005791,2025-12,Subprime,57,633,0
C005792,2025-12,Subprime,60,853,0
C005793,2025-12,Subprime,56,642,0
C005794,2025-12,Subprime,49,237,0
C005795,2025-12,Subprime,72,454,0
C005796,2025-12,Subprime,72,355,0
C005797,2025-12,Subprime,67,609,0
C005798,2025-12,Subprime,80,815,0
C005799,2025-12,Subprime,100,264,0
C005800,2025-12,Subprime,51,847,0
C005801,2025-12,Subprime,100,966,1
C005802,2025-12,Subprime,64,1159,1
C005803,2025-12,Subprime,44,664,1
C005804,2025-12,Subprime,96,1027,0
C005805,2025-12,Subprime,55,701,0
C005806,2025-12,Subprime,88,909,1
C005807,2025-12,Subprime,35,723,0
C005808,2025-12,Subprime,86,384,0
C005809,2025-12,Subprime,76,490,1
C005810,2025-12,Subprime,100,503,0
C005811,2025-12,Subprime,90,544,0
C005812,2025-12,Subprime,75,410,0
C005813,2025-12,Subprime,70,643,0
C005814,2025-12,Subprime,91,667,0
C005815,2025-12,Subprime,71,546,0
C005816,2025-12,Subprime,100,841,1
C005817,2025-12,Subprime,39,85,0
C005818,2025-12,Subprime,82,773,0
C005819,2025-12,Subprime,68,404,1
C005820,2025-12,Subprime,91,945,0
C005821,2025-12,Subprime,48,749,0
C005822,2025-12,Subprime,78,396,0
C005823,2025-12,Subprime,100,887,0
C005824,2025-12,Subprime,73,327,0
C005825,2025-12,Subprime,59,1100,0
C005826,2025-12,Subprime,85,852,0
C005827,2025-12,Subprime,73,336,0
C005828,2025-12,Subprime,78,1024,0
C005829,2025-12,Subprime,66,682,0
C005830,2025-12,Subprime,86,512,0
C005831,2025-12,Subprime,74,382,0
C005832,2025-12,Subprime,78,0,0
C005833,2025-12,Subprime,91,964,0
C005834,2025-12,Subprime,100,1090,0
C005835,2025-12,Subprime,37,156,0
C005836,2025-12,Subprime,99,75,0
C005837,2025-12,Subprime,72,1134,0
C005838,2025-12,Subprime,84,456,0
C005839,2025-12,Subprime,37,341,0
C005840,2025-12,Subprime,62,1002,0
C005841,2025-12,Subprime,92,457,1
C005842,2025-12,Subprime,78,870,0
C005843,2025-12,Subprime,75,1031,0
C005844,2025-12,Subprime,63,529,0
C005845,2025-12,Subprime,60,1063,0
C005846,2025-12,Subprime,87,600,0
C005847,2025-12,Subprime,65,910,1
C005848,2025-12,Subprime,67,905,1
C005849,2025-12,Subprime,82,681,0
C005850,2025-12,Subprime,76,964,0
C005851,2025-12,Subprime,56,146,0
C005852,2025-12,Subprime,78,590,0
C005853,2025-12,Subprime,79,763,0
C005854,2025-12,Subprime,68,532,0
C005855,2025-12,Subprime,53,266,1
C005856,2025-12,Subprime,83,570,0
C005857,2025-12,Subprime,60,785,0
C005858,2025-12,Subprime,94,658,0
C005859,2025-12,Subprime,78,489,0
C005860,2025-12,Subprime,60,818,0
C005861,2025-12,Subprime,85,683,0
C005862,2025-12,Subprime,81,180,1
C005863,2025-12,Subprime,48,431,0
C005864,2025-12,Subprime,73,187,0
C005865,2025-12,Subprime,83,981,0
C005866,2025-12,Subprime,66,617,0
C005867,2025-12,Subprime,78,470,0
C005868,2025-12,Subprime,98,532,0
C005869,2025-12,Subprime,87,284,0
C005870,2025-12,Subprime,100,719,0
C005871,2025-12,Subprime,60,564,0
C005872,2025-12,Subprime,75,616,0
C005873,2025-12,Subprime,73,388,0
C005874,2025-12,Subprime,100,951,0
C005875,2025-12,Subprime,61,263,0
C005876,2025-12,Subprime,100,989,0
C005877,2025-12,Subprime,90,1026,0
C005878,2025-12,Subprime,85,129,1
C005879,2025-12,Subprime,72,754,0
C005880,2025-12,Subprime,56,401,0
C005881,2025-12,Subprime,51,790,0
C005882,2025-12,Subprime,69,939,0
C005883,2025-12,Subprime,53,853,0
C005884,2025-12,Subprime,65,1051,0
C005885,2025-12,Subprime,79,95,0
C005886,2025-12,Subprime,22,441,0
C005887,2025-12,Subprime,80,899,0
C005888,2025-12,Subprime,48,161,0
C005889,2025-12,Subprime,77,362,0
C005890,2025-12,Subprime,68,720,0
C005891,2025-12,Subprime,75,801,0
C005892,2025-12,Subprime,91,387,0
C005893,2025-12,Subprime,63,280,0
C005894,2025-12,Subprime,82,810,0
C005895,2025-12,Subprime,73,236,1
C005896,2025-12,Subprime,54,383,0
C005897,2025-12,Subprime,55,365,0
C005898,2025-12,Subprime,76,493,0
C005899,2025-12,Subprime,100,1193,0
C005900,2025-12,Subprime,42,511,0
C005901,2025-12,Subprime,100,678,1
C005902,2025-12,Subprime,93,440,0
C005903,2025-12,Subprime,69,209,0
C005904,2025-12,Subprime,60,690,0
C005905,2025-12,Subprime,69,521,0
C005906,2025-12,Subprime,70,503,0
C005907,2025-12,Subprime,65,0,0
C005908,2025-12,Subprime,96,794,1
C005909,2025-12,Subprime,47,375,0
C005910,2025-12,Subprime,58,385,0
C005911,2025-12,Subprime,89,455,0
C005912,2025-12,Subprime,74,636,1
C005913,2025-12,Subprime,98,1014,0
C005914,2025-12,Subprime,56,791,0
C005915,2025-12,Subprime,37,1165,0
C005916,2025-12,Subprime,86,586,0
C005917,2025-12,Subprime,49,1084,0
C005918,2025-12,Subprime,78,877,0
C005919,2025-12,Subprime,71,495,0
C005920,2025-12,Subprime,61,638,0
C005921,2025-12,Subprime,50,362,0
C005922,2025-12,Subprime,78,612,0
C005923,2025-12,Subprime,100,801,0
C005924,2025-12,Subprime,92,660,0
C005925,2025-12,Subprime,28,751,0
C005926,2025-12,Subprime,61,1029,1
C005927,2025-12,Subprime,76,706,0
C005928,2025-12,Subprime,71,0,0
C005929,2025-12,Subprime,89,264,0
C005930,2025-12,Subprime,63,773,0
C005931,2025-12,Subprime,68,690,0
C005932,2025-12,Subprime,80,516,1
C005933,2025-12,Subprime,76,767,1
C005934,2025-12,Subprime,44,1095,0
C005935,2025-12,Subprime,68,665,0
C005936,2025-12,Subprime,74,712,0
C005937,2025-12,Subprime,70,1122,0
C005938,2025-12,Subprime,39,509,0
C005939,2025-12,Subprime,68,421,0
C005940,2025-12,Subprime,84,604,0
C005941,2025-12,Subprime,61,473,0
C005942,2025-12,Subprime,62,627,1
C005943,2025-12,Subprime,46,627,0
C005944,2025-12,Subprime,65,339,0
C005945,2025-12,Subprime,51,1192,0
C005946,2025-12,Subprime,100,837,0
C005947,2025-12,Subprime,53,480,0
C005948,2025-12,Subprime,91,676,0
C005949,2025-12,Subprime,46,556,0
C005950,2025-12,Subprime,53,356,0
C005951,2025-12,Subprime,84,1295,0
C005952,2025-12,Subprime,61,662,1
C005953,2025-12,Subprime,49,896,1
C005954,2025-12,Subprime,75,828,0
C005955,2025-12,Subprime,75,983,0
C005956,2025-12,Subprime,98,646,0
C005957,2025-12,Subprime,81,550,1
C005958,2025-12,Subprime,72,657,0
C005959,2025-12,Subprime,87,688,0
C005960,2025-12,Subprime,51,141,1
C005961,2025-12,Subprime,71,1007,0
C005962,2025-12,Subprime,79,896,1
C005963,2025-12,Subprime,67,784,0
C005964,2025-12,Subprime,64,746,0
C005965,2025-12,Subprime,82,100,0
C005966,2025-12,Subprime,45,871,1
C005967,2025-12,Subprime,72,886,0
C005968,2025-12,Subprime,60,277,0
C005969,2025-12,Subprime,68,1057,0
C005970,2025-12,Subprime,87,515,0
C005971,2025-12,Subprime,65,81,0
C005972,2025-12,Subprime,49,884,0
C005973,2025-12,Subprime,87,553,1
C005974,2025-12,Subprime,77,964,0
C005975,2025-12,Subprime,97,399,0
C005976,2025-12,Subprime,74,1385,0
C005977,2025-12,Subprime,97,918,0
C005978,2025-12,Subprime,55,479,0
C005979,2025-12,Subprime,97,854,0
C005980,2025-12,Subprime,86,1517,1
C005981,2025-12,Subprime,91,763,1
C005982,2025-12,Subprime,60,398,0
C005983,2025-12,Subprime,60,712,0
C005984,2025-12,Subprime,52,527,0
C005985,2025-12,Subprime,65,601,0
C005986,2025-12,Subprime,43,490,0
C005987,2025-12,Subprime,31,714,0
C005988,2025-12,Subprime,47,481,0
C005989,2025-12,Subprime,80,484,0
C005990,2025-12,Subprime,54,452,0
C005991,2025-12,Subprime,72,893,0
C005992,2025-12,Subprime,60,981,0
C005993,2025-12,Subprime,78,384,0
C005994,2025-12,Subprime,61,1104,0
C005995,2025-12,Subprime,45,868,0
C005996,2025-12,Subprime,77,231,0
C005997,2025-12,Subprime,53,737,0
C005998,2025-12,Subprime,76,434,0
C005999,2025-12,Subprime,50,678,0
C006000,2025-12,Subprime,38,465,0
C006001,2025-12,Subprime,74,1030,0
C006002,2025-12,Subprime,63,296,0
C006003,2025-12,Subprime,62,494,0
C006004,2025-12,Subprime,100,542,0
C006005,2025-12,Subprime,60,215,0
C006006,2025-12,Subprime,100,461,0
C006007,2025-12,Subprime,92,473,0
C006008,2025-12,Subprime,70,212,0
C006009,2025-12,Subprime,100,670,0
C006010,2025-12,Subprime,57,637,0
C006011,2025-12,Subprime,73,1344,0
C006012,2025-12,Subprime,79,662,0
C006013,2025-12,Subprime,63,669,0
C006014,2025-12,Subprime,72,436,0
C006015,2025-12,Subprime,67,450,0
C006016,2025-12,Subprime,86,624,0
C006017,2025-12,Subprime,91,907,0
C006018,2025-12,Subprime,77,637,0
C006019,2025-12,Subprime,100,798,0
C006020,2025-12,Subprime,76,588,0
C006021,2025-12,Subprime,60,578,0
C006022,2025-12,Subprime,74,687,0
C006023,2025-12,Subprime,60,304,0
C006024,2025-12,Subprime,62,460,0
C006025,2025-12,Subprime,65,234,0
C006026,2025-12,Subprime,98,355,0
C006027,2025-12,Subprime,83,577,1
C006028,2025-12,Subprime,92,444,0
C006029,2025-12,Subprime,89,1106,0
C006030,2025-12,Subprime,92,941,0
C006031,2025-12,Subprime,85,93,0
C006032,2025-12,Subprime,69,0,0
C006033,2025-12,Subprime,84,388,0
C006034,2025-12,Subprime,88,666,0
C006035,2025-12,Subprime,77,545,0
C006036,2025-12,Subprime,74,1116,0
C006037,2025-12,Subprime,62,578,0
C006038,2025-12,Subprime,66,551,0
C006039,2025-12,Subprime,92,440,0
C006040,2025-12,Subprime,61,932,0
C006041,2025-12,Subprime,92,484,1
C006042,2025-12,Subprime,47,978,0
C006043,2025-12,Subprime,70,516,0
C006044,2025-12,Subprime,68,999,0
C006045,2025-12,Subprime,74,757,0
C006046,2025-12,Subprime,79,1251,0
C006047,2025-12,Subprime,47,94,0
C006048,2025-12,Subprime,60,466,0
C006049,2025-12,Subprime,34,1237,0
C006050,2025-12,Subprime,79,788,0
C006051,2025-12,Subprime,78,497,0
C006052,2025-12,Subprime,43,694,0
C006053,2025-12,Subprime,97,297,0
C006054,2025-12,Subprime,70,1092,0
C006055,2025-12,Subprime,56,883,0
C006056,2025-12,Subprime,77,912,0
C006057,2025-12,Subprime,45,544,0
C006058,2025-12,Subprime,95,645,0
C006059,2025-12,Subprime,47,806,0
C006060,2025-12,Subprime,75,106,0
C006061,2025-12,Subprime,63,663,1
C006062,2025-12,Subprime,82,1406,0
C006063,2025-12,Subprime,46,568,1
C006064,2025-12,Subprime,52,386,0
C006065,2025-12,Subprime,54,546,0
C006066,2025-12,Subprime,100,565,0
C006067,2025-12,Subprime,44,683,0
C006068,2025-12,Subprime,59,632,0
C006069,2025-12,Subprime,95,651,0
C006070,2025-12,Subprime,47,601,0
C006071,2025-12,Subprime,66,476,1
C006072,2025-12,Subprime,40,0,0
C006073,2025-12,Subprime,44,501,0
C006074,2025-12,Subprime,74,805,1
C006075,2025-12,Subprime,100,480,0
C006076,2025-12,Subprime,75,848,0
C006077,2025-12,Subprime,71,343,0
C006078,2025-12,Subprime,80,521,0
C006079,2025-12,Subprime,86,401,0
C006080,2025-12,Subprime,64,505,0
C006081,2025-12,Subprime,41,291,0
C006082,2025-12,Subprime,100,373,0
C006083,2025-12,Subprime,94,0,0
C006084,2025-12,Subprime,43,464,0
C006085,2025-12,Subprime,68,573,0
C006086,2025-12,Subprime,85,762,0
C006087,2025-12,Subprime,47,923,0
C006088,2025-12,Subprime,69,741,0
C006089,2025-12,Subprime,48,1126,0
C006090,2025-12,Subprime,76,247,0
C006091,2025-12,Subprime,51,94,0
C006092,2025-12,Subprime,92,336,0
C006093,2025-12,Subprime,64,989,0
C006094,2025-12,Subprime,40,354,0
C006095,2025-12,Subprime,54,574,0
C006096,2025-12,Subprime,68,388,0
C006097,2025-12,Subprime,87,404,0
C006098,2025-12,Subprime,92,439,0
C006099,2025-12,Subprime,78,456,0
C006100,2025-12,Subprime,67,247,0
C006101,2026-01,Prime,37,2070,0
C006102,2026-01,Prime,66,2031,0
C006103,2026-01,Prime,48,2525,0
C006104,2026-01,Prime,15,1634,0
C006105,2026-01,Prime,32,1854,0
C006106,2026-01,Prime,36,658,0
C006107,2026-01,Prime,58,741,0
C006108,2026-01,Prime,13,1964,0
C006109,2026-01,Prime,17,1304,0
C006110,2026-01,Prime,66,1595,0
C006111,2026-01,Prime,34,1620,0
C006112,2026-01,Prime,27,2165,0
C006113,2026-01,Prime,17,187,0
C006114,2026-01,Prime,19,1956,0
C006115,2026-01,Prime,7,1678,0
C006116,2026-01,Prime,16,2591,0
C006117,2026-01,Prime,24,1600,0
C006118,2026-01,Prime,39,1280,0
C006119,2026-01,Prime,7,417,0
C006120,2026-01,Prime,24,1556,0
C006121,2026-01,Prime,12,2391,0
C006122,2026-01,Prime,46,1615,0
C006123,2026-01,Prime,9,1307,0
C006124,2026-01,Prime,63,1104,0
C006125,2026-01,Prime,14,1947,0
C006126,2026-01,Prime,26,2265,0
C006127,2026-01,Prime,1,0,0
C006128,2026-01,Prime,43,995,0
C006129,2026-01,Prime,20,874,0
C006130,2026-01,Prime,32,1958,0
C006131,2026-01,Prime,24,1137,0
C006132,2026-01,Prime,2,1990,0
C006133,2026-01,Prime,60,2477,0
C006134,2026-01,Prime,39,930,1
C006135,2026-01,Prime,33,573,0
C006136,2026-01,Prime,15,1791,0
C006137,2026-01,Prime,16,1792,0
C006138,2026-01,Prime,9,1009,0
C006139,2026-01,Prime,30,921,0
C006140,2026-01,Prime,70,600,0
C006141,2026-01,Prime,20,713,0
C006142,2026-01,Prime,34,1641,0
C006143,2026-01,Prime,34,1904,0
C006144,2026-01,Prime,11,1061,0
C006145,2026-01,Prime,29,1637,0
C006146,2026-01,Prime,54,2172,0
C006147,2026-01,Prime,46,1680,0
C006148,2026-01,Prime,34,1447,0
C006149,2026-01,Prime,28,1368,0
C006150,2026-01,Prime,6,1245,1
C006151,2026-01,Prime,12,770,0
C006152,2026-01,Prime,35,1438,0
C006153,2026-01,Prime,59,2043,0
C006154,2026-01,Prime,31,1313,0
C006155,2026-01,Prime,40,277,0
C006156,2026-01,Prime,1,1147,0
C006157,2026-01,Prime,49,1152,0
C006158,2026-01,Prime,28,606,0
C006159,2026-01,Prime,35,953,0
C006160,2026-01,Prime,45,1378,0
C006161,2026-01,Prime,39,1888,0
C006162,2026-01,Prime,24,965,0
C006163,2026-01,Prime,23,1065,0
C006164,2026-01,Prime,26,1197,0
C006165,2026-01,Prime,49,1629,0
C006166,2026-01,Prime,33,608,0
C006167,2026-01,Prime,37,1303,0
C006168,2026-01,Prime,43,560,0
C006169,2026-01,Prime,55,1550,0
C006170,2026-01,Prime,28,1094,0
C006171,2026-01,Prime,13,1254,0
C006172,2026-01,Prime,58,2051,0
C006173,2026-01,Prime,32,274,0
C006174,2026-01,Prime,39,1158,0
C006175,2026-01,Prime,31,844,0
C006176,2026-01,Prime,17,1932,0
C006177,2026-01,Prime,32,614,0
C006178,2026-01,Prime,51,1414,0
C006179,2026-01,Prime,59,2282,0
C006180,2026-01,Prime,16,1388,0
C006181,2026-01,Prime,27,1179,0
C006182,2026-01,Prime,39,1140,0
C006183,2026-01,Prime,1,3037,0
C006184,2026-01,Prime,19,0,0
C006185,2026-01,Prime,32,598,0
C006186,2026-01,Prime,53,2540,0
C006187,2026-01,Prime,41,569,0
C006188,2026-01,Prime,18,1258,0
C006189,2026-01,Prime,52,1490,0
C006190,2026-01,Prime,30,80,0
C006191,2026-01,Prime,66,2267,0
C006192,2026-01,Prime,69,1571,0
C006193,2026-01,Prime,58,560,0
C006194,2026-01,Prime,53,1523,0
C006195,2026-01,Prime,17,860,0
C006196,2026-01,Prime,91,1730,0
C006197,2026-01,Prime,37,1608,0
C006198,2026-01,Prime,51,1404,0
C006199,2026-01,Prime,47,1487,1
C006200,2026-01,Prime,41,1416,0
C006201,2026-01,Prime,10,1254,0
C006202,2026-01,Prime,20,1386,0
C006203,2026-01,Prime,37,2579,0
C006204,2026-01,Prime,18,1795,0
C006205,2026-01,Prime,46,2618,0
C006206,2026-01,Prime,14,1653,0
C006207,2026-01,Prime,29,2003,0
C006208,2026-01,Prime,35,1681,0
C006209,2026-01,Prime,34,406,0
C006210,2026-01,Prime,62,2842,0
C006211,2026-01,Prime,24,1623,0
C006212,2026-01,Prime,52,2522,0
C006213,2026-01,Prime,17,391,0
C006214,2026-01,Prime,49,2007,0
C006215,2026-01,Prime,57,0,0
C006216,2026-01,Prime,65,2220,0
C006217,2026-01,Prime,11,823,0
C006218,2026-01,Prime,13,1659,0
C006219,2026-01,Prime,32,862,0
C006220,2026-01,Prime,7,1488,0
C006221,2026-01,Prime,62,1052,0
C006222,2026-01,Prime,29,1864,0
C006223,2026-01,Prime,21,1043,0
C006224,2026-01,Prime,46,684,0
C006225,2026-01,Prime,38,1024,0
C006226,2026-01,Prime,45,2276,0
C006227,2026-01,Prime,10,0,0
C006228,2026-01,Prime,50,1782,0
C006229,2026-01,Prime,60,1722,0
C006230,2026-01,Prime,39,2923,0
C006231,2026-01,Prime,41,1135,0
C006232,2026-01,Prime,14,2177,0
C006233,2026-01,Prime,17,1777,0
C006234,2026-01,Prime,25,61,0
C006235,2026-01,Prime,62,2183,0
C006236,2026-01,Prime,64,2862,0
C006237,2026-01,Prime,30,855,0
C006238,2026-01,Prime,23,1309,0
C006239,2026-01,Prime,14,2435,0
C006240,2026-01,Prime,32,1870,0
C006241,2026-01,Prime,32,3732,0
C006242,2026-01,Prime,42,2334,0
C006243,2026-01,Prime,31,1983,0
C006244,2026-01,Prime,40,1819,0
C006245,2026-01,Prime,47,2695,0
C006246,2026-01,Prime,17,1744,0
C006247,2026-01,Prime,13,1230,0
C006248,2026-01,Prime,29,2434,0
C006249,2026-01,Prime,1,774,1
C006250,2026-01,Prime,22,1998,0
C006251,2026-01,Prime,30,1710,0
C006252,2026-01,Prime,42,0,0
C006253,2026-01,Prime,19,2551,0
C006254,2026-01,Prime,14,1591,0
C006255,2026-01,Prime,17,2121,0
C006256,2026-01,Prime,32,1887,0
C006257,2026-01,Prime,75,1439,0
C006258,2026-01,Prime,43,2057,0
C006259,2026-01,Prime,25,764,0
C006260,2026-01,Prime,1,1312,0
C006261,2026-01,Prime,28,968,0
C006262,2026-01,Prime,22,123,0
C006263,2026-01,Prime,24,1158,0
C006264,2026-01,Prime,42,1254,0
C006265,2026-01,Prime,22,1765,0
C006266,2026-01,Prime,11,830,0
C006267,2026-01,Prime,52,2243,0
C006268,2026-01,Prime,3,2137,0
C006269,2026-01,Prime,36,2354,0
C006270,2026-01,Prime,19,1537,0
C006271,2026-01,Prime,23,650,0
C006272,2026-01,Prime,43,728,0
C006273,2026-01,Prime,29,501,0
C006274,2026-01,Prime,16,2249,0
C006275,2026-01,Prime,50,601,0
C006276,2026-01,Prime,1,621,0
C006277,2026-01,Prime,17,1293,0
C006278,2026-01,Prime,48,1955,0
C006279,2026-01,Prime,49,1153,0
C006280,2026-01,Prime,44,581,0
C006281,2026-01,Prime,57,1482,0
C006282,2026-01,Prime,62,2367,0
C006283,2026-01,Prime,1,1298,0
C006284,2026-01,Prime,17,1445,0
C006285,2026-01,Prime,1,1592,0
C006286,2026-01,Prime,35,2966,0
C006287,2026-01,Prime,50,2131,0
C006288,2026-01,Prime,27,703,0
C006289,2026-01,Prime,18,1569,0
C006290,2026-01,Prime,9,1031,0
C006291,2026-01,Prime,20,713,0
C006292,2026-01,Prime,7,821,0
C006293,2026-01,Prime,31,1372,0
C006294,2026-01,Prime,67,998,0
C006295,2026-01,Prime,50,1163,0
C006296,2026-01,Prime,1,1365,0
C006297,2026-01,Prime,1,1842,0
C006298,2026-01,Prime,1,1735,0
C006299,2026-01,Prime,42,734,0
C006300,2026-01,Prime,42,1139,0
C006301,2026-01,Prime,59,1179,0
C006302,2026-01,Prime,27,1965,0
C006303,2026-01,Prime,1,1669,0
C006304,2026-01,Prime,30,1972,0
C006305,2026-01,Prime,37,1242,0
C006306,2026-01,Prime,41,1849,0
C006307,2026-01,Prime,28,394,0
C006308,2026-01,Prime,35,1405,0
C006309,2026-01,Prime,7,149,0
C006310,2026-01,Prime,1,1607,0
C006311,2026-01,Prime,26,1977,0
C006312,2026-01,Prime,41,747,0
C006313,2026-01,Prime,65,1945,0
C006314,2026-01,Prime,14,2809,0
C006315,2026-01,Prime,32,1557,0
C006316,2026-01,Prime,28,1431,0
C006317,2026-01,Prime,46,1803,0
C006318,2026-01,Prime,23,1807,0
C006319,2026-01,Prime,1,358,0
C006320,2026-01,Prime,33,2457,1
C006321,2026-01,Prime,24,1673,0
C006322,2026-01,Prime,13,809,0
C006323,2026-01,Prime,29,2114,0
C006324,2026-01,Prime,1,1273,0
C006325,2026-01,Prime,17,1840,0
C006326,2026-01,Prime,32,2385,0
C006327,2026-01,Prime,16,2081,0
C006328,2026-01,Prime,26,2764,0
C006329,2026-01,Prime,5,816,1
C006330,2026-01,Prime,13,2180,0
C006331,2026-01,Prime,8,1458,0
C006332,2026-01,Prime,1,2328,0
C006333,2026-01,Prime,42,2013,0
C006334,2026-01,Prime,11,519,0
C006335,2026-01,Prime,28,1154,0
C006336,2026-01,Prime,62,1611,0
C006337,2026-01,Prime,23,0,0
C006338,2026-01,Prime,46,1423,0
C006339,2026-01,Prime,32,2137,0
C006340,2026-01,Prime,19,2365,0
C006341,2026-01,Prime,56,879,0
C006342,2026-01,Prime,50,2259,0
C006343,2026-01,Prime,62,1594,0
C006344,2026-01,Prime,18,1692,0
C006345,2026-01,Prime,48,1040,0
C006346,2026-01,Prime,38,1503,0
C006347,2026-01,Prime,3,1874,0
C006348,2026-01,Prime,41,2138,0
C006349,2026-01,Prime,5,2055,0
C006350,2026-01,Prime,5,1964,0
C006351,2026-01,Prime,13,1980,0
C006352,2026-01,Prime,26,543,0
C006353,2026-01,Prime,28,2226,0
C006354,2026-01,Prime,29,832,0
C006355,2026-01,Prime,32,296,0
C006356,2026-01,Prime,5,1533,0
C006357,2026-01,Prime,18,2345,0
C006358,2026-01,Prime,17,1307,0
C006359,2026-01,Prime,38,1178,0
C006360,2026-01,Prime,23,1008,0
C006361,2026-01,Prime,62,2550,0
C006362,2026-01,Prime,51,1988,0
C006363,2026-01,Prime,46,2311,0
C006364,2026-01,Prime,13,550,0
C006365,2026-01,Prime,30,1301,0
C006366,2026-01,Prime,16,2085,0
C006367,2026-01,Prime,46,104,0
C006368,2026-01,Prime,4,1160,0
C006369,2026-01,Prime,18,2170,0
C006370,2026-01,Prime,32,991,0
C006371,2026-01,Prime,27,630,0
C006372,2026-01,Prime,8,1032,0
C006373,2026-01,Prime,42,1531,0
C006374,2026-01,Prime,15,281,0
C006375,2026-01,Prime,5,1820,0
C006376,2026-01,Prime,4,1927,0
C006377,2026-01,Prime,9,1904,0
C006378,2026-01,Prime,28,792,0
C006379,2026-01,Prime,1,2214,0
C006380,2026-01,Prime,51,1357,0
C006381,2026-01,Prime,64,1527,0
C006382,2026-01,Prime,43,981,0
C006383,2026-01,Prime,17,534,0
C006384,2026-01,Prime,17,1908,0
C006385,2026-01,Prime,27,2679,0
C006386,2026-01,Prime,31,2469,0
C006387,2026-01,Prime,28,1503,0
C006388,2026-01,Prime,15,1094,0
C006389,2026-01,Prime,23,1506,0
C006390,2026-01,Prime,34,1608,0
C006391,2026-01,Prime,25,1367,0
C006392,2026-01,Prime,25,1057,0
C006393,2026-01,Prime,50,2993,0
C006394,2026-01,Prime,27,2092,0
C006395,2026-01,Prime,31,598,0
C006396,2026-01,Prime,36,1724,0
C006397,2026-01,Prime,34,1074,0
C006398,2026-01,Prime,25,937,0
C006399,2026-01,Prime,48,1206,0
C006400,2026-01,Prime,56,1366,0
C006401,2026-01,Prime,1,1002,0
C006402,2026-01,Prime,48,373,0
C006403,2026-01,Prime,43,267,0
C006404,2026-01,Prime,27,1490,0
C006405,2026-01,Prime,29,505,0
C006406,2026-01,Prime,35,950,0
C006407,2026-01,Prime,1,1843,0
C006408,2026-01,Prime,29,310,0
C006409,2026-01,Prime,23,2173,0
C006410,2026-01,Prime,1,1937,0
C006411,2026-01,Prime,1,2297,0
C006412,2026-01,Prime,3,703,0
C006413,2026-01,Prime,42,1250,0
C006414,2026-01,Prime,57,1291,0
C006415,2026-01,Prime,8,257,0
C006416,2026-01,Prime,7,1478,0
C006417,2026-01,Prime,5,1497,0
C006418,2026-01,Prime,18,648,0
C006419,2026-01,Prime,11,1076,0
C006420,2026-01,Prime,39,975,0
C006421,2026-01,Prime,41,1604,0
C006422,2026-01,Prime,53,1763,0
C006423,2026-01,Prime,16,1692,0
C006424,2026-01,Prime,32,1357,0
C006425,2026-01,Prime,19,2424,0
C006426,2026-01,Prime,1,936,0
C006427,2026-01,Prime,38,1042,0
C006428,2026-01,Prime,17,1423,0
C006429,2026-01,Prime,2,3398,0
C006430,2026-01,Prime,38,1440,0
C006431,2026-01,Prime,29,692,0
C006432,2026-01,Prime,1,1603,0
C006433,2026-01,Prime,19,1758,0
C006434,2026-01,Prime,41,843,0
C006435,2026-01,Prime,15,1119,0
C006436,2026-01,Prime,14,1252,0
C006437,2026-01,Prime,1,1192,0
C006438,2026-01,Prime,21,1817,0
C006439,2026-01,Prime,39,1758,0
C006440,2026-01,Prime,12,0,0
C006441,2026-01,Prime,43,567,0
C006442,2026-01,Prime,22,2465,0
C006443,2026-01,Prime,12,1500,0
C006444,2026-01,Prime,38,1380,0
C006445,2026-01,Prime,38,1866,0
C006446,2026-01,Prime,43,2044,0
C006447,2026-01,Prime,23,1739,0
C006448,2026-01,Prime,24,907,0
C006449,2026-01,Prime,43,1532,0
C006450,2026-01,Prime,35,1141,1
C006451,2026-01,Prime,8,0,0
C006452,2026-01,Prime,18,2529,0
C006453,2026-01,Prime,21,2475,0
C006454,2026-01,Prime,7,0,0
C006455,2026-01,Prime,5,2130,0
C006456,2026-01,Prime,23,2019,0
C006457,2026-01,Prime,42,266,0
C006458,2026-01,Prime,26,887,0
C006459,2026-01,Prime,20,1208,0
C006460,2026-01,Prime,52,1427,0
C006461,2026-01,Prime,29,693,0
C006462,2026-01,Prime,16,2070,0
C006463,2026-01,Prime,1,1526,0
C006464,2026-01,Prime,31,3042,0
C006465,2026-01,Prime,17,1027,0
C006466,2026-01,Prime,26,3348,0
C006467,2026-01,Prime,40,2594,0
C006468,2026-01,Prime,9,2394,0
C006469,2026-01,Prime,14,977,0
C006470,2026-01,Prime,6,1164,0
C006471,2026-01,Prime,15,1516,0
C006472,2026-01,Prime,1,2727,0
C006473,2026-01,Prime,44,1403,0
C006474,2026-01,Prime,16,1141,0
C006475,2026-01,Prime,39,1532,0
C006476,2026-01,Prime,23,603,0
C006477,2026-01,Prime,1,601,0
C006478,2026-01,Prime,18,1839,0
C006479,2026-01,Prime,10,2287,0
C006480,2026-01,Prime,5,1124,0
C006481,2026-01,Prime,13,1560,0
C006482,2026-01,Prime,16,490,0
C006483,2026-01,Prime,48,295,0
C006484,2026-01,Prime,25,1505,0
C006485,2026-01,Prime,9,529,0
C006486,2026-01,Prime,10,1403,0
C006487,2026-01,Prime,35,0,0
C006488,2026-01,Prime,16,1483,0
C006489,2026-01,Prime,13,1052,0
C006490,2026-01,Prime,64,1926,0
C006491,2026-01,Prime,3,1270,0
C006492,2026-01,Prime,37,1146,0
C006493,2026-01,Prime,35,1932,0
C006494,2026-01,Prime,48,2038,0
C006495,2026-01,Prime,30,1346,0
C006496,2026-01,Prime,53,524,0
C006497,2026-01,Prime,34,1256,0
C006498,2026-01,Prime,44,1503,0
C006499,2026-01,Prime,43,931,0
C006500,2026-01,Prime,15,841,0
C006501,2026-01,Prime,49,375,0
C006502,2026-01,Prime,23,3233,0
C006503,2026-01,Prime,1,1870,0
C006504,2026-01,Prime,25,2041,0
C006505,2026-01,Prime,19,1904,0
C006506,2026-01,Prime,33,1632,0
C006507,2026-01,Prime,11,1915,0
C006508,2026-01,Prime,19,2006,0
C006509,2026-01,Prime,58,1692,0
C006510,2026-01,Prime,38,1004,0
C006511,2026-01,Prime,33,2024,0
C006512,2026-01,Prime,28,1744,0
C006513,2026-01,Prime,29,3235,0
C006514,2026-01,Prime,40,1893,0
C006515,2026-01,Prime,22,2252,0
C006516,2026-01,Prime,44,1891,0
C006517,2026-01,Prime,33,1541,0
C006518,2026-01,Prime,42,719,0
C006519,2026-01,Prime,31,1500,0
C006520,2026-01,Prime,21,4002,0
C006521,2026-01,Prime,67,1225,0
C006522,2026-01,Prime,24,1804,0
C006523,2026-01,Prime,34,747,0
C006524,2026-01,Prime,44,1525,0
C006525,2026-01,Prime,52,2328,0
C006526,2026-01,Prime,26,859,0
C006527,2026-01,Prime,28,923,0
C006528,2026-01,Prime,33,630,0
C006529,2026-01,Prime,42,0,0
C006530,2026-01,Prime,21,237,0
C006531,2026-01,Prime,31,1775,0
C006532,2026-01,Prime,21,1349,0
C006533,2026-01,Prime,19,1168,0
C006534,2026-01,Prime,26,257,0
C006535,2026-01,Prime,49,1274,0
C006536,2026-01,Prime,64,1371,0
C006537,2026-01,Prime,30,1346,0
C006538,2026-01,Prime,19,2329,0
C006539,2026-01,Prime,33,1365,0
C006540,2026-01,Prime,9,866,0
C006541,2026-01,Prime,22,2507,0
C006542,2026-01,Prime,26,1914,0
C006543,2026-01,Prime,65,829,0
C006544,2026-01,Prime,13,1952,0
C006545,2026-01,Prime,27,1995,0
C006546,2026-01,Prime,58,1230,0
C006547,2026-01,Prime,38,2174,0
C006548,2026-01,Prime,20,1618,1
C006549,2026-01,Prime,15,977,0
C006550,2026-01,Prime,30,784,0
C006551,2026-01,Prime,34,2165,0
C006552,2026-01,Prime,48,2479,0
C006553,2026-01,Prime,30,1516,0
C006554,2026-01,Prime,32,1263,0
C006555,2026-01,Prime,10,1270,0
C006556,2026-01,Prime,41,2264,0
C006557,2026-01,Prime,21,954,0
C006558,2026-01,Prime,48,0,0
C006559,2026-01,Prime,17,2615,0
C006560,2026-01,Prime,56,59,0
C006561,2026-01,Prime,59,1780,0
C006562,2026-01,Prime,40,482,0
C006563,2026-01,Prime,62,2405,0
C006564,2026-01,Prime,42,1149,0
C006565,2026-01,Prime,42,761,0
C006566,2026-01,Prime,49,693,0
C006567,2026-01,Prime,36,1714,0
C006568,2026-01,Prime,47,210,0
C006569,2026-01,Prime,14,1261,0
C006570,2026-01,Prime,11,1150,0
C006571,2026-01,Prime,48,278,1
C006572,2026-01,Prime,50,1429,0
C006573,2026-01,Prime,10,1402,0
C006574,2026-01,Prime,47,1433,0
C006575,2026-01,Prime,15,940,0
C006576,2026-01,Prime,20,395,0
C006577,2026-01,Prime,20,1917,0
C006578,2026-01,Prime,46,1612,0
C006579,2026-01,Prime,10,1232,0
C006580,2026-01,Prime,12,1410,0
C006581,2026-01,Near-prime,61,544,0
C006582,2026-01,Near-prime,53,1449,0
C006583,2026-01,Near-prime,57,1018,0
C006584,2026-01,Near-prime,38,895,0
C006585,2026-01,Near-prime,52,1311,0
C006586,2026-01,Near-prime,23,1096,0
C006587,2026-01,Near-prime,61,1038,0
C006588,2026-01,Near-prime,48,1013,0
C006589,2026-01,Near-prime,85,1164,0
C006590,2026-01,Near-prime,52,1164,1
C006591,2026-01,Near-prime,55,137,0
C006592,2026-01,Near-prime,29,1094,0
C006593,2026-01,Near-prime,78,287,0
C006594,2026-01,Near-prime,19,1587,0
C006595,2026-01,Near-prime,73,1092,1
C006596,2026-01,Near-prime,65,1331,0
C006597,2026-01,Near-prime,34,924,0
C006598,2026-01,Near-prime,57,916,0
C006599,2026-01,Near-prime,46,883,0
C006600,2026-01,Near-prime,66,1248,0
C006601,2026-01,Near-prime,50,802,0
C006602,2026-01,Near-prime,35,1239,0
C006603,2026-01,Near-prime,35,297,0
C006604,2026-01,Near-prime,43,1545,1
C006605,2026-01,Near-prime,70,1427,0
C006606,2026-01,Near-prime,42,1138,0
C006607,2026-01,Near-prime,53,1268,0
C006608,2026-01,Near-prime,43,1205,0
C006609,2026-01,Near-prime,31,516,0
C006610,2026-01,Near-prime,52,1070,0
C006611,2026-01,Near-prime,39,1360,0
C006612,2026-01,Near-prime,32,690,0
C006613,2026-01,Near-prime,49,1586,0
C006614,2026-01,Near-prime,33,1051,0
C006615,2026-01,Near-prime,53,1233,0
C006616,2026-01,Near-prime,40,1053,0
C006617,2026-01,Near-prime,24,300,0
C006618,2026-01,Near-prime,80,860,0
C006619,2026-01,Near-prime,52,359,0
C006620,2026-01,Near-prime,49,689,1
C006621,2026-01,Near-prime,16,692,0
C006622,2026-01,Near-prime,72,1272,0
C006623,2026-01,Near-prime,38,1412,0
C006624,2026-01,Near-prime,69,648,1
C006625,2026-01,Near-prime,55,917,0
C006626,2026-01,Near-prime,77,0,0
C006627,2026-01,Near-prime,58,1248,0
C006628,2026-01,Near-prime,71,762,0
C006629,2026-01,Near-prime,43,1404,0
C006630,2026-01,Near-prime,62,659,0
C006631,2026-01,Near-prime,51,737,0
C006632,2026-01,Near-prime,52,883,0
C006633,2026-01,Near-prime,21,486,0
C006634,2026-01,Near-prime,12,1349,0
C006635,2026-01,Near-prime,99,940,0
C006636,2026-01,Near-prime,71,1037,0
C006637,2026-01,Near-prime,76,908,0
C006638,2026-01,Near-prime,16,650,0
C006639,2026-01,Near-prime,54,785,0
C006640,2026-01,Near-prime,53,960,0
C006641,2026-01,Near-prime,68,743,0
C006642,2026-01,Near-prime,72,1110,0
C006643,2026-01,Near-prime,58,589,0
C006644,2026-01,Near-prime,49,945,1
C006645,2026-01,Near-prime,46,1268,0
C006646,2026-01,Near-prime,35,1533,0
C006647,2026-01,Near-prime,55,21,0
C006648,2026-01,Near-prime,28,482,0
C006649,2026-01,Near-prime,50,1236,0
C006650,2026-01,Near-prime,87,1265,0
C006651,2026-01,Near-prime,49,1221,0
C006652,2026-01,Near-prime,47,1161,0
C006653,2026-01,Near-prime,74,276,0
C006654,2026-01,Near-prime,38,1082,0
C006655,2026-01,Near-prime,58,805,0
C006656,2026-01,Near-prime,32,148,0
C006657,2026-01,Near-prime,85,951,0
C006658,2026-01,Near-prime,67,740,0
C006659,2026-01,Near-prime,31,1559,0
C006660,2026-01,Near-prime,16,1660,0
C006661,2026-01,Near-prime,67,1003,0
C006662,2026-01,Near-prime,57,1558,0
C006663,2026-01,Near-prime,30,1841,0
C006664,2026-01,Near-prime,59,649,0
C006665,2026-01,Near-prime,35,1589,0
C006666,2026-01,Near-prime,21,0,0
C006667,2026-01,Near-prime,82,923,0
C006668,2026-01,Near-prime,22,1357,0
C006669,2026-01,Near-prime,42,1134,0
C006670,2026-01,Near-prime,58,1233,0
C006671,2026-01,Near-prime,59,375,0
C006672,2026-01,Near-prime,28,1802,0
C006673,2026-01,Near-prime,60,1559,0
C006674,2026-01,Near-prime,87,1145,1
C006675,2026-01,Near-prime,63,610,0
C006676,2026-01,Near-prime,64,0,0
C006677,2026-01,Near-prime,53,1178,0
C006678,2026-01,Near-prime,42,563,0
C006679,2026-01,Near-prime,34,1120,0
C006680,2026-01,Near-prime,46,1454,0
C006681,2026-01,Near-prime,42,870,0
C006682,2026-01,Near-prime,49,1182,0
C006683,2026-01,Near-prime,96,1043,0
C006684,2026-01,Near-prime,65,619,0
C006685,2026-01,Near-prime,23,832,0
C006686,2026-01,Near-prime,21,1136,0
C006687,2026-01,Near-prime,60,1269,0
C006688,2026-01,Near-prime,85,816,1
C006689,2026-01,Near-prime,52,1013,0
C006690,2026-01,Near-prime,47,353,0
C006691,2026-01,Near-prime,67,1124,0
C006692,2026-01,Near-prime,63,2104,0
C006693,2026-01,Near-prime,16,2052,0
C006694,2026-01,Near-prime,35,0,1
C006695,2026-01,Near-prime,71,816,0
C006696,2026-01,Near-prime,42,765,0
C006697,2026-01,Near-prime,73,478,0
C006698,2026-01,Near-prime,58,719,0
C006699,2026-01,Near-prime,43,1017,0
C006700,2026-01,Near-prime,44,0,1
C006701,2026-01,Near-prime,79,498,0
C006702,2026-01,Near-prime,99,1591,0
C006703,2026-01,Near-prime,47,1292,0
C006704,2026-01,Near-prime,47,1248,0
C006705,2026-01,Near-prime,78,686,0
C006706,2026-01,Near-prime,37,269,0
C006707,2026-01,Near-prime,77,637,0
C006708,2026-01,Near-prime,55,1684,0
C006709,2026-01,Near-prime,47,1329,0
C006710,2026-01,Near-prime,41,416,1
C006711,2026-01,Near-prime,69,910,0
C006712,2026-01,Near-prime,54,1375,0
C006713,2026-01,Near-prime,41,789,0
C006714,2026-01,Near-prime,42,1130,0
C006715,2026-01,Near-prime,56,1043,0
C006716,2026-01,Near-prime,72,1195,0
C006717,2026-01,Near-prime,65,1024,0
C006718,2026-01,Near-prime,68,1262,0
C006719,2026-01,Near-prime,100,24,0
C006720,2026-01,Near-prime,53,1071,0
C006721,2026-01,Near-prime,59,498,0
C006722,2026-01,Near-prime,52,1067,0
C006723,2026-01,Near-prime,54,1056,0
C006724,2026-01,Near-prime,39,1053,0
C006725,2026-01,Near-prime,91,1235,0
C006726,2026-01,Near-prime,64,1253,0
C006727,2026-01,Near-prime,76,411,0
C006728,2026-01,Near-prime,50,789,1
C006729,2026-01,Near-prime,63,740,0
C006730,2026-01,Near-prime,69,578,0
C006731,2026-01,Near-prime,38,811,0
C006732,2026-01,Near-prime,61,1204,0
C006733,2026-01,Near-prime,20,1097,0
C006734,2026-01,Near-prime,29,626,0
C006735,2026-01,Near-prime,43,1103,0
C006736,2026-01,Near-prime,60,727,0
C006737,2026-01,Near-prime,46,1258,0
C006738,2026-01,Near-prime,37,866,0
C006739,2026-01,Near-prime,21,481,0
C006740,2026-01,Near-prime,83,1544,0
C006741,2026-01,Near-prime,56,561,0
C006742,2026-01,Near-prime,35,1311,0
C006743,2026-01,Near-prime,54,1039,0
C006744,2026-01,Near-prime,57,396,0
C006745,2026-01,Near-prime,42,1078,0
C006746,2026-01,Near-prime,68,1711,0
C006747,2026-01,Near-prime,35,925,1
C006748,2026-01,Near-prime,83,716,0
C006749,2026-01,Near-prime,80,856,0
C006750,2026-01,Near-prime,52,1130,0
C006751,2026-01,Near-prime,89,1405,0
C006752,2026-01,Near-prime,52,712,0
C006753,2026-01,Near-prime,46,738,0
C006754,2026-01,Near-prime,34,1044,0
C006755,2026-01,Near-prime,30,816,0
C006756,2026-01,Near-prime,66,1169,0
C006757,2026-01,Near-prime,49,482,0
C006758,2026-01,Near-prime,55,553,0
C006759,2026-01,Near-prime,52,1153,0
C006760,2026-01,Near-prime,60,910,0
C006761,2026-01,Near-prime,44,1072,1
C006762,2026-01,Near-prime,39,0,0
C006763,2026-01,Near-prime,44,1212,0
C006764,2026-01,Near-prime,21,913,0
C006765,2026-01,Near-prime,24,934,0
C006766,2026-01,Near-prime,23,785,0
C006767,2026-01,Near-prime,39,1390,0
C006768,2026-01,Near-prime,63,637,0
C006769,2026-01,Near-prime,42,1166,0
C006770,2026-01,Near-prime,32,1760,0
C006771,2026-01,Near-prime,64,0,0
C006772,2026-01,Near-prime,58,864,0
C006773,2026-01,Near-prime,37,1036,0
C006774,2026-01,Near-prime,30,394,0
C006775,2026-01,Near-prime,30,1286,0
C006776,2026-01,Near-prime,50,1424,0
C006777,2026-01,Near-prime,69,744,0
C006778,2026-01,Near-prime,70,1064,0
C006779,2026-01,Near-prime,56,149,0
C006780,2026-01,Near-prime,47,1438,0
C006781,2026-01,Near-prime,61,830,0
C006782,2026-01,Near-prime,47,374,0
C006783,2026-01,Near-prime,40,1183,0
C006784,2026-01,Near-prime,56,310,0
C006785,2026-01,Near-prime,61,0,0
C006786,2026-01,Near-prime,23,1283,0
C006787,2026-01,Near-prime,51,1200,0
C006788,2026-01,Near-prime,68,1225,0
C006789,2026-01,Near-prime,58,1064,0
C006790,2026-01,Near-prime,72,1124,0
C006791,2026-01,Near-prime,63,973,0
C006792,2026-01,Near-prime,73,391,1
C006793,2026-01,Near-prime,87,1160,0
C006794,2026-01,Near-prime,50,1277,0
C006795,2026-01,Near-prime,32,1566,0
C006796,2026-01,Near-prime,46,244,0
C006797,2026-01,Near-prime,42,1426,0
C006798,2026-01,Near-prime,53,916,0
C006799,2026-01,Near-prime,52,1304,0
C006800,2026-01,Near-prime,34,658,0
C006801,2026-01,Near-prime,64,679,0
C006802,2026-01,Near-prime,59,706,0
C006803,2026-01,Near-prime,47,823,0
C006804,2026-01,Near-prime,48,713,0
C006805,2026-01,Near-prime,46,1121,0
C006806,2026-01,Near-prime,61,552,0
C006807,2026-01,Near-prime,59,1311,0
C006808,2026-01,Near-prime,55,1430,1
C006809,2026-01,Near-prime,31,878,0
C006810,2026-01,Near-prime,39,1046,0
C006811,2026-01,Near-prime,41,424,0
C006812,2026-01,Near-prime,56,1357,0
C006813,2026-01,Near-prime,51,1636,1
C006814,2026-01,Near-prime,63,1487,0
C006815,2026-01,Near-prime,45,780,0
C006816,2026-01,Near-prime,59,1052,0
C006817,2026-01,Near-prime,31,1031,0
C006818,2026-01,Near-prime,48,1148,0
C006819,2026-01,Near-prime,54,688,0
C006820,2026-01,Near-prime,28,743,0
C006821,2026-01,Near-prime,54,706,0
C006822,2026-01,Near-prime,30,1262,0
C006823,2026-01,Near-prime,35,1284,0
C006824,2026-01,Near-prime,32,727,0
C006825,2026-01,Near-prime,36,883,0
C006826,2026-01,Near-prime,63,1659,0
C006827,2026-01,Near-prime,79,1418,0
C006828,2026-01,Near-prime,57,1286,0
C006829,2026-01,Near-prime,45,432,0
C006830,2026-01,Near-prime,46,1519,0
C006831,2026-01,Near-prime,77,391,0
C006832,2026-01,Near-prime,41,1474,0
C006833,2026-01,Near-prime,52,237,0
C006834,2026-01,Near-prime,55,45,0
C006835,2026-01,Near-prime,63,808,0
C006836,2026-01,Near-prime,50,1551,0
C006837,2026-01,Near-prime,77,513,0
C006838,2026-01,Near-prime,32,412,0
C006839,2026-01,Near-prime,64,488,0
C006840,2026-01,Near-prime,70,395,0
C006841,2026-01,Near-prime,64,507,0
C006842,2026-01,Near-prime,26,859,0
C006843,2026-01,Near-prime,72,888,0
C006844,2026-01,Near-prime,60,943,0
C006845,2026-01,Near-prime,45,1501,0
C006846,2026-01,Near-prime,90,2036,0
C006847,2026-01,Near-prime,39,1147,0
C006848,2026-01,Near-prime,57,1431,0
C006849,2026-01,Near-prime,46,1509,0
C006850,2026-01,Near-prime,37,1402,0
C006851,2026-01,Near-prime,33,963,0
C006852,2026-01,Near-prime,43,0,0
C006853,2026-01,Near-prime,51,103,0
C006854,2026-01,Near-prime,71,858,1
C006855,2026-01,Near-prime,8,1085,0
C006856,2026-01,Near-prime,63,2088,0
C006857,2026-01,Near-prime,100,982,0
C006858,2026-01,Near-prime,51,0,0
C006859,2026-01,Near-prime,73,1823,0
C006860,2026-01,Near-prime,51,1011,0
C006861,2026-01,Near-prime,50,1819,0
C006862,2026-01,Near-prime,38,1046,0
C006863,2026-01,Near-prime,51,430,0
C006864,2026-01,Near-prime,63,1600,0
C006865,2026-01,Near-prime,75,752,0
C006866,2026-01,Near-prime,40,988,0
C006867,2026-01,Near-prime,62,185,0
C006868,2026-01,Near-prime,32,850,0
C006869,2026-01,Near-prime,33,407,0
C006870,2026-01,Near-prime,40,1478,0
C006871,2026-01,Near-prime,63,1311,0
C006872,2026-01,Near-prime,74,1195,0
C006873,2026-01,Near-prime,41,895,0
C006874,2026-01,Near-prime,36,1332,0
C006875,2026-01,Near-prime,62,187,0
C006876,2026-01,Near-prime,45,610,0
C006877,2026-01,Near-prime,50,1545,0
C006878,2026-01,Near-prime,52,649,0
C006879,2026-01,Near-prime,42,564,0
C006880,2026-01,Near-prime,76,922,0
C006881,2026-01,Near-prime,45,1056,0
C006882,2026-01,Near-prime,68,786,0
C006883,2026-01,Near-prime,36,455,0
C006884,2026-01,Near-prime,13,1678,0
C006885,2026-01,Near-prime,66,1570,0
C006886,2026-01,Near-prime,66,1345,0
C006887,2026-01,Near-prime,54,1136,0
C006888,2026-01,Near-prime,35,1523,0
C006889,2026-01,Near-prime,43,966,0
C006890,2026-01,Near-prime,72,1273,1
C006891,2026-01,Near-prime,100,1143,0
C006892,2026-01,Near-prime,34,461,0
C006893,2026-01,Near-prime,24,1587,0
C006894,2026-01,Near-prime,74,672,1
C006895,2026-01,Near-prime,84,1402,0
C006896,2026-01,Near-prime,37,719,0
C006897,2026-01,Near-prime,62,1295,0
C006898,2026-01,Near-prime,49,1463,0
C006899,2026-01,Near-prime,19,2129,0
C006900,2026-01,Near-prime,28,1071,0
C006901,2026-01,Near-prime,52,1079,0
C006902,2026-01,Near-prime,44,749,0
C006903,2026-01,Near-prime,64,505,0
C006904,2026-01,Near-prime,66,698,0
C006905,2026-01,Near-prime,42,527,0
C006906,2026-01,Near-prime,54,276,0
C006907,2026-01,Near-prime,67,808,0
C006908,2026-01,Near-prime,39,1205,0
C006909,2026-01,Near-prime,68,655,0
C006910,2026-01,Near-prime,43,2142,0
C006911,2026-01,Near-prime,54,1541,1
C006912,2026-01,Near-prime,65,1267,0
C006913,2026-01,Near-prime,51,1130,0
C006914,2026-01,Near-prime,45,1379,0
C006915,2026-01,Near-prime,51,1926,0
C006916,2026-01,Near-prime,33,1092,0
C006917,2026-01,Near-prime,35,850,1
C006918,2026-01,Near-prime,58,544,0
C006919,2026-01,Near-prime,41,1599,0
C006920,2026-01,Near-prime,67,723,0
C006921,2026-01,Near-prime,32,702,0
C006922,2026-01,Near-prime,50,1539,0
C006923,2026-01,Near-prime,67,329,0
C006924,2026-01,Near-prime,34,2025,1
C006925,2026-01,Near-prime,56,915,0
C006926,2026-01,Near-prime,65,1056,0
C006927,2026-01,Near-prime,49,905,0
C006928,2026-01,Near-prime,84,483,0
C006929,2026-01,Near-prime,56,1756,0
C006930,2026-01,Near-prime,37,1060,0
C006931,2026-01,Near-prime,53,1284,0
C006932,2026-01,Near-prime,46,738,0
C006933,2026-01,Near-prime,79,858,0
C006934,2026-01,Near-prime,31,697,0
C006935,2026-01,Near-prime,52,1224,1
C006936,2026-01,Near-prime,52,1615,0
C006937,2026-01,Near-prime,77,0,0
C006938,2026-01,Near-prime,74,980,0
C006939,2026-01,Near-prime,26,434,0
C006940,2026-01,Near-prime,68,958,0
C006941,2026-01,Near-prime,61,832,0
C006942,2026-01,Near-prime,46,966,0
C006943,2026-01,Near-prime,65,1021,0
C006944,2026-01,Near-prime,61,886,0
C006945,2026-01,Near-prime,91,1378,0
C006946,2026-01,Near-prime,39,1785,0
C006947,2026-01,Near-prime,37,1245,1
C006948,2026-01,Near-prime,39,926,0
C006949,2026-01,Near-prime,57,878,0
C006950,2026-01,Near-prime,41,2126,0
C006951,2026-01,Near-prime,48,107,0
C006952,2026-01,Near-prime,79,811,1
C006953,2026-01,Near-prime,77,1139,0
C006954,2026-01,Near-prime,42,1100,0
C006955,2026-01,Near-prime,38,959,0
C006956,2026-01,Near-prime,44,1090,0
C006957,2026-01,Near-prime,88,1148,0
C006958,2026-01,Near-prime,81,1513,0
C006959,2026-01,Near-prime,48,617,0
C006960,2026-01,Near-prime,44,1871,0
C006961,2026-01,Near-prime,64,252,0
C006962,2026-01,Near-prime,65,475,0
C006963,2026-01,Near-prime,67,1200,0
C006964,2026-01,Near-prime,55,660,0
C006965,2026-01,Near-prime,23,709,0
C006966,2026-01,Near-prime,74,586,1
C006967,2026-01,Near-prime,56,1657,0
C006968,2026-01,Near-prime,45,1229,0
C006969,2026-01,Near-prime,59,1019,0
C006970,2026-01,Near-prime,67,1167,0
C006971,2026-01,Near-prime,41,688,0
C006972,2026-01,Near-prime,20,912,0
C006973,2026-01,Near-prime,69,730,0
C006974,2026-01,Near-prime,84,887,1
C006975,2026-01,Near-prime,36,1042,0
C006976,2026-01,Near-prime,44,1415,0
C006977,2026-01,Near-prime,58,598,0
C006978,2026-01,Near-prime,52,1494,1
C006979,2026-01,Near-prime,60,1266,0
C006980,2026-01,Near-prime,55,854,0
C006981,2026-01,Near-prime,68,1313,0
C006982,2026-01,Near-prime,48,1237,0
C006983,2026-01,Near-prime,22,1924,0
C006984,2026-01,Near-prime,60,674,0
C006985,2026-01,Near-prime,76,924,0
C006986,2026-01,Near-prime,91,1536,1
C006987,2026-01,Near-prime,29,759,0
C006988,2026-01,Near-prime,59,27,1
C006989,2026-01,Near-prime,75,529,0
C006990,2026-01,Near-prime,44,1475,0
C006991,2026-01,Near-prime,49,969,0
C006992,2026-01,Near-prime,54,334,0
C006993,2026-01,Near-prime,40,1120,0
C006994,2026-01,Near-prime,44,780,1
C006995,2026-01,Near-prime,34,690,0
C006996,2026-01,Near-prime,45,1762,0
C006997,2026-01,Near-prime,46,1229,0
C006998,2026-01,Near-prime,40,438,0
C006999,2026-01,Near-prime,17,1704,0
C007000,2026-01,Near-prime,59,1993,0
C007001,2026-01,Near-prime,46,1120,1
C007002,2026-01,Near-prime,44,0,0
C007003,2026-01,Near-prime,75,1258,0
C007004,2026-01,Near-prime,45,1408,0
C007005,2026-01,Near-prime,33,950,0
C007006,2026-01,Near-prime,23,433,0
C007007,2026-01,Near-prime,47,0,0
C007008,2026-01,Near-prime,20,740,0
C007009,2026-01,Near-prime,15,962,1
C007010,2026-01,Near-prime,49,618,0
C007011,2026-01,Subprime,78,152,0
C007012,2026-01,Subprime,60,663,0
C007013,2026-01,Subprime,86,606,0
C007014,2026-01,Subprime,54,84,0
C007015,2026-01,Subprime,69,561,0
C007016,2026-01,Subprime,78,310,0
C007017,2026-01,Subprime,74,462,1
C007018,2026-01,Subprime,77,402,0
C007019,2026-01,Subprime,73,434,0
C007020,2026-01,Subprime,71,725,0
C007021,2026-01,Subprime,53,611,0
C007022,2026-01,Subprime,75,199,0
C007023,2026-01,Subprime,92,701,0
C007024,2026-01,Subprime,57,418,0
C007025,2026-01,Subprime,70,394,0
C007026,2026-01,Subprime,86,448,0
C007027,2026-01,Subprime,78,24,1
C007028,2026-01,Subprime,55,89,0
C007029,2026-01,Subprime,23,1321,0
C007030,2026-01,Subprime,80,494,0
C007031,2026-01,Subprime,48,708,0
C007032,2026-01,Subprime,52,666,0
C007033,2026-01,Subprime,27,692,0
C007034,2026-01,Subprime,71,567,0
C007035,2026-01,Subprime,100,807,0
C007036,2026-01,Subprime,74,423,0
C007037,2026-01,Subprime,78,632,0
C007038,2026-01,Subprime,56,15,0
C007039,2026-01,Subprime,70,726,0
C007040,2026-01,Subprime,66,433,0
C007041,2026-01,Subprime,56,416,0
C007042,2026-01,Subprime,80,55,0
C007043,2026-01,Subprime,58,1204,0
C007044,2026-01,Subprime,52,0,0
C007045,2026-01,Subprime,87,722,0
C007046,2026-01,Subprime,40,406,0
C007047,2026-01,Subprime,74,841,0
C007048,2026-01,Subprime,78,79,0
C007049,2026-01,Subprime,84,1025,0
C007050,2026-01,Subprime,59,943,0
C007051,2026-01,Subprime,77,711,0
C007052,2026-01,Subprime,46,392,0
C007053,2026-01,Subprime,79,398,0
C007054,2026-01,Subprime,55,383,0
C007055,2026-01,Subprime,91,683,0
C007056,2026-01,Subprime,57,317,0
C007057,2026-01,Subprime,73,576,0
C007058,2026-01,Subprime,68,229,0
C007059,2026-01,Subprime,53,640,0
C007060,2026-01,Subprime,73,481,0
C007061,2026-01,Subprime,91,528,0
C007062,2026-01,Subprime,100,1049,1
C007063,2026-01,Subprime,56,258,0
C007064,2026-01,Subprime,50,1244,0
C007065,2026-01,Subprime,97,363,0
C007066,2026-01,Subprime,85,901,0
C007067,2026-01,Subprime,67,588,0
C007068,2026-01,Subprime,100,209,0
C007069,2026-01,Subprime,60,782,0
C007070,2026-01,Subprime,74,150,0
C007071,2026-01,Subprime,79,571,0
C007072,2026-01,Subprime,69,261,0
C007073,2026-01,Subprime,83,715,0
C007074,2026-01,Subprime,63,465,0
C007075,2026-01,Subprime,62,662,0
C007076,2026-01,Subprime,100,952,1
C007077,2026-01,Subprime,57,211,1
C007078,2026-01,Subprime,43,727,0
C007079,2026-01,Subprime,56,319,0
C007080,2026-01,Subprime,91,0,0
C007081,2026-01,Subprime,83,309,1
C007082,2026-01,Subprime,39,857,0
C007083,2026-01,Subprime,56,647,0
C007084,2026-01,Subprime,71,399,0
C007085,2026-01,Subprime,40,462,0
C007086,2026-01,Subprime,41,618,0
C007087,2026-01,Subprime,77,1069,0
C007088,2026-01,Subprime,79,506,1
C007089,2026-01,Subprime,55,890,0
C007090,2026-01,Subprime,79,610,0
C007091,2026-01,Subprime,87,1268,0
C007092,2026-01,Subprime,81,961,0
C007093,2026-01,Subprime,68,523,1
C007094,2026-01,Subprime,63,418,0
C007095,2026-01,Subprime,42,199,0
C007096,2026-01,Subprime,94,722,1
C007097,2026-01,Subprime,94,540,0
C007098,2026-01,Subprime,58,721,0
C007099,2026-01,Subprime,53,1160,0
C007100,2026-01,Subprime,47,700,0
C007101,2026-01,Subprime,88,640,0
C007102,2026-01,Subprime,83,1180,1
C007103,2026-01,Subprime,83,827,0
C007104,2026-01,Subprime,81,1022,0
C007105,2026-01,Subprime,72,647,0
C007106,2026-01,Subprime,100,1335,0
C007107,2026-01,Subprime,73,827,1
C007108,2026-01,Subprime,53,458,0
C007109,2026-01,Subprime,57,326,0
C007110,2026-01,Subprime,74,449,0
C007111,2026-01,Subprime,72,701,1
C007112,2026-01,Subprime,59,659,0
C007113,2026-01,Subprime,48,769,1
C007114,2026-01,Subprime,80,968,1
C007115,2026-01,Subprime,77,11,0
C007116,2026-01,Subprime,87,336,0
C007117,2026-01,Subprime,89,578,0
C007118,2026-01,Subprime,94,602,0
C007119,2026-01,Subprime,55,136,0
C007120,2026-01,Subprime,77,190,0
C007121,2026-01,Subprime,71,442,0
C007122,2026-01,Subprime,64,313,1
C007123,2026-01,Subprime,68,426,0
C007124,2026-01,Subprime,56,709,0
C007125,2026-01,Subprime,80,1068,0
C007126,2026-01,Subprime,100,382,0
C007127,2026-01,Subprime,100,844,0
C007128,2026-01,Subprime,57,694,1
C007129,2026-01,Subprime,74,780,0
C007130,2026-01,Subprime,50,95,1
C007131,2026-01,Subprime,77,505,0
C007132,2026-01,Subprime,74,868,0
C007133,2026-01,Subprime,77,391,0
C007134,2026-01,Subprime,46,864,1
C007135,2026-01,Subprime,68,830,0
C007136,2026-01,Subprime,86,791,0
C007137,2026-01,Subprime,56,759,0
C007138,2026-01,Subprime,82,441,0
C007139,2026-01,Subprime,65,556,0
C007140,2026-01,Subprime,70,189,0
C007141,2026-01,Subprime,64,255,0
C007142,2026-01,Subprime,64,619,0
C007143,2026-01,Subprime,71,696,0
C007144,2026-01,Subprime,59,463,1
C007145,2026-01,Subprime,32,781,0
C007146,2026-01,Subprime,95,1045,0
C007147,2026-01,Subprime,77,367,0
C007148,2026-01,Subprime,75,910,0
C007149,2026-01,Subprime,75,570,0
C007150,2026-01,Subprime,100,468,0
C007151,2026-01,Subprime,100,545,0
C007152,2026-01,Subprime,67,639,0
C007153,2026-01,Subprime,82,376,0
C007154,2026-01,Subprime,70,962,0
C007155,2026-01,Subprime,78,151,0
C007156,2026-01,Subprime,94,413,0
C007157,2026-01,Subprime,61,634,0
C007158,2026-01,Subprime,29,665,0
C007159,2026-01,Subprime,90,659,0
C007160,2026-01,Subprime,100,710,0
C007161,2026-01,Subprime,68,773,1
C007162,2026-01,Subprime,38,701,1
C007163,2026-01,Subprime,62,490,0
C007164,2026-01,Subprime,74,1073,0
C007165,2026-01,Subprime,75,471,0
C007166,2026-01,Subprime,71,803,0
C007167,2026-01,Subprime,74,732,0
C007168,2026-01,Subprime,75,207,0
C007169,2026-01,Subprime,90,226,1
C007170,2026-01,Subprime,61,472,0
C007171,2026-01,Subprime,74,506,0
C007172,2026-01,Subprime,85,419,0
C007173,2026-01,Subprime,75,476,0
C007174,2026-01,Subprime,54,223,0
C007175,2026-01,Subprime,70,147,0
C007176,2026-01,Subprime,71,1070,0
C007177,2026-01,Subprime,84,291,0
C007178,2026-01,Subprime,59,650,0
C007179,2026-01,Subprime,66,866,0
C007180,2026-01,Subprime,58,561,0
C007181,2026-01,Subprime,41,1431,0
C007182,2026-01,Subprime,80,772,0
C007183,2026-01,Subprime,78,754,0
C007184,2026-01,Subprime,54,688,0
C007185,2026-01,Subprime,84,1149,0
C007186,2026-01,Subprime,25,475,0
C007187,2026-01,Subprime,93,451,0
C007188,2026-01,Subprime,100,562,0
C007189,2026-01,Subprime,83,443,0
C007190,2026-01,Subprime,86,490,0
C007191,2026-01,Subprime,69,831,0
C007192,2026-01,Subprime,29,409,0
C007193,2026-01,Subprime,76,157,0
C007194,2026-01,Subprime,45,749,0
C007195,2026-01,Subprime,80,458,1
C007196,2026-01,Subprime,44,626,0
C007197,2026-01,Subprime,75,991,0
C007198,2026-01,Subprime,77,459,0
C007199,2026-01,Subprime,63,462,0
C007200,2026-01,Subprime,91,803,1
C007201,2026-01,Subprime,99,787,0
C007202,2026-01,Subprime,43,628,0
C007203,2026-01,Subprime,79,509,0
C007204,2026-01,Subprime,74,256,0
C007205,2026-01,Subprime,62,551,0
C007206,2026-01,Subprime,100,501,0
C007207,2026-01,Subprime,35,360,0
C007208,2026-01,Subprime,72,387,0
C007209,2026-01,Subprime,56,787,0
C007210,2026-01,Subprime,53,867,0
C007211,2026-01,Subprime,85,797,0
C007212,2026-01,Subprime,71,548,0
C007213,2026-01,Subprime,68,593,1
C007214,2026-01,Subprime,74,825,0
C007215,2026-01,Subprime,70,732,1
C007216,2026-01,Subprime,100,335,0
C007217,2026-01,Subprime,53,524,0
C007218,2026-01,Subprime,83,545,1
C007219,2026-01,Subprime,52,921,0
C007220,2026-01,Subprime,71,718,0
C007221,2026-01,Subprime,92,1021,0
C007222,2026-01,Subprime,48,315,0
C007223,2026-01,Subprime,58,426,0
C007224,2026-01,Subprime,58,716,0
C007225,2026-01,Subprime,69,850,0
C007226,2026-01,Subprime,52,704,0
C007227,2026-01,Subprime,78,835,0
C007228,2026-01,Subprime,67,509,0
C007229,2026-01,Subprime,55,1471,0
C007230,2026-01,Subprime,57,901,0
C007231,2026-01,Subprime,92,730,0
C007232,2026-01,Subprime,75,553,0
C007233,2026-01,Subprime,79,760,0
C007234,2026-01,Subprime,65,465,0
C007235,2026-01,Subprime,65,1011,0
C007236,2026-01,Subprime,83,1208,0
C007237,2026-01,Subprime,57,959,0
C007238,2026-01,Subprime,85,880,1
C007239,2026-01,Subprime,54,733,0
C007240,2026-01,Subprime,48,909,0
C007241,2026-01,Subprime,69,1244,0
C007242,2026-01,Subprime,84,402,0
C007243,2026-01,Subprime,61,528,0
C007244,2026-01,Subprime,61,946,1
C007245,2026-01,Subprime,81,541,0
C007246,2026-01,Subprime,96,258,0
C007247,2026-01,Subprime,70,203,0
C007248,2026-01,Subprime,71,318,0
C007249,2026-01,Subprime,73,276,0
C007250,2026-01,Subprime,38,710,0
C007251,2026-01,Subprime,46,661,1
C007252,2026-01,Subprime,74,241,0
C007253,2026-01,Subprime,59,0,1
C007254,2026-01,Subprime,64,86,0
C007255,2026-01,Subprime,100,904,1
C007256,2026-01,Subprime,78,961,0
C007257,2026-01,Subprime,82,438,1
C007258,2026-01,Subprime,35,0,0
C007259,2026-01,Subprime,71,727,0
C007260,2026-01,Subprime,60,564,0
C007261,2026-01,Subprime,98,716,0
C007262,2026-01,Subprime,73,425,0
C007263,2026-01,Subprime,53,473,0
C007264,2026-01,Subprime,67,589,0
C007265,2026-01,Subprime,51,1330,0
C007266,2026-01,Subprime,73,857,0
C007267,2026-01,Subprime,65,202,1
C007268,2026-01,Subprime,100,570,0
C007269,2026-01,Subprime,26,785,0
C007270,2026-01,Subprime,83,386,0
C007271,2026-01,Subprime,55,577,0
C007272,2026-01,Subprime,58,649,1
C007273,2026-01,Subprime,74,613,0
C007274,2026-01,Subprime,52,212,0
C007275,2026-01,Subprime,53,535,0
C007276,2026-01,Subprime,64,929,0
C007277,2026-01,Subprime,72,461,0
C007278,2026-01,Subprime,57,618,0
C007279,2026-01,Subprime,90,264,0
C007280,2026-01,Subprime,64,777,0
C007281,2026-01,Subprime,93,274,0
C007282,2026-01,Subprime,96,434,0
C007283,2026-01,Subprime,79,403,0
C007284,2026-01,Subprime,94,200,0
C007285,2026-01,Subprime,93,284,0
C007286,2026-01,Subprime,71,905,0
C007287,2026-01,Subprime,58,195,0
C007288,2026-01,Subprime,82,222,0
C007289,2026-01,Subprime,52,757,0
C007290,2026-01,Subprime,48,523,0
C007291,2026-01,Subprime,49,734,0
C007292,2026-01,Subprime,51,273,0
C007293,2026-01,Subprime,65,477,0
C007294,2026-01,Subprime,53,895,0
C007295,2026-01,Subprime,65,902,0
C007296,2026-01,Subprime,81,406,0
C007297,2026-01,Subprime,84,1046,0
C007298,2026-01,Subprime,80,799,0
C007299,2026-01,Subprime,65,1342,0
C007300,2026-01,Subprime,76,246,0
C007301,2026-01,Subprime,75,387,0
C007302,2026-01,Subprime,92,394,0
C007303,2026-01,Subprime,79,384,0
C007304,2026-01,Subprime,68,339,0
C007305,2026-01,Subprime,89,681,0
C007306,2026-01,Subprime,67,888,0
C007307,2026-01,Subprime,86,577,0
C007308,2026-01,Subprime,66,479,0
C007309,2026-01,Subprime,62,683,0
C007310,2026-01,Subprime,75,782,1
C007311,2026-01,Subprime,79,546,0
C007312,2026-01,Subprime,83,1008,0
C007313,2026-01,Subprime,95,360,0
C007314,2026-01,Subprime,51,1088,0
C007315,2026-01,Subprime,69,420,0
C007316,2026-01,Subprime,89,57,0
C007317,2026-01,Subprime,87,327,0
C007318,2026-01,Subprime,94,614,0
C007319,2026-01,Subprime,51,148,0
C007320,2026-01,Subprime,71,589,0
C007321,2026-02,Prime,1,1340,0
C007322,2026-02,Prime,5,1339,0
C007323,2026-02,Prime,34,1881,0
C007324,2026-02,Prime,1,315,0
C007325,2026-02,Prime,36,915,0
C007326,2026-02,Prime,45,1364,0
C007327,2026-02,Prime,1,0,0
C007328,2026-02,Prime,24,1096,0
C007329,2026-02,Prime,26,1683,0
C007330,2026-02,Prime,50,482,0
C007331,2026-02,Prime,25,973,0
C007332,2026-02,Prime,27,1849,0
C007333,2026-02,Prime,16,0,0
C007334,2026-02,Prime,35,2383,0
C007335,2026-02,Prime,1,1579,0
C007336,2026-02,Prime,18,1205,0
C007337,2026-02,Prime,69,1868,0
C007338,2026-02,Prime,1,1667,1
C007339,2026-02,Prime,26,449,0
C007340,2026-02,Prime,24,1077,0
C007341,2026-02,Prime,30,1501,0
C007342,2026-02,Prime,18,1543,0
C007343,2026-02,Prime,20,1858,0
C007344,2026-02,Prime,34,1663,0
C007345,2026-02,Prime,31,1224,0
C007346,2026-02,Prime,62,2039,0
C007347,2026-02,Prime,34,2499,0
C007348,2026-02,Prime,7,2045,0
C007349,2026-02,Prime,1,1998,0
C007350,2026-02,Prime,37,1198,0
C007351,2026-02,Prime,30,1679,0
C007352,2026-02,Prime,27,1531,0
C007353,2026-02,Prime,47,905,0
C007354,2026-02,Prime,43,1732,0
C007355,2026-02,Prime,24,1233,0
C007356,2026-02,Prime,40,1093,0
C007357,2026-02,Prime,60,1378,0
C007358,2026-02,Prime,4,0,0
C007359,2026-02,Prime,31,1531,0
C007360,2026-02,Prime,14,731,0
C007361,2026-02,Prime,25,2119,0
C007362,2026-02,Prime,1,1472,0
C007363,2026-02,Prime,1,0,0
C007364,2026-02,Prime,21,2166,0
C007365,2026-02,Prime,29,1318,0
C007366,2026-02,Prime,61,1090,0
C007367,2026-02,Prime,1,1850,0
C007368,2026-02,Prime,13,1108,0
C007369,2026-02,Prime,9,933,0
C007370,2026-02,Prime,22,1843,0
C007371,2026-02,Prime,15,1444,0
C007372,2026-02,Prime,16,1253,0
C007373,2026-02,Prime,55,0,0
C007374,2026-02,Prime,44,2366,0
C007375,2026-02,Prime,17,480,0
C007376,2026-02,Prime,15,0,0
C007377,2026-02,Prime,22,3898,0
C007378,2026-02,Prime,22,1325,0
C007379,2026-02,Prime,30,791,0
C007380,2026-02,Prime,1,625,0
C007381,2026-02,Prime,30,961,0
C007382,2026-02,Prime,41,0,0
C007383,2026-02,Prime,1,920,0
C007384,2026-02,Prime,57,1178,0
C007385,2026-02,Prime,39,2548,0
C007386,2026-02,Prime,35,186,0
C007387,2026-02,Prime,25,2105,0
C007388,2026-02,Prime,19,1208,0
C007389,2026-02,Prime,32,2279,0
C007390,2026-02,Prime,15,2763,0
C007391,2026-02,Prime,40,1799,0
C007392,2026-02,Prime,28,1985,0
C007393,2026-02,Prime,26,1345,0
C007394,2026-02,Prime,33,587,0
C007395,2026-02,Prime,1,2224,0
C007396,2026-02,Prime,37,25,0
C007397,2026-02,Prime,53,1868,0
C007398,2026-02,Prime,34,1564,0
C007399,2026-02,Prime,42,0,0
C007400,2026-02,Prime,9,1293,0
C007401,2026-02,Prime,30,1759,0
C007402,2026-02,Prime,14,1737,0
C007403,2026-02,Prime,1,1499,0
C007404,2026-02,Prime,44,371,0
C007405,2026-02,Prime,26,2993,0
C007406,2026-02,Prime,39,258,0
C007407,2026-02,Prime,65,1241,0
C007408,2026-02,Prime,30,323,0
C007409,2026-02,Prime,40,3037,0
C007410,2026-02,Prime,1,2070,0
C007411,2026-02,Prime,29,1912,0
C007412,2026-02,Prime,20,1660,0
C007413,2026-02,Prime,35,1030,0
C007414,2026-02,Prime,28,1358,0
C007415,2026-02,Prime,6,1678,0
C007416,2026-02,Prime,24,2507,0
C007417,2026-02,Prime,13,784,0
C007418,2026-02,Prime,48,710,0
C007419,2026-02,Prime,41,2083,0
C007420,2026-02,Prime,1,1561,0
C007421,2026-02,Prime,51,609,0
C007422,2026-02,Prime,1,1054,0
C007423,2026-02,Prime,37,1207,0
C007424,2026-02,Prime,29,2428,0
C007425,2026-02,Prime,24,949,0
C007426,2026-02,Prime,28,1056,0
C007427,2026-02,Prime,4,2814,0
C007428,2026-02,Prime,32,2055,1
C007429,2026-02,Prime,44,1517,0
C007430,2026-02,Prime,40,1714,0
C007431,2026-02,Prime,47,1956,0
C007432,2026-02,Prime,30,1587,0
C007433,2026-02,Prime,1,783,0
C007434,2026-02,Prime,41,3008,0
C007435,2026-02,Prime,1,1765,0
C007436,2026-02,Prime,39,1181,0
C007437,2026-02,Prime,28,1181,0
C007438,2026-02,Prime,10,2589,0
C007439,2026-02,Prime,23,2537,0
C007440,2026-02,Prime,36,1882,0
C007441,2026-02,Prime,15,334,0
C007442,2026-02,Prime,47,1129,0
C007443,2026-02,Prime,34,1333,0
C007444,2026-02,Prime,37,1594,0
C007445,2026-02,Prime,28,1271,0
C007446,2026-02,Prime,51,1401,0
C007447,2026-02,Prime,10,1902,0
C007448,2026-02,Prime,24,564,0
C007449,2026-02,Prime,22,516,0
C007450,2026-02,Prime,45,1416,0
C007451,2026-02,Prime,11,1435,0
C007452,2026-02,Prime,17,1192,0
C007453,2026-02,Prime,20,1589,0
C007454,2026-02,Prime,47,1481,0
C007455,2026-02,Prime,24,1576,0
C007456,2026-02,Prime,12,712,0
C007457,2026-02,Prime,11,682,0
C007458,2026-02,Prime,18,2024,0
C007459,2026-02,Prime,18,1597,0
C007460,2026-02,Prime,1,1287,0
C007461,2026-02,Prime,29,2471,0
C007462,2026-02,Prime,19,88,0
C007463,2026-02,Prime,20,1383,0
C007464,2026-02,Prime,1,2536,0
C007465,2026-02,Prime,39,0,0
C007466,2026-02,Prime,2,461,0
C007467,2026-02,Prime,31,1469,0
C007468,2026-02,Prime,71,1418,0
C007469,2026-02,Prime,9,611,0
C007470,2026-02,Prime,24,1653,0
C007471,2026-02,Prime,18,2368,0
C007472,2026-02,Prime,43,1990,0
C007473,2026-02,Prime,41,1769,0
C007474,2026-02,Prime,15,2394,0
C007475,2026-02,Prime,38,1324,0
C007476,2026-02,Prime,52,652,0
C007477,2026-02,Prime,25,561,0
C007478,2026-02,Prime,19,1353,0
C007479,2026-02,Prime,85,1368,0
C007480,2026-02,Prime,14,1626,0
C007481,2026-02,Prime,34,1420,0
C007482,2026-02,Prime,1,1707,0
C007483,2026-02,Prime,19,1555,0
C007484,2026-02,Prime,13,459,0
C007485,2026-02,Prime,50,633,0
C007486,2026-02,Prime,29,2969,0
C007487,2026-02,Prime,34,1343,0
C007488,2026-02,Prime,1,711,0
C007489,2026-02,Prime,54,2634,0
C007490,2026-02,Prime,24,2159,0
C007491,2026-02,Prime,27,1227,0
C007492,2026-02,Prime,48,1699,0
C007493,2026-02,Prime,37,1755,0
C007494,2026-02,Prime,23,915,0
C007495,2026-02,Prime,21,2699,0
C007496,2026-02,Prime,15,819,0
C007497,2026-02,Prime,42,1131,0
C007498,2026-02,Prime,32,868,0
C007499,2026-02,Prime,31,914,0
C007500,2026-02,Prime,4,2922,0
C007501,2026-02,Prime,6,3664,0
C007502,2026-02,Prime,39,2194,0
C007503,2026-02,Prime,16,1244,0
C007504,2026-02,Prime,12,1114,0
C007505,2026-02,Prime,67,838,0
C007506,2026-02,Prime,39,1308,0
C007507,2026-02,Prime,1,817,0
C007508,2026-02,Prime,25,1650,0
C007509,2026-02,Prime,36,1588,0
C007510,2026-02,Prime,64,1549,0
C007511,2026-02,Prime,41,1866,0
C007512,2026-02,Prime,22,2192,0
C007513,2026-02,Prime,28,802,0
C007514,2026-02,Prime,70,1444,0
C007515,2026-02,Prime,13,2342,0
C007516,2026-02,Prime,43,1449,0
C007517,2026-02,Prime,41,705,0
C007518,2026-02,Prime,1,1908,0
C007519,2026-02,Prime,24,818,0
C007520,2026-02,Prime,55,862,0
C007521,2026-02,Prime,30,2319,0
C007522,2026-02,Prime,1,1011,0
C007523,2026-02,Prime,36,2086,0
C007524,2026-02,Prime,6,1222,0
C007525,2026-02,Prime,30,1909,0
C007526,2026-02,Prime,8,1484,0
C007527,2026-02,Prime,27,717,0
C007528,2026-02,Prime,52,1203,0
C007529,2026-02,Prime,55,1517,0
C007530,2026-02,Prime,47,799,1
C007531,2026-02,Prime,23,1118,0
C007532,2026-02,Prime,19,1428,0
C007533,2026-02,Prime,6,1696,0
C007534,2026-02,Prime,1,2040,0
C007535,2026-02,Prime,14,1661,0
C007536,2026-02,Prime,24,829,0
C007537,2026-02,Prime,9,1773,0
C007538,2026-02,Prime,21,1485,0
C007539,2026-02,Prime,68,1568,0
C007540,2026-02,Prime,30,1682,0
C007541,2026-02,Prime,38,2091,0
C007542,2026-02,Prime,20,919,0
C007543,2026-02,Prime,24,1100,0
C007544,2026-02,Prime,64,1195,0
C007545,2026-02,Prime,36,423,0
C007546,2026-02,Prime,35,1157,0
C007547,2026-02,Prime,54,1099,0
C007548,2026-02,Prime,22,486,0
C007549,2026-02,Prime,8,2301,0
C007550,2026-02,Prime,8,1801,0
C007551,2026-02,Prime,34,800,0
C007552,2026-02,Prime,41,1362,0
C007553,2026-02,Prime,19,605,0
C007554,2026-02,Prime,16,1673,0
C007555,2026-02,Prime,22,1496,0
C007556,2026-02,Prime,6,2517,0
C007557,2026-02,Prime,20,2485,0
C007558,2026-02,Prime,24,256,0
C007559,2026-02,Prime,50,1188,0
C007560,2026-02,Prime,15,1487,0
C007561,2026-02,Prime,37,2054,0
C007562,2026-02,Prime,27,713,0
C007563,2026-02,Prime,33,485,0
C007564,2026-02,Prime,21,1348,0
C007565,2026-02,Prime,16,1607,0
C007566,2026-02,Prime,33,876,0
C007567,2026-02,Prime,45,1391,0
C007568,2026-02,Prime,39,2127,0
C007569,2026-02,Prime,45,1103,0
C007570,2026-02,Prime,33,1625,0
C007571,2026-02,Prime,5,9,0
C007572,2026-02,Prime,23,1401,0
C007573,2026-02,Prime,6,2546,1
C007574,2026-02,Prime,25,1260,0
C007575,2026-02,Prime,41,1357,1
C007576,2026-02,Prime,33,869,0
C007577,2026-02,Prime,15,764,0
C007578,2026-02,Prime,33,117,0
C007579,2026-02,Prime,3,2381,0
C007580,2026-02,Prime,58,2138,0
C007581,2026-02,Prime,21,1035,0
C007582,2026-02,Prime,31,2035,0
C007583,2026-02,Prime,21,914,0
C007584,2026-02,Prime,58,960,0
C007585,2026-02,Prime,52,1892,0
C007586,2026-02,Prime,23,1919,0
C007587,2026-02,Prime,18,1539,0
C007588,2026-02,Prime,9,0,1
C007589,2026-02,Prime,73,2402,0
C007590,2026-02,Prime,38,2156,0
C007591,2026-02,Prime,13,1608,0
C007592,2026-02,Prime,13,1848,0
C007593,2026-02,Prime,18,1030,0
C007594,2026-02,Prime,2,1246,0
C007595,2026-02,Prime,37,368,0
C007596,2026-02,Prime,55,2207,0
C007597,2026-02,Prime,40,912,0
C007598,2026-02,Prime,16,1814,0
C007599,2026-02,Prime,21,313,0
C007600,2026-02,Prime,36,3113,0
C007601,2026-02,Prime,18,292,0
C007602,2026-02,Prime,32,864,0
C007603,2026-02,Prime,7,2575,0
C007604,2026-02,Prime,80,1653,0
C007605,2026-02,Prime,40,1179,0
C007606,2026-02,Prime,22,2053,0
C007607,2026-02,Prime,75,0,0
C007608,2026-02,Prime,21,452,0
C007609,2026-02,Prime,35,1012,0
C007610,2026-02,Prime,34,1934,0
C007611,2026-02,Prime,1,2103,0
C007612,2026-02,Prime,8,1945,0
C007613,2026-02,Prime,44,1329,0
C007614,2026-02,Prime,52,1428,0
C007615,2026-02,Prime,39,1239,0
C007616,2026-02,Prime,24,3443,1
C007617,2026-02,Prime,14,248,0
C007618,2026-02,Prime,20,1404,0
C007619,2026-02,Prime,68,1475,0
C007620,2026-02,Prime,47,218,0
C007621,2026-02,Prime,61,1655,0
C007622,2026-02,Prime,31,810,0
C007623,2026-02,Prime,1,1465,0
C007624,2026-02,Prime,46,74,0
C007625,2026-02,Prime,53,165,0
C007626,2026-02,Prime,48,1423,1
C007627,2026-02,Prime,38,1436,0
C007628,2026-02,Prime,10,0,0
C007629,2026-02,Prime,41,1101,0
C007630,2026-02,Prime,18,2145,0
C007631,2026-02,Prime,8,1870,0
C007632,2026-02,Prime,21,2359,0
C007633,2026-02,Prime,12,2910,0
C007634,2026-02,Prime,15,1669,0
C007635,2026-02,Prime,7,1326,0
C007636,2026-02,Prime,21,1921,0
C007637,2026-02,Prime,1,1811,0
C007638,2026-02,Prime,5,2573,0
C007639,2026-02,Prime,9,2181,0
C007640,2026-02,Prime,13,2014,0
C007641,2026-02,Prime,18,1819,0
C007642,2026-02,Prime,24,1883,0
C007643,2026-02,Prime,1,2088,0
C007644,2026-02,Prime,34,1226,0
C007645,2026-02,Prime,51,2161,0
C007646,2026-02,Prime,32,1236,0
C007647,2026-02,Prime,17,1513,0
C007648,2026-02,Prime,13,1196,0
C007649,2026-02,Prime,30,1263,0
C007650,2026-02,Prime,35,0,0
C007651,2026-02,Prime,43,1652,0
C007652,2026-02,Prime,50,1357,0
C007653,2026-02,Prime,28,1192,0
C007654,2026-02,Prime,1,1118,0
C007655,2026-02,Prime,53,3161,0
C007656,2026-02,Prime,46,2256,0
C007657,2026-02,Prime,33,531,0
C007658,2026-02,Prime,23,2288,0
C007659,2026-02,Prime,65,666,0
C007660,2026-02,Prime,39,1693,0
C007661,2026-02,Prime,17,3125,0
C007662,2026-02,Prime,11,1661,0
C007663,2026-02,Prime,15,804,0
C007664,2026-02,Prime,25,952,0
C007665,2026-02,Prime,49,1142,0
C007666,2026-02,Prime,12,262,0
C007667,2026-02,Prime,11,701,0
C007668,2026-02,Prime,36,2338,0
C007669,2026-02,Prime,17,657,0
C007670,2026-02,Prime,5,506,0
C007671,2026-02,Prime,14,2958,0
C007672,2026-02,Prime,48,1993,0
C007673,2026-02,Prime,37,230,0
C007674,2026-02,Prime,29,2947,0
C007675,2026-02,Prime,1,1422,0
C007676,2026-02,Prime,36,626,0
C007677,2026-02,Prime,35,1602,0
C007678,2026-02,Prime,34,0,0
C007679,2026-02,Prime,9,1845,0
C007680,2026-02,Prime,23,2041,0
C007681,2026-02,Prime,38,990,0
C007682,2026-02,Prime,21,348,0
C007683,2026-02,Prime,54,926,0
C007684,2026-02,Prime,21,955,0
C007685,2026-02,Prime,27,1486,0
C007686,2026-02,Prime,24,1860,0
C007687,2026-02,Prime,53,1785,0
C007688,2026-02,Prime,40,1795,0
C007689,2026-02,Prime,12,763,0
C007690,2026-02,Prime,17,834,0
C007691,2026-02,Prime,31,2066,0
C007692,2026-02,Prime,1,1120,0
C007693,2026-02,Prime,32,2518,0
C007694,2026-02,Prime,8,2360,0
C007695,2026-02,Prime,6,1025,0
C007696,2026-02,Prime,13,419,0
C007697,2026-02,Prime,19,2086,0
C007698,2026-02,Prime,1,1281,0
C007699,2026-02,Prime,21,2377,0
C007700,2026-02,Prime,45,3368,0
C007701,2026-02,Prime,27,807,0
C007702,2026-02,Prime,46,2465,0
C007703,2026-02,Prime,49,1102,0
C007704,2026-02,Prime,1,2498,0
C007705,2026-02,Prime,3,1643,0
C007706,2026-02,Prime,1,947,0
C007707,2026-02,Prime,23,1976,0
C007708,2026-02,Prime,15,1457,0
C007709,2026-02,Prime,33,1429,0
C007710,2026-02,Prime,11,1738,0
C007711,2026-02,Prime,5,1060,0
C007712,2026-02,Prime,3,2561,0
C007713,2026-02,Prime,34,1939,0
C007714,2026-02,Prime,21,511,0
C007715,2026-02,Prime,28,1555,0
C007716,2026-02,Prime,17,1750,0
C007717,2026-02,Prime,18,810,0
C007718,2026-02,Prime,12,1658,0
C007719,2026-02,Prime,2,0,0
C007720,2026-02,Prime,31,2074,0
C007721,2026-02,Prime,56,1465,0
C007722,2026-02,Prime,1,2307,0
C007723,2026-02,Prime,33,448,0
C007724,2026-02,Prime,10,2655,0
C007725,2026-02,Prime,18,1728,0
C007726,2026-02,Prime,8,1677,0
C007727,2026-02,Prime,40,1739,0
C007728,2026-02,Prime,17,1138,0
C007729,2026-02,Prime,36,1206,0
C007730,2026-02,Prime,39,2318,0
C007731,2026-02,Prime,17,1747,0
C007732,2026-02,Prime,37,2018,0
C007733,2026-02,Prime,23,2259,0
C007734,2026-02,Prime,46,1871,0
C007735,2026-02,Prime,38,1417,0
C007736,2026-02,Prime,1,1543,0
C007737,2026-02,Prime,49,540,0
C007738,2026-02,Prime,27,785,0
C007739,2026-02,Prime,31,1402,0
C007740,2026-02,Prime,21,2370,0
C007741,2026-02,Prime,21,1703,0
C007742,2026-02,Prime,34,1563,0
C007743,2026-02,Prime,22,639,0
C007744,2026-02,Prime,13,1875,0
C007745,2026-02,Prime,46,3009,0
C007746,2026-02,Prime,17,1841,0
C007747,2026-02,Prime,10,0,0
C007748,2026-02,Prime,75,1432,0
C007749,2026-02,Prime,45,191,0
C007750,2026-02,Prime,40,2065,0
C007751,2026-02,Prime,9,1913,0
C007752,2026-02,Prime,32,1068,0
C007753,2026-02,Prime,47,1322,0
C007754,2026-02,Prime,27,772,0
C007755,2026-02,Prime,15,1554,0
C007756,2026-02,Prime,53,2598,0
C007757,2026-02,Prime,1,2523,0
C007758,2026-02,Prime,56,2580,0
C007759,2026-02,Prime,34,1194,0
C007760,2026-02,Prime,23,2569,0
C007761,2026-02,Prime,29,987,0
C007762,2026-02,Prime,14,1102,0
C007763,2026-02,Prime,56,1397,0
C007764,2026-02,Prime,12,1025,0
C007765,2026-02,Prime,33,2882,0
C007766,2026-02,Prime,43,757,0
C007767,2026-02,Prime,12,1760,0
C007768,2026-02,Prime,13,0,0
C007769,2026-02,Prime,16,781,0
C007770,2026-02,Prime,9,1792,0
C007771,2026-02,Prime,31,1656,0
C007772,2026-02,Prime,4,1151,0
C007773,2026-02,Prime,7,1452,0
C007774,2026-02,Prime,10,2261,0
C007775,2026-02,Prime,58,2100,0
C007776,2026-02,Prime,22,1447,0
C007777,2026-02,Prime,1,850,0
C007778,2026-02,Prime,36,1298,0
C007779,2026-02,Prime,32,2499,0
C007780,2026-02,Prime,18,1650,0
C007781,2026-02,Prime,54,726,0
C007782,2026-02,Prime,19,434,0
C007783,2026-02,Prime,43,1595,0
C007784,2026-02,Prime,19,2147,0
C007785,2026-02,Prime,42,1034,0
C007786,2026-02,Prime,43,2242,0
C007787,2026-02,Prime,30,1211,0
C007788,2026-02,Prime,24,1351,0
C007789,2026-02,Prime,8,784,0
C007790,2026-02,Prime,37,1119,0
C007791,2026-02,Prime,46,1166,0
C007792,2026-02,Prime,41,1291,0
C007793,2026-02,Prime,30,1742,0
C007794,2026-02,Prime,1,1322,0
C007795,2026-02,Prime,39,1487,0
C007796,2026-02,Prime,1,1124,0
C007797,2026-02,Prime,19,1870,0
C007798,2026-02,Prime,31,2617,0
C007799,2026-02,Prime,34,2235,0
C007800,2026-02,Prime,17,867,0
C007801,2026-02,Near-prime,42,1653,0
C007802,2026-02,Near-prime,57,728,0
C007803,2026-02,Near-prime,37,911,0
C007804,2026-02,Near-prime,58,640,0
C007805,2026-02,Near-prime,80,925,0
C007806,2026-02,Near-prime,57,852,0
C007807,2026-02,Near-prime,79,1124,0
C007808,2026-02,Near-prime,63,1012,0
C007809,2026-02,Near-prime,41,1124,0
C007810,2026-02,Near-prime,45,1353,0
C007811,2026-02,Near-prime,51,1018,0
C007812,2026-02,Near-prime,75,632,0
C007813,2026-02,Near-prime,43,167,0
C007814,2026-02,Near-prime,69,1307,0
C007815,2026-02,Near-prime,22,619,0
C007816,2026-02,Near-prime,47,1108,0
C007817,2026-02,Near-prime,54,730,0
C007818,2026-02,Near-prime,56,525,0
C007819,2026-02,Near-prime,75,1598,0
C007820,2026-02,Near-prime,7,540,0
C007821,2026-02,Near-prime,33,789,0
C007822,2026-02,Near-prime,55,2006,0
C007823,2026-02,Near-prime,46,643,0
C007824,2026-02,Near-prime,38,394,0
C007825,2026-02,Near-prime,67,255,0
C007826,2026-02,Near-prime,67,2094,0
C007827,2026-02,Near-prime,38,1912,0
C007828,2026-02,Near-prime,73,1677,0
C007829,2026-02,Near-prime,52,425,0
C007830,2026-02,Near-prime,32,0,0
C007831,2026-02,Near-prime,56,1314,0
C007832,2026-02,Near-prime,48,1018,0
C007833,2026-02,Near-prime,34,1696,0
C007834,2026-02,Near-prime,28,767,0
C007835,2026-02,Near-prime,37,552,0
C007836,2026-02,Near-prime,38,1211,0
C007837,2026-02,Near-prime,63,1461,0
C007838,2026-02,Near-prime,29,647,0
C007839,2026-02,Near-prime,72,1036,0
C007840,2026-02,Near-prime,79,702,0
C007841,2026-02,Near-prime,18,1056,0
C007842,2026-02,Near-prime,34,1264,0
C007843,2026-02,Near-prime,83,1034,1
C007844,2026-02,Near-prime,19,1028,0
C007845,2026-02,Near-prime,56,1070,0
C007846,2026-02,Near-prime,34,1496,0
C007847,2026-02,Near-prime,59,1333,0
C007848,2026-02,Near-prime,40,1267,0
C007849,2026-02,Near-prime,51,678,0
C007850,2026-02,Near-prime,72,858,0
C007851,2026-02,Near-prime,57,1514,0
C007852,2026-02,Near-prime,33,1517,0
C007853,2026-02,Near-prime,78,1411,0
C007854,2026-02,Near-prime,25,1335,0
C007855,2026-02,Near-prime,55,1047,0
C007856,2026-02,Near-prime,22,987,0
C007857,2026-02,Near-prime,97,1933,1
C007858,2026-02,Near-prime,33,953,0
C007859,2026-02,Near-prime,59,711,0
C007860,2026-02,Near-prime,48,1324,1
C007861,2026-02,Near-prime,64,465,1
C007862,2026-02,Near-prime,36,1068,0
C007863,2026-02,Near-prime,62,1551,0
C007864,2026-02,Near-prime,34,1288,0
C007865,2026-02,Near-prime,38,493,0
C007866,2026-02,Near-prime,47,1089,0
C007867,2026-02,Near-prime,11,812,0
C007868,2026-02,Near-prime,46,547,1
C007869,2026-02,Near-prime,37,738,0
C007870,2026-02,Near-prime,63,1756,0
C007871,2026-02,Near-prime,45,621,0
C007872,2026-02,Near-prime,41,872,0
C007873,2026-02,Near-prime,38,1112,0
C007874,2026-02,Near-prime,48,1543,0
C007875,2026-02,Near-prime,42,2097,0
C007876,2026-02,Near-prime,37,1505,0
C007877,2026-02,Near-prime,83,1022,0
C007878,2026-02,Near-prime,45,946,0
C007879,2026-02,Near-prime,46,1060,0
C007880,2026-02,Near-prime,37,570,0
C007881,2026-02,Near-prime,41,833,0
C007882,2026-02,Near-prime,9,433,0
C007883,2026-02,Near-prime,42,533,0
C007884,2026-02,Near-prime,78,616,0
C007885,2026-02,Near-prime,30,1417,0
C007886,2026-02,Near-prime,33,248,1
C007887,2026-02,Near-prime,13,1121,0
C007888,2026-02,Near-prime,51,1204,0
C007889,2026-02,Near-prime,58,167,0
C007890,2026-02,Near-prime,27,1698,0
C007891,2026-02,Near-prime,45,1289,0
C007892,2026-02,Near-prime,22,1689,0
C007893,2026-02,Near-prime,73,506,0
C007894,2026-02,Near-prime,51,757,0
C007895,2026-02,Near-prime,61,815,0
C007896,2026-02,Near-prime,63,1107,1
C007897,2026-02,Near-prime,55,1543,0
C007898,2026-02,Near-prime,66,1041,0
C007899,2026-02,Near-prime,60,620,0
C007900,2026-02,Near-prime,25,901,0
C007901,2026-02,Near-prime,39,1100,0
C007902,2026-02,Near-prime,36,1635,0
C007903,2026-02,Near-prime,52,843,0
C007904,2026-02,Near-prime,39,1567,0
C007905,2026-02,Near-prime,26,441,0
C007906,2026-02,Near-prime,27,950,0
C007907,2026-02,Near-prime,97,2027,0
C007908,2026-02,Near-prime,73,1253,0
C007909,2026-02,Near-prime,38,1063,0
C007910,2026-02,Near-prime,37,1449,0
C007911,2026-02,Near-prime,75,718,0
C007912,2026-02,Near-prime,58,433,0
C007913,2026-02,Near-prime,62,1262,0
C007914,2026-02,Near-prime,53,1313,0
C007915,2026-02,Near-prime,36,1087,0
C007916,2026-02,Near-prime,27,149,0
C007917,2026-02,Near-prime,41,1198,0
C007918,2026-02,Near-prime,56,1180,0
C007919,2026-02,Near-prime,27,840,0
C007920,2026-02,Near-prime,26,913,0
C007921,2026-02,Near-prime,56,358,0
C007922,2026-02,Near-prime,48,1104,0
C007923,2026-02,Near-prime,21,673,0
C007924,2026-02,Near-prime,24,886,0
C007925,2026-02,Near-prime,38,2180,0
C007926,2026-02,Near-prime,53,1181,0
C007927,2026-02,Near-prime,18,922,0
C007928,2026-02,Near-prime,22,272,0
C007929,2026-02,Near-prime,79,694,0
C007930,2026-02,Near-prime,57,962,0
C007931,2026-02,Near-prime,22,1234,0
C007932,2026-02,Near-prime,47,392,0
C007933,2026-02,Near-prime,45,1813,0
C007934,2026-02,Near-prime,54,353,0
C007935,2026-02,Near-prime,63,739,0
C007936,2026-02,Near-prime,53,890,1
C007937,2026-02,Near-prime,46,1170,0
C007938,2026-02,Near-prime,60,1846,0
C007939,2026-02,Near-prime,100,1115,0
C007940,2026-02,Near-prime,61,368,0
C007941,2026-02,Near-prime,34,911,0
C007942,2026-02,Near-prime,69,1322,0
C007943,2026-02,Near-prime,49,1608,0
C007944,2026-02,Near-prime,55,1378,0
C007945,2026-02,Near-prime,62,1267,0
C007946,2026-02,Near-prime,62,1066,0
C007947,2026-02,Near-prime,63,368,0
C007948,2026-02,Near-prime,71,798,0
C007949,2026-02,Near-prime,75,1393,0
C007950,2026-02,Near-prime,47,1054,0
C007951,2026-02,Near-prime,60,1386,0
C007952,2026-02,Near-prime,55,521,0
C007953,2026-02,Near-prime,32,1202,0
C007954,2026-02,Near-prime,67,948,0
C007955,2026-02,Near-prime,76,932,0
C007956,2026-02,Near-prime,31,27,0
C007957,2026-02,Near-prime,41,714,0
C007958,2026-02,Near-prime,48,796,0
C007959,2026-02,Near-prime,66,1444,0
C007960,2026-02,Near-prime,57,879,0
C007961,2026-02,Near-prime,51,1178,0
C007962,2026-02,Near-prime,41,249,0
C007963,2026-02,Near-prime,31,942,0
C007964,2026-02,Near-prime,46,777,0
C007965,2026-02,Near-prime,58,1522,0
C007966,2026-02,Near-prime,22,1043,0
C007967,2026-02,Near-prime,75,742,0
C007968,2026-02,Near-prime,19,374,0
C007969,2026-02,Near-prime,96,659,0
C007970,2026-02,Near-prime,64,275,0
C007971,2026-02,Near-prime,59,337,0
C007972,2026-02,Near-prime,64,658,0
C007973,2026-02,Near-prime,73,389,0
C007974,2026-02,Near-prime,76,1361,0
C007975,2026-02,Near-prime,28,867,0
C007976,2026-02,Near-prime,66,1411,0
C007977,2026-02,Near-prime,49,1121,0
C007978,2026-02,Near-prime,42,1714,0
C007979,2026-02,Near-prime,79,1223,0
C007980,2026-02,Near-prime,46,1167,0
C007981,2026-02,Near-prime,68,540,0
C007982,2026-02,Near-prime,78,763,0
C007983,2026-02,Near-prime,46,439,0
C007984,2026-02,Near-prime,71,1232,0
C007985,2026-02,Near-prime,68,617,0
C007986,2026-02,Near-prime,65,836,0
C007987,2026-02,Near-prime,46,1505,0
C007988,2026-02,Near-prime,32,626,0
C007989,2026-02,Near-prime,40,908,0
C007990,2026-02,Near-prime,57,1067,0
C007991,2026-02,Near-prime,61,1151,0
C007992,2026-02,Near-prime,45,1114,0
C007993,2026-02,Near-prime,33,668,0
C007994,2026-02,Near-prime,74,695,0
C007995,2026-02,Near-prime,30,1128,0
C007996,2026-02,Near-prime,47,1291,0
C007997,2026-02,Near-prime,52,1257,0
C007998,2026-02,Near-prime,31,1641,0
C007999,2026-02,Near-prime,37,630,1
C008000,2026-02,Near-prime,14,500,0
C008001,2026-02,Near-prime,35,1301,0
C008002,2026-02,Near-prime,18,1059,0
C008003,2026-02,Near-prime,94,1225,0
C008004,2026-02,Near-prime,17,278,0
C008005,2026-02,Near-prime,31,1300,0
C008006,2026-02,Near-prime,42,757,0
C008007,2026-02,Near-prime,24,388,0
C008008,2026-02,Near-prime,69,921,0
C008009,2026-02,Near-prime,55,1548,0
C008010,2026-02,Near-prime,43,747,0
C008011,2026-02,Near-prime,50,1495,0
C008012,2026-02,Near-prime,35,28,0
C008013,2026-02,Near-prime,52,1502,0
C008014,2026-02,Near-prime,40,578,0
C008015,2026-02,Near-prime,35,1958,0
C008016,2026-02,Near-prime,65,468,0
C008017,2026-02,Near-prime,43,1288,0
C008018,2026-02,Near-prime,46,1446,0
C008019,2026-02,Near-prime,43,1479,0
C008020,2026-02,Near-prime,26,1876,0
C008021,2026-02,Near-prime,25,1108,1
C008022,2026-02,Near-prime,45,1721,0
C008023,2026-02,Near-prime,94,257,0
C008024,2026-02,Near-prime,51,734,0
C008025,2026-02,Near-prime,76,382,0
C008026,2026-02,Near-prime,75,1080,0
C008027,2026-02,Near-prime,54,1231,0
C008028,2026-02,Near-prime,46,1136,0
C008029,2026-02,Near-prime,55,1182,0
C008030,2026-02,Near-prime,48,366,0
C008031,2026-02,Near-prime,68,669,0
C008032,2026-02,Near-prime,39,932,0
C008033,2026-02,Near-prime,32,1282,0
C008034,2026-02,Near-prime,47,952,0
C008035,2026-02,Near-prime,47,267,0
C008036,2026-02,Near-prime,37,1626,0
C008037,2026-02,Near-prime,38,0,0
C008038,2026-02,Near-prime,31,1043,0
C008039,2026-02,Near-prime,15,1393,0
C008040,2026-02,Near-prime,70,1171,0
C008041,2026-02,Near-prime,55,1133,0
C008042,2026-02,Near-prime,26,1695,0
C008043,2026-02,Near-prime,64,1123,0
C008044,2026-02,Near-prime,56,1711,0
C008045,2026-02,Near-prime,75,1016,0
C008046,2026-02,Near-prime,55,1310,0
C008047,2026-02,Near-prime,92,1185,1
C008048,2026-02,Near-prime,66,1160,1
C008049,2026-02,Near-prime,33,943,0
C008050,2026-02,Near-prime,21,1794,0
C008051,2026-02,Near-prime,69,1137,0
C008052,2026-02,Near-prime,57,1063,1
C008053,2026-02,Near-prime,79,956,0
C008054,2026-02,Near-prime,65,1258,0
C008055,2026-02,Near-prime,37,1529,0
C008056,2026-02,Near-prime,67,1301,0
C008057,2026-02,Near-prime,40,832,0
C008058,2026-02,Near-prime,66,1343,0
C008059,2026-02,Near-prime,69,1899,0
C008060,2026-02,Near-prime,92,972,0
C008061,2026-02,Near-prime,56,0,0
C008062,2026-02,Near-prime,28,445,1
C008063,2026-02,Near-prime,33,1377,0
C008064,2026-02,Near-prime,61,2199,0
C008065,2026-02,Near-prime,48,1134,1
C008066,2026-02,Near-prime,19,1416,0
C008067,2026-02,Near-prime,48,1138,0
C008068,2026-02,Near-prime,69,1049,0
C008069,2026-02,Near-prime,25,1087,0
C008070,2026-02,Near-prime,39,761,0
C008071,2026-02,Near-prime,54,787,0
C008072,2026-02,Near-prime,48,724,0
C008073,2026-02,Near-prime,50,2197,0
C008074,2026-02,Near-prime,43,469,0
C008075,2026-02,Near-prime,39,591,0
C008076,2026-02,Near-prime,66,1375,0
C008077,2026-02,Near-prime,38,2148,0
C008078,2026-02,Near-prime,50,822,0
C008079,2026-02,Near-prime,73,1280,0
C008080,2026-02,Near-prime,78,1327,0
C008081,2026-02,Near-prime,53,648,0
C008082,2026-02,Near-prime,36,530,1
C008083,2026-02,Near-prime,61,281,0
C008084,2026-02,Near-prime,35,1625,0
C008085,2026-02,Near-prime,93,814,0
C008086,2026-02,Near-prime,42,1527,0
C008087,2026-02,Near-prime,43,889,0
C008088,2026-02,Near-prime,54,1511,0
C008089,2026-02,Near-prime,38,776,0
C008090,2026-02,Near-prime,50,1180,0
C008091,2026-02,Near-prime,79,899,0
C008092,2026-02,Near-prime,56,926,0
C008093,2026-02,Near-prime,15,332,0
C008094,2026-02,Near-prime,26,1206,0
C008095,2026-02,Near-prime,75,618,0
C008096,2026-02,Near-prime,44,723,0
C008097,2026-02,Near-prime,63,401,0
C008098,2026-02,Near-prime,76,615,0
C008099,2026-02,Near-prime,21,1319,0
C008100,2026-02,Near-prime,33,867,0
C008101,2026-02,Near-prime,73,925,0
C008102,2026-02,Near-prime,44,816,0
C008103,2026-02,Near-prime,29,1159,0
C008104,2026-02,Near-prime,23,913,1
C008105,2026-02,Near-prime,62,856,0
C008106,2026-02,Near-prime,62,845,0
C008107,2026-02,Near-prime,77,1654,0
C008108,2026-02,Near-prime,67,1586,0
C008109,2026-02,Near-prime,52,263,0
C008110,2026-02,Near-prime,54,1366,0
C008111,2026-02,Near-prime,51,729,0
C008112,2026-02,Near-prime,29,454,0
C008113,2026-02,Near-prime,57,899,1
C008114,2026-02,Near-prime,66,1584,1
C008115,2026-02,Near-prime,61,895,0
C008116,2026-02,Near-prime,45,1040,0
C008117,2026-02,Near-prime,47,913,0
C008118,2026-02,Near-prime,49,374,0
C008119,2026-02,Near-prime,70,1114,0
C008120,2026-02,Near-prime,27,1340,0
C008121,2026-02,Near-prime,41,862,0
C008122,2026-02,Near-prime,76,2326,0
C008123,2026-02,Near-prime,63,1197,0
C008124,2026-02,Near-prime,27,937,0
C008125,2026-02,Near-prime,94,1875,0
C008126,2026-02,Near-prime,84,1198,0
C008127,2026-02,Near-prime,43,1010,0
C008128,2026-02,Near-prime,50,1776,0
C008129,2026-02,Near-prime,58,1434,0
C008130,2026-02,Near-prime,49,783,1
C008131,2026-02,Near-prime,32,523,0
C008132,2026-02,Near-prime,43,811,0
C008133,2026-02,Near-prime,40,2127,0
C008134,2026-02,Near-prime,30,1292,0
C008135,2026-02,Near-prime,30,662,0
C008136,2026-02,Near-prime,8,795,0
C008137,2026-02,Near-prime,41,1716,0
C008138,2026-02,Near-prime,58,1058,0
C008139,2026-02,Near-prime,50,557,1
C008140,2026-02,Near-prime,50,466,0
C008141,2026-02,Near-prime,78,1416,0
C008142,2026-02,Near-prime,30,402,0
C008143,2026-02,Near-prime,36,1749,0
C008144,2026-02,Near-prime,67,1423,0
C008145,2026-02,Near-prime,71,1255,0
C008146,2026-02,Near-prime,17,837,0
C008147,2026-02,Near-prime,10,1186,0
C008148,2026-02,Near-prime,30,1674,0
C008149,2026-02,Near-prime,35,1555,0
C008150,2026-02,Near-prime,43,575,0
C008151,2026-02,Near-prime,65,0,0
C008152,2026-02,Near-prime,64,830,0
C008153,2026-02,Near-prime,22,2162,0
C008154,2026-02,Near-prime,71,729,0
C008155,2026-02,Near-prime,72,544,0
C008156,2026-02,Near-prime,51,948,0
C008157,2026-02,Near-prime,47,808,0
C008158,2026-02,Near-prime,18,1098,1
C008159,2026-02,Near-prime,70,1195,0
C008160,2026-02,Near-prime,52,2186,0
C008161,2026-02,Near-prime,69,540,0
C008162,2026-02,Near-prime,94,1103,0
C008163,2026-02,Near-prime,72,1122,0
C008164,2026-02,Near-prime,27,1074,0
C008165,2026-02,Near-prime,47,875,0
C008166,2026-02,Near-prime,58,735,0
C008167,2026-02,Near-prime,48,1490,0
C008168,2026-02,Near-prime,49,1665,0
C008169,2026-02,Near-prime,86,1247,0
C008170,2026-02,Near-prime,52,680,0
C008171,2026-02,Near-prime,55,316,0
C008172,2026-02,Near-prime,52,641,1
C008173,2026-02,Near-prime,68,1272,0
C008174,2026-02,Near-prime,75,1925,0
C008175,2026-02,Near-prime,57,339,0
C008176,2026-02,Near-prime,64,1516,0
C008177,2026-02,Near-prime,54,1379,0
C008178,2026-02,Near-prime,56,0,0
C008179,2026-02,Near-prime,35,1118,1
C008180,2026-02,Near-prime,51,1105,1
C008181,2026-02,Near-prime,34,933,0
C008182,2026-02,Near-prime,75,1047,0
C008183,2026-02,Near-prime,51,1050,0
C008184,2026-02,Near-prime,80,484,0
C008185,2026-02,Near-prime,67,1410,0
C008186,2026-02,Near-prime,54,1261,0
C008187,2026-02,Near-prime,50,1389,0
C008188,2026-02,Near-prime,44,1986,0
C008189,2026-02,Near-prime,66,1362,0
C008190,2026-02,Near-prime,80,1535,0
C008191,2026-02,Near-prime,45,1002,0
C008192,2026-02,Near-prime,30,1019,0
C008193,2026-02,Near-prime,62,547,0
C008194,2026-02,Near-prime,37,1184,1
C008195,2026-02,Near-prime,78,1324,0
C008196,2026-02,Near-prime,23,914,0
C008197,2026-02,Near-prime,47,786,1
C008198,2026-02,Near-prime,40,131,0
C008199,2026-02,Near-prime,51,1104,0
C008200,2026-02,Near-prime,56,195,0
C008201,2026-02,Near-prime,48,0,0
C008202,2026-02,Near-prime,30,763,0
C008203,2026-02,Near-prime,61,1068,0
C008204,2026-02,Near-prime,77,1048,0
C008205,2026-02,Near-prime,66,1468,0
C008206,2026-02,Near-prime,39,819,0
C008207,2026-02,Near-prime,43,1185,0
C008208,2026-02,Near-prime,57,1068,0
C008209,2026-02,Near-prime,60,1652,0
C008210,2026-02,Near-prime,59,775,0
C008211,2026-02,Near-prime,54,1166,0
C008212,2026-02,Near-prime,43,946,0
C008213,2026-02,Near-prime,67,53,1
C008214,2026-02,Near-prime,59,836,0
C008215,2026-02,Near-prime,22,1087,0
C008216,2026-02,Near-prime,63,669,0
C008217,2026-02,Near-prime,65,188,0
C008218,2026-02,Near-prime,77,776,0
C008219,2026-02,Near-prime,77,929,0
C008220,2026-02,Near-prime,45,225,0
C008221,2026-02,Near-prime,23,891,0
C008222,2026-02,Near-prime,51,462,0
C008223,2026-02,Near-prime,63,1447,0
C008224,2026-02,Near-prime,43,1262,0
C008225,2026-02,Near-prime,88,879,0
C008226,2026-02,Near-prime,47,865,0
C008227,2026-02,Near-prime,33,1111,0
C008228,2026-02,Near-prime,40,1288,0
C008229,2026-02,Near-prime,40,1179,0
C008230,2026-02,Near-prime,47,1953,0
C008231,2026-02,Subprime,67,1123,0
C008232,2026-02,Subprime,70,487,0
C008233,2026-02,Subprime,100,876,0
C008234,2026-02,Subprime,92,788,0
C008235,2026-02,Subprime,87,378,0
C008236,2026-02,Subprime,87,490,0
C008237,2026-02,Subprime,82,848,0
C008238,2026-02,Subprime,100,434,0
C008239,2026-02,Subprime,54,561,0
C008240,2026-02,Subprime,45,1055,0
C008241,2026-02,Subprime,58,419,0
C008242,2026-02,Subprime,54,0,0
C008243,2026-02,Subprime,47,631,0
C008244,2026-02,Subprime,49,0,0
C008245,2026-02,Subprime,50,702,0
C008246,2026-02,Subprime,66,851,0
C008247,2026-02,Subprime,73,921,0
C008248,2026-02,Subprime,100,377,0
C008249,2026-02,Subprime,82,796,0
C008250,2026-02,Subprime,49,346,0
C008251,2026-02,Subprime,72,727,0
C008252,2026-02,Subprime,86,85,0
C008253,2026-02,Subprime,63,712,0
C008254,2026-02,Subprime,70,921,0
C008255,2026-02,Subprime,81,421,0
C008256,2026-02,Subprime,84,801,0
C008257,2026-02,Subprime,76,826,0
C008258,2026-02,Subprime,84,530,0
C008259,2026-02,Subprime,48,851,0
C008260,2026-02,Subprime,82,204,0
C008261,2026-02,Subprime,82,641,0
C008262,2026-02,Subprime,38,0,0
C008263,2026-02,Subprime,68,221,1
C008264,2026-02,Subprime,63,196,0
C008265,2026-02,Subprime,70,66,0
C008266,2026-02,Subprime,63,376,0
C008267,2026-02,Subprime,86,1461,0
C008268,2026-02,Subprime,82,309,1
C008269,2026-02,Subprime,71,496,0
C008270,2026-02,Subprime,75,1045,0
C008271,2026-02,Subprime,86,1195,0
C008272,2026-02,Subprime,44,963,0
C008273,2026-02,Subprime,58,431,1
C008274,2026-02,Subprime,81,1115,0
C008275,2026-02,Subprime,84,585,1
C008276,2026-02,Subprime,60,1332,0
C008277,2026-02,Subprime,75,876,0
C008278,2026-02,Subprime,81,366,0
C008279,2026-02,Subprime,66,708,0
C008280,2026-02,Subprime,65,477,0
C008281,2026-02,Subprime,87,654,0
C008282,2026-02,Subprime,83,812,0
C008283,2026-02,Subprime,64,1042,0
C008284,2026-02,Subprime,97,523,0
C008285,2026-02,Subprime,45,505,0
C008286,2026-02,Subprime,45,801,0
C008287,2026-02,Subprime,71,633,0
C008288,2026-02,Subprime,60,555,0
C008289,2026-02,Subprime,46,666,0
C008290,2026-02,Subprime,73,402,0
C008291,2026-02,Subprime,61,561,0
C008292,2026-02,Subprime,88,910,0
C008293,2026-02,Subprime,80,471,1
C008294,2026-02,Subprime,77,779,0
C008295,2026-02,Subprime,58,407,0
C008296,2026-02,Subprime,44,714,0
C008297,2026-02,Subprime,59,931,0
C008298,2026-02,Subprime,78,851,0
C008299,2026-02,Subprime,50,780,0
C008300,2026-02,Subprime,93,609,0
C008301,2026-02,Subprime,91,589,0
C008302,2026-02,Subprime,75,407,0
C008303,2026-02,Subprime,62,813,0
C008304,2026-02,Subprime,63,936,0
C008305,2026-02,Subprime,36,579,0
C008306,2026-02,Subprime,89,9,0
C008307,2026-02,Subprime,65,317,1
C008308,2026-02,Subprime,100,656,1
C008309,2026-02,Subprime,71,332,0
C008310,2026-02,Subprime,80,577,0
C008311,2026-02,Subprime,79,971,0
C008312,2026-02,Subprime,69,322,0
C008313,2026-02,Subprime,87,1093,0
C008314,2026-02,Subprime,76,491,1
C008315,2026-02,Subprime,39,316,0
C008316,2026-02,Subprime,62,515,0
C008317,2026-02,Subprime,72,227,0
C008318,2026-02,Subprime,100,596,0
C008319,2026-02,Subprime,58,766,0
C008320,2026-02,Subprime,73,804,1
C008321,2026-02,Subprime,75,785,0
C008322,2026-02,Subprime,60,530,0
C008323,2026-02,Subprime,97,937,0
C008324,2026-02,Subprime,94,399,0
C008325,2026-02,Subprime,58,723,0
C008326,2026-02,Subprime,78,217,0
C008327,2026-02,Subprime,59,600,0
C008328,2026-02,Subprime,75,365,0
C008329,2026-02,Subprime,87,818,0
C008330,2026-02,Subprime,82,418,1
C008331,2026-02,Subprime,66,1227,1
C008332,2026-02,Subprime,87,625,0
C008333,2026-02,Subprime,34,1334,0
C008334,2026-02,Subprime,86,712,1
C008335,2026-02,Subprime,75,283,0
C008336,2026-02,Subprime,81,567,0
C008337,2026-02,Subprime,60,598,0
C008338,2026-02,Subprime,43,720,0
C008339,2026-02,Subprime,60,534,1
C008340,2026-02,Subprime,48,836,0
C008341,2026-02,Subprime,75,1076,0
C008342,2026-02,Subprime,68,490,0
C008343,2026-02,Subprime,94,329,0
C008344,2026-02,Subprime,66,393,1
C008345,2026-02,Subprime,59,655,0
C008346,2026-02,Subprime,78,856,1
C008347,2026-02,Subprime,77,933,0
C008348,2026-02,Subprime,69,392,0
C008349,2026-02,Subprime,28,217,1
C008350,2026-02,Subprime,64,910,0
C008351,2026-02,Subprime,73,521,0
C008352,2026-02,Subprime,76,267,0
C008353,2026-02,Subprime,77,424,0
C008354,2026-02,Subprime,83,651,0
C008355,2026-02,Subprime,49,262,0
C008356,2026-02,Subprime,100,404,0
C008357,2026-02,Subprime,58,0,0
C008358,2026-02,Subprime,70,655,1
C008359,2026-02,Subprime,41,842,0
C008360,2026-02,Subprime,62,293,0
C008361,2026-02,Subprime,30,609,1
C008362,2026-02,Subprime,95,407,1
C008363,2026-02,Subprime,70,169,0
C008364,2026-02,Subprime,45,856,0
C008365,2026-02,Subprime,53,1159,0
C008366,2026-02,Subprime,78,498,0
C008367,2026-02,Subprime,32,973,0
C008368,2026-02,Subprime,59,625,0
C008369,2026-02,Subprime,68,583,0
C008370,2026-02,Subprime,60,865,0
C008371,2026-02,Subprime,84,1326,0
C008372,2026-02,Subprime,40,569,0
C008373,2026-02,Subprime,64,505,0
C008374,2026-02,Subprime,65,1112,0
C008375,2026-02,Subprime,47,665,0
C008376,2026-02,Subprime,53,354,0
C008377,2026-02,Subprime,86,348,1
C008378,2026-02,Subprime,96,663,0
C008379,2026-02,Subprime,100,105,1
C008380,2026-02,Subprime,88,766,0
C008381,2026-02,Subprime,70,725,0
C008382,2026-02,Subprime,98,720,0
C008383,2026-02,Subprime,84,946,0
C008384,2026-02,Subprime,55,799,0
C008385,2026-02,Subprime,94,711,0
C008386,2026-02,Subprime,61,101,0
C008387,2026-02,Subprime,96,841,0
C008388,2026-02,Subprime,87,573,0
C008389,2026-02,Subprime,45,848,0
C008390,2026-02,Subprime,49,621,0
C008391,2026-02,Subprime,64,644,0
C008392,2026-02,Subprime,72,1127,0
C008393,2026-02,Subprime,100,364,0
C008394,2026-02,Subprime,94,404,0
C008395,2026-02,Subprime,63,658,0
C008396,2026-02,Subprime,65,1086,0
C008397,2026-02,Subprime,66,916,0
C008398,2026-02,Subprime,59,903,1
C008399,2026-02,Subprime,100,240,0
C008400,2026-02,Subprime,77,301,0
C008401,2026-02,Subprime,65,0,0
C008402,2026-02,Subprime,57,1175,0
C008403,2026-02,Subprime,89,385,0
C008404,2026-02,Subprime,92,483,0
C008405,2026-02,Subprime,98,600,0
C008406,2026-02,Subprime,74,321,0
C008407,2026-02,Subprime,83,1177,0
C008408,2026-02,Subprime,70,909,0
C008409,2026-02,Subprime,94,0,0
C008410,2026-02,Subprime,100,593,0
C008411,2026-02,Subprime,55,411,0
C008412,2026-02,Subprime,85,1063,0
C008413,2026-02,Subprime,56,748,0
C008414,2026-02,Subprime,93,357,1
C008415,2026-02,Subprime,77,1056,0
C008416,2026-02,Subprime,71,295,1
C008417,2026-02,Subprime,51,534,1
C008418,2026-02,Subprime,100,556,1
C008419,2026-02,Subprime,73,820,0
C008420,2026-02,Subprime,63,613,0
C008421,2026-02,Subprime,75,895,0
C008422,2026-02,Subprime,97,340,0
C008423,2026-02,Subprime,36,1358,1
C008424,2026-02,Subprime,76,463,0
C008425,2026-02,Subprime,27,964,0
C008426,2026-02,Subprime,57,501,0
C008427,2026-02,Subprime,44,485,0
C008428,2026-02,Subprime,42,1017,0
C008429,2026-02,Subprime,67,526,1
C008430,2026-02,Subprime,88,158,0
C008431,2026-02,Subprime,64,1056,0
C008432,2026-02,Subprime,98,442,1
C008433,2026-02,Subprime,55,7,0
C008434,2026-02,Subprime,73,954,0
C008435,2026-02,Subprime,63,512,0
C008436,2026-02,Subprime,55,414,0
C008437,2026-02,Subprime,67,752,0
C008438,2026-02,Subprime,67,555,0
C008439,2026-02,Subprime,80,129,0
C008440,2026-02,Subprime,47,497,1
C008441,2026-02,Subprime,79,477,0
C008442,2026-02,Subprime,42,888,0
C008443,2026-02,Subprime,91,513,1
C008444,2026-02,Subprime,86,731,1
C008445,2026-02,Subprime,79,574,0
C008446,2026-02,Subprime,100,714,0
C008447,2026-02,Subprime,95,630,0
C008448,2026-02,Subprime,100,644,0
C008449,2026-02,Subprime,83,1053,0
C008450,2026-02,Subprime,62,0,0
C008451,2026-02,Subprime,89,408,0
C008452,2026-02,Subprime,77,863,0
C008453,2026-02,Subprime,88,463,0
C008454,2026-02,Subprime,72,676,0
C008455,2026-02,Subprime,56,497,0
C008456,2026-02,Subprime,88,852,0
C008457,2026-02,Subprime,76,0,1
C008458,2026-02,Subprime,69,393,0
C008459,2026-02,Subprime,54,464,0
C008460,2026-02,Subprime,100,331,0
C008461,2026-02,Subprime,52,489,0
C008462,2026-02,Subprime,70,451,0
C008463,2026-02,Subprime,84,590,0
C008464,2026-02,Subprime,64,601,0
C008465,2026-02,Subprime,95,163,0
C008466,2026-02,Subprime,39,295,0
C008467,2026-02,Subprime,84,437,0
C008468,2026-02,Subprime,72,766,0
C008469,2026-02,Subprime,85,1013,0
C008470,2026-02,Subprime,52,250,1
C008471,2026-02,Subprime,96,509,0
C008472,2026-02,Subprime,60,237,0
C008473,2026-02,Subprime,87,421,0
C008474,2026-02,Subprime,100,401,1
C008475,2026-02,Subprime,79,661,1
C008476,2026-02,Subprime,56,689,0
C008477,2026-02,Subprime,81,700,0
C008478,2026-02,Subprime,40,351,1
C008479,2026-02,Subprime,56,44,0
C008480,2026-02,Subprime,52,457,1
C008481,2026-02,Subprime,71,731,0
C008482,2026-02,Subprime,56,809,0
C008483,2026-02,Subprime,69,918,0
C008484,2026-02,Subprime,68,756,0
C008485,2026-02,Subprime,38,506,1
C008486,2026-02,Subprime,89,699,0
C008487,2026-02,Subprime,63,768,0
C008488,2026-02,Subprime,73,1105,0
C008489,2026-02,Subprime,71,584,0
C008490,2026-02,Subprime,66,960,0
C008491,2026-02,Subprime,61,334,0
C008492,2026-02,Subprime,62,354,0
C008493,2026-02,Subprime,46,643,0
C008494,2026-02,Subprime,64,802,0
C008495,2026-02,Subprime,46,1174,1
C008496,2026-02,Subprime,56,979,0
C008497,2026-02,Subprime,50,405,0
C008498,2026-02,Subprime,70,741,0
C008499,2026-02,Subprime,29,684,0
C008500,2026-02,Subprime,60,1146,0
C008501,2026-02,Subprime,40,862,1
C008502,2026-02,Subprime,58,698,0
C008503,2026-02,Subprime,70,1207,1
C008504,2026-02,Subprime,63,405,0
C008505,2026-02,Subprime,100,1007,0
C008506,2026-02,Subprime,55,623,0
C008507,2026-02,Subprime,52,418,0
C008508,2026-02,Subprime,71,534,0
C008509,2026-02,Subprime,54,1039,0
C008510,2026-02,Subprime,61,533,0
C008511,2026-02,Subprime,80,746,0
C008512,2026-02,Subprime,58,749,0
C008513,2026-02,Subprime,69,664,0
C008514,2026-02,Subprime,60,801,0
C008515,2026-02,Subprime,62,874,0
C008516,2026-02,Subprime,56,984,0
C008517,2026-02,Subprime,81,920,0
C008518,2026-02,Subprime,70,560,1
C008519,2026-02,Subprime,49,574,1
C008520,2026-02,Subprime,78,679,0
C008521,2026-02,Subprime,68,274,0
C008522,2026-02,Subprime,70,281,1
C008523,2026-02,Subprime,78,806,0
C008524,2026-02,Subprime,78,116,0
C008525,2026-02,Subprime,42,807,0
C008526,2026-02,Subprime,81,620,0
C008527,2026-02,Subprime,66,645,0
C008528,2026-02,Subprime,38,656,0
C008529,2026-02,Subprime,72,807,0
C008530,2026-02,Subprime,68,320,1
C008531,2026-02,Subprime,81,786,1
C008532,2026-02,Subprime,98,758,0
C008533,2026-02,Subprime,65,547,0
C008534,2026-02,Subprime,82,441,0
C008535,2026-02,Subprime,57,826,0
C008536,2026-02,Subprime,56,285,0
C008537,2026-02,Subprime,46,411,0
C008538,2026-02,Subprime,90,636,0
C008539,2026-02,Subprime,85,365,1
C008540,2026-02,Subprime,52,824,0
C008541,2026-03,Prime,18,1639,0
C008542,2026-03,Prime,20,1514,0
C008543,2026-03,Prime,35,1230,0
C008544,2026-03,Prime,32,2284,0
C008545,2026-03,Prime,36,2290,0
C008546,2026-03,Prime,39,235,0
C008547,2026-03,Prime,12,555,0
C008548,2026-03,Prime,49,2299,0
C008549,2026-03,Prime,37,897,0
C008550,2026-03,Prime,18,102,0
C008551,2026-03,Prime,1,2634,0
C008552,2026-03,Prime,13,1520,0
C008553,2026-03,Prime,22,200,0
C008554,2026-03,Prime,16,895,0
C008555,2026-03,Prime,1,944,0
C008556,2026-03,Prime,27,1933,0
C008557,2026-03,Prime,8,564,0
C008558,2026-03,Prime,29,1022,0
C008559,2026-03,Prime,1,1380,0
C008560,2026-03,Prime,34,2024,0
C008561,2026-03,Prime,45,1151,0
C008562,2026-03,Prime,4,909,0
C008563,2026-03,Prime,53,1902,0
C008564,2026-03,Prime,17,1751,1
C008565,2026-03,Prime,42,634,0
C008566,2026-03,Prime,49,2774,0
C008567,2026-03,Prime,47,2153,0
C008568,2026-03,Prime,34,2250,0
C008569,2026-03,Prime,36,1856,0
C008570,2026-03,Prime,1,0,0
C008571,2026-03,Prime,16,97,0
C008572,2026-03,Prime,50,1393,0
C008573,2026-03,Prime,24,0,0
C008574,2026-03,Prime,43,107,0
C008575,2026-03,Prime,16,1136,0
C008576,2026-03,Prime,21,2725,0
C008577,2026-03,Prime,80,1670,0
C008578,2026-03,Prime,41,1842,0
C008579,2026-03,Prime,38,444,0
C008580,2026-03,Prime,4,429,0
C008581,2026-03,Prime,23,1547,0
C008582,2026-03,Prime,39,94,0
C008583,2026-03,Prime,33,190,0
C008584,2026-03,Prime,41,536,0
C008585,2026-03,Prime,36,181,0
C008586,2026-03,Prime,24,1052,0
C008587,2026-03,Prime,35,1022,0
C008588,2026-03,Prime,34,511,0
C008589,2026-03,Prime,15,1932,0
C008590,2026-03,Prime,1,1986,0
C008591,2026-03,Prime,33,3476,0
C008592,2026-03,Prime,14,724,0
C008593,2026-03,Prime,37,1000,0
C008594,2026-03,Prime,32,1114,0
C008595,2026-03,Prime,1,1722,0
C008596,2026-03,Prime,10,2334,0
C008597,2026-03,Prime,24,722,0
C008598,2026-03,Prime,20,947,0
C008599,2026-03,Prime,45,918,0
C008600,2026-03,Prime,35,3335,0
C008601,2026-03,Prime,24,1086,0
C008602,2026-03,Prime,18,2234,0
C008603,2026-03,Prime,1,981,0
C008604,2026-03,Prime,19,2195,0
C008605,2026-03,Prime,29,1008,0
C008606,2026-03,Prime,53,1595,0
C008607,2026-03,Prime,26,2099,0
C008608,2026-03,Prime,45,256,0
C008609,2026-03,Prime,19,1354,0
C008610,2026-03,Prime,22,1539,0
C008611,2026-03,Prime,32,796,0
C008612,2026-03,Prime,63,2009,0
C008613,2026-03,Prime,27,1345,0
C008614,2026-03,Prime,12,1489,0
C008615,2026-03,Prime,39,627,0
C008616,2026-03,Prime,6,2440,0
C008617,2026-03,Prime,13,1096,0
C008618,2026-03,Prime,21,1851,0
C008619,2026-03,Prime,56,2122,0
C008620,2026-03,Prime,10,1604,0
C008621,2026-03,Prime,68,1347,0
C008622,2026-03,Prime,5,1067,0
C008623,2026-03,Prime,37,1389,0
C008624,2026-03,Prime,32,0,0
C008625,2026-03,Prime,1,1156,0
C008626,2026-03,Prime,6,1344,0
C008627,2026-03,Prime,40,2894,0
C008628,2026-03,Prime,49,1485,0
C008629,2026-03,Prime,14,415,0
C008630,2026-03,Prime,24,1124,0
C008631,2026-03,Prime,1,1522,0
C008632,2026-03,Prime,16,2155,0
C008633,2026-03,Prime,20,707,0
C008634,2026-03,Prime,37,1400,0
C008635,2026-03,Prime,37,1430,0
C008636,2026-03,Prime,43,1638,0
C008637,2026-03,Prime,41,1279,0
C008638,2026-03,Prime,28,914,0
C008639,2026-03,Prime,7,799,0
C008640,2026-03,Prime,39,1322,0
C008641,2026-03,Prime,37,1517,0
C008642,2026-03,Prime,29,2257,0
C008643,2026-03,Prime,20,1877,0
C008644,2026-03,Prime,7,1094,0
C008645,2026-03,Prime,28,1833,0
C008646,2026-03,Prime,23,621,0
C008647,2026-03,Prime,1,1753,0
C008648,2026-03,Prime,41,801,0
C008649,2026-03,Prime,31,1636,0
C008650,2026-03,Prime,38,1028,0
C008651,2026-03,Prime,20,986,0
C008652,2026-03,Prime,23,1737,0
C008653,2026-03,Prime,28,0,0
C008654,2026-03,Prime,36,1621,0
C008655,2026-03,Prime,16,1557,0
C008656,2026-03,Prime,62,2187,0
C008657,2026-03,Prime,17,1934,0
C008658,2026-03,Prime,1,2370,0
C008659,2026-03,Prime,19,1813,0
C008660,2026-03,Prime,3,1812,0
C008661,2026-03,Prime,38,1636,0
C008662,2026-03,Prime,43,1150,0
C008663,2026-03,Prime,36,999,0
C008664,2026-03,Prime,24,1746,0
C008665,2026-03,Prime,40,1544,0
C008666,2026-03,Prime,12,1704,0
C008667,2026-03,Prime,16,1374,0
C008668,2026-03,Prime,38,1546,0
C008669,2026-03,Prime,34,1504,0
C008670,2026-03,Prime,42,550,0
C008671,2026-03,Prime,17,1121,0
C008672,2026-03,Prime,56,1322,0
C008673,2026-03,Prime,1,1923,0
C008674,2026-03,Prime,2,1860,0
C008675,2026-03,Prime,25,518,0
C008676,2026-03,Prime,32,1153,0
C008677,2026-03,Prime,44,2125,0
C008678,2026-03,Prime,30,1517,0
C008679,2026-03,Prime,13,1373,0
C008680,2026-03,Prime,48,999,0
C008681,2026-03,Prime,1,1389,0
C008682,2026-03,Prime,10,1347,0
C008683,2026-03,Prime,45,728,0
C008684,2026-03,Prime,21,2892,0
C008685,2026-03,Prime,36,2122,0
C008686,2026-03,Prime,35,2150,0
C008687,2026-03,Prime,38,1319,0
C008688,2026-03,Prime,24,1787,0
C008689,2026-03,Prime,42,2270,0
C008690,2026-03,Prime,41,390,0
C008691,2026-03,Prime,20,0,0
C008692,2026-03,Prime,23,2158,0
C008693,2026-03,Prime,24,2545,0
C008694,2026-03,Prime,39,2464,0
C008695,2026-03,Prime,30,2220,0
C008696,2026-03,Prime,20,484,0
C008697,2026-03,Prime,48,1428,0
C008698,2026-03,Prime,42,2553,0
C008699,2026-03,Prime,30,1423,0
C008700,2026-03,Prime,34,1738,0
C008701,2026-03,Prime,33,2727,0
C008702,2026-03,Prime,32,2140,0
C008703,2026-03,Prime,36,696,0
C008704,2026-03,Prime,1,892,0
C008705,2026-03,Prime,10,1552,0
C008706,2026-03,Prime,23,980,0
C008707,2026-03,Prime,9,1187,0
C008708,2026-03,Prime,1,1325,0
C008709,2026-03,Prime,47,928,0
C008710,2026-03,Prime,1,1475,0
C008711,2026-03,Prime,28,2108,0
C008712,2026-03,Prime,18,660,0
C008713,2026-03,Prime,8,1020,0
C008714,2026-03,Prime,15,1675,0
C008715,2026-03,Prime,22,1146,0
C008716,2026-03,Prime,39,2106,0
C008717,2026-03,Prime,42,1827,0
C008718,2026-03,Prime,11,1582,0
C008719,2026-03,Prime,27,1892,0
C008720,2026-03,Prime,30,1711,0
C008721,2026-03,Prime,16,488,0
C008722,2026-03,Prime,22,527,0
C008723,2026-03,Prime,9,1067,0
C008724,2026-03,Prime,49,1072,0
C008725,2026-03,Prime,9,1517,0
C008726,2026-03,Prime,2,608,0
C008727,2026-03,Prime,45,1440,0
C008728,2026-03,Prime,31,275,0
C008729,2026-03,Prime,34,596,0
C008730,2026-03,Prime,55,979,0
C008731,2026-03,Prime,50,2282,0
C008732,2026-03,Prime,28,2877,0
C008733,2026-03,Prime,37,1498,0
C008734,2026-03,Prime,60,749,0
C008735,2026-03,Prime,22,0,0
C008736,2026-03,Prime,18,427,0
C008737,2026-03,Prime,29,1809,0
C008738,2026-03,Prime,42,1524,0
C008739,2026-03,Prime,38,351,0
C008740,2026-03,Prime,40,2527,0
C008741,2026-03,Prime,17,2392,0
C008742,2026-03,Prime,20,1411,0
C008743,2026-03,Prime,16,1602,0
C008744,2026-03,Prime,45,633,0
C008745,2026-03,Prime,47,593,0
C008746,2026-03,Prime,42,1184,0
C008747,2026-03,Prime,68,1335,0
C008748,2026-03,Prime,28,1383,0
C008749,2026-03,Prime,51,1248,0
C008750,2026-03,Prime,25,1043,0
C008751,2026-03,Prime,44,1800,0
C008752,2026-03,Prime,6,1758,0
C008753,2026-03,Prime,23,1672,0
C008754,2026-03,Prime,3,2360,0
C008755,2026-03,Prime,4,1393,0
C008756,2026-03,Prime,29,2020,0
C008757,2026-03,Prime,14,2253,0
C008758,2026-03,Prime,57,2479,0
C008759,2026-03,Prime,32,755,0
C008760,2026-03,Prime,34,1103,0
C008761,2026-03,Prime,20,1852,0
C008762,2026-03,Prime,29,1399,0
C008763,2026-03,Prime,43,0,0
C008764,2026-03,Prime,58,979,0
C008765,2026-03,Prime,49,1812,0
C008766,2026-03,Prime,13,1155,0
C008767,2026-03,Prime,39,1075,0
C008768,2026-03,Prime,35,1582,0
C008769,2026-03,Prime,3,1506,0
C008770,2026-03,Prime,51,1555,0
C008771,2026-03,Prime,3,1672,0
C008772,2026-03,Prime,1,2353,0
C008773,2026-03,Prime,30,1550,0
C008774,2026-03,Prime,22,2916,0
C008775,2026-03,Prime,53,2079,0
C008776,2026-03,Prime,19,1367,0
C008777,2026-03,Prime,33,2669,0
C008778,2026-03,Prime,25,2283,0
C008779,2026-03,Prime,18,1689,0
C008780,2026-03,Prime,28,1599,0
C008781,2026-03,Prime,47,1017,0
C008782,2026-03,Prime,32,2881,0
C008783,2026-03,Prime,24,923,0
C008784,2026-03,Prime,71,821,0
C008785,2026-03,Prime,35,2224,0
C008786,2026-03,Prime,28,1862,0
C008787,2026-03,Prime,42,2384,0
C008788,2026-03,Prime,34,2638,0
C008789,2026-03,Prime,48,1536,0
C008790,2026-03,Prime,9,988,0
C008791,2026-03,Prime,1,828,0
C008792,2026-03,Prime,6,2460,0
C008793,2026-03,Prime,24,1063,0
C008794,2026-03,Prime,13,2003,0
C008795,2026-03,Prime,6,2904,0
C008796,2026-03,Prime,39,144,0
C008797,2026-03,Prime,32,2309,0
C008798,2026-03,Prime,54,2472,0
C008799,2026-03,Prime,14,2257,0
C008800,2026-03,Prime,17,0,0
C008801,2026-03,Prime,21,1919,0
C008802,2026-03,Prime,34,1059,0
C008803,2026-03,Prime,24,1349,0
C008804,2026-03,Prime,30,1008,0
C008805,2026-03,Prime,52,1907,0
C008806,2026-03,Prime,18,2066,0
C008807,2026-03,Prime,39,1824,0
C008808,2026-03,Prime,3,338,0
C008809,2026-03,Prime,38,781,0
C008810,2026-03,Prime,37,1779,0
C008811,2026-03,Prime,32,1598,0
C008812,2026-03,Prime,22,1727,0
C008813,2026-03,Prime,27,1628,0
C008814,2026-03,Prime,17,2113,0
C008815,2026-03,Prime,45,1239,0
C008816,2026-03,Prime,29,0,0
C008817,2026-03,Prime,28,1118,0
C008818,2026-03,Prime,39,2043,0
C008819,2026-03,Prime,48,754,0
C008820,2026-03,Prime,25,1560,0
C008821,2026-03,Prime,43,1353,0
C008822,2026-03,Prime,34,1204,0
C008823,2026-03,Prime,41,830,0
C008824,2026-03,Prime,30,2094,0
C008825,2026-03,Prime,40,290,0
C008826,2026-03,Prime,7,1099,0
C008827,2026-03,Prime,36,1217,0
C008828,2026-03,Prime,37,813,0
C008829,2026-03,Prime,30,1087,0
C008830,2026-03,Prime,31,444,0
C008831,2026-03,Prime,55,2051,0
C008832,2026-03,Prime,35,2126,0
C008833,2026-03,Prime,27,378,0
C008834,2026-03,Prime,18,2388,0
C008835,2026-03,Prime,22,1549,0
C008836,2026-03,Prime,61,691,0
C008837,2026-03,Prime,79,1736,0
C008838,2026-03,Prime,58,1735,0
C008839,2026-03,Prime,13,3902,0
C008840,2026-03,Prime,40,213,0
C008841,2026-03,Prime,33,2387,0
C008842,2026-03,Prime,21,1100,0
C008843,2026-03,Prime,26,2586,0
C008844,2026-03,Prime,89,2308,0
C008845,2026-03,Prime,30,1786,0
C008846,2026-03,Prime,1,1197,0
C008847,2026-03,Prime,19,728,0
C008848,2026-03,Prime,15,1477,0
C008849,2026-03,Prime,30,1519,0
C008850,2026-03,Prime,36,1083,0
C008851,2026-03,Prime,16,1220,0
C008852,2026-03,Prime,14,2255,0
C008853,2026-03,Prime,3,1743,0
C008854,2026-03,Prime,36,1950,0
C008855,2026-03,Prime,17,2092,0
C008856,2026-03,Prime,29,1344,0
C008857,2026-03,Prime,44,255,0
C008858,2026-03,Prime,38,1845,0
C008859,2026-03,Prime,41,1872,0
C008860,2026-03,Prime,44,2203,0
C008861,2026-03,Prime,38,1247,0
C008862,2026-03,Prime,38,1974,0
C008863,2026-03,Prime,22,1897,0
C008864,2026-03,Prime,48,2476,0
C008865,2026-03,Prime,33,2387,0
C008866,2026-03,Prime,1,746,0
C008867,2026-03,Prime,5,317,0
C008868,2026-03,Prime,1,1582,0
C008869,2026-03,Prime,23,2383,0
C008870,2026-03,Prime,54,2360,0
C008871,2026-03,Prime,59,1158,0
C008872,2026-03,Prime,26,907,0
C008873,2026-03,Prime,23,970,0
C008874,2026-03,Prime,23,576,0
C008875,2026-03,Prime,40,1030,0
C008876,2026-03,Prime,15,1720,0
C008877,2026-03,Prime,18,841,0
C008878,2026-03,Prime,38,697,0
C008879,2026-03,Prime,49,2246,0
C008880,2026-03,Prime,16,1410,0
C008881,2026-03,Prime,30,1297,0
C008882,2026-03,Prime,43,2679,0
C008883,2026-03,Prime,24,856,0
C008884,2026-03,Prime,61,1394,0
C008885,2026-03,Prime,27,889,0
C008886,2026-03,Prime,50,1140,0
C008887,2026-03,Prime,1,1804,0
C008888,2026-03,Prime,23,2066,1
C008889,2026-03,Prime,61,2037,0
C008890,2026-03,Prime,13,1694,0
C008891,2026-03,Prime,15,1260,0
C008892,2026-03,Prime,19,1412,0
C008893,2026-03,Prime,1,2124,0
C008894,2026-03,Prime,29,0,0
C008895,2026-03,Prime,27,2403,0
C008896,2026-03,Prime,40,481,0
C008897,2026-03,Prime,10,0,0
C008898,2026-03,Prime,14,1506,0
C008899,2026-03,Prime,45,1591,0
C008900,2026-03,Prime,26,2297,0
C008901,2026-03,Prime,43,601,0
C008902,2026-03,Prime,2,772,0
C008903,2026-03,Prime,1,731,0
C008904,2026-03,Prime,21,373,0
C008905,2026-03,Prime,24,2369,0
C008906,2026-03,Prime,52,2061,0
C008907,2026-03,Prime,35,1570,0
C008908,2026-03,Prime,28,2447,0
C008909,2026-03,Prime,11,1717,0
C008910,2026-03,Prime,44,1863,0
C008911,2026-03,Prime,7,2086,0
C008912,2026-03,Prime,32,2661,0
C008913,2026-03,Prime,31,1155,0
C008914,2026-03,Prime,47,2768,0
C008915,2026-03,Prime,1,2394,0
C008916,2026-03,Prime,45,2436,0
C008917,2026-03,Prime,35,1300,0
C008918,2026-03,Prime,41,1139,0
C008919,2026-03,Prime,1,2365,0
C008920,2026-03,Prime,16,1129,0
C008921,2026-03,Prime,25,1302,0
C008922,2026-03,Prime,53,579,0
C008923,2026-03,Prime,15,1489,0
C008924,2026-03,Prime,66,806,0
C008925,2026-03,Prime,1,1425,0
C008926,2026-03,Prime,6,786,0
C008927,2026-03,Prime,55,1940,0
C008928,2026-03,Prime,70,980,0
C008929,2026-03,Prime,22,0,0
C008930,2026-03,Prime,16,1594,0
C008931,2026-03,Prime,44,2748,0
C008932,2026-03,Prime,48,768,0
C008933,2026-03,Prime,21,1075,0
C008934,2026-03,Prime,16,631,0
C008935,2026-03,Prime,29,1291,0
C008936,2026-03,Prime,28,861,0
C008937,2026-03,Prime,10,1846,0
C008938,2026-03,Prime,39,2102,0
C008939,2026-03,Prime,30,1297,0
C008940,2026-03,Prime,14,2762,0
C008941,2026-03,Prime,48,2498,0
C008942,2026-03,Prime,42,1422,0
C008943,2026-03,Prime,22,701,0
C008944,2026-03,Prime,32,2067,0
C008945,2026-03,Prime,39,1725,0
C008946,2026-03,Prime,29,2192,0
C008947,2026-03,Prime,22,1667,1
C008948,2026-03,Prime,55,2003,0
C008949,2026-03,Prime,15,2404,0
C008950,2026-03,Prime,5,1603,0
C008951,2026-03,Prime,22,2262,0
C008952,2026-03,Prime,2,1521,0
C008953,2026-03,Prime,25,1379,0
C008954,2026-03,Prime,42,1600,0
C008955,2026-03,Prime,21,795,0
C008956,2026-03,Prime,6,740,0
C008957,2026-03,Prime,12,2008,0
C008958,2026-03,Prime,54,2070,0
C008959,2026-03,Prime,2,1208,0
C008960,2026-03,Prime,33,2087,0
C008961,2026-03,Prime,20,585,0
C008962,2026-03,Prime,25,1608,0
C008963,2026-03,Prime,21,1429,0
C008964,2026-03,Prime,1,948,0
C008965,2026-03,Prime,42,1352,0
C008966,2026-03,Prime,28,1853,0
C008967,2026-03,Prime,43,121,0
C008968,2026-03,Prime,3,645,0
C008969,2026-03,Prime,16,1164,0
C008970,2026-03,Prime,18,1191,0
C008971,2026-03,Prime,10,1166,0
C008972,2026-03,Prime,31,1784,0
C008973,2026-03,Prime,32,0,0
C008974,2026-03,Prime,44,1636,1
C008975,2026-03,Prime,4,1502,0
C008976,2026-03,Prime,33,914,0
C008977,2026-03,Prime,55,724,1
C008978,2026-03,Prime,18,1458,0
C008979,2026-03,Prime,9,1230,0
C008980,2026-03,Prime,1,2300,0
C008981,2026-03,Prime,48,2805,0
C008982,2026-03,Prime,37,443,0
C008983,2026-03,Prime,33,1929,0
C008984,2026-03,Prime,39,1428,1
C008985,2026-03,Prime,31,1622,0
C008986,2026-03,Prime,31,1204,0
C008987,2026-03,Prime,44,194,0
C008988,2026-03,Prime,17,10,0
C008989,2026-03,Prime,20,682,0
C008990,2026-03,Prime,17,1898,0
C008991,2026-03,Prime,8,1686,0
C008992,2026-03,Prime,1,1163,0
C008993,2026-03,Prime,19,1426,0
C008994,2026-03,Prime,1,1136,0
C008995,2026-03,Prime,31,1052,0
C008996,2026-03,Prime,3,1237,0
C008997,2026-03,Prime,11,2604,0
C008998,2026-03,Prime,55,3252,0
C008999,2026-03,Prime,45,2170,0
C009000,2026-03,Prime,63,0,0
C009001,2026-03,Prime,46,1566,0
C009002,2026-03,Prime,21,1875,0
C009003,2026-03,Prime,23,2171,0
C009004,2026-03,Prime,70,1274,0
C009005,2026-03,Prime,14,441,0
C009006,2026-03,Prime,35,1463,0
C009007,2026-03,Prime,25,2517,0
C009008,2026-03,Prime,14,306,0
C009009,2026-03,Prime,28,555,0
C009010,2026-03,Prime,14,1925,0
C009011,2026-03,Prime,28,983,0
C009012,2026-03,Prime,26,2168,0
C009013,2026-03,Prime,25,1484,0
C009014,2026-03,Prime,4,1342,0
C009015,2026-03,Prime,50,2158,0
C009016,2026-03,Prime,40,1587,0
C009017,2026-03,Prime,45,1565,0
C009018,2026-03,Prime,1,1605,0
C009019,2026-03,Prime,52,62,0
C009020,2026-03,Prime,47,1217,0
C009021,2026-03,Near-prime,100,738,1
C009022,2026-03,Near-prime,58,1140,0
C009023,2026-03,Near-prime,45,756,0
C009024,2026-03,Near-prime,17,0,0
C009025,2026-03,Near-prime,58,456,0
C009026,2026-03,Near-prime,54,1127,0
C009027,2026-03,Near-prime,61,602,0
C009028,2026-03,Near-prime,36,1117,0
C009029,2026-03,Near-prime,49,881,0
C009030,2026-03,Near-prime,52,953,0
C009031,2026-03,Near-prime,36,1360,0
C009032,2026-03,Near-prime,48,729,0
C009033,2026-03,Near-prime,54,620,0
C009034,2026-03,Near-prime,51,1412,0
C009035,2026-03,Near-prime,55,1148,0
C009036,2026-03,Near-prime,37,485,0
C009037,2026-03,Near-prime,39,839,0
C009038,2026-03,Near-prime,62,1221,0
C009039,2026-03,Near-prime,25,1350,0
C009040,2026-03,Near-prime,63,1002,0
C009041,2026-03,Near-prime,83,439,0
C009042,2026-03,Near-prime,67,1160,0
C009043,2026-03,Near-prime,66,1552,0
C009044,2026-03,Near-prime,50,278,0
C009045,2026-03,Near-prime,66,1347,0
C009046,2026-03,Near-prime,74,687,0
C009047,2026-03,Near-prime,7,1236,0
C009048,2026-03,Near-prime,75,367,0
C009049,2026-03,Near-prime,62,888,0
C009050,2026-03,Near-prime,43,1732,0
C009051,2026-03,Near-prime,20,88,0
C009052,2026-03,Near-prime,67,539,0
C009053,2026-03,Near-prime,29,784,0
C009054,2026-03,Near-prime,44,629,0
C009055,2026-03,Near-prime,50,2284,0
C009056,2026-03,Near-prime,37,891,1
C009057,2026-03,Near-prime,59,1187,0
C009058,2026-03,Near-prime,63,1161,0
C009059,2026-03,Near-prime,68,136,0
C009060,2026-03,Near-prime,82,443,0
C009061,2026-03,Near-prime,72,1597,0
C009062,2026-03,Near-prime,38,212,0
C009063,2026-03,Near-prime,50,829,0
C009064,2026-03,Near-prime,54,351,0
C009065,2026-03,Near-prime,49,1219,0
C009066,2026-03,Near-prime,61,609,1
C009067,2026-03,Near-prime,24,1440,0
C009068,2026-03,Near-prime,46,366,0
C009069,2026-03,Near-prime,38,1198,0
C009070,2026-03,Near-prime,77,1191,0
C009071,2026-03,Near-prime,65,1021,0
C009072,2026-03,Near-prime,30,840,0
C009073,2026-03,Near-prime,48,1700,0
C009074,2026-03,Near-prime,64,778,0
C009075,2026-03,Near-prime,49,807,0
C009076,2026-03,Near-prime,59,425,0
C009077,2026-03,Near-prime,68,304,1
C009078,2026-03,Near-prime,36,606,0
C009079,2026-03,Near-prime,58,859,0
C009080,2026-03,Near-prime,70,276,0
C009081,2026-03,Near-prime,48,241,0
C009082,2026-03,Near-prime,41,1481,0
C009083,2026-03,Near-prime,51,1274,1
C009084,2026-03,Near-prime,46,469,0
C009085,2026-03,Near-prime,58,498,0
C009086,2026-03,Near-prime,41,1680,0
C009087,2026-03,Near-prime,73,1562,0
C009088,2026-03,Near-prime,63,519,0
C009089,2026-03,Near-prime,18,1716,0
C009090,2026-03,Near-prime,46,609,0
C009091,2026-03,Near-prime,41,1755,0
C009092,2026-03,Near-prime,41,886,1
C009093,2026-03,Near-prime,4,633,0
C009094,2026-03,Near-prime,49,617,0
C009095,2026-03,Near-prime,53,1264,0
C009096,2026-03,Near-prime,45,897,0
C009097,2026-03,Near-prime,70,82,0
C009098,2026-03,Near-prime,31,1346,0
C009099,2026-03,Near-prime,48,1290,0
C009100,2026-03,Near-prime,35,612,0
C009101,2026-03,Near-prime,69,574,0
C009102,2026-03,Near-prime,38,1330,0
C009103,2026-03,Near-prime,54,1224,0
C009104,2026-03,Near-prime,63,821,0
C009105,2026-03,Near-prime,55,1473,0
C009106,2026-03,Near-prime,57,1189,0
C009107,2026-03,Near-prime,63,508,0
C009108,2026-03,Near-prime,39,993,0
C009109,2026-03,Near-prime,38,1956,1
C009110,2026-03,Near-prime,47,1292,0
C009111,2026-03,Near-prime,39,670,1
C009112,2026-03,Near-prime,45,1038,0
C009113,2026-03,Near-prime,69,2001,0
C009114,2026-03,Near-prime,27,1234,0
C009115,2026-03,Near-prime,37,1261,0
C009116,2026-03,Near-prime,30,89,0
C009117,2026-03,Near-prime,20,1183,0
C009118,2026-03,Near-prime,65,991,0
C009119,2026-03,Near-prime,67,1192,0
C009120,2026-03,Near-prime,51,348,0
C009121,2026-03,Near-prime,12,809,0
C009122,2026-03,Near-prime,50,1300,0
C009123,2026-03,Near-prime,41,959,0
C009124,2026-03,Near-prime,84,570,0
C009125,2026-03,Near-prime,33,924,0
C009126,2026-03,Near-prime,69,1149,0
C009127,2026-03,Near-prime,71,1240,0
C009128,2026-03,Near-prime,55,1319,0
C009129,2026-03,Near-prime,70,813,0
C009130,2026-03,Near-prime,45,1320,0
C009131,2026-03,Near-prime,25,377,0
C009132,2026-03,Near-prime,71,578,1
C009133,2026-03,Near-prime,59,474,0
C009134,2026-03,Near-prime,55,733,0
C009135,2026-03,Near-prime,49,883,0
C009136,2026-03,Near-prime,76,1191,0
C009137,2026-03,Near-prime,36,598,0
C009138,2026-03,Near-prime,41,1213,0
C009139,2026-03,Near-prime,70,1160,0
C009140,2026-03,Near-prime,73,1155,0
C009141,2026-03,Near-prime,46,1620,0
C009142,2026-03,Near-prime,48,1738,0
C009143,2026-03,Near-prime,50,800,0
C009144,2026-03,Near-prime,25,1527,0
C009145,2026-03,Near-prime,59,681,0
C009146,2026-03,Near-prime,39,1322,0
C009147,2026-03,Near-prime,50,0,0
C009148,2026-03,Near-prime,70,1335,0
C009149,2026-03,Near-prime,69,267,0
C009150,2026-03,Near-prime,31,913,0
C009151,2026-03,Near-prime,57,951,0
C009152,2026-03,Near-prime,43,1337,0
C009153,2026-03,Near-prime,32,1198,0
C009154,2026-03,Near-prime,57,1133,0
C009155,2026-03,Near-prime,62,902,0
C009156,2026-03,Near-prime,29,882,0
C009157,2026-03,Near-prime,39,650,0
C009158,2026-03,Near-prime,66,1452,0
C009159,2026-03,Near-prime,45,1219,0
C009160,2026-03,Near-prime,58,1820,0
C009161,2026-03,Near-prime,31,981,0
C009162,2026-03,Near-prime,41,2318,0
C009163,2026-03,Near-prime,47,496,0
C009164,2026-03,Near-prime,46,413,0
C009165,2026-03,Near-prime,63,742,0
C009166,2026-03,Near-prime,42,936,0
C009167,2026-03,Near-prime,63,0,0
C009168,2026-03,Near-prime,59,1912,0
C009169,2026-03,Near-prime,28,1865,0
C009170,2026-03,Near-prime,49,334,1
C009171,2026-03,Near-prime,45,1718,0
C009172,2026-03,Near-prime,26,2206,0
C009173,2026-03,Near-prime,32,579,0
C009174,2026-03,Near-prime,87,1215,0
C009175,2026-03,Near-prime,61,1582,0
C009176,2026-03,Near-prime,37,1290,0
C009177,2026-03,Near-prime,26,1934,1
C009178,2026-03,Near-prime,34,551,0
C009179,2026-03,Near-prime,79,616,0
C009180,2026-03,Near-prime,82,606,1
C009181,2026-03,Near-prime,49,739,0
C009182,2026-03,Near-prime,93,1337,0
C009183,2026-03,Near-prime,40,1548,0
C009184,2026-03,Near-prime,61,1187,0
C009185,2026-03,Near-prime,64,1235,0
C009186,2026-03,Near-prime,44,273,0
C009187,2026-03,Near-prime,94,1833,0
C009188,2026-03,Near-prime,50,435,0
C009189,2026-03,Near-prime,38,542,0
C009190,2026-03,Near-prime,72,1418,0
C009191,2026-03,Near-prime,49,1769,0
C009192,2026-03,Near-prime,38,659,0
C009193,2026-03,Near-prime,44,0,0
C009194,2026-03,Near-prime,50,1027,0
C009195,2026-03,Near-prime,91,401,0
C009196,2026-03,Near-prime,43,900,0
C009197,2026-03,Near-prime,49,390,0
C009198,2026-03,Near-prime,20,1631,0
C009199,2026-03,Near-prime,59,230,0
C009200,2026-03,Near-prime,77,630,0
C009201,2026-03,Near-prime,57,253,0
C009202,2026-03,Near-prime,41,545,0
C009203,2026-03,Near-prime,58,1228,0
C009204,2026-03,Near-prime,78,1043,0
C009205,2026-03,Near-prime,44,1014,0
C009206,2026-03,Near-prime,41,1097,0
C009207,2026-03,Near-prime,44,1501,0
C009208,2026-03,Near-prime,40,977,0
C009209,2026-03,Near-prime,20,1954,0
C009210,2026-03,Near-prime,85,1357,0
C009211,2026-03,Near-prime,40,1449,0
C009212,2026-03,Near-prime,35,681,0
C009213,2026-03,Near-prime,30,572,0
C009214,2026-03,Near-prime,65,1077,0
C009215,2026-03,Near-prime,83,785,0
C009216,2026-03,Near-prime,54,1065,0
C009217,2026-03,Near-prime,46,703,0
C009218,2026-03,Near-prime,42,152,0
C009219,2026-03,Near-prime,78,368,0
C009220,2026-03,Near-prime,48,1026,0
C009221,2026-03,Near-prime,20,306,0
C009222,2026-03,Near-prime,70,1156,0
C009223,2026-03,Near-prime,66,1217,0
C009224,2026-03,Near-prime,74,0,0
C009225,2026-03,Near-prime,24,1788,1
C009226,2026-03,Near-prime,72,386,0
C009227,2026-03,Near-prime,75,832,0
C009228,2026-03,Near-prime,54,1533,0
C009229,2026-03,Near-prime,69,460,0
C009230,2026-03,Near-prime,51,1553,0
C009231,2026-03,Near-prime,55,1235,0
C009232,2026-03,Near-prime,36,1674,0
C009233,2026-03,Near-prime,69,435,0
C009234,2026-03,Near-prime,47,513,0
C009235,2026-03,Near-prime,70,1189,0
C009236,2026-03,Near-prime,36,957,0
C009237,2026-03,Near-prime,59,1027,0
C009238,2026-03,Near-prime,43,2149,0
C009239,2026-03,Near-prime,85,729,1
C009240,2026-03,Near-prime,30,747,0
C009241,2026-03,Near-prime,58,1057,0
C009242,2026-03,Near-prime,57,700,0
C009243,2026-03,Near-prime,39,1745,0
C009244,2026-03,Near-prime,45,1930,0
C009245,2026-03,Near-prime,48,141,0
C009246,2026-03,Near-prime,43,943,0
C009247,2026-03,Near-prime,38,1451,0
C009248,2026-03,Near-prime,65,36,0
C009249,2026-03,Near-prime,57,973,0
C009250,2026-03,Near-prime,78,928,0
C009251,2026-03,Near-prime,59,121,0
C009252,2026-03,Near-prime,36,903,0
C009253,2026-03,Near-prime,59,1354,0
C009254,2026-03,Near-prime,54,333,1
C009255,2026-03,Near-prime,51,879,0
C009256,2026-03,Near-prime,97,814,0
C009257,2026-03,Near-prime,57,812,0
C009258,2026-03,Near-prime,52,1052,0
C009259,2026-03,Near-prime,68,631,0
C009260,2026-03,Near-prime,57,1479,0
C009261,2026-03,Near-prime,75,795,0
C009262,2026-03,Near-prime,60,701,1
C009263,2026-03,Near-prime,87,519,0
C009264,2026-03,Near-prime,84,1250,0
C009265,2026-03,Near-prime,59,1387,0
C009266,2026-03,Near-prime,45,1466,0
C009267,2026-03,Near-prime,52,873,1
C009268,2026-03,Near-prime,54,911,0
C009269,2026-03,Near-prime,49,562,0
C009270,2026-03,Near-prime,26,1484,0
C009271,2026-03,Near-prime,4,1456,0
C009272,2026-03,Near-prime,14,840,0
C009273,2026-03,Near-prime,24,1454,0
C009274,2026-03,Near-prime,48,1091,0
C009275,2026-03,Near-prime,39,1195,0
C009276,2026-03,Near-prime,26,484,0
C009277,2026-03,Near-prime,30,808,0
C009278,2026-03,Near-prime,45,1078,0
C009279,2026-03,Near-prime,15,732,0
C009280,2026-03,Near-prime,42,1052,0
C009281,2026-03,Near-prime,81,1666,0
C009282,2026-03,Near-prime,50,1726,0
C009283,2026-03,Near-prime,33,898,0
C009284,2026-03,Near-prime,50,1046,1
C009285,2026-03,Near-prime,31,1684,0
C009286,2026-03,Near-prime,35,935,0
C009287,2026-03,Near-prime,57,1729,0
C009288,2026-03,Near-prime,38,775,0
C009289,2026-03,Near-prime,65,663,0
C009290,2026-03,Near-prime,49,1931,1
C009291,2026-03,Near-prime,51,1941,0
C009292,2026-03,Near-prime,64,482,0
C009293,2026-03,Near-prime,64,395,0
C009294,2026-03,Near-prime,47,1337,0
C009295,2026-03,Near-prime,69,620,0
C009296,2026-03,Near-prime,38,978,0
C009297,2026-03,Near-prime,63,1500,0
C009298,2026-03,Near-prime,96,556,0
C009299,2026-03,Near-prime,23,1213,0
C009300,2026-03,Near-prime,26,1177,0
C009301,2026-03,Near-prime,40,1075,0
C009302,2026-03,Near-prime,68,1479,0
C009303,2026-03,Near-prime,77,2359,0
C009304,2026-03,Near-prime,60,1167,0
C009305,2026-03,Near-prime,29,881,0
C009306,2026-03,Near-prime,43,1095,0
C009307,2026-03,Near-prime,57,708,0
C009308,2026-03,Near-prime,52,1424,0
C009309,2026-03,Near-prime,56,223,0
C009310,2026-03,Near-prime,36,1010,1
C009311,2026-03,Near-prime,23,1223,0
C009312,2026-03,Near-prime,56,1189,0
C009313,2026-03,Near-prime,20,1517,0
C009314,2026-03,Near-prime,81,186,0
C009315,2026-03,Near-prime,47,1270,0
C009316,2026-03,Near-prime,17,856,0
C009317,2026-03,Near-prime,45,1498,0
C009318,2026-03,Near-prime,96,973,0
C009319,2026-03,Near-prime,54,1513,0
C009320,2026-03,Near-prime,43,1154,1
C009321,2026-03,Near-prime,73,1245,0
C009322,2026-03,Near-prime,60,499,0
C009323,2026-03,Near-prime,44,529,0
C009324,2026-03,Near-prime,72,325,0
C009325,2026-03,Near-prime,58,954,0
C009326,2026-03,Near-prime,32,918,0
C009327,2026-03,Near-prime,59,584,0
C009328,2026-03,Near-prime,14,1577,0
C009329,2026-03,Near-prime,53,805,0
C009330,2026-03,Near-prime,62,414,0
C009331,2026-03,Near-prime,68,1856,0
C009332,2026-03,Near-prime,78,493,1
C009333,2026-03,Near-prime,35,1280,0
C009334,2026-03,Near-prime,39,799,0
C009335,2026-03,Near-prime,52,0,0
C009336,2026-03,Near-prime,40,1165,0
C009337,2026-03,Near-prime,51,952,0
C009338,2026-03,Near-prime,45,1304,0
C009339,2026-03,Near-prime,47,1821,0
C009340,2026-03,Near-prime,52,733,0
C009341,2026-03,Near-prime,18,1533,0
C009342,2026-03,Near-prime,30,1246,0
C009343,2026-03,Near-prime,40,1928,1
C009344,2026-03,Near-prime,34,1738,0
C009345,2026-03,Near-prime,46,1175,0
C009346,2026-03,Near-prime,31,835,0
C009347,2026-03,Near-prime,76,1296,0
C009348,2026-03,Near-prime,44,1256,0
C009349,2026-03,Near-prime,62,416,0
C009350,2026-03,Near-prime,43,1512,0
C009351,2026-03,Near-prime,72,1177,0
C009352,2026-03,Near-prime,49,942,0
C009353,2026-03,Near-prime,83,923,0
C009354,2026-03,Near-prime,24,1568,0
C009355,2026-03,Near-prime,63,364,0
C009356,2026-03,Near-prime,79,1150,0
C009357,2026-03,Near-prime,66,1424,0
C009358,2026-03,Near-prime,71,1009,0
C009359,2026-03,Near-prime,61,828,0
C009360,2026-03,Near-prime,63,1240,0
C009361,2026-03,Near-prime,45,1227,0
C009362,2026-03,Near-prime,74,1342,0
C009363,2026-03,Near-prime,69,1150,0
C009364,2026-03,Near-prime,45,1354,0
C009365,2026-03,Near-prime,48,2383,0
C009366,2026-03,Near-prime,51,863,1
C009367,2026-03,Near-prime,40,1273,0
C009368,2026-03,Near-prime,26,1466,0
C009369,2026-03,Near-prime,64,730,0
C009370,2026-03,Near-prime,57,1460,0
C009371,2026-03,Near-prime,9,1267,0
C009372,2026-03,Near-prime,50,2013,0
C009373,2026-03,Near-prime,70,1435,1
C009374,2026-03,Near-prime,78,1808,0
C009375,2026-03,Near-prime,51,1399,0
C009376,2026-03,Near-prime,25,1978,0
C009377,2026-03,Near-prime,58,0,0
C009378,2026-03,Near-prime,33,528,0
C009379,2026-03,Near-prime,24,1090,0
C009380,2026-03,Near-prime,77,743,0
C009381,2026-03,Near-prime,47,741,0
C009382,2026-03,Near-prime,26,0,1
C009383,2026-03,Near-prime,1,1185,0
C009384,2026-03,Near-prime,34,349,0
C009385,2026-03,Near-prime,75,1845,0
C009386,2026-03,Near-prime,39,987,0
C009387,2026-03,Near-prime,46,1469,0
C009388,2026-03,Near-prime,59,664,0
C009389,2026-03,Near-prime,89,331,0
C009390,2026-03,Near-prime,49,372,0
C009391,2026-03,Near-prime,79,1016,1
C009392,2026-03,Near-prime,45,1280,1
C009393,2026-03,Near-prime,52,1652,0
C009394,2026-03,Near-prime,40,926,0
C009395,2026-03,Near-prime,80,0,0
C009396,2026-03,Near-prime,53,1069,0
C009397,2026-03,Near-prime,63,1464,0
C009398,2026-03,Near-prime,59,832,0
C009399,2026-03,Near-prime,57,1485,1
C009400,2026-03,Near-prime,65,838,0
C009401,2026-03,Near-prime,44,1557,0
C009402,2026-03,Near-prime,21,1260,0
C009403,2026-03,Near-prime,70,564,0
C009404,2026-03,Near-prime,78,1142,0
C009405,2026-03,Near-prime,71,1921,0
C009406,2026-03,Near-prime,64,795,0
C009407,2026-03,Near-prime,63,807,0
C009408,2026-03,Near-prime,78,980,1
C009409,2026-03,Near-prime,47,935,0
C009410,2026-03,Near-prime,73,730,0
C009411,2026-03,Near-prime,47,1455,0
C009412,2026-03,Near-prime,49,250,0
C009413,2026-03,Near-prime,47,124,0
C009414,2026-03,Near-prime,55,2198,0
C009415,2026-03,Near-prime,52,493,0
C009416,2026-03,Near-prime,46,1316,0
C009417,2026-03,Near-prime,36,1364,0
C009418,2026-03,Near-prime,37,510,0
C009419,2026-03,Near-prime,77,1208,0
C009420,2026-03,Near-prime,40,1021,1
C009421,2026-03,Near-prime,43,1760,0
C009422,2026-03,Near-prime,57,645,0
C009423,2026-03,Near-prime,28,1124,0
C009424,2026-03,Near-prime,66,415,0
C009425,2026-03,Near-prime,76,1459,0
C009426,2026-03,Near-prime,74,1203,0
C009427,2026-03,Near-prime,31,1715,0
C009428,2026-03,Near-prime,54,859,0
C009429,2026-03,Near-prime,81,1230,0
C009430,2026-03,Near-prime,49,1556,0
C009431,2026-03,Near-prime,47,1321,0
C009432,2026-03,Near-prime,73,1507,0
C009433,2026-03,Near-prime,37,1023,0
C009434,2026-03,Near-prime,57,1009,0
C009435,2026-03,Near-prime,70,552,0
C009436,2026-03,Near-prime,59,1446,0
C009437,2026-03,Near-prime,33,594,0
C009438,2026-03,Near-prime,44,1476,0
C009439,2026-03,Near-prime,20,1637,0
C009440,2026-03,Near-prime,14,1056,0
C009441,2026-03,Near-prime,51,1602,0
C009442,2026-03,Near-prime,49,1095,0
C009443,2026-03,Near-prime,35,1034,0
C009444,2026-03,Near-prime,60,1063,0
C009445,2026-03,Near-prime,66,595,1
C009446,2026-03,Near-prime,82,229,0
C009447,2026-03,Near-prime,51,1192,0
C009448,2026-03,Near-prime,45,941,0
C009449,2026-03,Near-prime,63,577,0
C009450,2026-03,Near-prime,80,1332,0
C009451,2026-03,Subprime,77,688,0
C009452,2026-03,Subprime,70,195,0
C009453,2026-03,Subprime,100,415,0
C009454,2026-03,Subprime,81,619,0
C009455,2026-03,Subprime,81,944,0
C009456,2026-03,Subprime,58,959,0
C009457,2026-03,Subprime,63,778,0
C009458,2026-03,Subprime,53,650,0
C009459,2026-03,Subprime,69,605,0
C009460,2026-03,Subprime,100,181,0
C009461,2026-03,Subprime,62,706,0
C009462,2026-03,Subprime,48,624,0
C009463,2026-03,Subprime,65,287,0
C009464,2026-03,Subprime,33,408,0
C009465,2026-03,Subprime,64,1188,1
C009466,2026-03,Subprime,73,960,0
C009467,2026-03,Subprime,54,1051,0
C009468,2026-03,Subprime,58,541,0
C009469,2026-03,Subprime,97,959,0
C009470,2026-03,Subprime,62,891,1
C009471,2026-03,Subprime,52,544,0
C009472,2026-03,Subprime,57,784,0
C009473,2026-03,Subprime,58,526,0
C009474,2026-03,Subprime,71,477,0
C009475,2026-03,Subprime,81,365,0
C009476,2026-03,Subprime,49,860,0
C009477,2026-03,Subprime,66,571,0
C009478,2026-03,Subprime,61,1426,0
C009479,2026-03,Subprime,63,675,1
C009480,2026-03,Subprime,65,904,1
C009481,2026-03,Subprime,52,538,1
C009482,2026-03,Subprime,58,946,0
C009483,2026-03,Subprime,75,925,0
C009484,2026-03,Subprime,58,565,1
C009485,2026-03,Subprime,80,1008,1
C009486,2026-03,Subprime,91,519,0
C009487,2026-03,Subprime,73,638,0
C009488,2026-03,Subprime,86,742,0
C009489,2026-03,Subprime,57,351,0
C009490,2026-03,Subprime,73,368,0
C009491,2026-03,Subprime,55,660,0
C009492,2026-03,Subprime,60,1299,0
C009493,2026-03,Subprime,87,697,0
C009494,2026-03,Subprime,73,295,0
C009495,2026-03,Subprime,70,428,0
C009496,2026-03,Subprime,80,659,0
C009497,2026-03,Subprime,90,1143,0
C009498,2026-03,Subprime,72,1358,0
C009499,2026-03,Subprime,67,750,0
C009500,2026-03,Subprime,83,700,0
C009501,2026-03,Subprime,76,698,0
C009502,2026-03,Subprime,41,483,0
C009503,2026-03,Subprime,61,476,0
C009504,2026-03,Subprime,45,248,0
C009505,2026-03,Subprime,63,842,0
C009506,2026-03,Subprime,76,763,0
C009507,2026-03,Subprime,98,649,0
C009508,2026-03,Subprime,43,927,0
C009509,2026-03,Subprime,96,155,1
C009510,2026-03,Subprime,72,522,0
C009511,2026-03,Subprime,74,475,0
C009512,2026-03,Subprime,55,837,0
C009513,2026-03,Subprime,100,914,0
C009514,2026-03,Subprime,77,367,0
C009515,2026-03,Subprime,100,952,0
C009516,2026-03,Subprime,42,672,0
C009517,2026-03,Subprime,80,774,0
C009518,2026-03,Subprime,66,892,0
C009519,2026-03,Subprime,57,506,0
C009520,2026-03,Subprime,88,338,0
C009521,2026-03,Subprime,90,707,0
C009522,2026-03,Subprime,48,186,1
C009523,2026-03,Subprime,86,674,0
C009524,2026-03,Subprime,77,842,0
C009525,2026-03,Subprime,80,325,0
C009526,2026-03,Subprime,46,1059,0
C009527,2026-03,Subprime,58,431,0
C009528,2026-03,Subprime,100,788,0
C009529,2026-03,Subprime,38,651,1
C009530,2026-03,Subprime,71,701,0
C009531,2026-03,Subprime,88,42,0
C009532,2026-03,Subprime,88,635,0
C009533,2026-03,Subprime,55,483,0
C009534,2026-03,Subprime,62,994,0
C009535,2026-03,Subprime,75,808,0
C009536,2026-03,Subprime,94,612,0
C009537,2026-03,Subprime,91,1094,0
C009538,2026-03,Subprime,64,374,0
C009539,2026-03,Subprime,63,738,0
C009540,2026-03,Subprime,58,345,0
C009541,2026-03,Subprime,91,1134,1
C009542,2026-03,Subprime,66,276,0
C009543,2026-03,Subprime,69,653,0
C009544,2026-03,Subprime,97,515,0
C009545,2026-03,Subprime,90,1388,0
C009546,2026-03,Subprime,92,50,0
C009547,2026-03,Subprime,65,921,0
C009548,2026-03,Subprime,80,501,0
C009549,2026-03,Subprime,84,752,0
C009550,2026-03,Subprime,79,600,0
C009551,2026-03,Subprime,96,817,1
C009552,2026-03,Subprime,71,202,0
C009553,2026-03,Subprime,84,1196,0
C009554,2026-03,Subprime,51,609,0
C009555,2026-03,Subprime,56,74,0
C009556,2026-03,Subprime,79,405,0
C009557,2026-03,Subprime,51,636,0
C009558,2026-03,Subprime,91,904,0
C009559,2026-03,Subprime,55,1008,0
C009560,2026-03,Subprime,89,1456,0
C009561,2026-03,Subprime,70,877,1
C009562,2026-03,Subprime,68,559,0
C009563,2026-03,Subprime,95,511,1
C009564,2026-03,Subprime,66,589,0
C009565,2026-03,Subprime,67,508,0
C009566,2026-03,Subprime,81,301,0
C009567,2026-03,Subprime,81,320,0
C009568,2026-03,Subprime,69,899,0
C009569,2026-03,Subprime,57,960,0
C009570,2026-03,Subprime,61,851,0
C009571,2026-03,Subprime,91,624,0
C009572,2026-03,Subprime,71,737,0
C009573,2026-03,Subprime,63,1144,0
C009574,2026-03,Subprime,83,565,0
C009575,2026-03,Subprime,33,810,0
C009576,2026-03,Subprime,69,754,0
C009577,2026-03,Subprime,90,1085,1
C009578,2026-03,Subprime,66,645,1
C009579,2026-03,Subprime,76,490,0
C009580,2026-03,Subprime,62,404,0
C009581,2026-03,Subprime,58,845,0
C009582,2026-03,Subprime,84,666,0
C009583,2026-03,Subprime,94,920,0
C009584,2026-03,Subprime,91,375,0
C009585,2026-03,Subprime,43,787,0
C009586,2026-03,Subprime,58,1212,0
C009587,2026-03,Subprime,68,272,0
C009588,2026-03,Subprime,100,830,0
C009589,2026-03,Subprime,56,1240,0
C009590,2026-03,Subprime,65,541,0
C009591,2026-03,Subprime,63,1039,0
C009592,2026-03,Subprime,91,430,0
C009593,2026-03,Subprime,91,869,0
C009594,2026-03,Subprime,91,827,0
C009595,2026-03,Subprime,91,343,0
C009596,2026-03,Subprime,91,839,0
C009597,2026-03,Subprime,55,1000,0
C009598,2026-03,Subprime,71,1079,0
C009599,2026-03,Subprime,62,712,0
C009600,2026-03,Subprime,59,1095,0
C009601,2026-03,Subprime,81,494,0
C009602,2026-03,Subprime,41,1068,0
C009603,2026-03,Subprime,96,405,0
C009604,2026-03,Subprime,54,963,0
C009605,2026-03,Subprime,73,849,0
C009606,2026-03,Subprime,34,769,0
C009607,2026-03,Subprime,75,540,0
C009608,2026-03,Subprime,78,406,0
C009609,2026-03,Subprime,62,642,0
C009610,2026-03,Subprime,62,603,0
C009611,2026-03,Subprime,37,344,0
C009612,2026-03,Subprime,73,1136,0
C009613,2026-03,Subprime,66,937,0
C009614,2026-03,Subprime,54,482,0
C009615,2026-03,Subprime,54,265,0
C009616,2026-03,Subprime,70,770,0
C009617,2026-03,Subprime,50,207,0
C009618,2026-03,Subprime,72,323,0
C009619,2026-03,Subprime,58,0,0
C009620,2026-03,Subprime,35,793,0
C009621,2026-03,Subprime,43,485,0
C009622,2026-03,Subprime,64,327,0
C009623,2026-03,Subprime,77,754,0
C009624,2026-03,Subprime,89,881,1
C009625,2026-03,Subprime,66,863,0
C009626,2026-03,Subprime,69,511,0
C009627,2026-03,Subprime,79,915,0
C009628,2026-03,Subprime,64,623,0
C009629,2026-03,Subprime,69,883,0
C009630,2026-03,Subprime,89,258,0
C009631,2026-03,Subprime,66,793,0
C009632,2026-03,Subprime,71,613,0
C009633,2026-03,Subprime,81,846,0
C009634,2026-03,Subprime,57,273,0
C009635,2026-03,Subprime,59,209,0
C009636,2026-03,Subprime,79,1147,1
C009637,2026-03,Subprime,80,654,0
C009638,2026-03,Subprime,69,250,0
C009639,2026-03,Subprime,59,82,0
C009640,2026-03,Subprime,51,642,0
C009641,2026-03,Subprime,58,435,0
C009642,2026-03,Subprime,68,489,0
C009643,2026-03,Subprime,72,427,1
C009644,2026-03,Subprime,39,0,0
C009645,2026-03,Subprime,42,512,0
C009646,2026-03,Subprime,62,1076,0
C009647,2026-03,Subprime,55,827,0
C009648,2026-03,Subprime,72,786,0
C009649,2026-03,Subprime,48,822,0
C009650,2026-03,Subprime,55,106,0
C009651,2026-03,Subprime,50,709,0
C009652,2026-03,Subprime,100,610,0
C009653,2026-03,Subprime,55,517,0
C009654,2026-03,Subprime,72,684,0
C009655,2026-03,Subprime,79,593,1
C009656,2026-03,Subprime,59,478,1
C009657,2026-03,Subprime,76,1068,0
C009658,2026-03,Subprime,58,950,0
C009659,2026-03,Subprime,84,516,0
C009660,2026-03,Subprime,80,464,0
C009661,2026-03,Subprime,74,468,0
C009662,2026-03,Subprime,61,1118,0
C009663,2026-03,Subprime,66,437,0
C009664,2026-03,Subprime,79,401,0
C009665,2026-03,Subprime,52,215,0
C009666,2026-03,Subprime,57,759,0
C009667,2026-03,Subprime,47,439,1
C009668,2026-03,Subprime,66,581,0
C009669,2026-03,Subprime,65,893,0
C009670,2026-03,Subprime,82,1141,0
C009671,2026-03,Subprime,75,848,1
C009672,2026-03,Subprime,52,292,0
C009673,2026-03,Subprime,47,621,0
C009674,2026-03,Subprime,80,599,0
C009675,2026-03,Subprime,87,1145,1
C009676,2026-03,Subprime,56,767,0
C009677,2026-03,Subprime,92,972,0
C009678,2026-03,Subprime,70,800,0
C009679,2026-03,Subprime,97,983,0
C009680,2026-03,Subprime,86,664,0
C009681,2026-03,Subprime,65,714,0
C009682,2026-03,Subprime,62,895,0
C009683,2026-03,Subprime,69,692,0
C009684,2026-03,Subprime,67,482,0
C009685,2026-03,Subprime,66,907,0
C009686,2026-03,Subprime,68,36,0
C009687,2026-03,Subprime,45,494,0
C009688,2026-03,Subprime,38,770,0
C009689,2026-03,Subprime,81,660,1
C009690,2026-03,Subprime,56,543,0
C009691,2026-03,Subprime,76,561,0
C009692,2026-03,Subprime,89,493,0
C009693,2026-03,Subprime,73,1069,0
C009694,2026-03,Subprime,53,778,0
C009695,2026-03,Subprime,94,825,0
C009696,2026-03,Subprime,65,481,0
C009697,2026-03,Subprime,77,419,0
C009698,2026-03,Subprime,41,754,0
C009699,2026-03,Subprime,44,621,0
C009700,2026-03,Subprime,79,515,1
C009701,2026-03,Subprime,78,1039,0
C009702,2026-03,Subprime,68,142,0
C009703,2026-03,Subprime,92,261,0
C009704,2026-03,Subprime,95,471,0
C009705,2026-03,Subprime,68,1040,0
C009706,2026-03,Subprime,66,1118,0
C009707,2026-03,Subprime,79,348,0
C009708,2026-03,Subprime,69,1001,0
C009709,2026-03,Subprime,78,1268,0
C009710,2026-03,Subprime,65,882,0
C009711,2026-03,Subprime,74,753,0
C009712,2026-03,Subprime,43,959,1
C009713,2026-03,Subprime,52,449,0
C009714,2026-03,Subprime,75,483,0
C009715,2026-03,Subprime,93,205,0
C009716,2026-03,Subprime,46,316,0
C009717,2026-03,Subprime,72,410,1
C009718,2026-03,Subprime,57,604,1
C009719,2026-03,Subprime,76,404,0
C009720,2026-03,Subprime,72,832,0
C009721,2026-03,Subprime,56,719,0
C009722,2026-03,Subprime,84,480,0
C009723,2026-03,Subprime,66,959,0
C009724,2026-03,Subprime,71,758,1
C009725,2026-03,Subprime,61,143,1
C009726,2026-03,Subprime,48,765,0
C009727,2026-03,Subprime,80,604,0
C009728,2026-03,Subprime,41,790,1
C009729,2026-03,Subprime,89,1001,1
C009730,2026-03,Subprime,73,721,0
C009731,2026-03,Subprime,52,668,0
C009732,2026-03,Subprime,59,230,0
C009733,2026-03,Subprime,71,349,0
C009734,2026-03,Subprime,66,700,0
C009735,2026-03,Subprime,27,604,0
C009736,2026-03,Subprime,76,626,0
C009737,2026-03,Subprime,25,619,0
C009738,2026-03,Subprime,68,389,0
C009739,2026-03,Subprime,77,577,0
C009740,2026-03,Subprime,65,601,0
C009741,2026-03,Subprime,95,402,0
C009742,2026-03,Subprime,91,1041,0
C009743,2026-03,Subprime,80,936,1
C009744,2026-03,Subprime,68,657,0
C009745,2026-03,Subprime,100,892,0
C009746,2026-03,Subprime,23,284,0
C009747,2026-03,Subprime,49,915,0
C009748,2026-03,Subprime,73,644,0
C009749,2026-03,Subprime,90,680,0
C009750,2026-03,Subprime,100,547,0
C009751,2026-03,Subprime,100,772,0
C009752,2026-03,Subprime,65,477,0
C009753,2026-03,Subprime,74,1090,0
C009754,2026-03,Subprime,74,908,0
C009755,2026-03,Subprime,78,1293,0
C009756,2026-03,Subprime,47,258,0
C009757,2026-03,Subprime,59,692,0
C009758,2026-03,Subprime,29,510,0
C009759,2026-03,Subprime,64,432,1
C009760,2026-03,Subprime,60,96,0
C009761,2026-04,Prime,19,1758,0
C009762,2026-04,Prime,39,2474,0
C009763,2026-04,Prime,35,2535,0
C009764,2026-04,Prime,5,48,0
C009765,2026-04,Prime,17,1572,0
C009766,2026-04,Prime,9,1756,0
C009767,2026-04,Prime,53,1003,0
C009768,2026-04,Prime,20,2097,0
C009769,2026-04,Prime,1,899,0
C009770,2026-04,Prime,24,1909,0
C009771,2026-04,Prime,27,308,0
C009772,2026-04,Prime,1,2104,0
C009773,2026-04,Prime,45,1430,1
C009774,2026-04,Prime,30,713,0
C009775,2026-04,Prime,14,1145,0
C009776,2026-04,Prime,60,1688,0
C009777,2026-04,Prime,5,1475,0
C009778,2026-04,Prime,19,1999,0
C009779,2026-04,Prime,15,1606,0
C009780,2026-04,Prime,16,575,0
C009781,2026-04,Prime,48,1236,0
C009782,2026-04,Prime,47,444,0
C009783,2026-04,Prime,5,1684,0
C009784,2026-04,Prime,25,1222,0
C009785,2026-04,Prime,43,991,0
C009786,2026-04,Prime,38,1399,0
C009787,2026-04,Prime,14,3071,0
C009788,2026-04,Prime,44,2251,0
C009789,2026-04,Prime,28,2380,0
C009790,2026-04,Prime,32,1889,0
C009791,2026-04,Prime,17,327,0
C009792,2026-04,Prime,38,1677,0
C009793,2026-04,Prime,19,3237,0
C009794,2026-04,Prime,55,1968,0
C009795,2026-04,Prime,22,1183,0
C009796,2026-04,Prime,57,667,0
C009797,2026-04,Prime,10,2637,0
C009798,2026-04,Prime,9,1305,0
C009799,2026-04,Prime,8,1569,0
C009800,2026-04,Prime,38,965,0
C009801,2026-04,Prime,21,1006,0
C009802,2026-04,Prime,5,1805,0
C009803,2026-04,Prime,9,1775,0
C009804,2026-04,Prime,48,261,0
C009805,2026-04,Prime,16,2495,0
C009806,2026-04,Prime,1,717,0
C009807,2026-04,Prime,40,1559,0
C009808,2026-04,Prime,1,2217,1
C009809,2026-04,Prime,33,1914,0
C009810,2026-04,Prime,40,740,0
C009811,2026-04,Prime,39,679,0
C009812,2026-04,Prime,26,2295,0
C009813,2026-04,Prime,18,416,1
C009814,2026-04,Prime,32,2953,0
C009815,2026-04,Prime,64,1370,0
C009816,2026-04,Prime,45,2402,0
C009817,2026-04,Prime,13,910,0
C009818,2026-04,Prime,16,2075,0
C009819,2026-04,Prime,15,1957,0
C009820,2026-04,Prime,27,2387,0
C009821,2026-04,Prime,38,2553,0
C009822,2026-04,Prime,23,327,0
C009823,2026-04,Prime,28,622,0
C009824,2026-04,Prime,26,1841,0
C009825,2026-04,Prime,41,2069,0
C009826,2026-04,Prime,49,239,0
C009827,2026-04,Prime,33,22,0
C009828,2026-04,Prime,1,2524,0
C009829,2026-04,Prime,24,1069,0
C009830,2026-04,Prime,52,2185,0
C009831,2026-04,Prime,22,792,0
C009832,2026-04,Prime,5,1895,0
C009833,2026-04,Prime,34,69,0
C009834,2026-04,Prime,43,2004,1
C009835,2026-04,Prime,62,1021,0
C009836,2026-04,Prime,54,742,0
C009837,2026-04,Prime,14,1482,0
C009838,2026-04,Prime,36,1993,0
C009839,2026-04,Prime,7,1443,0
C009840,2026-04,Prime,11,1089,0
C009841,2026-04,Prime,28,1267,0
C009842,2026-04,Prime,23,2293,0
C009843,2026-04,Prime,20,2692,0
C009844,2026-04,Prime,29,2845,0
C009845,2026-04,Prime,61,1440,0
C009846,2026-04,Prime,34,1050,0
C009847,2026-04,Prime,46,1701,0
C009848,2026-04,Prime,31,2126,0
C009849,2026-04,Prime,57,1050,0
C009850,2026-04,Prime,19,1073,0
C009851,2026-04,Prime,22,0,0
C009852,2026-04,Prime,52,2137,0
C009853,2026-04,Prime,44,1377,0
C009854,2026-04,Prime,1,1577,0
C009855,2026-04,Prime,71,154,0
C009856,2026-04,Prime,30,1970,0
C009857,2026-04,Prime,22,1277,0
C009858,2026-04,Prime,35,998,0
C009859,2026-04,Prime,58,1410,0
C009860,2026-04,Prime,28,1219,0
C009861,2026-04,Prime,51,385,0
C009862,2026-04,Prime,14,1088,0
C009863,2026-04,Prime,74,1338,0
C009864,2026-04,Prime,33,1420,0
C009865,2026-04,Prime,38,2814,0
C009866,2026-04,Prime,3,767,0
C009867,2026-04,Prime,18,1319,0
C009868,2026-04,Prime,40,2076,0
C009869,2026-04,Prime,11,853,0
C009870,2026-04,Prime,11,1946,0
C009871,2026-04,Prime,41,2167,0
C009872,2026-04,Prime,42,1718,0
C009873,2026-04,Prime,37,1592,0
C009874,2026-04,Prime,1,1070,0
C009875,2026-04,Prime,48,1541,0
C009876,2026-04,Prime,5,1532,0
C009877,2026-04,Prime,19,1189,0
C009878,2026-04,Prime,35,849,0
C009879,2026-04,Prime,26,2473,0
C009880,2026-04,Prime,26,430,0
C009881,2026-04,Prime,26,2749,0
C009882,2026-04,Prime,1,952,0
C009883,2026-04,Prime,15,2645,0
C009884,2026-04,Prime,12,1607,0
C009885,2026-04,Prime,14,1453,0
C009886,2026-04,Prime,31,2172,0
C009887,2026-04,Prime,51,1978,0
C009888,2026-04,Prime,38,1063,0
C009889,2026-04,Prime,42,411,0
C009890,2026-04,Prime,20,1337,0
C009891,2026-04,Prime,65,1916,0
C009892,2026-04,Prime,68,2056,0
C009893,2026-04,Prime,15,2654,0
C009894,2026-04,Prime,21,1140,0
C009895,2026-04,Prime,54,1068,0
C009896,2026-04,Prime,43,1320,0
C009897,2026-04,Prime,6,1299,0
C009898,2026-04,Prime,29,2118,0
C009899,2026-04,Prime,29,1942,0
C009900,2026-04,Prime,29,1044,0
C009901,2026-04,Prime,1,1028,0
C009902,2026-04,Prime,55,1973,0
C009903,2026-04,Prime,20,1929,0
C009904,2026-04,Prime,1,1011,0
C009905,2026-04,Prime,17,1814,0
C009906,2026-04,Prime,59,1197,0
C009907,2026-04,Prime,33,2296,0
C009908,2026-04,Prime,9,1784,0
C009909,2026-04,Prime,41,2278,0
C009910,2026-04,Prime,35,691,0
C009911,2026-04,Prime,42,459,0
C009912,2026-04,Prime,10,1038,0
C009913,2026-04,Prime,38,1058,0
C009914,2026-04,Prime,19,333,0
C009915,2026-04,Prime,50,2006,0
C009916,2026-04,Prime,24,2545,0
C009917,2026-04,Prime,20,1202,0
C009918,2026-04,Prime,7,2325,0
C009919,2026-04,Prime,40,2243,0
C009920,2026-04,Prime,3,908,0
C009921,2026-04,Prime,22,1274,0
C009922,2026-04,Prime,17,1505,0
C009923,2026-04,Prime,59,818,0
C009924,2026-04,Prime,19,1219,0
C009925,2026-04,Prime,17,1831,0
C009926,2026-04,Prime,30,1258,0
C009927,2026-04,Prime,15,1761,0
C009928,2026-04,Prime,10,2822,0
C009929,2026-04,Prime,40,1961,0
C009930,2026-04,Prime,37,1941,0
C009931,2026-04,Prime,55,2487,0
C009932,2026-04,Prime,54,502,0
C009933,2026-04,Prime,66,1010,0
C009934,2026-04,Prime,29,2519,0
C009935,2026-04,Prime,4,1596,0
C009936,2026-04,Prime,29,199,0
C009937,2026-04,Prime,7,1252,0
C009938,2026-04,Prime,51,2553,0
C009939,2026-04,Prime,27,0,0
C009940,2026-04,Prime,15,2095,0
C009941,2026-04,Prime,1,1518,0
C009942,2026-04,Prime,53,2087,0
C009943,2026-04,Prime,20,1178,0
C009944,2026-04,Prime,31,1882,0
C009945,2026-04,Prime,43,1996,0
C009946,2026-04,Prime,53,1984,0
C009947,2026-04,Prime,54,55,0
C009948,2026-04,Prime,34,782,0
C009949,2026-04,Prime,26,738,0
C009950,2026-04,Prime,9,2121,0
C009951,2026-04,Prime,19,288,0
C009952,2026-04,Prime,35,1566,0
C009953,2026-04,Prime,38,1545,0
C009954,2026-04,Prime,46,2391,0
C009955,2026-04,Prime,15,1490,0
C009956,2026-04,Prime,3,1992,0
C009957,2026-04,Prime,11,1759,0
C009958,2026-04,Prime,1,0,0
C009959,2026-04,Prime,30,1665,0
C009960,2026-04,Prime,3,2152,0
C009961,2026-04,Prime,39,630,0
C009962,2026-04,Prime,26,2347,0
C009963,2026-04,Prime,44,415,0
C009964,2026-04,Prime,23,2298,0
C009965,2026-04,Prime,7,1460,0
C009966,2026-04,Prime,16,1970,0
C009967,2026-04,Prime,37,1703,0
C009968,2026-04,Prime,59,1482,0
C009969,2026-04,Prime,15,1477,0
C009970,2026-04,Prime,48,1296,0
C009971,2026-04,Prime,41,1999,0
C009972,2026-04,Prime,36,2033,0
C009973,2026-04,Prime,14,1566,0
C009974,2026-04,Prime,1,1601,0
C009975,2026-04,Prime,42,1771,0
C009976,2026-04,Prime,39,1460,0
C009977,2026-04,Prime,14,2133,0
C009978,2026-04,Prime,47,1439,0
C009979,2026-04,Prime,64,2106,0
C009980,2026-04,Prime,45,1270,0
C009981,2026-04,Prime,17,819,0
C009982,2026-04,Prime,7,1145,0
C009983,2026-04,Prime,49,1082,0
C009984,2026-04,Prime,9,427,0
C009985,2026-04,Prime,21,0,0
C009986,2026-04,Prime,11,1263,0
C009987,2026-04,Prime,31,1832,0
C009988,2026-04,Prime,40,1843,0
C009989,2026-04,Prime,33,1234,0
C009990,2026-04,Prime,18,62,0
C009991,2026-04,Prime,47,1789,0
C009992,2026-04,Prime,52,428,0
C009993,2026-04,Prime,34,2405,0
C009994,2026-04,Prime,47,1885,0
C009995,2026-04,Prime,50,1534,0
C009996,2026-04,Prime,26,253,0
C009997,2026-04,Prime,10,1423,0
C009998,2026-04,Prime,30,613,0
C009999,2026-04,Prime,43,2143,0
C010000,2026-04,Prime,56,392,0
C010001,2026-04,Prime,23,1747,0
C010002,2026-04,Prime,41,1105,0
C010003,2026-04,Prime,46,1112,0
C010004,2026-04,Prime,40,1120,0
C010005,2026-04,Prime,17,376,0
C010006,2026-04,Prime,64,2017,0
C010007,2026-04,Prime,29,1295,0
C010008,2026-04,Prime,7,2934,0
C010009,2026-04,Prime,38,450,0
C010010,2026-04,Prime,31,1247,0
C010011,2026-04,Prime,25,1941,0
C010012,2026-04,Prime,3,2064,0
C010013,2026-04,Prime,1,1239,0
C010014,2026-04,Prime,41,1372,0
C010015,2026-04,Prime,1,1542,0
C010016,2026-04,Prime,51,2166,0
C010017,2026-04,Prime,23,2144,0
C010018,2026-04,Prime,25,1694,0
C010019,2026-04,Prime,23,854,0
C010020,2026-04,Prime,23,1309,0
C010021,2026-04,Prime,31,515,0
C010022,2026-04,Prime,17,2021,0
C010023,2026-04,Prime,47,781,0
C010024,2026-04,Prime,58,2325,0
C010025,2026-04,Prime,42,845,0
C010026,2026-04,Prime,16,1085,0
C010027,2026-04,Prime,27,520,0
C010028,2026-04,Prime,1,619,0
C010029,2026-04,Prime,19,638,0
C010030,2026-04,Prime,29,1175,0
C010031,2026-04,Prime,41,2046,0
C010032,2026-04,Prime,9,1799,0
C010033,2026-04,Prime,44,1184,0
C010034,2026-04,Prime,29,2185,0
C010035,2026-04,Prime,48,1114,0
C010036,2026-04,Prime,1,2389,1
C010037,2026-04,Prime,23,2705,0
C010038,2026-04,Prime,8,1460,0
C010039,2026-04,Prime,22,2088,0
C010040,2026-04,Prime,52,347,0
C010041,2026-04,Prime,35,1232,0
C010042,2026-04,Prime,4,1145,0
C010043,2026-04,Prime,7,1693,0
C010044,2026-04,Prime,54,1321,0
C010045,2026-04,Prime,81,1605,0
C010046,2026-04,Prime,2,769,0
C010047,2026-04,Prime,24,437,0
C010048,2026-04,Prime,42,1712,0
C010049,2026-04,Prime,44,1311,0
C010050,2026-04,Prime,1,1284,0
C010051,2026-04,Prime,34,154,0
C010052,2026-04,Prime,26,1666,0
C010053,2026-04,Prime,33,712,0
C010054,2026-04,Prime,32,1177,0
C010055,2026-04,Prime,52,1968,0
C010056,2026-04,Prime,1,1559,0
C010057,2026-04,Prime,43,1738,0
C010058,2026-04,Prime,26,1648,0
C010059,2026-04,Prime,18,2069,0
C010060,2026-04,Prime,16,1984,0
C010061,2026-04,Prime,45,714,0
C010062,2026-04,Prime,52,1297,0
C010063,2026-04,Prime,4,1125,0
C010064,2026-04,Prime,4,711,0
C010065,2026-04,Prime,51,825,0
C010066,2026-04,Prime,18,1202,0
C010067,2026-04,Prime,18,1372,0
C010068,2026-04,Prime,35,601,0
C010069,2026-04,Prime,38,2047,0
C010070,2026-04,Prime,1,904,1
C010071,2026-04,Prime,43,385,0
C010072,2026-04,Prime,1,802,0
C010073,2026-04,Prime,19,1587,0
C010074,2026-04,Prime,28,1406,1
C010075,2026-04,Prime,57,1099,0
C010076,2026-04,Prime,33,830,0
C010077,2026-04,Prime,30,1285,0
C010078,2026-04,Prime,58,48,0
C010079,2026-04,Prime,2,2836,0
C010080,2026-04,Prime,46,1905,0
C010081,2026-04,Prime,39,646,0
C010082,2026-04,Prime,37,2177,0
C010083,2026-04,Prime,6,1331,0
C010084,2026-04,Prime,33,873,0
C010085,2026-04,Prime,43,670,0
C010086,2026-04,Prime,58,2466,0
C010087,2026-04,Prime,26,1993,0
C010088,2026-04,Prime,11,1710,0
C010089,2026-04,Prime,27,2080,0
C010090,2026-04,Prime,37,1338,0
C010091,2026-04,Prime,46,184,0
C010092,2026-04,Prime,27,1658,0
C010093,2026-04,Prime,33,1631,0
C010094,2026-04,Prime,51,831,0
C010095,2026-04,Prime,32,1743,0
C010096,2026-04,Prime,29,2138,0
C010097,2026-04,Prime,15,1068,0
C010098,2026-04,Prime,33,2687,0
C010099,2026-04,Prime,34,1185,0
C010100,2026-04,Prime,32,2437,0
C010101,2026-04,Prime,20,2012,0
C010102,2026-04,Prime,28,823,0
C010103,2026-04,Prime,48,992,0
C010104,2026-04,Prime,23,1134,0
C010105,2026-04,Prime,28,589,0
C010106,2026-04,Prime,35,1970,0
C010107,2026-04,Prime,26,1376,0
C010108,2026-04,Prime,8,1663,0
C010109,2026-04,Prime,42,1138,0
C010110,2026-04,Prime,27,1444,0
C010111,2026-04,Prime,10,1197,0
C010112,2026-04,Prime,34,2380,0
C010113,2026-04,Prime,17,634,0
C010114,2026-04,Prime,27,728,0
C010115,2026-04,Prime,33,1934,0
C010116,2026-04,Prime,35,2597,0
C010117,2026-04,Prime,45,762,0
C010118,2026-04,Prime,32,938,0
C010119,2026-04,Prime,21,756,0
C010120,2026-04,Prime,43,2496,0
C010121,2026-04,Prime,22,244,0
C010122,2026-04,Prime,6,1737,0
C010123,2026-04,Prime,31,2107,0
C010124,2026-04,Prime,17,1493,0
C010125,2026-04,Prime,48,1473,0
C010126,2026-04,Prime,51,1083,0
C010127,2026-04,Prime,42,1772,0
C010128,2026-04,Prime,63,2142,0
C010129,2026-04,Prime,23,2122,0
C010130,2026-04,Prime,11,1655,0
C010131,2026-04,Prime,45,2009,0
C010132,2026-04,Prime,40,1863,1
C010133,2026-04,Prime,6,2291,0
C010134,2026-04,Prime,22,2198,0
C010135,2026-04,Prime,12,1914,0
C010136,2026-04,Prime,2,1924,0
C010137,2026-04,Prime,27,890,0
C010138,2026-04,Prime,47,2414,0
C010139,2026-04,Prime,27,1401,0
C010140,2026-04,Prime,24,1929,0
C010141,2026-04,Prime,46,1650,0
C010142,2026-04,Prime,45,1902,0
C010143,2026-04,Prime,18,129,0
C010144,2026-04,Prime,36,1162,0
C010145,2026-04,Prime,19,1162,0
C010146,2026-04,Prime,47,2160,0
C010147,2026-04,Prime,26,2144,0
C010148,2026-04,Prime,23,1296,0
C010149,2026-04,Prime,27,1970,0
C010150,2026-04,Prime,6,596,0
C010151,2026-04,Prime,36,1142,0
C010152,2026-04,Prime,43,1885,0
C010153,2026-04,Prime,27,1054,0
C010154,2026-04,Prime,16,1376,0
C010155,2026-04,Prime,34,2045,1
C010156,2026-04,Prime,43,1579,0
C010157,2026-04,Prime,6,4193,0
C010158,2026-04,Prime,31,2366,0
C010159,2026-04,Prime,20,1241,0
C010160,2026-04,Prime,51,877,0
C010161,2026-04,Prime,21,1015,0
C010162,2026-04,Prime,52,614,0
C010163,2026-04,Prime,82,1323,0
C010164,2026-04,Prime,9,1761,0
C010165,2026-04,Prime,29,1447,0
C010166,2026-04,Prime,16,2244,0
C010167,2026-04,Prime,45,780,0
C010168,2026-04,Prime,45,1521,0
C010169,2026-04,Prime,27,1519,0
C010170,2026-04,Prime,39,1054,0
C010171,2026-04,Prime,3,307,0
C010172,2026-04,Prime,26,1545,0
C010173,2026-04,Prime,18,941,1
C010174,2026-04,Prime,31,1837,0
C010175,2026-04,Prime,4,1637,0
C010176,2026-04,Prime,41,2572,0
C010177,2026-04,Prime,29,1703,0
C010178,2026-04,Prime,36,1615,0
C010179,2026-04,Prime,21,888,0
C010180,2026-04,Prime,9,1413,0
C010181,2026-04,Prime,13,1534,0
C010182,2026-04,Prime,10,1867,0
C010183,2026-04,Prime,25,1134,0
C010184,2026-04,Prime,43,2429,0
C010185,2026-04,Prime,18,1663,0
C010186,2026-04,Prime,38,1528,0
C010187,2026-04,Prime,1,794,0
C010188,2026-04,Prime,33,2067,0
C010189,2026-04,Prime,56,584,0
C010190,2026-04,Prime,23,1250,0
C010191,2026-04,Prime,3,1024,0
C010192,2026-04,Prime,49,1647,0
C010193,2026-04,Prime,10,1967,0
C010194,2026-04,Prime,41,1077,1
C010195,2026-04,Prime,27,2005,0
C010196,2026-04,Prime,1,951,0
C010197,2026-04,Prime,29,1156,0
C010198,2026-04,Prime,1,611,0
C010199,2026-04,Prime,7,908,0
C010200,2026-04,Prime,73,1012,0
C010201,2026-04,Prime,19,773,0
C010202,2026-04,Prime,6,2291,0
C010203,2026-04,Prime,40,1522,0
C010204,2026-04,Prime,6,761,0
C010205,2026-04,Prime,17,2170,0
C010206,2026-04,Prime,50,1981,0
C010207,2026-04,Prime,31,1065,0
C010208,2026-04,Prime,17,566,0
C010209,2026-04,Prime,18,2044,0
C010210,2026-04,Prime,47,1422,0
C010211,2026-04,Prime,2,556,0
C010212,2026-04,Prime,12,77,0
C010213,2026-04,Prime,41,527,0
C010214,2026-04,Prime,13,1655,0
C010215,2026-04,Prime,26,2049,0
C010216,2026-04,Prime,55,683,0
C010217,2026-04,Prime,1,2882,0
C010218,2026-04,Prime,1,0,0
C010219,2026-04,Prime,58,1252,0
C010220,2026-04,Prime,29,1009,0
C010221,2026-04,Prime,34,517,0
C010222,2026-04,Prime,33,2052,0
C010223,2026-04,Prime,1,1318,0
C010224,2026-04,Prime,51,2526,0
C010225,2026-04,Prime,1,2599,0
C010226,2026-04,Prime,36,2078,0
C010227,2026-04,Prime,22,1141,0
C010228,2026-04,Prime,47,0,0
C010229,2026-04,Prime,47,2291,0
C010230,2026-04,Prime,39,2255,0
C010231,2026-04,Prime,12,47,0
C010232,2026-04,Prime,15,1349,0
C010233,2026-04,Prime,49,1772,0
C010234,2026-04,Prime,72,1034,1
C010235,2026-04,Prime,30,2411,0
C010236,2026-04,Prime,36,787,0
C010237,2026-04,Prime,32,1183,0
C010238,2026-04,Prime,1,1919,0
C010239,2026-04,Prime,63,1659,0
C010240,2026-04,Prime,2,549,0
C010241,2026-04,Near-prime,46,965,0
C010242,2026-04,Near-prime,28,691,0
C010243,2026-04,Near-prime,71,281,0
C010244,2026-04,Near-prime,39,889,0
C010245,2026-04,Near-prime,49,2265,0
C010246,2026-04,Near-prime,52,876,0
C010247,2026-04,Near-prime,56,1126,1
C010248,2026-04,Near-prime,45,1195,1
C010249,2026-04,Near-prime,44,91,0
C010250,2026-04,Near-prime,39,1023,0
C010251,2026-04,Near-prime,61,495,0
C010252,2026-04,Near-prime,36,1527,0
C010253,2026-04,Near-prime,55,855,0
C010254,2026-04,Near-prime,72,1176,0
C010255,2026-04,Near-prime,80,1536,0
C010256,2026-04,Near-prime,27,975,0
C010257,2026-04,Near-prime,36,22,0
C010258,2026-04,Near-prime,53,1162,0
C010259,2026-04,Near-prime,39,923,0
C010260,2026-04,Near-prime,54,955,0
C010261,2026-04,Near-prime,23,360,0
C010262,2026-04,Near-prime,22,1833,0
C010263,2026-04,Near-prime,43,649,0
C010264,2026-04,Near-prime,16,1378,0
C010265,2026-04,Near-prime,52,714,0
C010266,2026-04,Near-prime,46,1563,0
C010267,2026-04,Near-prime,60,187,0
C010268,2026-04,Near-prime,61,1089,0
C010269,2026-04,Near-prime,57,837,0
C010270,2026-04,Near-prime,41,958,0
C010271,2026-04,Near-prime,32,624,0
C010272,2026-04,Near-prime,74,1210,0
C010273,2026-04,Near-prime,35,1005,0
C010274,2026-04,Near-prime,38,240,0
C010275,2026-04,Near-prime,64,858,0
C010276,2026-04,Near-prime,68,0,0
C010277,2026-04,Near-prime,70,177,0
C010278,2026-04,Near-prime,33,482,0
C010279,2026-04,Near-prime,43,970,0
C010280,2026-04,Near-prime,55,511,0
C010281,2026-04,Near-prime,59,731,0
C010282,2026-04,Near-prime,57,843,0
C010283,2026-04,Near-prime,66,1314,0
C010284,2026-04,Near-prime,46,1070,0
C010285,2026-04,Near-prime,71,1409,0
C010286,2026-04,Near-prime,69,1305,0
C010287,2026-04,Near-prime,67,1509,0
C010288,2026-04,Near-prime,30,1468,0
C010289,2026-04,Near-prime,58,1537,1
C010290,2026-04,Near-prime,55,1254,0
C010291,2026-04,Near-prime,93,1245,0
C010292,2026-04,Near-prime,27,881,0
C010293,2026-04,Near-prime,67,920,0
C010294,2026-04,Near-prime,59,1263,0
C010295,2026-04,Near-prime,67,1315,0
C010296,2026-04,Near-prime,57,1417,1
C010297,2026-04,Near-prime,78,1514,0
C010298,2026-04,Near-prime,1,272,0
C010299,2026-04,Near-prime,32,1089,0
C010300,2026-04,Near-prime,38,828,0
C010301,2026-04,Near-prime,62,1218,1
C010302,2026-04,Near-prime,60,1016,0
C010303,2026-04,Near-prime,92,726,0
C010304,2026-04,Near-prime,85,1232,0
C010305,2026-04,Near-prime,32,473,0
C010306,2026-04,Near-prime,75,476,0
C010307,2026-04,Near-prime,69,765,0
C010308,2026-04,Near-prime,48,919,0
C010309,2026-04,Near-prime,74,52,0
C010310,2026-04,Near-prime,38,1193,0
C010311,2026-04,Near-prime,62,1133,1
C010312,2026-04,Near-prime,50,1288,0
C010313,2026-04,Near-prime,52,891,0
C010314,2026-04,Near-prime,42,754,0
C010315,2026-04,Near-prime,29,1286,0
C010316,2026-04,Near-prime,28,923,0
C010317,2026-04,Near-prime,26,1195,0
C010318,2026-04,Near-prime,18,1287,0
C010319,2026-04,Near-prime,54,1764,0
C010320,2026-04,Near-prime,17,385,0
C010321,2026-04,Near-prime,49,1372,0
C010322,2026-04,Near-prime,54,1582,0
C010323,2026-04,Near-prime,35,1629,0
C010324,2026-04,Near-prime,46,1353,0
C010325,2026-04,Near-prime,43,443,0
C010326,2026-04,Near-prime,55,0,0
C010327,2026-04,Near-prime,49,1084,0
C010328,2026-04,Near-prime,65,950,0
C010329,2026-04,Near-prime,32,1201,0
C010330,2026-04,Near-prime,44,1003,0
C010331,2026-04,Near-prime,27,0,0
C010332,2026-04,Near-prime,52,610,0
C010333,2026-04,Near-prime,40,0,0
C010334,2026-04,Near-prime,51,1066,0
C010335,2026-04,Near-prime,57,368,0
C010336,2026-04,Near-prime,93,753,0
C010337,2026-04,Near-prime,44,390,0
C010338,2026-04,Near-prime,46,709,0
C010339,2026-04,Near-prime,28,1282,1
C010340,2026-04,Near-prime,57,304,0
C010341,2026-04,Near-prime,60,885,0
C010342,2026-04,Near-prime,58,1915,0
C010343,2026-04,Near-prime,60,1377,0
C010344,2026-04,Near-prime,29,1620,1
C010345,2026-04,Near-prime,100,1260,0
C010346,2026-04,Near-prime,48,1667,0
C010347,2026-04,Near-prime,79,225,0
C010348,2026-04,Near-prime,57,993,1
C010349,2026-04,Near-prime,57,705,0
C010350,2026-04,Near-prime,20,676,0
C010351,2026-04,Near-prime,90,1006,0
C010352,2026-04,Near-prime,49,1417,0
C010353,2026-04,Near-prime,81,138,0
C010354,2026-04,Near-prime,65,1531,0
C010355,2026-04,Near-prime,67,919,0
C010356,2026-04,Near-prime,48,598,0
C010357,2026-04,Near-prime,88,997,0
C010358,2026-04,Near-prime,39,1629,0
C010359,2026-04,Near-prime,81,633,0
C010360,2026-04,Near-prime,61,1437,1
C010361,2026-04,Near-prime,10,558,0
C010362,2026-04,Near-prime,65,708,0
C010363,2026-04,Near-prime,37,397,0
C010364,2026-04,Near-prime,25,1336,0
C010365,2026-04,Near-prime,67,835,0
C010366,2026-04,Near-prime,69,721,0
C010367,2026-04,Near-prime,27,1218,0
C010368,2026-04,Near-prime,43,0,0
C010369,2026-04,Near-prime,63,1436,0
C010370,2026-04,Near-prime,52,864,0
C010371,2026-04,Near-prime,52,1411,0
C010372,2026-04,Near-prime,65,1241,0
C010373,2026-04,Near-prime,73,1527,0
C010374,2026-04,Near-prime,76,1364,0
C010375,2026-04,Near-prime,56,600,1
C010376,2026-04,Near-prime,79,1207,0
C010377,2026-04,Near-prime,30,1442,0
C010378,2026-04,Near-prime,63,656,0
C010379,2026-04,Near-prime,46,1259,0
C010380,2026-04,Near-prime,34,688,0
C010381,2026-04,Near-prime,28,1847,0
C010382,2026-04,Near-prime,70,427,0
C010383,2026-04,Near-prime,50,1485,0
C010384,2026-04,Near-prime,65,1046,0
C010385,2026-04,Near-prime,48,521,0
C010386,2026-04,Near-prime,68,627,0
C010387,2026-04,Near-prime,79,391,0
C010388,2026-04,Near-prime,52,1018,0
C010389,2026-04,Near-prime,40,1546,0
C010390,2026-04,Near-prime,74,1274,0
C010391,2026-04,Near-prime,45,1305,0
C010392,2026-04,Near-prime,69,500,0
C010393,2026-04,Near-prime,65,1292,1
C010394,2026-04,Near-prime,25,361,0
C010395,2026-04,Near-prime,88,974,0
C010396,2026-04,Near-prime,33,671,0
C010397,2026-04,Near-prime,47,1107,1
C010398,2026-04,Near-prime,43,1627,0
C010399,2026-04,Near-prime,48,1467,0
C010400,2026-04,Near-prime,39,908,0
C010401,2026-04,Near-prime,47,1343,0
C010402,2026-04,Near-prime,29,757,0
C010403,2026-04,Near-prime,42,1368,0
C010404,2026-04,Near-prime,55,771,0
C010405,2026-04,Near-prime,46,1221,0
C010406,2026-04,Near-prime,64,439,0
C010407,2026-04,Near-prime,84,973,0
C010408,2026-04,Near-prime,73,1084,0
C010409,2026-04,Near-prime,63,1140,0
C010410,2026-04,Near-prime,41,1042,0
C010411,2026-04,Near-prime,67,794,0
C010412,2026-04,Near-prime,37,952,0
C010413,2026-04,Near-prime,50,0,0
C010414,2026-04,Near-prime,38,1735,0
C010415,2026-04,Near-prime,53,1302,0
C010416,2026-04,Near-prime,57,1003,0
C010417,2026-04,Near-prime,59,1015,1
C010418,2026-04,Near-prime,81,845,0
C010419,2026-04,Near-prime,71,2505,0
C010420,2026-04,Near-prime,51,379,0
C010421,2026-04,Near-prime,71,1488,0
C010422,2026-04,Near-prime,65,905,0
C010423,2026-04,Near-prime,35,875,0
C010424,2026-04,Near-prime,71,858,0
C010425,2026-04,Near-prime,78,416,0
C010426,2026-04,Near-prime,94,1429,0
C010427,2026-04,Near-prime,56,409,0
C010428,2026-04,Near-prime,58,1078,0
C010429,2026-04,Near-prime,51,624,0
C010430,2026-04,Near-prime,31,571,0
C010431,2026-04,Near-prime,57,466,0
C010432,2026-04,Near-prime,82,1866,0
C010433,2026-04,Near-prime,38,764,0
C010434,2026-04,Near-prime,60,1316,0
C010435,2026-04,Near-prime,66,1061,0
C010436,2026-04,Near-prime,54,769,0
C010437,2026-04,Near-prime,87,996,0
C010438,2026-04,Near-prime,38,841,0
C010439,2026-04,Near-prime,39,1270,0
C010440,2026-04,Near-prime,58,1143,0
C010441,2026-04,Near-prime,60,1110,0
C010442,2026-04,Near-prime,49,1449,0
C010443,2026-04,Near-prime,27,1065,0
C010444,2026-04,Near-prime,36,1802,0
C010445,2026-04,Near-prime,50,1352,0
C010446,2026-04,Near-prime,49,1019,0
C010447,2026-04,Near-prime,29,1759,0
C010448,2026-04,Near-prime,62,782,0
C010449,2026-04,Near-prime,63,1189,0
C010450,2026-04,Near-prime,54,1061,0
C010451,2026-04,Near-prime,54,428,0
C010452,2026-04,Near-prime,31,771,0
C010453,2026-04,Near-prime,44,354,0
C010454,2026-04,Near-prime,56,572,0
C010455,2026-04,Near-prime,83,1656,0
C010456,2026-04,Near-prime,44,1104,0
C010457,2026-04,Near-prime,27,666,0
C010458,2026-04,Near-prime,88,735,0
C010459,2026-04,Near-prime,66,345,0
C010460,2026-04,Near-prime,67,1569,0
C010461,2026-04,Near-prime,69,1103,0
C010462,2026-04,Near-prime,80,949,0
C010463,2026-04,Near-prime,89,1284,0
C010464,2026-04,Near-prime,49,1070,0
C010465,2026-04,Near-prime,34,126,0
C010466,2026-04,Near-prime,84,1360,0
C010467,2026-04,Near-prime,62,1331,0
C010468,2026-04,Near-prime,50,1291,0
C010469,2026-04,Near-prime,23,303,0
C010470,2026-04,Near-prime,54,570,0
C010471,2026-04,Near-prime,47,756,0
C010472,2026-04,Near-prime,52,873,0
C010473,2026-04,Near-prime,51,112,0
C010474,2026-04,Near-prime,34,922,0
C010475,2026-04,Near-prime,45,2567,0
C010476,2026-04,Near-prime,31,1257,0
C010477,2026-04,Near-prime,16,478,0
C010478,2026-04,Near-prime,55,772,0
C010479,2026-04,Near-prime,48,682,0
C010480,2026-04,Near-prime,65,1919,0
C010481,2026-04,Near-prime,63,947,0
C010482,2026-04,Near-prime,61,728,0
C010483,2026-04,Near-prime,52,1265,0
C010484,2026-04,Near-prime,19,1190,0
C010485,2026-04,Near-prime,51,950,1
C010486,2026-04,Near-prime,31,1534,0
C010487,2026-04,Near-prime,79,1368,0
C010488,2026-04,Near-prime,57,886,0
C010489,2026-04,Near-prime,71,1231,0
C010490,2026-04,Near-prime,50,0,0
C010491,2026-04,Near-prime,72,0,0
C010492,2026-04,Near-prime,52,1522,0
C010493,2026-04,Near-prime,63,305,0
C010494,2026-04,Near-prime,62,1593,0
C010495,2026-04,Near-prime,38,1162,0
C010496,2026-04,Near-prime,48,462,0
C010497,2026-04,Near-prime,45,153,0
C010498,2026-04,Near-prime,52,603,0
C010499,2026-04,Near-prime,37,802,0
C010500,2026-04,Near-prime,46,701,0
C010501,2026-04,Near-prime,69,1301,0
C010502,2026-04,Near-prime,43,1625,0
C010503,2026-04,Near-prime,46,1720,0
C010504,2026-04,Near-prime,69,367,0
C010505,2026-04,Near-prime,65,285,0
C010506,2026-04,Near-prime,79,1094,0
C010507,2026-04,Near-prime,11,2194,0
C010508,2026-04,Near-prime,61,1594,0
C010509,2026-04,Near-prime,57,1098,0
C010510,2026-04,Near-prime,40,1856,0
C010511,2026-04,Near-prime,77,1158,0
C010512,2026-04,Near-prime,53,1471,0
C010513,2026-04,Near-prime,52,1653,0
C010514,2026-04,Near-prime,55,1272,0
C010515,2026-04,Near-prime,32,1018,0
C010516,2026-04,Near-prime,22,1367,0
C010517,2026-04,Near-prime,61,1130,0
C010518,2026-04,Near-prime,56,1412,0
C010519,2026-04,Near-prime,51,477,0
C010520,2026-04,Near-prime,53,1432,0
C010521,2026-04,Near-prime,50,1442,0
C010522,2026-04,Near-prime,50,868,0
C010523,2026-04,Near-prime,50,1689,0
C010524,2026-04,Near-prime,76,1698,0
C010525,2026-04,Near-prime,31,1115,0
C010526,2026-04,Near-prime,75,632,0
C010527,2026-04,Near-prime,65,977,0
C010528,2026-04,Near-prime,58,1156,0
C010529,2026-04,Near-prime,66,919,0
C010530,2026-04,Near-prime,37,1029,0
C010531,2026-04,Near-prime,53,1238,0
C010532,2026-04,Near-prime,39,1163,0
C010533,2026-04,Near-prime,66,1153,0
C010534,2026-04,Near-prime,53,595,0
C010535,2026-04,Near-prime,58,890,0
C010536,2026-04,Near-prime,48,0,0
C010537,2026-04,Near-prime,53,1814,0
C010538,2026-04,Near-prime,50,744,0
C010539,2026-04,Near-prime,55,577,0
C010540,2026-04,Near-prime,66,1282,0
C010541,2026-04,Near-prime,52,1748,0
C010542,2026-04,Near-prime,56,116,0
C010543,2026-04,Near-prime,61,993,0
C010544,2026-04,Near-prime,36,205,0
C010545,2026-04,Near-prime,56,466,0
C010546,2026-04,Near-prime,35,1374,0
C010547,2026-04,Near-prime,51,1118,0
C010548,2026-04,Near-prime,59,332,1
C010549,2026-04,Near-prime,84,1068,1
C010550,2026-04,Near-prime,63,656,0
C010551,2026-04,Near-prime,58,1853,0
C010552,2026-04,Near-prime,26,1558,0
C010553,2026-04,Near-prime,45,1477,0
C010554,2026-04,Near-prime,58,137,0
C010555,2026-04,Near-prime,81,349,0
C010556,2026-04,Near-prime,51,1095,0
C010557,2026-04,Near-prime,51,1238,0
C010558,2026-04,Near-prime,54,1739,0
C010559,2026-04,Near-prime,65,1218,0
C010560,2026-04,Near-prime,64,797,0
C010561,2026-04,Near-prime,61,767,0
C010562,2026-04,Near-prime,49,1153,0
C010563,2026-04,Near-prime,20,1403,0
C010564,2026-04,Near-prime,31,1764,0
C010565,2026-04,Near-prime,24,1465,0
C010566,2026-04,Near-prime,24,1296,0
C010567,2026-04,Near-prime,43,0,0
C010568,2026-04,Near-prime,64,968,0
C010569,2026-04,Near-prime,27,808,0
C010570,2026-04,Near-prime,23,1695,0
C010571,2026-04,Near-prime,34,103,0
C010572,2026-04,Near-prime,71,397,0
C010573,2026-04,Near-prime,10,560,0
C010574,2026-04,Near-prime,62,839,0
C010575,2026-04,Near-prime,49,1002,0
C010576,2026-04,Near-prime,52,441,0
C010577,2026-04,Near-prime,76,291,0
C010578,2026-04,Near-prime,54,657,0
C010579,2026-04,Near-prime,61,757,0
C010580,2026-04,Near-prime,75,751,0
C010581,2026-04,Near-prime,51,1043,0
C010582,2026-04,Near-prime,60,1133,0
C010583,2026-04,Near-prime,68,1137,0
C010584,2026-04,Near-prime,36,1223,0
C010585,2026-04,Near-prime,32,144,0
C010586,2026-04,Near-prime,39,1762,0
C010587,2026-04,Near-prime,64,240,0
C010588,2026-04,Near-prime,15,904,0
C010589,2026-04,Near-prime,60,591,0
C010590,2026-04,Near-prime,36,973,0
C010591,2026-04,Near-prime,45,1581,0
C010592,2026-04,Near-prime,80,1937,0
C010593,2026-04,Near-prime,43,1145,0
C010594,2026-04,Near-prime,49,1620,0
C010595,2026-04,Near-prime,46,917,0
C010596,2026-04,Near-prime,63,375,0
C010597,2026-04,Near-prime,70,670,0
C010598,2026-04,Near-prime,60,1326,0
C010599,2026-04,Near-prime,45,1026,0
C010600,2026-04,Near-prime,73,1520,0
C010601,2026-04,Near-prime,60,1420,0
C010602,2026-04,Near-prime,65,765,0
C010603,2026-04,Near-prime,74,538,0
C010604,2026-04,Near-prime,51,754,0
C010605,2026-04,Near-prime,51,1315,0
C010606,2026-04,Near-prime,59,1362,0
C010607,2026-04,Near-prime,85,975,0
C010608,2026-04,Near-prime,51,370,0
C010609,2026-04,Near-prime,44,795,0
C010610,2026-04,Near-prime,66,1175,0
C010611,2026-04,Near-prime,61,1713,0
C010612,2026-04,Near-prime,35,376,0
C010613,2026-04,Near-prime,46,1282,0
C010614,2026-04,Near-prime,78,738,0
C010615,2026-04,Near-prime,51,547,0
C010616,2026-04,Near-prime,53,953,0
C010617,2026-04,Near-prime,55,1295,0
C010618,2026-04,Near-prime,48,1492,0
C010619,2026-04,Near-prime,43,1318,0
C010620,2026-04,Near-prime,71,2100,0
C010621,2026-04,Near-prime,56,780,0
C010622,2026-04,Near-prime,46,894,0
C010623,2026-04,Near-prime,59,1849,1
C010624,2026-04,Near-prime,27,292,0
C010625,2026-04,Near-prime,31,889,0
C010626,2026-04,Near-prime,40,1433,1
C010627,2026-04,Near-prime,64,522,0
C010628,2026-04,Near-prime,82,1191,0
C010629,2026-04,Near-prime,50,642,0
C010630,2026-04,Near-prime,100,1089,0
C010631,2026-04,Near-prime,60,341,0
C010632,2026-04,Near-prime,33,547,0
C010633,2026-04,Near-prime,42,584,0
C010634,2026-04,Near-prime,49,504,0
C010635,2026-04,Near-prime,41,1723,0
C010636,2026-04,Near-prime,36,852,0
C010637,2026-04,Near-prime,10,369,0
C010638,2026-04,Near-prime,28,1002,0
C010639,2026-04,Near-prime,34,1556,0
C010640,2026-04,Near-prime,47,992,0
C010641,2026-04,Near-prime,18,756,0
C010642,2026-04,Near-prime,82,2349,0
C010643,2026-04,Near-prime,51,900,0
C010644,2026-04,Near-prime,31,380,0
C010645,2026-04,Near-prime,27,1044,0
C010646,2026-04,Near-prime,86,999,0
C010647,2026-04,Near-prime,14,415,0
C010648,2026-04,Near-prime,48,175,0
C010649,2026-04,Near-prime,42,1433,0
C010650,2026-04,Near-prime,53,1316,0
C010651,2026-04,Near-prime,49,1564,0
C010652,2026-04,Near-prime,41,1034,0
C010653,2026-04,Near-prime,42,1985,0
C010654,2026-04,Near-prime,29,1002,1
C010655,2026-04,Near-prime,72,652,0
C010656,2026-04,Near-prime,37,277,0
C010657,2026-04,Near-prime,38,2103,0
C010658,2026-04,Near-prime,25,950,0
C010659,2026-04,Near-prime,19,1349,0
C010660,2026-04,Near-prime,73,512,0
C010661,2026-04,Near-prime,40,1153,0
C010662,2026-04,Near-prime,37,832,0
C010663,2026-04,Near-prime,45,1541,0
C010664,2026-04,Near-prime,42,1198,0
C010665,2026-04,Near-prime,49,1031,0
C010666,2026-04,Near-prime,24,1439,0
C010667,2026-04,Near-prime,61,326,0
C010668,2026-04,Near-prime,28,1792,0
C010669,2026-04,Near-prime,53,1472,0
C010670,2026-04,Near-prime,24,437,0
C010671,2026-04,Subprime,82,1041,0
C010672,2026-04,Subprime,65,292,0
C010673,2026-04,Subprime,78,584,0
C010674,2026-04,Subprime,81,1011,0
C010675,2026-04,Subprime,57,1154,0
C010676,2026-04,Subprime,72,0,0
C010677,2026-04,Subprime,95,838,0
C010678,2026-04,Subprime,80,854,0
C010679,2026-04,Subprime,77,766,1
C010680,2026-04,Subprime,68,163,0
C010681,2026-04,Subprime,36,1035,0
C010682,2026-04,Subprime,85,351,0
C010683,2026-04,Subprime,75,338,0
C010684,2026-04,Subprime,89,694,0
C010685,2026-04,Subprime,64,376,0
C010686,2026-04,Subprime,61,125,0
C010687,2026-04,Subprime,71,765,0
C010688,2026-04,Subprime,48,519,0
C010689,2026-04,Subprime,70,748,0
C010690,2026-04,Subprime,81,899,0
C010691,2026-04,Subprime,46,457,0
C010692,2026-04,Subprime,47,371,0
C010693,2026-04,Subprime,76,744,1
C010694,2026-04,Subprime,86,173,0
C010695,2026-04,Subprime,61,327,1
C010696,2026-04,Subprime,95,659,0
C010697,2026-04,Subprime,58,247,0
C010698,2026-04,Subprime,54,328,0
C010699,2026-04,Subprime,82,460,0
C010700,2026-04,Subprime,73,1179,0
C010701,2026-04,Subprime,79,750,0
C010702,2026-04,Subprime,91,335,0
C010703,2026-04,Subprime,49,534,0
C010704,2026-04,Subprime,83,539,1
C010705,2026-04,Subprime,67,246,0
C010706,2026-04,Subprime,50,0,1
C010707,2026-04,Subprime,62,1008,0
C010708,2026-04,Subprime,55,1020,0
C010709,2026-04,Subprime,52,645,0
C010710,2026-04,Subprime,67,484,0
C010711,2026-04,Subprime,75,667,1
C010712,2026-04,Subprime,58,396,0
C010713,2026-04,Subprime,66,692,0
C010714,2026-04,Subprime,71,335,1
C010715,2026-04,Subprime,75,906,0
C010716,2026-04,Subprime,65,0,0
C010717,2026-04,Subprime,57,756,0
C010718,2026-04,Subprime,62,831,0
C010719,2026-04,Subprime,88,859,0
C010720,2026-04,Subprime,53,997,0
C010721,2026-04,Subprime,89,415,0
C010722,2026-04,Subprime,64,739,0
C010723,2026-04,Subprime,78,395,0
C010724,2026-04,Subprime,74,563,1
C010725,2026-04,Subprime,61,309,0
C010726,2026-04,Subprime,61,726,0
C010727,2026-04,Subprime,81,810,0
C010728,2026-04,Subprime,82,559,0
C010729,2026-04,Subprime,74,1106,1
C010730,2026-04,Subprime,77,458,0
C010731,2026-04,Subprime,69,461,0
C010732,2026-04,Subprime,63,429,0
C010733,2026-04,Subprime,84,479,0
C010734,2026-04,Subprime,32,702,0
C010735,2026-04,Subprime,58,1094,0
C010736,2026-04,Subprime,65,415,1
C010737,2026-04,Subprime,68,417,0
C010738,2026-04,Subprime,93,846,0
C010739,2026-04,Subprime,95,517,1
C010740,2026-04,Subprime,54,1027,0
C010741,2026-04,Subprime,80,505,0
C010742,2026-04,Subprime,69,1119,0
C010743,2026-04,Subprime,74,906,0
C010744,2026-04,Subprime,69,775,0
C010745,2026-04,Subprime,90,663,0
C010746,2026-04,Subprime,96,976,0
C010747,2026-04,Subprime,80,384,0
C010748,2026-04,Subprime,62,843,1
C010749,2026-04,Subprime,60,750,0
C010750,2026-04,Subprime,65,1114,0
C010751,2026-04,Subprime,100,989,0
C010752,2026-04,Subprime,56,311,0
C010753,2026-04,Subprime,60,788,0
C010754,2026-04,Subprime,37,945,1
C010755,2026-04,Subprime,46,1375,1
C010756,2026-04,Subprime,89,738,0
C010757,2026-04,Subprime,48,1145,0
C010758,2026-04,Subprime,69,968,0
C010759,2026-04,Subprime,91,465,0
C010760,2026-04,Subprime,70,877,0
C010761,2026-04,Subprime,100,764,0
C010762,2026-04,Subprime,81,595,0
C010763,2026-04,Subprime,67,439,0
C010764,2026-04,Subprime,86,367,0
C010765,2026-04,Subprime,49,1038,0
C010766,2026-04,Subprime,81,464,0
C010767,2026-04,Subprime,80,73,0
C010768,2026-04,Subprime,100,427,1
C010769,2026-04,Subprime,61,209,0
C010770,2026-04,Subprime,60,904,1
C010771,2026-04,Subprime,68,903,0
C010772,2026-04,Subprime,95,380,1
C010773,2026-04,Subprime,90,875,0
C010774,2026-04,Subprime,92,775,0
C010775,2026-04,Subprime,94,363,0
C010776,2026-04,Subprime,56,644,0
C010777,2026-04,Subprime,88,519,1
C010778,2026-04,Subprime,82,505,0
C010779,2026-04,Subprime,58,595,0
C010780,2026-04,Subprime,100,920,0
C010781,2026-04,Subprime,71,594,0
C010782,2026-04,Subprime,65,388,0
C010783,2026-04,Subprime,84,549,0
C010784,2026-04,Subprime,67,779,0
C010785,2026-04,Subprime,69,452,0
C010786,2026-04,Subprime,85,678,0
C010787,2026-04,Subprime,81,857,0
C010788,2026-04,Subprime,27,1162,0
C010789,2026-04,Subprime,58,686,0
C010790,2026-04,Subprime,75,699,0
C010791,2026-04,Subprime,87,207,1
C010792,2026-04,Subprime,69,831,0
C010793,2026-04,Subprime,90,536,0
C010794,2026-04,Subprime,81,824,0
C010795,2026-04,Subprime,85,948,0
C010796,2026-04,Subprime,60,517,0
C010797,2026-04,Subprime,83,853,0
C010798,2026-04,Subprime,32,1059,0
C010799,2026-04,Subprime,84,448,0
C010800,2026-04,Subprime,50,0,0
C010801,2026-04,Subprime,57,314,0
C010802,2026-04,Subprime,95,397,0
C010803,2026-04,Subprime,79,198,0
C010804,2026-04,Subprime,86,728,0
C010805,2026-04,Subprime,55,805,1
C010806,2026-04,Subprime,68,1191,0
C010807,2026-04,Subprime,87,579,1
C010808,2026-04,Subprime,85,716,0
C010809,2026-04,Subprime,84,406,0
C010810,2026-04,Subprime,80,414,0
C010811,2026-04,Subprime,40,985,0
C010812,2026-04,Subprime,100,1284,0
C010813,2026-04,Subprime,54,0,0
C010814,2026-04,Subprime,66,789,0
C010815,2026-04,Subprime,95,788,0
C010816,2026-04,Subprime,86,165,0
C010817,2026-04,Subprime,65,620,1
C010818,2026-04,Subprime,70,806,0
C010819,2026-04,Subprime,64,555,0
C010820,2026-04,Subprime,70,782,0
C010821,2026-04,Subprime,48,351,0
C010822,2026-04,Subprime,80,706,0
C010823,2026-04,Subprime,71,624,0
C010824,2026-04,Subprime,65,926,0
C010825,2026-04,Subprime,57,1017,0
C010826,2026-04,Subprime,80,68,0
C010827,2026-04,Subprime,50,1049,0
C010828,2026-04,Subprime,100,823,0
C010829,2026-04,Subprime,49,560,0
C010830,2026-04,Subprime,84,642,0
C010831,2026-04,Subprime,65,400,0
C010832,2026-04,Subprime,100,23,0
C010833,2026-04,Subprime,59,1080,0
C010834,2026-04,Subprime,53,533,0
C010835,2026-04,Subprime,25,334,0
C010836,2026-04,Subprime,66,746,0
C010837,2026-04,Subprime,93,565,0
C010838,2026-04,Subprime,57,563,0
C010839,2026-04,Subprime,100,0,0
C010840,2026-04,Subprime,84,176,0
C010841,2026-04,Subprime,57,580,0
C010842,2026-04,Subprime,77,0,0
C010843,2026-04,Subprime,85,478,0
C010844,2026-04,Subprime,67,670,0
C010845,2026-04,Subprime,59,277,0
C010846,2026-04,Subprime,83,460,0
C010847,2026-04,Subprime,75,728,0
C010848,2026-04,Subprime,82,569,0
C010849,2026-04,Subprime,77,678,0
C010850,2026-04,Subprime,94,1205,0
C010851,2026-04,Subprime,48,739,0
C010852,2026-04,Subprime,75,1086,0
C010853,2026-04,Subprime,60,1395,1
C010854,2026-04,Subprime,58,529,0
C010855,2026-04,Subprime,64,770,1
C010856,2026-04,Subprime,100,577,0
C010857,2026-04,Subprime,48,718,0
C010858,2026-04,Subprime,100,579,0
C010859,2026-04,Subprime,64,656,0
C010860,2026-04,Subprime,98,858,0
C010861,2026-04,Subprime,70,611,0
C010862,2026-04,Subprime,77,816,0
C010863,2026-04,Subprime,40,331,1
C010864,2026-04,Subprime,48,131,0
C010865,2026-04,Subprime,83,758,0
C010866,2026-04,Subprime,79,376,0
C010867,2026-04,Subprime,74,18,0
C010868,2026-04,Subprime,83,818,0
C010869,2026-04,Subprime,80,1086,0
C010870,2026-04,Subprime,65,813,0
C010871,2026-04,Subprime,96,1084,0
C010872,2026-04,Subprime,87,1147,0
C010873,2026-04,Subprime,86,293,0
C010874,2026-04,Subprime,59,449,0
C010875,2026-04,Subprime,59,621,0
C010876,2026-04,Subprime,72,658,0
C010877,2026-04,Subprime,78,655,0
C010878,2026-04,Subprime,59,395,0
C010879,2026-04,Subprime,80,652,0
C010880,2026-04,Subprime,50,915,0
C010881,2026-04,Subprime,65,688,0
C010882,2026-04,Subprime,100,454,0
C010883,2026-04,Subprime,80,160,0
C010884,2026-04,Subprime,42,560,0
C010885,2026-04,Subprime,73,590,0
C010886,2026-04,Subprime,62,141,0
C010887,2026-04,Subprime,86,742,0
C010888,2026-04,Subprime,69,539,0
C010889,2026-04,Subprime,76,506,0
C010890,2026-04,Subprime,81,906,0
C010891,2026-04,Subprime,78,628,0
C010892,2026-04,Subprime,91,329,1
C010893,2026-04,Subprime,100,168,0
C010894,2026-04,Subprime,100,537,0
C010895,2026-04,Subprime,78,120,0
C010896,2026-04,Subprime,66,421,0
C010897,2026-04,Subprime,65,575,0
C010898,2026-04,Subprime,59,266,0
C010899,2026-04,Subprime,75,0,0
C010900,2026-04,Subprime,58,965,0
C010901,2026-04,Subprime,60,534,0
C010902,2026-04,Subprime,43,876,0
C010903,2026-04,Subprime,75,811,0
C010904,2026-04,Subprime,53,993,0
C010905,2026-04,Subprime,71,370,0
C010906,2026-04,Subprime,70,938,0
C010907,2026-04,Subprime,92,357,0
C010908,2026-04,Subprime,38,939,0
C010909,2026-04,Subprime,73,198,0
C010910,2026-04,Subprime,73,438,0
C010911,2026-04,Subprime,58,977,0
C010912,2026-04,Subprime,63,850,1
C010913,2026-04,Subprime,79,626,1
C010914,2026-04,Subprime,77,902,0
C010915,2026-04,Subprime,68,542,0
C010916,2026-04,Subprime,75,295,0
C010917,2026-04,Subprime,93,311,0
C010918,2026-04,Subprime,98,264,0
C010919,2026-04,Subprime,48,0,0
C010920,2026-04,Subprime,92,627,0
C010921,2026-04,Subprime,77,1260,0
C010922,2026-04,Subprime,100,495,0
C010923,2026-04,Subprime,82,0,0
C010924,2026-04,Subprime,60,287,0
C010925,2026-04,Subprime,61,252,0
C010926,2026-04,Subprime,72,495,1
C010927,2026-04,Subprime,65,1037,0
C010928,2026-04,Subprime,69,1083,0
C010929,2026-04,Subprime,58,579,0
C010930,2026-04,Subprime,38,0,0
C010931,2026-04,Subprime,64,467,0
C010932,2026-04,Subprime,60,869,0
C010933,2026-04,Subprime,55,330,0
C010934,2026-04,Subprime,74,565,0
C010935,2026-04,Subprime,71,1147,0
C010936,2026-04,Subprime,91,990,1
C010937,2026-04,Subprime,74,603,0
C010938,2026-04,Subprime,100,1383,0
C010939,2026-04,Subprime,71,1083,1
C010940,2026-04,Subprime,80,556,0
C010941,2026-04,Subprime,71,161,0
C010942,2026-04,Subprime,69,326,0
C010943,2026-04,Subprime,49,383,0
C010944,2026-04,Subprime,64,581,0
C010945,2026-04,Subprime,88,737,0
C010946,2026-04,Subprime,57,693,0
C010947,2026-04,Subprime,46,407,0
C010948,2026-04,Subprime,80,507,0
C010949,2026-04,Subprime,33,821,0
C010950,2026-04,Subprime,81,0,0
C010951,2026-04,Subprime,78,791,0
C010952,2026-04,Subprime,62,328,0
C010953,2026-04,Subprime,80,289,0
C010954,2026-04,Subprime,100,707,0
C010955,2026-04,Subprime,83,54,0
C010956,2026-04,Subprime,50,1009,0
C010957,2026-04,Subprime,100,518,1
C010958,2026-04,Subprime,53,357,0
C010959,2026-04,Subprime,47,809,0
C010960,2026-04,Subprime,67,740,0
C010961,2026-04,Subprime,100,1204,0
C010962,2026-04,Subprime,59,515,0
C010963,2026-04,Subprime,66,808,0
C010964,2026-04,Subprime,68,976,0
C010965,2026-04,Subprime,100,566,1
C010966,2026-04,Subprime,45,565,0
C010967,2026-04,Subprime,98,401,0
C010968,2026-04,Subprime,67,570,0
C010969,2026-04,Subprime,49,575,0
C010970,2026-04,Subprime,70,1057,0
C010971,2026-04,Subprime,58,763,0
C010972,2026-04,Subprime,57,768,1
C010973,2026-04,Subprime,66,746,0
C010974,2026-04,Subprime,53,677,0
C010975,2026-04,Subprime,66,838,0
C010976,2026-04,Subprime,45,127,0
C010977,2026-04,Subprime,61,793,0
C010978,2026-04,Subprime,61,444,0
C010979,2026-04,Subprime,49,1149,0
C010980,2026-04,Subprime,66,810,0
C010981,2026-05,Prime,20,1496,0
C010982,2026-05,Prime,1,2115,0
C010983,2026-05,Prime,16,864,0
C010984,2026-05,Prime,8,1492,0
C010985,2026-05,Prime,38,2100,0
C010986,2026-05,Prime,30,413,0
C010987,2026-05,Prime,33,1651,0
C010988,2026-05,Prime,36,1281,0
C010989,2026-05,Prime,20,1432,0
C010990,2026-05,Prime,39,1965,0
C010991,2026-05,Prime,27,2438,0
C010992,2026-05,Prime,41,1029,0
C010993,2026-05,Prime,26,2019,0
C010994,2026-05,Prime,49,360,0
C010995,2026-05,Prime,1,2019,1
C010996,2026-05,Prime,49,791,0
C010997,2026-05,Prime,38,1804,0
C010998,2026-05,Prime,37,1817,0
C010999,2026-05,Prime,32,2020,0
C011000,2026-05,Prime,46,1521,0
C011001,2026-05,Prime,27,1447,0
C011002,2026-05,Prime,60,2450,0
C011003,2026-05,Prime,23,320,0
C011004,2026-05,Prime,47,520,0
C011005,2026-05,Prime,47,1766,0
C011006,2026-05,Prime,10,687,0
C011007,2026-05,Prime,27,1054,0
C011008,2026-05,Prime,41,1499,0
C011009,2026-05,Prime,41,1353,0
C011010,2026-05,Prime,1,408,0
C011011,2026-05,Prime,30,2006,0
C011012,2026-05,Prime,48,1456,0
C011013,2026-05,Prime,47,1787,0
C011014,2026-05,Prime,14,1474,0
C011015,2026-05,Prime,53,1793,0
C011016,2026-05,Prime,7,914,0
C011017,2026-05,Prime,1,1943,0
C011018,2026-05,Prime,18,2912,0
C011019,2026-05,Prime,37,1000,0
C011020,2026-05,Prime,6,0,0
C011021,2026-05,Prime,29,523,0
C011022,2026-05,Prime,21,1760,0
C011023,2026-05,Prime,37,2065,0
C011024,2026-05,Prime,27,2281,0
C011025,2026-05,Prime,26,1666,0
C011026,2026-05,Prime,1,2983,0
C011027,2026-05,Prime,33,1842,0
C011028,2026-05,Prime,15,1191,0
C011029,2026-05,Prime,1,1709,0
C011030,2026-05,Prime,19,1094,0
C011031,2026-05,Prime,40,1515,0
C011032,2026-05,Prime,37,1694,0
C011033,2026-05,Prime,17,964,0
C011034,2026-05,Prime,19,681,0
C011035,2026-05,Prime,47,1983,0
C011036,2026-05,Prime,31,1231,0
C011037,2026-05,Prime,23,20,0
C011038,2026-05,Prime,1,1996,0
C011039,2026-05,Prime,33,2911,0
C011040,2026-05,Prime,28,2084,0
C011041,2026-05,Prime,2,1298,0
C011042,2026-05,Prime,22,1658,0
C011043,2026-05,Prime,55,2617,0
C011044,2026-05,Prime,25,1364,0
C011045,2026-05,Prime,9,2126,0
C011046,2026-05,Prime,18,2119,0
C011047,2026-05,Prime,19,758,0
C011048,2026-05,Prime,49,1992,0
C011049,2026-05,Prime,28,2587,0
C011050,2026-05,Prime,6,477,0
C011051,2026-05,Prime,2,1827,0
C011052,2026-05,Prime,6,1548,0
C011053,2026-05,Prime,41,2083,0
C011054,2026-05,Prime,28,1940,0
C011055,2026-05,Prime,1,1834,0
C011056,2026-05,Prime,30,456,0
C011057,2026-05,Prime,21,1137,0
C011058,2026-05,Prime,10,1988,0
C011059,2026-05,Prime,36,2677,0
C011060,2026-05,Prime,13,1353,0
C011061,2026-05,Prime,27,731,0
C011062,2026-05,Prime,51,2237,0
C011063,2026-05,Prime,1,533,0
C011064,2026-05,Prime,1,2804,0
C011065,2026-05,Prime,14,1362,0
C011066,2026-05,Prime,29,2193,0
C011067,2026-05,Prime,42,1554,0
C011068,2026-05,Prime,19,2147,0
C011069,2026-05,Prime,30,2543,0
C011070,2026-05,Prime,45,1864,0
C011071,2026-05,Prime,33,1435,0
C011072,2026-05,Prime,12,1604,0
C011073,2026-05,Prime,46,1289,0
C011074,2026-05,Prime,1,2042,0
C011075,2026-05,Prime,29,1319,0
C011076,2026-05,Prime,58,422,0
C011077,2026-05,Prime,1,2229,0
C011078,2026-05,Prime,11,2887,0
C011079,2026-05,Prime,24,1458,0
C011080,2026-05,Prime,23,821,0
C011081,2026-05,Prime,21,417,0
C011082,2026-05,Prime,31,1729,0
C011083,2026-05,Prime,27,1815,0
C011084,2026-05,Prime,24,1390,0
C011085,2026-05,Prime,78,2062,0
C011086,2026-05,Prime,57,1585,0
C011087,2026-05,Prime,46,818,0
C011088,2026-05,Prime,4,1426,0
C011089,2026-05,Prime,10,0,0
C011090,2026-05,Prime,39,1106,0
C011091,2026-05,Prime,48,2752,0
C011092,2026-05,Prime,5,1996,0
C011093,2026-05,Prime,21,767,0
C011094,2026-05,Prime,2,472,0
C011095,2026-05,Prime,3,2086,0
C011096,2026-05,Prime,32,1999,0
C011097,2026-05,Prime,43,1814,0
C011098,2026-05,Prime,27,1163,1
C011099,2026-05,Prime,30,0,0
C011100,2026-05,Prime,8,938,0
C011101,2026-05,Prime,43,653,0
C011102,2026-05,Prime,43,1072,0
C011103,2026-05,Prime,54,2080,0
C011104,2026-05,Prime,2,1954,0
C011105,2026-05,Prime,16,0,0
C011106,2026-05,Prime,39,1901,0
C011107,2026-05,Prime,58,594,0
C011108,2026-05,Prime,43,97,0
C011109,2026-05,Prime,37,673,0
C011110,2026-05,Prime,16,1770,0
C011111,2026-05,Prime,13,1471,0
C011112,2026-05,Prime,32,1297,0
C011113,2026-05,Prime,50,936,0
C011114,2026-05,Prime,28,291,1
C011115,2026-05,Prime,23,794,0
C011116,2026-05,Prime,49,1016,0
C011117,2026-05,Prime,6,1415,0
C011118,2026-05,Prime,30,699,0
C011119,2026-05,Prime,18,662,0
C011120,2026-05,Prime,19,483,0
C011121,2026-05,Prime,41,1643,0
C011122,2026-05,Prime,38,1305,0
C011123,2026-05,Prime,24,1705,0
C011124,2026-05,Prime,56,1879,0
C011125,2026-05,Prime,19,1756,0
C011126,2026-05,Prime,40,1627,0
C011127,2026-05,Prime,16,3117,0
C011128,2026-05,Prime,63,0,0
C011129,2026-05,Prime,47,1447,0
C011130,2026-05,Prime,5,512,0
C011131,2026-05,Prime,40,2106,0
C011132,2026-05,Prime,45,1115,0
C011133,2026-05,Prime,14,2424,0
C011134,2026-05,Prime,5,1924,0
C011135,2026-05,Prime,29,1664,0
C011136,2026-05,Prime,12,1606,0
C011137,2026-05,Prime,39,2630,0
C011138,2026-05,Prime,18,1631,0
C011139,2026-05,Prime,13,1936,0
C011140,2026-05,Prime,16,630,0
C011141,2026-05,Prime,27,1653,0
C011142,2026-05,Prime,42,965,0
C011143,2026-05,Prime,40,2082,0
C011144,2026-05,Prime,10,3194,0
C011145,2026-05,Prime,43,1195,0
C011146,2026-05,Prime,22,1431,0
C011147,2026-05,Prime,28,987,0
C011148,2026-05,Prime,49,991,0
C011149,2026-05,Prime,50,2486,0
C011150,2026-05,Prime,1,1917,0
C011151,2026-05,Prime,49,906,0
C011152,2026-05,Prime,36,976,0
C011153,2026-05,Prime,34,1292,0
C011154,2026-05,Prime,28,1797,0
C011155,2026-05,Prime,62,1744,0
C011156,2026-05,Prime,19,1915,0
C011157,2026-05,Prime,1,2864,0
C011158,2026-05,Prime,1,1256,0
C011159,2026-05,Prime,23,2013,0
C011160,2026-05,Prime,10,1894,0
C011161,2026-05,Prime,26,1328,1
C011162,2026-05,Prime,6,2322,0
C011163,2026-05,Prime,34,2482,0
C011164,2026-05,Prime,35,706,0
C011165,2026-05,Prime,27,1735,0
C011166,2026-05,Prime,20,971,0
C011167,2026-05,Prime,17,1351,0
C011168,2026-05,Prime,12,3353,0
C011169,2026-05,Prime,31,494,0
C011170,2026-05,Prime,36,1037,0
C011171,2026-05,Prime,30,2258,0
C011172,2026-05,Prime,1,0,0
C011173,2026-05,Prime,28,234,1
C011174,2026-05,Prime,47,455,0
C011175,2026-05,Prime,43,1028,0
C011176,2026-05,Prime,29,1950,0
C011177,2026-05,Prime,29,2380,0
C011178,2026-05,Prime,23,1561,0
C011179,2026-05,Prime,13,2978,0
C011180,2026-05,Prime,21,2540,0
C011181,2026-05,Prime,48,1962,0
C011182,2026-05,Prime,48,1465,0
C011183,2026-05,Prime,1,1529,0
C011184,2026-05,Prime,60,1905,0
C011185,2026-05,Prime,29,919,0
C011186,2026-05,Prime,23,749,0
C011187,2026-05,Prime,28,2110,0
C011188,2026-05,Prime,22,901,0
C011189,2026-05,Prime,2,2172,0
C011190,2026-05,Prime,30,928,0
C011191,2026-05,Prime,42,2873,0
C011192,2026-05,Prime,15,350,0
C011193,2026-05,Prime,40,1548,0
C011194,2026-05,Prime,46,289,0
C011195,2026-05,Prime,26,1770,0
C011196,2026-05,Prime,1,2068,0
C011197,2026-05,Prime,25,1611,0
C011198,2026-05,Prime,26,1456,0
C011199,2026-05,Prime,1,497,0
C011200,2026-05,Prime,37,757,0
C011201,2026-05,Prime,5,2187,0
C011202,2026-05,Prime,1,1894,0
C011203,2026-05,Prime,38,2253,0
C011204,2026-05,Prime,53,1117,0
C011205,2026-05,Prime,23,582,0
C011206,2026-05,Prime,45,1944,0
C011207,2026-05,Prime,13,2403,0
C011208,2026-05,Prime,13,2063,0
C011209,2026-05,Prime,2,709,0
C011210,2026-05,Prime,29,1432,0
C011211,2026-05,Prime,1,1690,0
C011212,2026-05,Prime,36,313,0
C011213,2026-05,Prime,44,1446,0
C011214,2026-05,Prime,38,1230,0
C011215,2026-05,Prime,43,893,0
C011216,2026-05,Prime,54,850,0
C011217,2026-05,Prime,40,2132,0
C011218,2026-05,Prime,58,2879,0
C011219,2026-05,Prime,10,1974,0
C011220,2026-05,Prime,24,1230,0
C011221,2026-05,Prime,15,141,0
C011222,2026-05,Prime,2,1232,0
C011223,2026-05,Prime,28,716,0
C011224,2026-05,Prime,41,1655,0
C011225,2026-05,Prime,31,1890,0
C011226,2026-05,Prime,14,353,0
C011227,2026-05,Prime,47,896,0
C011228,2026-05,Prime,28,2065,0
C011229,2026-05,Prime,44,1824,0
C011230,2026-05,Prime,23,1791,0
C011231,2026-05,Prime,64,1428,0
C011232,2026-05,Prime,39,2293,0
C011233,2026-05,Prime,22,1417,0
C011234,2026-05,Prime,11,1543,0
C011235,2026-05,Prime,37,910,0
C011236,2026-05,Prime,51,2960,0
C011237,2026-05,Prime,1,1054,0
C011238,2026-05,Prime,40,771,0
C011239,2026-05,Prime,35,2040,0
C011240,2026-05,Prime,40,1505,0
C011241,2026-05,Prime,50,1528,0
C011242,2026-05,Prime,1,1330,0
C011243,2026-05,Prime,41,980,0
C011244,2026-05,Prime,34,1191,0
C011245,2026-05,Prime,1,566,0
C011246,2026-05,Prime,38,1670,0
C011247,2026-05,Prime,26,801,0
C011248,2026-05,Prime,31,2081,0
C011249,2026-05,Prime,31,710,0
C011250,2026-05,Prime,10,2547,0
C011251,2026-05,Prime,49,1571,0
C011252,2026-05,Prime,38,0,0
C011253,2026-05,Prime,43,3118,0
C011254,2026-05,Prime,23,1228,0
C011255,2026-05,Prime,10,1176,0
C011256,2026-05,Prime,32,2181,0
C011257,2026-05,Prime,8,1598,0
C011258,2026-05,Prime,33,1787,0
C011259,2026-05,Prime,27,1243,0
C011260,2026-05,Prime,10,1011,0
C011261,2026-05,Prime,42,1953,0
C011262,2026-05,Prime,14,711,0
C011263,2026-05,Prime,20,2378,0
C011264,2026-05,Prime,36,1553,0
C011265,2026-05,Prime,34,1169,0
C011266,2026-05,Prime,34,3024,0
C011267,2026-05,Prime,25,2407,0
C011268,2026-05,Prime,9,1821,0
C011269,2026-05,Prime,10,923,0
C011270,2026-05,Prime,45,279,0
C011271,2026-05,Prime,13,724,0
C011272,2026-05,Prime,17,1234,0
C011273,2026-05,Prime,58,2203,0
C011274,2026-05,Prime,32,607,0
C011275,2026-05,Prime,28,1753,0
C011276,2026-05,Prime,35,1855,0
C011277,2026-05,Prime,2,874,0
C011278,2026-05,Prime,40,1591,0
C011279,2026-05,Prime,39,1888,0
C011280,2026-05,Prime,13,934,0
C011281,2026-05,Prime,38,2860,0
C011282,2026-05,Prime,22,1036,0
C011283,2026-05,Prime,31,184,0
C011284,2026-05,Prime,31,743,0
C011285,2026-05,Prime,37,571,0
C011286,2026-05,Prime,35,1812,0
C011287,2026-05,Prime,1,802,0
C011288,2026-05,Prime,24,1492,0
C011289,2026-05,Prime,42,0,0
C011290,2026-05,Prime,13,1727,0
C011291,2026-05,Prime,32,197,0
C011292,2026-05,Prime,33,1498,0
C011293,2026-05,Prime,86,958,0
C011294,2026-05,Prime,43,1325,0
C011295,2026-05,Prime,10,1658,0
C011296,2026-05,Prime,1,2313,0
C011297,2026-05,Prime,19,1475,0
C011298,2026-05,Prime,34,621,0
C011299,2026-05,Prime,68,2339,0
C011300,2026-05,Prime,22,1345,0
C011301,2026-05,Prime,24,2256,0
C011302,2026-05,Prime,44,1535,0
C011303,2026-05,Prime,51,483,0
C011304,2026-05,Prime,4,1480,0
C011305,2026-05,Prime,76,1903,0
C011306,2026-05,Prime,32,2284,0
C011307,2026-05,Prime,43,1532,0
C011308,2026-05,Prime,11,331,0
C011309,2026-05,Prime,54,1262,0
C011310,2026-05,Prime,15,1165,0
C011311,2026-05,Prime,42,852,0
C011312,2026-05,Prime,11,987,0
C011313,2026-05,Prime,26,1617,0
C011314,2026-05,Prime,1,1202,1
C011315,2026-05,Prime,13,1327,0
C011316,2026-05,Prime,9,1602,0
C011317,2026-05,Prime,36,1989,0
C011318,2026-05,Prime,34,2607,0
C011319,2026-05,Prime,9,354,0
C011320,2026-05,Prime,30,793,0
C011321,2026-05,Prime,26,2101,0
C011322,2026-05,Prime,36,285,0
C011323,2026-05,Prime,10,2786,0
C011324,2026-05,Prime,23,1627,0
C011325,2026-05,Prime,7,1659,0
C011326,2026-05,Prime,8,1071,0
C011327,2026-05,Prime,32,1417,0
C011328,2026-05,Prime,3,438,0
C011329,2026-05,Prime,23,1226,0
C011330,2026-05,Prime,53,1142,0
C011331,2026-05,Prime,52,1521,0
C011332,2026-05,Prime,23,689,0
C011333,2026-05,Prime,21,588,0
C011334,2026-05,Prime,20,1248,0
C011335,2026-05,Prime,15,876,0
C011336,2026-05,Prime,43,1339,0
C011337,2026-05,Prime,40,1972,0
C011338,2026-05,Prime,24,1886,0
C011339,2026-05,Prime,21,1681,0
C011340,2026-05,Prime,17,1033,0
C011341,2026-05,Prime,1,765,0
C011342,2026-05,Prime,26,3435,0
C011343,2026-05,Prime,46,1686,0
C011344,2026-05,Prime,19,387,0
C011345,2026-05,Prime,50,1162,0
C011346,2026-05,Prime,38,526,0
C011347,2026-05,Prime,20,642,0
C011348,2026-05,Prime,29,1445,0
C011349,2026-05,Prime,23,1889,0
C011350,2026-05,Prime,12,2172,0
C011351,2026-05,Prime,40,1475,0
C011352,2026-05,Prime,36,353,0
C011353,2026-05,Prime,41,1761,0
C011354,2026-05,Prime,1,2322,0
C011355,2026-05,Prime,50,1685,0
C011356,2026-05,Prime,20,1722,0
C011357,2026-05,Prime,27,1110,0
C011358,2026-05,Prime,1,107,0
C011359,2026-05,Prime,25,755,0
C011360,2026-05,Prime,36,2410,0
C011361,2026-05,Prime,23,1282,0
C011362,2026-05,Prime,36,882,0
C011363,2026-05,Prime,34,1157,0
C011364,2026-05,Prime,69,807,0
C011365,2026-05,Prime,43,1224,0
C011366,2026-05,Prime,17,1216,0
C011367,2026-05,Prime,29,46,0
C011368,2026-05,Prime,20,2748,0
C011369,2026-05,Prime,21,2122,0
C011370,2026-05,Prime,14,2278,0
C011371,2026-05,Prime,24,2457,0
C011372,2026-05,Prime,1,0,0
C011373,2026-05,Prime,45,802,0
C011374,2026-05,Prime,23,2306,0
C011375,2026-05,Prime,28,1124,0
C011376,2026-05,Prime,48,545,0
C011377,2026-05,Prime,1,2819,0
C011378,2026-05,Prime,19,532,0
C011379,2026-05,Prime,11,2191,0
C011380,2026-05,Prime,38,1676,0
C011381,2026-05,Prime,22,1062,0
C011382,2026-05,Prime,41,2013,0
C011383,2026-05,Prime,37,1736,0
C011384,2026-05,Prime,6,1782,0
C011385,2026-05,Prime,39,336,0
C011386,2026-05,Prime,45,1043,0
C011387,2026-05,Prime,51,200,0
C011388,2026-05,Prime,50,747,0
C011389,2026-05,Prime,29,1654,0
C011390,2026-05,Prime,34,680,0
C011391,2026-05,Prime,88,2308,0
C011392,2026-05,Prime,42,2246,0
C011393,2026-05,Prime,56,2202,0
C011394,2026-05,Prime,39,1529,0
C011395,2026-05,Prime,10,1970,0
C011396,2026-05,Prime,22,1081,0
C011397,2026-05,Prime,11,1502,0
C011398,2026-05,Prime,34,1296,0
C011399,2026-05,Prime,4,665,0
C011400,2026-05,Prime,21,532,0
C011401,2026-05,Prime,59,896,0
C011402,2026-05,Prime,48,1975,0
C011403,2026-05,Prime,53,1004,0
C011404,2026-05,Prime,2,2382,0
C011405,2026-05,Prime,27,2518,0
C011406,2026-05,Prime,1,948,0
C011407,2026-05,Prime,75,2384,0
C011408,2026-05,Prime,11,1648,0
C011409,2026-05,Prime,42,3058,0
C011410,2026-05,Prime,1,1895,0
C011411,2026-05,Prime,13,1651,0
C011412,2026-05,Prime,33,1048,0
C011413,2026-05,Prime,26,1040,0
C011414,2026-05,Prime,40,1696,0
C011415,2026-05,Prime,1,2583,0
C011416,2026-05,Prime,53,851,0
C011417,2026-05,Prime,17,480,0
C011418,2026-05,Prime,40,2339,0
C011419,2026-05,Prime,24,1740,0
C011420,2026-05,Prime,30,3420,0
C011421,2026-05,Prime,37,1492,0
C011422,2026-05,Prime,44,869,0
C011423,2026-05,Prime,19,0,0
C011424,2026-05,Prime,44,2435,0
C011425,2026-05,Prime,2,1483,0
C011426,2026-05,Prime,14,1111,0
C011427,2026-05,Prime,29,2655,0
C011428,2026-05,Prime,48,2069,0
C011429,2026-05,Prime,33,132,0
C011430,2026-05,Prime,34,1264,0
C011431,2026-05,Prime,11,2737,0
C011432,2026-05,Prime,14,2278,0
C011433,2026-05,Prime,31,1480,0
C011434,2026-05,Prime,19,1199,0
C011435,2026-05,Prime,13,2817,0
C011436,2026-05,Prime,1,1544,0
C011437,2026-05,Prime,59,1171,0
C011438,2026-05,Prime,19,1344,0
C011439,2026-05,Prime,35,1813,0
C011440,2026-05,Prime,14,943,0
C011441,2026-05,Prime,36,1840,0
C011442,2026-05,Prime,28,1968,0
C011443,2026-05,Prime,77,968,0
C011444,2026-05,Prime,34,2637,0
C011445,2026-05,Prime,56,2256,0
C011446,2026-05,Prime,28,2392,0
C011447,2026-05,Prime,48,632,0
C011448,2026-05,Prime,31,760,0
C011449,2026-05,Prime,38,2375,0
C011450,2026-05,Prime,11,1217,0
C011451,2026-05,Prime,48,2178,1
C011452,2026-05,Prime,7,2824,0
C011453,2026-05,Prime,50,2429,0
C011454,2026-05,Prime,44,1367,0
C011455,2026-05,Prime,43,2428,0
C011456,2026-05,Prime,54,1394,0
C011457,2026-05,Prime,22,1463,0
C011458,2026-05,Prime,5,760,0
C011459,2026-05,Prime,1,3334,0
C011460,2026-05,Prime,25,2010,0
C011461,2026-05,Near-prime,63,1184,0
C011462,2026-05,Near-prime,75,989,0
C011463,2026-05,Near-prime,57,308,0
C011464,2026-05,Near-prime,75,880,0
C011465,2026-05,Near-prime,30,343,0
C011466,2026-05,Near-prime,43,1793,0
C011467,2026-05,Near-prime,100,946,0
C011468,2026-05,Near-prime,67,883,0
C011469,2026-05,Near-prime,42,1096,0
C011470,2026-05,Near-prime,59,760,0
C011471,2026-05,Near-prime,52,777,0
C011472,2026-05,Near-prime,96,933,0
C011473,2026-05,Near-prime,54,1282,0
C011474,2026-05,Near-prime,52,1588,0
C011475,2026-05,Near-prime,25,705,0
C011476,2026-05,Near-prime,67,895,0
C011477,2026-05,Near-prime,72,781,0
C011478,2026-05,Near-prime,68,1063,0
C011479,2026-05,Near-prime,66,992,0
C011480,2026-05,Near-prime,52,1594,0
C011481,2026-05,Near-prime,46,841,0
C011482,2026-05,Near-prime,39,1425,0
C011483,2026-05,Near-prime,38,1515,0
C011484,2026-05,Near-prime,26,801,0
C011485,2026-05,Near-prime,52,1266,0
C011486,2026-05,Near-prime,53,706,0
C011487,2026-05,Near-prime,79,1462,0
C011488,2026-05,Near-prime,45,898,0
C011489,2026-05,Near-prime,57,1042,0
C011490,2026-05,Near-prime,24,1159,0
C011491,2026-05,Near-prime,81,654,0
C011492,2026-05,Near-prime,25,1393,0
C011493,2026-05,Near-prime,86,1267,0
C011494,2026-05,Near-prime,44,340,0
C011495,2026-05,Near-prime,2,903,0
C011496,2026-05,Near-prime,67,973,0
C011497,2026-05,Near-prime,84,603,1
C011498,2026-05,Near-prime,83,1333,0
C011499,2026-05,Near-prime,39,1494,0
C011500,2026-05,Near-prime,60,394,1
C011501,2026-05,Near-prime,65,1307,0
C011502,2026-05,Near-prime,31,1075,0
C011503,2026-05,Near-prime,58,661,0
C011504,2026-05,Near-prime,48,363,0
C011505,2026-05,Near-prime,69,710,1
C011506,2026-05,Near-prime,89,437,0
C011507,2026-05,Near-prime,57,1042,1
C011508,2026-05,Near-prime,58,1177,0
C011509,2026-05,Near-prime,39,1570,0
C011510,2026-05,Near-prime,5,1104,0
C011511,2026-05,Near-prime,47,909,0
C011512,2026-05,Near-prime,55,1062,0
C011513,2026-05,Near-prime,68,765,0
C011514,2026-05,Near-prime,30,1584,0
C011515,2026-05,Near-prime,57,975,0
C011516,2026-05,Near-prime,49,1472,0
C011517,2026-05,Near-prime,52,1065,0
C011518,2026-05,Near-prime,75,916,0
C011519,2026-05,Near-prime,43,642,0
C011520,2026-05,Near-prime,40,1087,0
C011521,2026-05,Near-prime,51,410,0
C011522,2026-05,Near-prime,31,2106,0
C011523,2026-05,Near-prime,73,1407,0
C011524,2026-05,Near-prime,74,693,0
C011525,2026-05,Near-prime,38,616,0
C011526,2026-05,Near-prime,38,1280,0
C011527,2026-05,Near-prime,55,1393,0
C011528,2026-05,Near-prime,76,1545,0
C011529,2026-05,Near-prime,30,1603,0
C011530,2026-05,Near-prime,50,1334,0
C011531,2026-05,Near-prime,23,1772,0
C011532,2026-05,Near-prime,53,1917,0
C011533,2026-05,Near-prime,64,2712,0
C011534,2026-05,Near-prime,61,1694,0
C011535,2026-05,Near-prime,39,843,0
C011536,2026-05,Near-prime,70,1284,0
C011537,2026-05,Near-prime,75,562,0
C011538,2026-05,Near-prime,65,1354,0
C011539,2026-05,Near-prime,31,1532,0
C011540,2026-05,Near-prime,54,211,0
C011541,2026-05,Near-prime,21,842,0
C011542,2026-05,Near-prime,55,1735,1
C011543,2026-05,Near-prime,24,574,0
C011544,2026-05,Near-prime,42,530,1
C011545,2026-05,Near-prime,60,645,0
C011546,2026-05,Near-prime,68,854,0
C011547,2026-05,Near-prime,45,917,0
C011548,2026-05,Near-prime,46,0,0
C011549,2026-05,Near-prime,34,1746,0
C011550,2026-05,Near-prime,26,1421,0
C011551,2026-05,Near-prime,60,1213,0
C011552,2026-05,Near-prime,54,2135,0
C011553,2026-05,Near-prime,43,510,0
C011554,2026-05,Near-prime,65,2186,1
C011555,2026-05,Near-prime,36,692,0
C011556,2026-05,Near-prime,45,850,0
C011557,2026-05,Near-prime,57,789,1
C011558,2026-05,Near-prime,69,266,0
C011559,2026-05,Near-prime,28,1316,0
C011560,2026-05,Near-prime,61,648,0
C011561,2026-05,Near-prime,77,1005,0
C011562,2026-05,Near-prime,29,1184,0
C011563,2026-05,Near-prime,37,1584,1
C011564,2026-05,Near-prime,47,1305,0
C011565,2026-05,Near-prime,58,756,0
C011566,2026-05,Near-prime,78,757,0
C011567,2026-05,Near-prime,51,1169,0
C011568,2026-05,Near-prime,50,1715,0
C011569,2026-05,Near-prime,62,1532,0
C011570,2026-05,Near-prime,54,484,0
C011571,2026-05,Near-prime,48,1402,0
C011572,2026-05,Near-prime,52,450,0
C011573,2026-05,Near-prime,39,1274,0
C011574,2026-05,Near-prime,70,587,0
C011575,2026-05,Near-prime,51,639,0
C011576,2026-05,Near-prime,64,924,0
C011577,2026-05,Near-prime,57,1549,0
C011578,2026-05,Near-prime,63,1142,0
C011579,2026-05,Near-prime,29,823,1
C011580,2026-05,Near-prime,52,1019,0
C011581,2026-05,Near-prime,85,1106,0
C011582,2026-05,Near-prime,87,2094,0
C011583,2026-05,Near-prime,36,1088,0
C011584,2026-05,Near-prime,70,483,0
C011585,2026-05,Near-prime,46,1559,0
C011586,2026-05,Near-prime,50,178,0
C011587,2026-05,Near-prime,29,1112,0
C011588,2026-05,Near-prime,40,514,0
C011589,2026-05,Near-prime,41,817,0
C011590,2026-05,Near-prime,58,888,0
C011591,2026-05,Near-prime,72,926,0
C011592,2026-05,Near-prime,24,0,0
C011593,2026-05,Near-prime,53,0,0
C011594,2026-05,Near-prime,56,207,0
C011595,2026-05,Near-prime,64,667,0
C011596,2026-05,Near-prime,43,1068,0
C011597,2026-05,Near-prime,51,836,0
C011598,2026-05,Near-prime,76,1872,0
C011599,2026-05,Near-prime,34,1218,0
C011600,2026-05,Near-prime,14,404,0
C011601,2026-05,Near-prime,63,178,0
C011602,2026-05,Near-prime,23,949,0
C011603,2026-05,Near-prime,54,1390,0
C011604,2026-05,Near-prime,40,848,0
C011605,2026-05,Near-prime,17,484,0
C011606,2026-05,Near-prime,29,1288,0
C011607,2026-05,Near-prime,68,467,0
C011608,2026-05,Near-prime,57,1528,0
C011609,2026-05,Near-prime,32,1038,1
C011610,2026-05,Near-prime,61,1507,0
C011611,2026-05,Near-prime,61,1734,0
C011612,2026-05,Near-prime,67,1150,0
C011613,2026-05,Near-prime,61,409,0
C011614,2026-05,Near-prime,59,895,0
C011615,2026-05,Near-prime,63,989,0
C011616,2026-05,Near-prime,51,414,0
C011617,2026-05,Near-prime,58,1329,0
C011618,2026-05,Near-prime,39,1292,0
C011619,2026-05,Near-prime,64,393,0
C011620,2026-05,Near-prime,100,471,0
C011621,2026-05,Near-prime,45,1431,0
C011622,2026-05,Near-prime,43,466,0
C011623,2026-05,Near-prime,67,1409,0
C011624,2026-05,Near-prime,47,974,0
C011625,2026-05,Near-prime,50,1006,0
C011626,2026-05,Near-prime,49,646,0
C011627,2026-05,Near-prime,87,1167,0
C011628,2026-05,Near-prime,78,451,0
C011629,2026-05,Near-prime,72,1118,0
C011630,2026-05,Near-prime,74,2074,0
C011631,2026-05,Near-prime,42,991,0
C011632,2026-05,Near-prime,48,1142,0
C011633,2026-05,Near-prime,52,1154,0
C011634,2026-05,Near-prime,36,2134,0
C011635,2026-05,Near-prime,74,493,0
C011636,2026-05,Near-prime,81,1262,0
C011637,2026-05,Near-prime,71,262,0
C011638,2026-05,Near-prime,62,1686,0
C011639,2026-05,Near-prime,60,380,0
C011640,2026-05,Near-prime,71,1072,0
C011641,2026-05,Near-prime,35,0,0
C011642,2026-05,Near-prime,27,690,0
C011643,2026-05,Near-prime,49,612,0
C011644,2026-05,Near-prime,1,785,0
C011645,2026-05,Near-prime,55,1111,0
C011646,2026-05,Near-prime,63,1133,0
C011647,2026-05,Near-prime,68,1328,1
C011648,2026-05,Near-prime,57,2269,0
C011649,2026-05,Near-prime,47,903,0
C011650,2026-05,Near-prime,36,836,0
C011651,2026-05,Near-prime,52,684,0
C011652,2026-05,Near-prime,45,80,0
C011653,2026-05,Near-prime,96,1313,0
C011654,2026-05,Near-prime,34,575,0
C011655,2026-05,Near-prime,40,255,0
C011656,2026-05,Near-prime,72,131,0
C011657,2026-05,Near-prime,50,1143,0
C011658,2026-05,Near-prime,60,201,0
C011659,2026-05,Near-prime,29,185,0
C011660,2026-05,Near-prime,70,912,0
C011661,2026-05,Near-prime,33,252,0
C011662,2026-05,Near-prime,52,1130,0
C011663,2026-05,Near-prime,42,951,0
C011664,2026-05,Near-prime,73,1256,0
C011665,2026-05,Near-prime,46,369,0
C011666,2026-05,Near-prime,35,1599,0
C011667,2026-05,Near-prime,57,1854,0
C011668,2026-05,Near-prime,51,1081,0
C011669,2026-05,Near-prime,53,446,0
C011670,2026-05,Near-prime,38,1031,0
C011671,2026-05,Near-prime,46,994,0
C011672,2026-05,Near-prime,65,1038,0
C011673,2026-05,Near-prime,74,433,0
C011674,2026-05,Near-prime,59,1729,0
C011675,2026-05,Near-prime,71,1424,0
C011676,2026-05,Near-prime,67,1214,0
C011677,2026-05,Near-prime,46,1066,0
C011678,2026-05,Near-prime,34,1436,0
C011679,2026-05,Near-prime,60,1783,0
C011680,2026-05,Near-prime,56,1249,0
C011681,2026-05,Near-prime,70,1310,0
C011682,2026-05,Near-prime,25,765,0
C011683,2026-05,Near-prime,68,362,1
C011684,2026-05,Near-prime,13,1080,0
C011685,2026-05,Near-prime,64,1004,0
C011686,2026-05,Near-prime,72,1100,0
C011687,2026-05,Near-prime,75,203,0
C011688,2026-05,Near-prime,25,123,0
C011689,2026-05,Near-prime,57,1316,0
C011690,2026-05,Near-prime,27,1143,0
C011691,2026-05,Near-prime,42,1185,0
C011692,2026-05,Near-prime,29,874,0
C011693,2026-05,Near-prime,57,565,0
C011694,2026-05,Near-prime,56,1160,0
C011695,2026-05,Near-prime,66,1395,0
C011696,2026-05,Near-prime,77,1593,0
C011697,2026-05,Near-prime,80,310,1
C011698,2026-05,Near-prime,59,766,0
C011699,2026-05,Near-prime,42,1328,0
C011700,2026-05,Near-prime,36,1206,0
C011701,2026-05,Near-prime,61,956,0
C011702,2026-05,Near-prime,58,1109,0
C011703,2026-05,Near-prime,50,1055,0
C011704,2026-05,Near-prime,40,934,0
C011705,2026-05,Near-prime,59,1665,0
C011706,2026-05,Near-prime,69,691,0
C011707,2026-05,Near-prime,60,1662,0
C011708,2026-05,Near-prime,61,1005,0
C011709,2026-05,Near-prime,52,380,0
C011710,2026-05,Near-prime,70,1287,0
C011711,2026-05,Near-prime,30,831,0
C011712,2026-05,Near-prime,13,1350,0
C011713,2026-05,Near-prime,20,467,0
C011714,2026-05,Near-prime,52,253,0
C011715,2026-05,Near-prime,74,796,0
C011716,2026-05,Near-prime,35,76,0
C011717,2026-05,Near-prime,48,481,0
C011718,2026-05,Near-prime,55,1368,0
C011719,2026-05,Near-prime,50,1770,0
C011720,2026-05,Near-prime,82,461,0
C011721,2026-05,Near-prime,56,962,0
C011722,2026-05,Near-prime,60,1199,0
C011723,2026-05,Near-prime,35,953,0
C011724,2026-05,Near-prime,66,577,0
C011725,2026-05,Near-prime,71,560,0
C011726,2026-05,Near-prime,49,570,0
C011727,2026-05,Near-prime,43,534,0
C011728,2026-05,Near-prime,23,649,0
C011729,2026-05,Near-prime,33,2029,0
C011730,2026-05,Near-prime,67,501,0
C011731,2026-05,Near-prime,50,709,0
C011732,2026-05,Near-prime,39,820,0
C011733,2026-05,Near-prime,64,939,0
C011734,2026-05,Near-prime,31,869,0
C011735,2026-05,Near-prime,44,1544,0
C011736,2026-05,Near-prime,80,1036,0
C011737,2026-05,Near-prime,50,1096,0
C011738,2026-05,Near-prime,53,1436,0
C011739,2026-05,Near-prime,30,2039,0
C011740,2026-05,Near-prime,89,984,0
C011741,2026-05,Near-prime,33,467,0
C011742,2026-05,Near-prime,38,1207,0
C011743,2026-05,Near-prime,36,1247,0
C011744,2026-05,Near-prime,47,683,0
C011745,2026-05,Near-prime,38,1079,0
C011746,2026-05,Near-prime,76,791,0
C011747,2026-05,Near-prime,71,1205,0
C011748,2026-05,Near-prime,64,766,0
C011749,2026-05,Near-prime,52,391,0
C011750,2026-05,Near-prime,78,868,0
C011751,2026-05,Near-prime,31,1959,0
C011752,2026-05,Near-prime,59,1414,0
C011753,2026-05,Near-prime,30,1191,0
C011754,2026-05,Near-prime,38,897,1
C011755,2026-05,Near-prime,51,1154,0
C011756,2026-05,Near-prime,39,793,1
C011757,2026-05,Near-prime,64,1066,0
C011758,2026-05,Near-prime,30,1527,0
C011759,2026-05,Near-prime,49,804,0
C011760,2026-05,Near-prime,64,1525,0
C011761,2026-05,Near-prime,59,591,0
C011762,2026-05,Near-prime,19,960,0
C011763,2026-05,Near-prime,35,1248,0
C011764,2026-05,Near-prime,41,841,0
C011765,2026-05,Near-prime,27,1476,0
C011766,2026-05,Near-prime,40,512,0
C011767,2026-05,Near-prime,67,1126,0
C011768,2026-05,Near-prime,55,241,0
C011769,2026-05,Near-prime,54,1044,0
C011770,2026-05,Near-prime,45,962,0
C011771,2026-05,Near-prime,62,808,0
C011772,2026-05,Near-prime,46,417,0
C011773,2026-05,Near-prime,83,1051,0
C011774,2026-05,Near-prime,40,734,0
C011775,2026-05,Near-prime,61,901,0
C011776,2026-05,Near-prime,55,504,0
C011777,2026-05,Near-prime,63,470,0
C011778,2026-05,Near-prime,45,1335,0
C011779,2026-05,Near-prime,43,630,0
C011780,2026-05,Near-prime,56,486,0
C011781,2026-05,Near-prime,6,1544,0
C011782,2026-05,Near-prime,74,814,0
C011783,2026-05,Near-prime,31,1590,0
C011784,2026-05,Near-prime,33,282,0
C011785,2026-05,Near-prime,35,760,1
C011786,2026-05,Near-prime,63,708,0
C011787,2026-05,Near-prime,28,920,0
C011788,2026-05,Near-prime,64,1887,0
C011789,2026-05,Near-prime,55,1247,1
C011790,2026-05,Near-prime,22,1150,0
C011791,2026-05,Near-prime,75,261,0
C011792,2026-05,Near-prime,84,801,0
C011793,2026-05,Near-prime,56,1789,0
C011794,2026-05,Near-prime,83,1261,1
C011795,2026-05,Near-prime,96,1371,1
C011796,2026-05,Near-prime,55,131,0
C011797,2026-05,Near-prime,67,542,0
C011798,2026-05,Near-prime,35,484,0
C011799,2026-05,Near-prime,35,214,0
C011800,2026-05,Near-prime,64,1204,0
C011801,2026-05,Near-prime,63,918,0
C011802,2026-05,Near-prime,33,1458,0
C011803,2026-05,Near-prime,38,1620,0
C011804,2026-05,Near-prime,71,977,0
C011805,2026-05,Near-prime,53,81,0
C011806,2026-05,Near-prime,51,1251,0
C011807,2026-05,Near-prime,64,1300,0
C011808,2026-05,Near-prime,49,750,0
C011809,2026-05,Near-prime,54,1778,0
C011810,2026-05,Near-prime,53,1485,0
C011811,2026-05,Near-prime,56,52,0
C011812,2026-05,Near-prime,35,1261,0
C011813,2026-05,Near-prime,40,1281,0
C011814,2026-05,Near-prime,51,1298,0
C011815,2026-05,Near-prime,66,1160,0
C011816,2026-05,Near-prime,23,1452,0
C011817,2026-05,Near-prime,67,685,0
C011818,2026-05,Near-prime,54,1540,0
C011819,2026-05,Near-prime,47,685,0
C011820,2026-05,Near-prime,38,192,0
C011821,2026-05,Near-prime,51,845,0
C011822,2026-05,Near-prime,41,177,0
C011823,2026-05,Near-prime,55,1157,0
C011824,2026-05,Near-prime,57,1280,0
C011825,2026-05,Near-prime,86,1779,0
C011826,2026-05,Near-prime,49,987,0
C011827,2026-05,Near-prime,21,1870,0
C011828,2026-05,Near-prime,44,1085,0
C011829,2026-05,Near-prime,30,126,0
C011830,2026-05,Near-prime,43,1392,1
C011831,2026-05,Near-prime,48,906,0
C011832,2026-05,Near-prime,59,1188,0
C011833,2026-05,Near-prime,67,957,0
C011834,2026-05,Near-prime,54,972,0
C011835,2026-05,Near-prime,66,426,0
C011836,2026-05,Near-prime,76,1247,1
C011837,2026-05,Near-prime,5,1298,0
C011838,2026-05,Near-prime,43,8,0
C011839,2026-05,Near-prime,14,1172,0
C011840,2026-05,Near-prime,70,1485,0
C011841,2026-05,Near-prime,76,443,0
C011842,2026-05,Near-prime,63,616,0
C011843,2026-05,Near-prime,44,486,0
C011844,2026-05,Near-prime,24,946,0
C011845,2026-05,Near-prime,25,1668,0
C011846,2026-05,Near-prime,61,1436,0
C011847,2026-05,Near-prime,54,1061,1
C011848,2026-05,Near-prime,32,702,0
C011849,2026-05,Near-prime,73,1207,0
C011850,2026-05,Near-prime,66,1405,0
C011851,2026-05,Near-prime,47,1392,0
C011852,2026-05,Near-prime,38,764,0
C011853,2026-05,Near-prime,77,955,1
C011854,2026-05,Near-prime,63,349,0
C011855,2026-05,Near-prime,71,690,0
C011856,2026-05,Near-prime,34,789,0
C011857,2026-05,Near-prime,58,1060,1
C011858,2026-05,Near-prime,69,1633,0
C011859,2026-05,Near-prime,67,909,1
C011860,2026-05,Near-prime,49,797,0
C011861,2026-05,Near-prime,43,837,0
C011862,2026-05,Near-prime,55,1296,0
C011863,2026-05,Near-prime,42,950,0
C011864,2026-05,Near-prime,77,464,0
C011865,2026-05,Near-prime,45,1790,0
C011866,2026-05,Near-prime,63,1212,1
C011867,2026-05,Near-prime,49,204,0
C011868,2026-05,Near-prime,87,1324,0
C011869,2026-05,Near-prime,62,1380,0
C011870,2026-05,Near-prime,81,854,0
C011871,2026-05,Near-prime,67,366,0
C011872,2026-05,Near-prime,59,714,0
C011873,2026-05,Near-prime,38,1494,0
C011874,2026-05,Near-prime,71,710,0
C011875,2026-05,Near-prime,74,598,0
C011876,2026-05,Near-prime,22,860,0
C011877,2026-05,Near-prime,27,722,0
C011878,2026-05,Near-prime,62,882,0
C011879,2026-05,Near-prime,80,1373,0
C011880,2026-05,Near-prime,41,1119,0
C011881,2026-05,Near-prime,52,820,0
C011882,2026-05,Near-prime,42,1160,0
C011883,2026-05,Near-prime,75,1395,0
C011884,2026-05,Near-prime,59,834,1
C011885,2026-05,Near-prime,15,910,0
C011886,2026-05,Near-prime,49,1604,0
C011887,2026-05,Near-prime,45,822,0
C011888,2026-05,Near-prime,65,1448,0
C011889,2026-05,Near-prime,32,928,0
C011890,2026-05,Near-prime,59,1411,0
C011891,2026-05,Subprime,92,188,1
C011892,2026-05,Subprime,79,346,0
C011893,2026-05,Subprime,72,376,0
C011894,2026-05,Subprime,76,854,0
C011895,2026-05,Subprime,78,774,0
C011896,2026-05,Subprime,60,826,0
C011897,2026-05,Subprime,67,985,0
C011898,2026-05,Subprime,70,954,0
C011899,2026-05,Subprime,73,478,0
C011900,2026-05,Subprime,81,460,0
C011901,2026-05,Subprime,79,897,0
C011902,2026-05,Subprime,69,0,0
C011903,2026-05,Subprime,50,534,0
C011904,2026-05,Subprime,59,794,0
C011905,2026-05,Subprime,94,590,0
C011906,2026-05,Subprime,94,280,0
C011907,2026-05,Subprime,87,661,0
C011908,2026-05,Subprime,100,132,1
C011909,2026-05,Subprime,82,1159,1
C011910,2026-05,Subprime,47,1305,0
C011911,2026-05,Subprime,74,978,0
C011912,2026-05,Subprime,42,1250,0
C011913,2026-05,Subprime,57,426,0
C011914,2026-05,Subprime,72,1306,0
C011915,2026-05,Subprime,54,710,0
C011916,2026-05,Subprime,67,178,0
C011917,2026-05,Subprime,73,769,0
C011918,2026-05,Subprime,98,453,0
C011919,2026-05,Subprime,65,793,0
C011920,2026-05,Subprime,59,1271,0
C011921,2026-05,Subprime,46,581,0
C011922,2026-05,Subprime,78,468,0
C011923,2026-05,Subprime,75,1210,0
C011924,2026-05,Subprime,62,655,0
C011925,2026-05,Subprime,98,386,0
C011926,2026-05,Subprime,78,853,0
C011927,2026-05,Subprime,54,501,0
C011928,2026-05,Subprime,33,1196,0
C011929,2026-05,Subprime,87,144,0
C011930,2026-05,Subprime,84,1171,1
C011931,2026-05,Subprime,88,711,0
C011932,2026-05,Subprime,71,691,0
C011933,2026-05,Subprime,92,414,0
C011934,2026-05,Subprime,90,761,0
C011935,2026-05,Subprime,58,394,0
C011936,2026-05,Subprime,57,446,0
C011937,2026-05,Subprime,46,317,0
C011938,2026-05,Subprime,50,744,0
C011939,2026-05,Subprime,72,482,0
C011940,2026-05,Subprime,35,502,0
C011941,2026-05,Subprime,76,601,0
C011942,2026-05,Subprime,92,926,0
C011943,2026-05,Subprime,64,398,0
C011944,2026-05,Subprime,50,583,0
C011945,2026-05,Subprime,79,823,0
C011946,2026-05,Subprime,58,877,1
C011947,2026-05,Subprime,71,325,0
C011948,2026-05,Subprime,53,343,0
C011949,2026-05,Subprime,69,643,0
C011950,2026-05,Subprime,87,506,0
C011951,2026-05,Subprime,63,18,0
C011952,2026-05,Subprime,85,574,0
C011953,2026-05,Subprime,61,495,1
C011954,2026-05,Subprime,59,100,0
C011955,2026-05,Subprime,48,457,0
C011956,2026-05,Subprime,87,0,0
C011957,2026-05,Subprime,67,800,0
C011958,2026-05,Subprime,70,783,0
C011959,2026-05,Subprime,59,809,0
C011960,2026-05,Subprime,74,780,0
C011961,2026-05,Subprime,79,1241,0
C011962,2026-05,Subprime,40,698,0
C011963,2026-05,Subprime,70,450,0
C011964,2026-05,Subprime,82,760,0
C011965,2026-05,Subprime,69,801,0
C011966,2026-05,Subprime,70,1115,0
C011967,2026-05,Subprime,56,144,0
C011968,2026-05,Subprime,78,402,1
C011969,2026-05,Subprime,91,642,1
C011970,2026-05,Subprime,57,413,0
C011971,2026-05,Subprime,49,878,0
C011972,2026-05,Subprime,75,969,0
C011973,2026-05,Subprime,59,275,0
C011974,2026-05,Subprime,77,505,1
C011975,2026-05,Subprime,62,650,0
C011976,2026-05,Subprime,56,695,0
C011977,2026-05,Subprime,89,634,0
C011978,2026-05,Subprime,79,522,1
C011979,2026-05,Subprime,59,891,0
C011980,2026-05,Subprime,58,826,0
C011981,2026-05,Subprime,100,596,0
C011982,2026-05,Subprime,53,806,0
C011983,2026-05,Subprime,70,504,0
C011984,2026-05,Subprime,76,680,0
C011985,2026-05,Subprime,64,814,0
C011986,2026-05,Subprime,69,510,0
C011987,2026-05,Subprime,100,542,0
C011988,2026-05,Subprime,53,518,0
C011989,2026-05,Subprime,73,416,0
C011990,2026-05,Subprime,92,787,0
C011991,2026-05,Subprime,50,582,0
C011992,2026-05,Subprime,51,698,0
C011993,2026-05,Subprime,51,0,0
C011994,2026-05,Subprime,57,741,0
C011995,2026-05,Subprime,94,571,0
C011996,2026-05,Subprime,64,853,0
C011997,2026-05,Subprime,61,642,0
C011998,2026-05,Subprime,77,572,0
C011999,2026-05,Subprime,40,512,0
C012000,2026-05,Subprime,51,636,0
C012001,2026-05,Subprime,62,300,0
C012002,2026-05,Subprime,50,784,0
C012003,2026-05,Subprime,45,972,0
C012004,2026-05,Subprime,82,482,0
C012005,2026-05,Subprime,77,220,0
C012006,2026-05,Subprime,60,758,0
C012007,2026-05,Subprime,51,320,1
C012008,2026-05,Subprime,73,228,0
C012009,2026-05,Subprime,79,275,0
C012010,2026-05,Subprime,100,132,0
C012011,2026-05,Subprime,57,0,0
C012012,2026-05,Subprime,53,618,0
C012013,2026-05,Subprime,63,595,0
C012014,2026-05,Subprime,94,435,0
C012015,2026-05,Subprime,78,345,0
C012016,2026-05,Subprime,100,624,0
C012017,2026-05,Subprime,100,835,0
C012018,2026-05,Subprime,66,1022,0
C012019,2026-05,Subprime,55,352,0
C012020,2026-05,Subprime,62,556,0
C012021,2026-05,Subprime,56,632,0
C012022,2026-05,Subprime,97,408,0
C012023,2026-05,Subprime,30,471,0
C012024,2026-05,Subprime,100,268,0
C012025,2026-05,Subprime,74,265,0
C012026,2026-05,Subprime,95,525,0
C012027,2026-05,Subprime,86,495,0
C012028,2026-05,Subprime,64,623,0
C012029,2026-05,Subprime,74,311,0
C012030,2026-05,Subprime,45,789,0
C012031,2026-05,Subprime,78,568,0
C012032,2026-05,Subprime,46,862,0
C012033,2026-05,Subprime,96,985,0
C012034,2026-05,Subprime,65,911,0
C012035,2026-05,Subprime,72,615,0
C012036,2026-05,Subprime,85,430,0
C012037,2026-05,Subprime,18,1347,0
C012038,2026-05,Subprime,82,217,0
C012039,2026-05,Subprime,61,1021,0
C012040,2026-05,Subprime,48,294,0
C012041,2026-05,Subprime,76,846,0
C012042,2026-05,Subprime,70,542,0
C012043,2026-05,Subprime,87,507,0
C012044,2026-05,Subprime,80,570,0
C012045,2026-05,Subprime,100,1068,0
C012046,2026-05,Subprime,66,357,0
C012047,2026-05,Subprime,97,572,0
C012048,2026-05,Subprime,60,999,0
C012049,2026-05,Subprime,71,1006,0
C012050,2026-05,Subprime,82,146,0
C012051,2026-05,Subprime,53,826,0
C012052,2026-05,Subprime,70,440,0
C012053,2026-05,Subprime,68,826,0
C012054,2026-05,Subprime,71,485,0
C012055,2026-05,Subprime,43,899,0
C012056,2026-05,Subprime,100,719,0
C012057,2026-05,Subprime,45,1105,0
C012058,2026-05,Subprime,81,733,0
C012059,2026-05,Subprime,57,1209,0
C012060,2026-05,Subprime,81,615,0
C012061,2026-05,Subprime,82,406,0
C012062,2026-05,Subprime,51,542,1
C012063,2026-05,Subprime,72,212,0
C012064,2026-05,Subprime,52,748,0
C012065,2026-05,Subprime,58,1126,0
C012066,2026-05,Subprime,66,538,0
C012067,2026-05,Subprime,60,468,0
C012068,2026-05,Subprime,70,981,0
C012069,2026-05,Subprime,50,841,0
C012070,2026-05,Subprime,75,492,0
C012071,2026-05,Subprime,28,782,0
C012072,2026-05,Subprime,38,730,0
C012073,2026-05,Subprime,100,681,0
C012074,2026-05,Subprime,65,382,0
C012075,2026-05,Subprime,61,423,0
C012076,2026-05,Subprime,44,800,0
C012077,2026-05,Subprime,66,1222,0
C012078,2026-05,Subprime,47,1186,0
C012079,2026-05,Subprime,53,603,0
C012080,2026-05,Subprime,58,0,0
C012081,2026-05,Subprime,82,584,1
C012082,2026-05,Subprime,68,1006,0
C012083,2026-05,Subprime,56,846,0
C012084,2026-05,Subprime,73,956,0
C012085,2026-05,Subprime,70,639,0
C012086,2026-05,Subprime,79,979,1
C012087,2026-05,Subprime,88,552,0
C012088,2026-05,Subprime,75,290,0
C012089,2026-05,Subprime,39,0,0
C012090,2026-05,Subprime,56,759,0
C012091,2026-05,Subprime,63,598,0
C012092,2026-05,Subprime,91,450,0
C012093,2026-05,Subprime,72,757,0
C012094,2026-05,Subprime,64,570,0
C012095,2026-05,Subprime,72,649,0
C012096,2026-05,Subprime,54,447,0
C012097,2026-05,Subprime,91,412,0
C012098,2026-05,Subprime,58,606,0
C012099,2026-05,Subprime,90,269,0
C012100,2026-05,Subprime,48,284,0
C012101,2026-05,Subprime,100,675,0
C012102,2026-05,Subprime,77,854,0
C012103,2026-05,Subprime,77,271,0
C012104,2026-05,Subprime,68,308,0
C012105,2026-05,Subprime,72,349,0
C012106,2026-05,Subprime,52,456,0
C012107,2026-05,Subprime,79,681,1
C012108,2026-05,Subprime,52,973,0
C012109,2026-05,Subprime,63,530,0
C012110,2026-05,Subprime,70,703,0
C012111,2026-05,Subprime,77,574,0
C012112,2026-05,Subprime,52,810,1
C012113,2026-05,Subprime,69,566,0
C012114,2026-05,Subprime,76,407,0
C012115,2026-05,Subprime,56,419,0
C012116,2026-05,Subprime,78,1146,0
C012117,2026-05,Subprime,71,380,0
C012118,2026-05,Subprime,67,583,0
C012119,2026-05,Subprime,69,528,1
C012120,2026-05,Subprime,62,86,0
C012121,2026-05,Subprime,77,699,0
C012122,2026-05,Subprime,81,914,0
C012123,2026-05,Subprime,89,448,0
C012124,2026-05,Subprime,95,342,0
C012125,2026-05,Subprime,61,510,0
C012126,2026-05,Subprime,79,611,0
C012127,2026-05,Subprime,82,0,1
C012128,2026-05,Subprime,60,790,0
C012129,2026-05,Subprime,53,716,0
C012130,2026-05,Subprime,59,596,0
C012131,2026-05,Subprime,54,574,0
C012132,2026-05,Subprime,78,318,0
C012133,2026-05,Subprime,86,689,0
C012134,2026-05,Subprime,71,465,0
C012135,2026-05,Subprime,73,818,0
C012136,2026-05,Subprime,37,472,0
C012137,2026-05,Subprime,48,564,0
C012138,2026-05,Subprime,100,548,0
C012139,2026-05,Subprime,77,464,0
C012140,2026-05,Subprime,79,188,1
C012141,2026-05,Subprime,65,259,0
C012142,2026-05,Subprime,98,571,0
C012143,2026-05,Subprime,48,553,0
C012144,2026-05,Subprime,47,1229,0
C012145,2026-05,Subprime,96,246,0
C012146,2026-05,Subprime,55,135,0
C012147,2026-05,Subprime,100,511,0
C012148,2026-05,Subprime,54,218,0
C012149,2026-05,Subprime,42,870,1
C012150,2026-05,Subprime,99,271,0
C012151,2026-05,Subprime,63,743,0
C012152,2026-05,Subprime,86,320,0
C012153,2026-05,Subprime,70,192,0
C012154,2026-05,Subprime,100,835,0
C012155,2026-05,Subprime,67,317,0
C012156,2026-05,Subprime,68,27,1
C012157,2026-05,Subprime,67,878,0
C012158,2026-05,Subprime,71,886,0
C012159,2026-05,Subprime,93,670,0
C012160,2026-05,Subprime,70,364,0
C012161,2026-05,Subprime,72,661,0
C012162,2026-05,Subprime,86,0,0
C012163,2026-05,Subprime,100,580,1
C012164,2026-05,Subprime,77,1092,0
C012165,2026-05,Subprime,48,899,0
C012166,2026-05,Subprime,84,617,0
C012167,2026-05,Subprime,66,921,0
C012168,2026-05,Subprime,80,435,0
C012169,2026-05,Subprime,26,882,0
C012170,2026-05,Subprime,71,222,0
C012171,2026-05,Subprime,70,807,0
C012172,2026-05,Subprime,69,749,1
C012173,2026-05,Subprime,51,720,0
C012174,2026-05,Subprime,59,152,0
C012175,2026-05,Subprime,90,724,0
C012176,2026-05,Subprime,69,285,0
C012177,2026-05,Subprime,89,738,0
C012178,2026-05,Subprime,74,566,0
C012179,2026-05,Subprime,78,670,0
C012180,2026-05,Subprime,65,650,0
C012181,2026-05,Subprime,58,612,0
C012182,2026-05,Subprime,62,981,0
C012183,2026-05,Subprime,42,835,0
C012184,2026-05,Subprime,100,0,0
C012185,2026-05,Subprime,50,372,0
C012186,2026-05,Subprime,93,441,0
C012187,2026-05,Subprime,49,1469,0
C012188,2026-05,Subprime,75,107,0
C012189,2026-05,Subprime,74,268,0
C012190,2026-05,Subprime,95,860,0
C012191,2026-05,Subprime,52,116,0
C012192,2026-05,Subprime,60,787,0
C012193,2026-05,Subprime,72,930,0
C012194,2026-05,Subprime,99,607,0
C012195,2026-05,Subprime,34,644,0
C012196,2026-05,Subprime,100,794,0
C012197,2026-05,Subprime,49,655,0
C012198,2026-05,Subprime,80,991,0
C012199,2026-05,Subprime,89,172,0
C012200,2026-05,Subprime,63,1102,0
C012201,2026-06,Prime,39,2196,0
C012202,2026-06,Prime,29,1747,0
C012203,2026-06,Prime,9,330,0
C012204,2026-06,Prime,27,2967,0
C012205,2026-06,Prime,31,762,0
C012206,2026-06,Prime,20,1154,0
C012207,2026-06,Prime,38,2003,0
C012208,2026-06,Prime,22,2189,0
C012209,2026-06,Prime,25,2908,0
C012210,2026-06,Prime,27,2280,0
C012211,2026-06,Prime,61,2437,0
C012212,2026-06,Prime,29,1116,0
C012213,2026-06,Prime,43,2508,0
C012214,2026-06,Prime,17,1221,0
C012215,2026-06,Prime,57,708,0
C012216,2026-06,Prime,46,2571,0
C012217,2026-06,Prime,19,1835,0
C012218,2026-06,Prime,33,2235,0
C012219,2026-06,Prime,34,1984,0
C012220,2026-06,Prime,25,812,0
C012221,2026-06,Prime,77,414,0
C012222,2026-06,Prime,30,624,0
C012223,2026-06,Prime,1,1341,0
C012224,2026-06,Prime,48,0,0
C012225,2026-06,Prime,58,778,0
C012226,2026-06,Prime,1,1240,0
C012227,2026-06,Prime,50,1377,0
C012228,2026-06,Prime,35,2016,0
C012229,2026-06,Prime,39,1393,0
C012230,2026-06,Prime,13,2024,0
C012231,2026-06,Prime,54,1961,0
C012232,2026-06,Prime,8,11,0
C012233,2026-06,Prime,42,2164,0
C012234,2026-06,Prime,24,1237,0
C012235,2026-06,Prime,39,1560,0
C012236,2026-06,Prime,15,349,0
C012237,2026-06,Prime,9,1158,0
C012238,2026-06,Prime,28,899,0
C012239,2026-06,Prime,26,1447,0
C012240,2026-06,Prime,28,1156,0
C012241,2026-06,Prime,6,1249,0
C012242,2026-06,Prime,41,1109,0
C012243,2026-06,Prime,15,1206,0
C012244,2026-06,Prime,86,1815,0
C012245,2026-06,Prime,21,1085,0
C012246,2026-06,Prime,33,247,0
C012247,2026-06,Prime,35,2645,0
C012248,2026-06,Prime,31,1905,0
C012249,2026-06,Prime,46,229,0
C012250,2026-06,Prime,47,2583,0
C012251,2026-06,Prime,55,1784,1
C012252,2026-06,Prime,40,648,0
C012253,2026-06,Prime,15,1616,0
C012254,2026-06,Prime,19,446,0
C012255,2026-06,Prime,1,1378,0
C012256,2026-06,Prime,26,1593,0
C012257,2026-06,Prime,37,946,0
C012258,2026-06,Prime,15,1407,0
C012259,2026-06,Prime,46,2278,0
C012260,2026-06,Prime,1,2443,0
C012261,2026-06,Prime,24,950,0
C012262,2026-06,Prime,24,1809,0
C012263,2026-06,Prime,6,1607,0
C012264,2026-06,Prime,24,798,0
C012265,2026-06,Prime,54,2404,0
C012266,2026-06,Prime,24,1681,0
C012267,2026-06,Prime,46,2057,0
C012268,2026-06,Prime,1,1,0
C012269,2026-06,Prime,47,146,0
C012270,2026-06,Prime,30,552,0
C012271,2026-06,Prime,51,1969,0
C012272,2026-06,Prime,7,1646,0
C012273,2026-06,Prime,15,1187,1
C012274,2026-06,Prime,47,1779,0
C012275,2026-06,Prime,11,1145,0
C012276,2026-06,Prime,1,2265,0
C012277,2026-06,Prime,23,1436,0
C012278,2026-06,Prime,7,897,0
C012279,2026-06,Prime,31,1308,0
C012280,2026-06,Prime,4,1916,0
C012281,2026-06,Prime,43,1232,0
C012282,2026-06,Prime,42,1106,0
C012283,2026-06,Prime,20,721,0
C012284,2026-06,Prime,36,1821,0
C012285,2026-06,Prime,1,1801,0
C012286,2026-06,Prime,49,911,0
C012287,2026-06,Prime,29,1267,0
C012288,2026-06,Prime,39,1857,0
C012289,2026-06,Prime,10,1636,0
C012290,2026-06,Prime,2,1994,0
C012291,2026-06,Prime,38,1753,0
C012292,2026-06,Prime,54,797,0
C012293,2026-06,Prime,36,1713,0
C012294,2026-06,Prime,46,1426,0
C012295,2026-06,Prime,7,745,0
C012296,2026-06,Prime,33,1282,0
C012297,2026-06,Prime,37,1691,0
C012298,2026-06,Prime,10,1903,0
C012299,2026-06,Prime,1,1695,0
C012300,2026-06,Prime,53,697,0
C012301,2026-06,Prime,24,2681,0
C012302,2026-06,Prime,39,2186,0
C012303,2026-06,Prime,25,977,0
C012304,2026-06,Prime,48,1636,0
C012305,2026-06,Prime,18,764,0
C012306,2026-06,Prime,16,1129,0
C012307,2026-06,Prime,35,3065,0
C012308,2026-06,Prime,65,1793,0
C012309,2026-06,Prime,2,1299,0
C012310,2026-06,Prime,52,1053,0
C012311,2026-06,Prime,37,968,0
C012312,2026-06,Prime,32,1344,0
C012313,2026-06,Prime,50,1599,0
C012314,2026-06,Prime,13,1454,0
C012315,2026-06,Prime,36,1078,0
C012316,2026-06,Prime,31,1408,0
C012317,2026-06,Prime,34,2301,0
C012318,2026-06,Prime,7,243,0
C012319,2026-06,Prime,27,1306,0
C012320,2026-06,Prime,29,3188,0
C012321,2026-06,Prime,25,2568,0
C012322,2026-06,Prime,53,1733,0
C012323,2026-06,Prime,22,0,0
C012324,2026-06,Prime,48,1346,0
C012325,2026-06,Prime,21,775,0
C012326,2026-06,Prime,41,1255,0
C012327,2026-06,Prime,26,1716,0
C012328,2026-06,Prime,66,1878,0
C012329,2026-06,Prime,13,2403,0
C012330,2026-06,Prime,55,2073,0
C012331,2026-06,Prime,31,2183,0
C012332,2026-06,Prime,47,1346,0
C012333,2026-06,Prime,15,0,0
C012334,2026-06,Prime,51,0,0
C012335,2026-06,Prime,43,1608,0
C012336,2026-06,Prime,1,664,0
C012337,2026-06,Prime,27,1022,0
C012338,2026-06,Prime,34,1540,0
C012339,2026-06,Prime,57,1768,0
C012340,2026-06,Prime,1,2138,0
C012341,2026-06,Prime,23,2294,0
C012342,2026-06,Prime,8,962,0
C012343,2026-06,Prime,34,1310,0
C012344,2026-06,Prime,32,2413,0
C012345,2026-06,Prime,41,1184,0
C012346,2026-06,Prime,34,1148,0
C012347,2026-06,Prime,32,1824,0
C012348,2026-06,Prime,16,1498,0
C012349,2026-06,Prime,49,1631,0
C012350,2026-06,Prime,36,1263,0
C012351,2026-06,Prime,28,1679,0
C012352,2026-06,Prime,17,1530,0
C012353,2026-06,Prime,22,1770,0
C012354,2026-06,Prime,30,1292,1
C012355,2026-06,Prime,1,2068,0
C012356,2026-06,Prime,22,1792,0
C012357,2026-06,Prime,9,1147,0
C012358,2026-06,Prime,18,912,0
C012359,2026-06,Prime,24,1763,0
C012360,2026-06,Prime,7,2110,0
C012361,2026-06,Prime,18,2122,0
C012362,2026-06,Prime,35,831,0
C012363,2026-06,Prime,13,2522,0
C012364,2026-06,Prime,39,1136,0
C012365,2026-06,Prime,72,1047,0
C012366,2026-06,Prime,29,701,0
C012367,2026-06,Prime,48,1600,0
C012368,2026-06,Prime,31,444,0
C012369,2026-06,Prime,37,2271,0
C012370,2026-06,Prime,42,1623,0
C012371,2026-06,Prime,29,1938,0
C012372,2026-06,Prime,36,2324,0
C012373,2026-06,Prime,1,1699,0
C012374,2026-06,Prime,58,1640,0
C012375,2026-06,Prime,6,1420,0
C012376,2026-06,Prime,29,975,1
C012377,2026-06,Prime,25,2683,0
C012378,2026-06,Prime,17,1459,0
C012379,2026-06,Prime,1,1022,0
C012380,2026-06,Prime,36,1773,0
C012381,2026-06,Prime,52,1524,0
C012382,2026-06,Prime,43,1536,0
C012383,2026-06,Prime,36,1057,0
C012384,2026-06,Prime,27,1032,0
C012385,2026-06,Prime,36,872,0
C012386,2026-06,Prime,41,1553,0
C012387,2026-06,Prime,21,1419,0
C012388,2026-06,Prime,25,1436,0
C012389,2026-06,Prime,52,1840,0
C012390,2026-06,Prime,8,1391,0
C012391,2026-06,Prime,66,809,0
C012392,2026-06,Prime,14,1275,0
C012393,2026-06,Prime,1,1806,0
C012394,2026-06,Prime,14,830,0
C012395,2026-06,Prime,14,1808,0
C012396,2026-06,Prime,3,1556,0
C012397,2026-06,Prime,19,1454,0
C012398,2026-06,Prime,32,1438,0
C012399,2026-06,Prime,1,1636,0
C012400,2026-06,Prime,9,1500,0
C012401,2026-06,Prime,55,2201,0
C012402,2026-06,Prime,16,1243,0
C012403,2026-06,Prime,37,1014,0
C012404,2026-06,Prime,21,1671,0
C012405,2026-06,Prime,21,1454,0
C012406,2026-06,Prime,23,1638,0
C012407,2026-06,Prime,33,390,0
C012408,2026-06,Prime,41,1224,0
C012409,2026-06,Prime,4,1417,0
C012410,2026-06,Prime,28,603,0
C012411,2026-06,Prime,27,1402,0
C012412,2026-06,Prime,28,2060,0
C012413,2026-06,Prime,39,1700,0
C012414,2026-06,Prime,9,1304,0
C012415,2026-06,Prime,23,1207,0
C012416,2026-06,Prime,64,1962,0
C012417,2026-06,Prime,71,421,0
C012418,2026-06,Prime,1,1414,0
C012419,2026-06,Prime,1,1315,0
C012420,2026-06,Prime,18,1303,0
C012421,2026-06,Prime,20,1755,0
C012422,2026-06,Prime,31,785,0
C012423,2026-06,Prime,10,1923,0
C012424,2026-06,Prime,39,601,0
C012425,2026-06,Prime,43,835,0
C012426,2026-06,Prime,28,587,0
C012427,2026-06,Prime,20,785,0
C012428,2026-06,Prime,27,1840,0
C012429,2026-06,Prime,51,1503,0
C012430,2026-06,Prime,37,1135,0
C012431,2026-06,Prime,33,1782,0
C012432,2026-06,Prime,27,1314,0
C012433,2026-06,Prime,1,1812,0
C012434,2026-06,Prime,30,1418,0
C012435,2026-06,Prime,40,1778,0
C012436,2026-06,Prime,17,2915,1
C012437,2026-06,Prime,52,2267,0
C012438,2026-06,Prime,1,594,0
C012439,2026-06,Prime,33,1435,0
C012440,2026-06,Prime,27,1668,0
C012441,2026-06,Prime,61,232,0
C012442,2026-06,Prime,1,1002,0
C012443,2026-06,Prime,26,2615,0
C012444,2026-06,Prime,37,1965,0
C012445,2026-06,Prime,8,2177,1
C012446,2026-06,Prime,33,2363,0
C012447,2026-06,Prime,23,2546,0
C012448,2026-06,Prime,25,2341,0
C012449,2026-06,Prime,51,2645,0
C012450,2026-06,Prime,19,1088,0
C012451,2026-06,Prime,7,0,0
C012452,2026-06,Prime,42,1778,0
C012453,2026-06,Prime,43,1046,0
C012454,2026-06,Prime,16,2380,0
C012455,2026-06,Prime,28,258,0
C012456,2026-06,Prime,33,1049,0
C012457,2026-06,Prime,22,1222,0
C012458,2026-06,Prime,46,2677,0
C012459,2026-06,Prime,33,1509,0
C012460,2026-06,Prime,23,1841,0
C012461,2026-06,Prime,34,1155,0
C012462,2026-06,Prime,1,1548,0
C012463,2026-06,Prime,18,2290,0
C012464,2026-06,Prime,1,2184,0
C012465,2026-06,Prime,5,1194,0
C012466,2026-06,Prime,17,1775,0
C012467,2026-06,Prime,36,1611,0
C012468,2026-06,Prime,63,2449,0
C012469,2026-06,Prime,12,432,0
C012470,2026-06,Prime,5,439,0
C012471,2026-06,Prime,39,1025,0
C012472,2026-06,Prime,29,1529,0
C012473,2026-06,Prime,55,651,0
C012474,2026-06,Prime,21,2010,0
C012475,2026-06,Prime,75,2219,0
C012476,2026-06,Prime,54,1321,0
C012477,2026-06,Prime,32,1973,0
C012478,2026-06,Prime,20,1465,0
C012479,2026-06,Prime,35,2061,0
C012480,2026-06,Prime,22,14,0
C012481,2026-06,Prime,41,1913,0
C012482,2026-06,Prime,11,555,0
C012483,2026-06,Prime,31,96,0
C012484,2026-06,Prime,47,874,0
C012485,2026-06,Prime,2,755,0
C012486,2026-06,Prime,11,1845,0
C012487,2026-06,Prime,25,57,0
C012488,2026-06,Prime,29,1342,0
C012489,2026-06,Prime,41,127,0
C012490,2026-06,Prime,39,986,0
C012491,2026-06,Prime,58,1822,0
C012492,2026-06,Prime,12,2619,0
C012493,2026-06,Prime,37,1482,0
C012494,2026-06,Prime,35,1555,0
C012495,2026-06,Prime,14,1657,0
C012496,2026-06,Prime,28,1976,1
C012497,2026-06,Prime,34,1335,0
C012498,2026-06,Prime,42,2934,0
C012499,2026-06,Prime,40,2370,0
C012500,2026-06,Prime,35,1260,0
C012501,2026-06,Prime,18,199,0
C012502,2026-06,Prime,9,1219,0
C012503,2026-06,Prime,48,1570,0
C012504,2026-06,Prime,72,1170,0
C012505,2026-06,Prime,6,1622,0
C012506,2026-06,Prime,22,1967,0
C012507,2026-06,Prime,20,1598,0
C012508,2026-06,Prime,35,2208,0
C012509,2026-06,Prime,23,1970,0
C012510,2026-06,Prime,48,1300,0
C012511,2026-06,Prime,44,656,0
C012512,2026-06,Prime,47,1238,0
C012513,2026-06,Prime,15,623,0
C012514,2026-06,Prime,1,260,0
C012515,2026-06,Prime,28,309,0
C012516,2026-06,Prime,18,2738,0
C012517,2026-06,Prime,48,2044,0
C012518,2026-06,Prime,31,1391,0
C012519,2026-06,Prime,61,756,0
C012520,2026-06,Prime,54,924,0
C012521,2026-06,Prime,38,2954,0
C012522,2026-06,Prime,33,709,0
C012523,2026-06,Prime,64,1160,0
C012524,2026-06,Prime,16,1655,0
C012525,2026-06,Prime,16,250,0
C012526,2026-06,Prime,28,2828,0
C012527,2026-06,Prime,44,3091,0
C012528,2026-06,Prime,29,923,0
C012529,2026-06,Prime,36,581,0
C012530,2026-06,Prime,43,745,0
C012531,2026-06,Prime,51,2290,0
C012532,2026-06,Prime,34,2435,0
C012533,2026-06,Prime,3,268,0
C012534,2026-06,Prime,28,1841,0
C012535,2026-06,Prime,67,1378,0
C012536,2026-06,Prime,36,1545,0
C012537,2026-06,Prime,27,1945,0
C012538,2026-06,Prime,58,435,0
C012539,2026-06,Prime,1,1007,0
C012540,2026-06,Prime,39,1130,0
C012541,2026-06,Prime,49,592,0
C012542,2026-06,Prime,34,2004,0
C012543,2026-06,Prime,46,1652,0
C012544,2026-06,Prime,43,0,0
C012545,2026-06,Prime,37,2258,0
C012546,2026-06,Prime,1,2771,0
C012547,2026-06,Prime,4,1802,0
C012548,2026-06,Prime,53,1988,0
C012549,2026-06,Prime,46,1744,0
C012550,2026-06,Prime,60,631,0
C012551,2026-06,Prime,49,1207,0
C012552,2026-06,Prime,1,2484,1
C012553,2026-06,Prime,35,2784,0
C012554,2026-06,Prime,1,1288,0
C012555,2026-06,Prime,53,2783,0
C012556,2026-06,Prime,24,2088,0
C012557,2026-06,Prime,10,1972,0
C012558,2026-06,Prime,46,40,0
C012559,2026-06,Prime,15,666,0
C012560,2026-06,Prime,55,3286,0
C012561,2026-06,Prime,28,1229,0
C012562,2026-06,Prime,1,1317,0
C012563,2026-06,Prime,54,1510,0
C012564,2026-06,Prime,23,1739,0
C012565,2026-06,Prime,35,1186,0
C012566,2026-06,Prime,50,1342,0
C012567,2026-06,Prime,48,1450,0
C012568,2026-06,Prime,24,2561,0
C012569,2026-06,Prime,25,345,0
C012570,2026-06,Prime,46,2130,0
C012571,2026-06,Prime,44,1596,0
C012572,2026-06,Prime,1,2159,0
C012573,2026-06,Prime,81,635,0
C012574,2026-06,Prime,25,730,0
C012575,2026-06,Prime,1,0,0
C012576,2026-06,Prime,38,1900,0
C012577,2026-06,Prime,13,1855,0
C012578,2026-06,Prime,45,711,0
C012579,2026-06,Prime,53,1836,0
C012580,2026-06,Prime,52,2064,0
C012581,2026-06,Prime,13,1100,0
C012582,2026-06,Prime,30,982,0
C012583,2026-06,Prime,33,1343,0
C012584,2026-06,Prime,24,1644,0
C012585,2026-06,Prime,68,484,0
C012586,2026-06,Prime,31,1876,0
C012587,2026-06,Prime,27,1373,0
C012588,2026-06,Prime,3,393,0
C012589,2026-06,Prime,23,750,0
C012590,2026-06,Prime,1,222,0
C012591,2026-06,Prime,23,1340,0
C012592,2026-06,Prime,17,1034,0
C012593,2026-06,Prime,21,1558,0
C012594,2026-06,Prime,1,766,0
C012595,2026-06,Prime,28,1711,0
C012596,2026-06,Prime,36,2343,0
C012597,2026-06,Prime,61,1378,0
C012598,2026-06,Prime,3,1571,0
C012599,2026-06,Prime,25,1743,0
C012600,2026-06,Prime,58,2359,0
C012601,2026-06,Prime,55,1543,0
C012602,2026-06,Prime,9,1824,0
C012603,2026-06,Prime,42,1372,0
C012604,2026-06,Prime,1,0,0
C012605,2026-06,Prime,58,745,0
C012606,2026-06,Prime,42,1301,0
C012607,2026-06,Prime,19,1084,0
C012608,2026-06,Prime,36,1999,0
C012609,2026-06,Prime,1,754,0
C012610,2026-06,Prime,33,1974,0
C012611,2026-06,Prime,44,782,0
C012612,2026-06,Prime,12,2311,0
C012613,2026-06,Prime,36,3240,0
C012614,2026-06,Prime,34,1402,0
C012615,2026-06,Prime,20,396,0
C012616,2026-06,Prime,14,1255,0
C012617,2026-06,Prime,53,2662,0
C012618,2026-06,Prime,17,1435,0
C012619,2026-06,Prime,20,299,0
C012620,2026-06,Prime,25,785,0
C012621,2026-06,Prime,46,3237,0
C012622,2026-06,Prime,24,1717,0
C012623,2026-06,Prime,16,2045,0
C012624,2026-06,Prime,15,2026,0
C012625,2026-06,Prime,61,2588,0
C012626,2026-06,Prime,15,2532,0
C012627,2026-06,Prime,10,1449,0
C012628,2026-06,Prime,64,1562,0
C012629,2026-06,Prime,26,1031,0
C012630,2026-06,Prime,39,511,0
C012631,2026-06,Prime,6,1728,0
C012632,2026-06,Prime,32,1394,1
C012633,2026-06,Prime,1,1697,0
C012634,2026-06,Prime,35,1331,0
C012635,2026-06,Prime,34,325,0
C012636,2026-06,Prime,29,1915,0
C012637,2026-06,Prime,27,1670,0
C012638,2026-06,Prime,2,1845,0
C012639,2026-06,Prime,1,1965,0
C012640,2026-06,Prime,45,1121,0
C012641,2026-06,Prime,31,594,0
C012642,2026-06,Prime,7,545,0
C012643,2026-06,Prime,1,2938,0
C012644,2026-06,Prime,50,2103,0
C012645,2026-06,Prime,31,1681,0
C012646,2026-06,Prime,42,2162,0
C012647,2026-06,Prime,1,242,0
C012648,2026-06,Prime,58,2398,0
C012649,2026-06,Prime,1,2512,0
C012650,2026-06,Prime,5,2009,0
C012651,2026-06,Prime,37,1971,0
C012652,2026-06,Prime,6,2571,0
C012653,2026-06,Prime,19,491,0
C012654,2026-06,Prime,58,1933,0
C012655,2026-06,Prime,36,2472,0
C012656,2026-06,Prime,27,1298,0
C012657,2026-06,Prime,40,777,0
C012658,2026-06,Prime,35,2275,0
C012659,2026-06,Prime,23,1140,0
C012660,2026-06,Prime,36,2064,0
C012661,2026-06,Prime,24,569,0
C012662,2026-06,Prime,1,1626,0
C012663,2026-06,Prime,33,1109,0
C012664,2026-06,Prime,14,935,0
C012665,2026-06,Prime,60,822,0
C012666,2026-06,Prime,55,1911,0
C012667,2026-06,Prime,33,2140,0
C012668,2026-06,Prime,32,1113,0
C012669,2026-06,Prime,40,1944,0
C012670,2026-06,Prime,40,1172,0
C012671,2026-06,Prime,37,1904,0
C012672,2026-06,Prime,27,2007,0
C012673,2026-06,Prime,1,530,0
C012674,2026-06,Prime,54,2287,0
C012675,2026-06,Prime,29,2770,0
C012676,2026-06,Prime,28,2365,0
C012677,2026-06,Prime,19,672,0
C012678,2026-06,Prime,6,858,0
C012679,2026-06,Prime,22,17,0
C012680,2026-06,Prime,21,1012,0
C012681,2026-06,Near-prime,69,454,0
C012682,2026-06,Near-prime,46,637,0
C012683,2026-06,Near-prime,65,1535,0
C012684,2026-06,Near-prime,66,1831,0
C012685,2026-06,Near-prime,37,723,0
C012686,2026-06,Near-prime,32,0,0
C012687,2026-06,Near-prime,65,1547,0
C012688,2026-06,Near-prime,53,871,0
C012689,2026-06,Near-prime,42,1615,0
C012690,2026-06,Near-prime,30,461,0
C012691,2026-06,Near-prime,59,705,0
C012692,2026-06,Near-prime,17,1255,0
C012693,2026-06,Near-prime,60,199,0
C012694,2026-06,Near-prime,40,915,0
C012695,2026-06,Near-prime,61,1804,0
C012696,2026-06,Near-prime,77,1374,0
C012697,2026-06,Near-prime,37,889,0
C012698,2026-06,Near-prime,25,734,0
C012699,2026-06,Near-prime,66,975,0
C012700,2026-06,Near-prime,56,918,0
C012701,2026-06,Near-prime,15,580,0
C012702,2026-06,Near-prime,97,749,0
C012703,2026-06,Near-prime,59,889,0
C012704,2026-06,Near-prime,56,1658,0
C012705,2026-06,Near-prime,59,962,0
C012706,2026-06,Near-prime,53,587,0
C012707,2026-06,Near-prime,56,997,0
C012708,2026-06,Near-prime,34,544,0
C012709,2026-06,Near-prime,60,1264,0
C012710,2026-06,Near-prime,49,1059,0
C012711,2026-06,Near-prime,48,1080,0
C012712,2026-06,Near-prime,59,1369,0
C012713,2026-06,Near-prime,72,831,0
C012714,2026-06,Near-prime,56,1662,0
C012715,2026-06,Near-prime,56,1555,0
C012716,2026-06,Near-prime,42,722,0
C012717,2026-06,Near-prime,38,836,0
C012718,2026-06,Near-prime,60,1198,0
C012719,2026-06,Near-prime,81,367,0
C012720,2026-06,Near-prime,62,976,0
C012721,2026-06,Near-prime,73,66,0
C012722,2026-06,Near-prime,40,1245,0
C012723,2026-06,Near-prime,49,1474,0
C012724,2026-06,Near-prime,13,432,0
C012725,2026-06,Near-prime,32,842,0
C012726,2026-06,Near-prime,49,821,0
C012727,2026-06,Near-prime,74,968,0
C012728,2026-06,Near-prime,65,1473,0
C012729,2026-06,Near-prime,51,617,0
C012730,2026-06,Near-prime,35,1297,0
C012731,2026-06,Near-prime,43,1544,0
C012732,2026-06,Near-prime,53,1054,0
C012733,2026-06,Near-prime,64,841,0
C012734,2026-06,Near-prime,44,1922,0
C012735,2026-06,Near-prime,59,1414,0
C012736,2026-06,Near-prime,70,454,0
C012737,2026-06,Near-prime,44,1240,0
C012738,2026-06,Near-prime,66,1031,0
C012739,2026-06,Near-prime,41,2245,0
C012740,2026-06,Near-prime,73,697,0
C012741,2026-06,Near-prime,58,866,0
C012742,2026-06,Near-prime,62,910,1
C012743,2026-06,Near-prime,63,608,0
C012744,2026-06,Near-prime,61,896,0
C012745,2026-06,Near-prime,62,1240,0
C012746,2026-06,Near-prime,48,838,0
C012747,2026-06,Near-prime,69,914,0
C012748,2026-06,Near-prime,62,1760,0
C012749,2026-06,Near-prime,59,1052,0
C012750,2026-06,Near-prime,47,601,0
C012751,2026-06,Near-prime,58,581,0
C012752,2026-06,Near-prime,43,380,0
C012753,2026-06,Near-prime,69,355,0
C012754,2026-06,Near-prime,71,1043,0
C012755,2026-06,Near-prime,99,680,0
C012756,2026-06,Near-prime,62,934,0
C012757,2026-06,Near-prime,63,0,0
C012758,2026-06,Near-prime,37,889,0
C012759,2026-06,Near-prime,31,1204,0
C012760,2026-06,Near-prime,22,679,1
C012761,2026-06,Near-prime,58,1318,0
C012762,2026-06,Near-prime,67,269,0
C012763,2026-06,Near-prime,46,784,0
C012764,2026-06,Near-prime,63,1732,0
C012765,2026-06,Near-prime,51,577,0
C012766,2026-06,Near-prime,38,1803,0
C012767,2026-06,Near-prime,56,429,0
C012768,2026-06,Near-prime,48,133,1
C012769,2026-06,Near-prime,58,233,0
C012770,2026-06,Near-prime,80,1119,0
C012771,2026-06,Near-prime,52,1066,0
C012772,2026-06,Near-prime,67,0,0
C012773,2026-06,Near-prime,51,1263,0
C012774,2026-06,Near-prime,44,446,0
C012775,2026-06,Near-prime,57,1164,0
C012776,2026-06,Near-prime,61,334,1
C012777,2026-06,Near-prime,44,1353,0
C012778,2026-06,Near-prime,31,1010,0
C012779,2026-06,Near-prime,55,1180,0
C012780,2026-06,Near-prime,48,1752,0
C012781,2026-06,Near-prime,60,1663,0
C012782,2026-06,Near-prime,25,1454,0
C012783,2026-06,Near-prime,69,1067,0
C012784,2026-06,Near-prime,59,552,0
C012785,2026-06,Near-prime,41,1685,0
C012786,2026-06,Near-prime,32,1683,0
C012787,2026-06,Near-prime,86,337,0
C012788,2026-06,Near-prime,72,1411,0
C012789,2026-06,Near-prime,65,85,0
C012790,2026-06,Near-prime,49,369,0
C012791,2026-06,Near-prime,62,964,0
C012792,2026-06,Near-prime,36,1376,0
C012793,2026-06,Near-prime,90,807,0
C012794,2026-06,Near-prime,49,1026,0
C012795,2026-06,Near-prime,60,1684,0
C012796,2026-06,Near-prime,64,1494,0
C012797,2026-06,Near-prime,39,1332,0
C012798,2026-06,Near-prime,48,718,0
C012799,2026-06,Near-prime,36,1183,0
C012800,2026-06,Near-prime,74,680,0
C012801,2026-06,Near-prime,83,1176,0
C012802,2026-06,Near-prime,53,277,0
C012803,2026-06,Near-prime,59,1457,0
C012804,2026-06,Near-prime,33,626,0
C012805,2026-06,Near-prime,28,1365,0
C012806,2026-06,Near-prime,46,2133,0
C012807,2026-06,Near-prime,73,0,0
C012808,2026-06,Near-prime,58,1460,0
C012809,2026-06,Near-prime,82,1125,0
C012810,2026-06,Near-prime,58,1489,0
C012811,2026-06,Near-prime,65,1637,0
C012812,2026-06,Near-prime,95,545,0
C012813,2026-06,Near-prime,30,1408,0
C012814,2026-06,Near-prime,52,1369,0
C012815,2026-06,Near-prime,28,846,0
C012816,2026-06,Near-prime,61,867,0
C012817,2026-06,Near-prime,26,1421,1
C012818,2026-06,Near-prime,28,1637,0
C012819,2026-06,Near-prime,48,683,0
C012820,2026-06,Near-prime,46,939,0
C012821,2026-06,Near-prime,76,199,0
C012822,2026-06,Near-prime,48,1307,0
C012823,2026-06,Near-prime,42,1139,1
C012824,2026-06,Near-prime,15,346,0
C012825,2026-06,Near-prime,57,846,0
C012826,2026-06,Near-prime,65,1246,0
C012827,2026-06,Near-prime,72,257,0
C012828,2026-06,Near-prime,43,1638,0
C012829,2026-06,Near-prime,35,913,1
C012830,2026-06,Near-prime,47,1631,0
C012831,2026-06,Near-prime,1,2143,1
C012832,2026-06,Near-prime,86,622,0
C012833,2026-06,Near-prime,88,772,0
C012834,2026-06,Near-prime,4,54,0
C012835,2026-06,Near-prime,53,475,0
C012836,2026-06,Near-prime,56,1381,0
C012837,2026-06,Near-prime,42,2021,0
C012838,2026-06,Near-prime,56,369,0
C012839,2026-06,Near-prime,79,569,0
C012840,2026-06,Near-prime,14,532,0
C012841,2026-06,Near-prime,33,1364,0
C012842,2026-06,Near-prime,39,0,0
C012843,2026-06,Near-prime,73,1515,0
C012844,2026-06,Near-prime,36,735,0
C012845,2026-06,Near-prime,75,521,0
C012846,2026-06,Near-prime,70,1070,0
C012847,2026-06,Near-prime,44,774,1
C012848,2026-06,Near-prime,63,856,0
C012849,2026-06,Near-prime,64,686,0
C012850,2026-06,Near-prime,27,733,0
C012851,2026-06,Near-prime,50,1252,0
C012852,2026-06,Near-prime,52,1357,0
C012853,2026-06,Near-prime,52,1097,0
C012854,2026-06,Near-prime,72,216,0
C012855,2026-06,Near-prime,57,871,0
C012856,2026-06,Near-prime,54,1415,0
C012857,2026-06,Near-prime,88,858,0
C012858,2026-06,Near-prime,76,225,0
C012859,2026-06,Near-prime,47,970,0
C012860,2026-06,Near-prime,54,677,0
C012861,2026-06,Near-prime,47,1512,0
C012862,2026-06,Near-prime,87,1121,0
C012863,2026-06,Near-prime,73,198,0
C012864,2026-06,Near-prime,83,384,0
C012865,2026-06,Near-prime,37,1198,0
C012866,2026-06,Near-prime,49,1447,0
C012867,2026-06,Near-prime,71,867,0
C012868,2026-06,Near-prime,46,467,0
C012869,2026-06,Near-prime,71,654,0
C012870,2026-06,Near-prime,44,1679,0
C012871,2026-06,Near-prime,68,1105,0
C012872,2026-06,Near-prime,56,1295,0
C012873,2026-06,Near-prime,37,616,0
C012874,2026-06,Near-prime,60,818,1
C012875,2026-06,Near-prime,27,894,0
C012876,2026-06,Near-prime,72,1154,0
C012877,2026-06,Near-prime,40,950,0
C012878,2026-06,Near-prime,71,573,0
C012879,2026-06,Near-prime,55,1983,0
C012880,2026-06,Near-prime,71,926,0
C012881,2026-06,Near-prime,24,725,0
C012882,2026-06,Near-prime,57,1181,0
C012883,2026-06,Near-prime,58,1862,0
C012884,2026-06,Near-prime,40,692,0
C012885,2026-06,Near-prime,55,793,0
C012886,2026-06,Near-prime,45,868,0
C012887,2026-06,Near-prime,42,895,0
C012888,2026-06,Near-prime,38,770,0
C012889,2026-06,Near-prime,54,991,0
C012890,2026-06,Near-prime,73,1074,0
C012891,2026-06,Near-prime,18,1278,0
C012892,2026-06,Near-prime,53,1252,0
C012893,2026-06,Near-prime,75,756,0
C012894,2026-06,Near-prime,50,873,0
C012895,2026-06,Near-prime,46,1090,0
C012896,2026-06,Near-prime,33,1154,0
C012897,2026-06,Near-prime,20,101,0
C012898,2026-06,Near-prime,59,1445,0
C012899,2026-06,Near-prime,41,624,0
C012900,2026-06,Near-prime,97,1441,0
C012901,2026-06,Near-prime,45,730,0
C012902,2026-06,Near-prime,57,763,0
C012903,2026-06,Near-prime,90,1402,0
C012904,2026-06,Near-prime,49,1365,0
C012905,2026-06,Near-prime,77,678,0
C012906,2026-06,Near-prime,93,1277,0
C012907,2026-06,Near-prime,53,757,0
C012908,2026-06,Near-prime,36,658,0
C012909,2026-06,Near-prime,60,323,0
C012910,2026-06,Near-prime,68,1137,0
C012911,2026-06,Near-prime,33,1172,1
C012912,2026-06,Near-prime,47,915,0
C012913,2026-06,Near-prime,56,173,0
C012914,2026-06,Near-prime,95,1508,0
C012915,2026-06,Near-prime,15,694,0
C012916,2026-06,Near-prime,48,756,0
C012917,2026-06,Near-prime,38,1311,0
C012918,2026-06,Near-prime,43,677,0
C012919,2026-06,Near-prime,53,0,0
C012920,2026-06,Near-prime,83,1231,1
C012921,2026-06,Near-prime,39,835,1
C012922,2026-06,Near-prime,27,1699,0
C012923,2026-06,Near-prime,40,1246,0
C012924,2026-06,Near-prime,46,588,1
C012925,2026-06,Near-prime,39,0,1
C012926,2026-06,Near-prime,48,445,0
C012927,2026-06,Near-prime,89,1718,0
C012928,2026-06,Near-prime,44,1409,0
C012929,2026-06,Near-prime,37,1165,0
C012930,2026-06,Near-prime,28,735,1
C012931,2026-06,Near-prime,37,406,0
C012932,2026-06,Near-prime,76,618,0
C012933,2026-06,Near-prime,27,712,0
C012934,2026-06,Near-prime,53,1173,0
C012935,2026-06,Near-prime,60,253,0
C012936,2026-06,Near-prime,76,1458,0
C012937,2026-06,Near-prime,62,228,0
C012938,2026-06,Near-prime,64,684,0
C012939,2026-06,Near-prime,22,1323,0
C012940,2026-06,Near-prime,31,0,0
C012941,2026-06,Near-prime,69,1398,0
C012942,2026-06,Near-prime,53,1423,0
C012943,2026-06,Near-prime,54,826,0
C012944,2026-06,Near-prime,42,1010,0
C012945,2026-06,Near-prime,93,438,0
C012946,2026-06,Near-prime,20,590,0
C012947,2026-06,Near-prime,100,827,0
C012948,2026-06,Near-prime,53,717,1
C012949,2026-06,Near-prime,63,1113,0
C012950,2026-06,Near-prime,49,897,0
C012951,2026-06,Near-prime,84,1265,0
C012952,2026-06,Near-prime,76,836,0
C012953,2026-06,Near-prime,61,1516,0
C012954,2026-06,Near-prime,18,836,0
C012955,2026-06,Near-prime,34,1208,0
C012956,2026-06,Near-prime,46,1281,0
C012957,2026-06,Near-prime,80,250,0
C012958,2026-06,Near-prime,25,614,0
C012959,2026-06,Near-prime,41,873,1
C012960,2026-06,Near-prime,38,1623,1
C012961,2026-06,Near-prime,48,1668,0
C012962,2026-06,Near-prime,78,1552,0
C012963,2026-06,Near-prime,44,778,0
C012964,2026-06,Near-prime,71,255,0
C012965,2026-06,Near-prime,65,1008,1
C012966,2026-06,Near-prime,5,1271,0
C012967,2026-06,Near-prime,69,939,0
C012968,2026-06,Near-prime,21,1821,0
C012969,2026-06,Near-prime,65,866,0
C012970,2026-06,Near-prime,71,803,0
C012971,2026-06,Near-prime,63,707,0
C012972,2026-06,Near-prime,68,540,0
C012973,2026-06,Near-prime,78,883,0
C012974,2026-06,Near-prime,21,624,0
C012975,2026-06,Near-prime,48,1771,0
C012976,2026-06,Near-prime,57,1036,0
C012977,2026-06,Near-prime,37,0,0
C012978,2026-06,Near-prime,50,509,0
C012979,2026-06,Near-prime,54,341,0
C012980,2026-06,Near-prime,76,949,1
C012981,2026-06,Near-prime,56,889,0
C012982,2026-06,Near-prime,79,1171,1
C012983,2026-06,Near-prime,60,0,0
C012984,2026-06,Near-prime,59,574,0
C012985,2026-06,Near-prime,81,326,0
C012986,2026-06,Near-prime,56,501,0
C012987,2026-06,Near-prime,41,671,1
C012988,2026-06,Near-prime,69,1578,0
C012989,2026-06,Near-prime,45,0,0
C012990,2026-06,Near-prime,3,662,0
C012991,2026-06,Near-prime,22,262,0
C012992,2026-06,Near-prime,42,700,0
C012993,2026-06,Near-prime,64,1162,1
C012994,2026-06,Near-prime,73,612,0
C012995,2026-06,Near-prime,53,1394,1
C012996,2026-06,Near-prime,63,1723,0
C012997,2026-06,Near-prime,48,1841,0
C012998,2026-06,Near-prime,52,1582,0
C012999,2026-06,Near-prime,68,1894,0
C013000,2026-06,Near-prime,94,1190,0
C013001,2026-06,Near-prime,72,315,0
C013002,2026-06,Near-prime,48,386,0
C013003,2026-06,Near-prime,53,1202,0
C013004,2026-06,Near-prime,19,1243,0
C013005,2026-06,Near-prime,45,987,0
C013006,2026-06,Near-prime,76,1013,0
C013007,2026-06,Near-prime,56,849,0
C013008,2026-06,Near-prime,53,844,0
C013009,2026-06,Near-prime,66,903,0
C013010,2026-06,Near-prime,38,1542,0
C013011,2026-06,Near-prime,33,1396,0
C013012,2026-06,Near-prime,58,745,0
C013013,2026-06,Near-prime,49,743,0
C013014,2026-06,Near-prime,65,1393,0
C013015,2026-06,Near-prime,80,506,0
C013016,2026-06,Near-prime,38,1041,0
C013017,2026-06,Near-prime,70,1149,1
C013018,2026-06,Near-prime,78,1738,0
C013019,2026-06,Near-prime,67,881,0
C013020,2026-06,Near-prime,47,1545,0
C013021,2026-06,Near-prime,68,1189,0
C013022,2026-06,Near-prime,42,1270,0
C013023,2026-06,Near-prime,61,659,0
C013024,2026-06,Near-prime,61,358,0
C013025,2026-06,Near-prime,38,622,0
C013026,2026-06,Near-prime,46,330,0
C013027,2026-06,Near-prime,31,789,0
C013028,2026-06,Near-prime,45,908,0
C013029,2026-06,Near-prime,57,354,0
C013030,2026-06,Near-prime,43,536,0
C013031,2026-06,Near-prime,34,1075,0
C013032,2026-06,Near-prime,64,885,0
C013033,2026-06,Near-prime,80,1287,0
C013034,2026-06,Near-prime,66,1200,0
C013035,2026-06,Near-prime,44,439,0
C013036,2026-06,Near-prime,71,2246,0
C013037,2026-06,Near-prime,31,1270,1
C013038,2026-06,Near-prime,41,668,0
C013039,2026-06,Near-prime,75,1157,1
C013040,2026-06,Near-prime,61,1187,0
C013041,2026-06,Near-prime,64,1128,0
C013042,2026-06,Near-prime,53,1637,0
C013043,2026-06,Near-prime,58,372,0
C013044,2026-06,Near-prime,65,1323,0
C013045,2026-06,Near-prime,57,748,0
C013046,2026-06,Near-prime,16,805,0
C013047,2026-06,Near-prime,37,1183,0
C013048,2026-06,Near-prime,44,1797,0
C013049,2026-06,Near-prime,77,396,0
C013050,2026-06,Near-prime,64,674,0
C013051,2026-06,Near-prime,59,246,0
C013052,2026-06,Near-prime,75,1024,0
C013053,2026-06,Near-prime,54,484,0
C013054,2026-06,Near-prime,56,490,0
C013055,2026-06,Near-prime,62,934,0
C013056,2026-06,Near-prime,48,0,0
C013057,2026-06,Near-prime,59,1587,0
C013058,2026-06,Near-prime,33,1240,0
C013059,2026-06,Near-prime,76,0,0
C013060,2026-06,Near-prime,67,733,0
C013061,2026-06,Near-prime,70,977,0
C013062,2026-06,Near-prime,48,1523,0
C013063,2026-06,Near-prime,54,1200,0
C013064,2026-06,Near-prime,40,1422,0
C013065,2026-06,Near-prime,28,1141,0
C013066,2026-06,Near-prime,39,1089,0
C013067,2026-06,Near-prime,55,814,0
C013068,2026-06,Near-prime,62,644,1
C013069,2026-06,Near-prime,32,1215,0
C013070,2026-06,Near-prime,50,0,0
C013071,2026-06,Near-prime,56,1390,0
C013072,2026-06,Near-prime,63,416,0
C013073,2026-06,Near-prime,41,0,0
C013074,2026-06,Near-prime,57,0,0
C013075,2026-06,Near-prime,29,1389,0
C013076,2026-06,Near-prime,77,1183,0
C013077,2026-06,Near-prime,61,979,0
C013078,2026-06,Near-prime,58,510,0
C013079,2026-06,Near-prime,72,1344,1
C013080,2026-06,Near-prime,42,1700,0
C013081,2026-06,Near-prime,20,1438,0
C013082,2026-06,Near-prime,13,736,0
C013083,2026-06,Near-prime,55,1095,0
C013084,2026-06,Near-prime,64,1631,0
C013085,2026-06,Near-prime,54,1403,0
C013086,2026-06,Near-prime,16,999,0
C013087,2026-06,Near-prime,46,592,0
C013088,2026-06,Near-prime,87,0,0
C013089,2026-06,Near-prime,46,153,0
C013090,2026-06,Near-prime,76,988,0
C013091,2026-06,Near-prime,49,1124,0
C013092,2026-06,Near-prime,66,2084,0
C013093,2026-06,Near-prime,26,564,0
C013094,2026-06,Near-prime,90,1082,0
C013095,2026-06,Near-prime,50,502,0
C013096,2026-06,Near-prime,40,991,0
C013097,2026-06,Near-prime,65,1542,0
C013098,2026-06,Near-prime,63,1707,0
C013099,2026-06,Near-prime,69,940,0
C013100,2026-06,Near-prime,48,1603,0
C013101,2026-06,Near-prime,59,801,0
C013102,2026-06,Near-prime,10,1426,0
C013103,2026-06,Near-prime,48,1270,0
C013104,2026-06,Near-prime,54,1306,0
C013105,2026-06,Near-prime,24,1714,0
C013106,2026-06,Near-prime,74,1353,0
C013107,2026-06,Near-prime,69,1767,0
C013108,2026-06,Near-prime,77,1143,0
C013109,2026-06,Near-prime,72,696,0
C013110,2026-06,Near-prime,36,727,0
C013111,2026-06,Subprime,93,533,0
C013112,2026-06,Subprime,88,654,0
C013113,2026-06,Subprime,99,677,0
C013114,2026-06,Subprime,74,1019,0
C013115,2026-06,Subprime,100,772,0
C013116,2026-06,Subprime,70,768,0
C013117,2026-06,Subprime,100,498,1
C013118,2026-06,Subprime,80,919,0
C013119,2026-06,Subprime,76,496,0
C013120,2026-06,Subprime,89,918,0
C013121,2026-06,Subprime,74,789,0
C013122,2026-06,Subprime,71,609,1
C013123,2026-06,Subprime,91,167,0
C013124,2026-06,Subprime,90,206,0
C013125,2026-06,Subprime,71,899,1
C013126,2026-06,Subprime,45,1283,0
C013127,2026-06,Subprime,97,824,0
C013128,2026-06,Subprime,54,1019,0
C013129,2026-06,Subprime,50,240,0
C013130,2026-06,Subprime,45,305,0
C013131,2026-06,Subprime,86,970,0
C013132,2026-06,Subprime,69,1088,0
C013133,2026-06,Subprime,34,353,0
C013134,2026-06,Subprime,72,973,0
C013135,2026-06,Subprime,74,101,0
C013136,2026-06,Subprime,59,567,0
C013137,2026-06,Subprime,88,674,0
C013138,2026-06,Subprime,60,964,0
C013139,2026-06,Subprime,70,501,1
C013140,2026-06,Subprime,85,673,1
C013141,2026-06,Subprime,79,385,1
C013142,2026-06,Subprime,88,533,0
C013143,2026-06,Subprime,41,442,1
C013144,2026-06,Subprime,58,726,0
C013145,2026-06,Subprime,56,608,0
C013146,2026-06,Subprime,63,776,0
C013147,2026-06,Subprime,63,201,0
C013148,2026-06,Subprime,65,246,0
C013149,2026-06,Subprime,91,453,0
C013150,2026-06,Subprime,83,685,1
C013151,2026-06,Subprime,77,566,0
C013152,2026-06,Subprime,53,762,0
C013153,2026-06,Subprime,88,931,1
C013154,2026-06,Subprime,90,329,0
C013155,2026-06,Subprime,67,439,0
C013156,2026-06,Subprime,62,728,0
C013157,2026-06,Subprime,83,488,0
C013158,2026-06,Subprime,58,324,0
C013159,2026-06,Subprime,47,781,0
C013160,2026-06,Subprime,60,572,0
C013161,2026-06,Subprime,67,361,1
C013162,2026-06,Subprime,66,520,0
C013163,2026-06,Subprime,67,773,1
C013164,2026-06,Subprime,100,399,0
C013165,2026-06,Subprime,84,1260,0
C013166,2026-06,Subprime,90,396,0
C013167,2026-06,Subprime,81,1082,0
C013168,2026-06,Subprime,97,742,0
C013169,2026-06,Subprime,67,523,0
C013170,2026-06,Subprime,63,492,0
C013171,2026-06,Subprime,61,577,1
C013172,2026-06,Subprime,77,0,0
C013173,2026-06,Subprime,100,629,0
C013174,2026-06,Subprime,77,496,0
C013175,2026-06,Subprime,79,893,0
C013176,2026-06,Subprime,100,798,0
C013177,2026-06,Subprime,52,971,0
C013178,2026-06,Subprime,90,561,1
C013179,2026-06,Subprime,87,80,0
C013180,2026-06,Subprime,98,543,0
C013181,2026-06,Subprime,44,880,0
C013182,2026-06,Subprime,65,546,0
C013183,2026-06,Subprime,73,1220,0
C013184,2026-06,Subprime,69,367,0
C013185,2026-06,Subprime,78,459,0
C013186,2026-06,Subprime,36,715,0
C013187,2026-06,Subprime,83,269,0
C013188,2026-06,Subprime,34,396,0
C013189,2026-06,Subprime,80,505,0
C013190,2026-06,Subprime,64,889,0
C013191,2026-06,Subprime,77,805,0
C013192,2026-06,Subprime,37,265,0
C013193,2026-06,Subprime,52,1084,1
C013194,2026-06,Subprime,65,640,0
C013195,2026-06,Subprime,69,994,0
C013196,2026-06,Subprime,54,80,0
C013197,2026-06,Subprime,82,510,1
C013198,2026-06,Subprime,80,978,0
C013199,2026-06,Subprime,82,300,1
C013200,2026-06,Subprime,68,829,0
C013201,2026-06,Subprime,66,890,0
C013202,2026-06,Subprime,84,558,0
C013203,2026-06,Subprime,21,1043,0
C013204,2026-06,Subprime,61,814,0
C013205,2026-06,Subprime,70,665,0
C013206,2026-06,Subprime,60,731,0
C013207,2026-06,Subprime,54,418,0
C013208,2026-06,Subprime,75,1161,0
C013209,2026-06,Subprime,49,93,0
C013210,2026-06,Subprime,69,457,0
C013211,2026-06,Subprime,75,1052,0
C013212,2026-06,Subprime,73,443,0
C013213,2026-06,Subprime,56,899,0
C013214,2026-06,Subprime,91,0,1
C013215,2026-06,Subprime,70,691,0
C013216,2026-06,Subprime,49,1076,0
C013217,2026-06,Subprime,84,790,0
C013218,2026-06,Subprime,66,562,0
C013219,2026-06,Subprime,96,558,0
C013220,2026-06,Subprime,71,767,0
C013221,2026-06,Subprime,65,281,0
C013222,2026-06,Subprime,73,653,0
C013223,2026-06,Subprime,78,517,0
C013224,2026-06,Subprime,48,241,0
C013225,2026-06,Subprime,54,424,0
C013226,2026-06,Subprime,25,698,0
C013227,2026-06,Subprime,36,392,0
C013228,2026-06,Subprime,42,847,0
C013229,2026-06,Subprime,60,1134,0
C013230,2026-06,Subprime,84,785,0
C013231,2026-06,Subprime,52,943,0
C013232,2026-06,Subprime,68,876,0
C013233,2026-06,Subprime,89,1059,0
C013234,2026-06,Subprime,100,345,0
C013235,2026-06,Subprime,78,594,0
C013236,2026-06,Subprime,100,553,0
C013237,2026-06,Subprime,67,946,0
C013238,2026-06,Subprime,67,963,0
C013239,2026-06,Subprime,74,733,0
C013240,2026-06,Subprime,90,945,1
C013241,2026-06,Subprime,74,638,0
C013242,2026-06,Subprime,95,1145,0
C013243,2026-06,Subprime,91,943,0
C013244,2026-06,Subprime,45,498,0
C013245,2026-06,Subprime,88,1850,0
C013246,2026-06,Subprime,36,578,0
C013247,2026-06,Subprime,94,896,0
C013248,2026-06,Subprime,100,366,0
C013249,2026-06,Subprime,83,519,0
C013250,2026-06,Subprime,73,618,0
C013251,2026-06,Subprime,76,569,0
C013252,2026-06,Subprime,65,185,0
C013253,2026-06,Subprime,100,794,0
C013254,2026-06,Subprime,56,361,1
C013255,2026-06,Subprime,76,529,0
C013256,2026-06,Subprime,54,555,1
C013257,2026-06,Subprime,91,407,0
C013258,2026-06,Subprime,51,1280,0
C013259,2026-06,Subprime,65,235,0
C013260,2026-06,Subprime,72,467,0
C013261,2026-06,Subprime,62,720,0
C013262,2026-06,Subprime,51,471,0
C013263,2026-06,Subprime,51,1393,0
C013264,2026-06,Subprime,65,167,0
C013265,2026-06,Subprime,43,549,0
C013266,2026-06,Subprime,20,585,0
C013267,2026-06,Subprime,37,599,1
C013268,2026-06,Subprime,80,284,0
C013269,2026-06,Subprime,77,613,0
C013270,2026-06,Subprime,68,542,0
C013271,2026-06,Subprime,76,276,0
C013272,2026-06,Subprime,74,267,0
C013273,2026-06,Subprime,64,1161,0
C013274,2026-06,Subprime,57,686,0
C013275,2026-06,Subprime,89,500,0
C013276,2026-06,Subprime,89,499,0
C013277,2026-06,Subprime,73,245,0
C013278,2026-06,Subprime,59,662,0
C013279,2026-06,Subprime,69,793,0
C013280,2026-06,Subprime,80,1205,0
C013281,2026-06,Subprime,44,423,0
C013282,2026-06,Subprime,60,525,0
C013283,2026-06,Subprime,75,0,0
C013284,2026-06,Subprime,45,938,1
C013285,2026-06,Subprime,51,0,0
C013286,2026-06,Subprime,52,880,0
C013287,2026-06,Subprime,70,552,0
C013288,2026-06,Subprime,83,454,0
C013289,2026-06,Subprime,40,196,0
C013290,2026-06,Subprime,61,409,0
C013291,2026-06,Subprime,66,822,0
C013292,2026-06,Subprime,93,817,0
C013293,2026-06,Subprime,84,928,0
C013294,2026-06,Subprime,52,41,0
C013295,2026-06,Subprime,94,1236,0
C013296,2026-06,Subprime,46,1160,0
C013297,2026-06,Subprime,65,847,0
C013298,2026-06,Subprime,100,1094,0
C013299,2026-06,Subprime,100,639,0
C013300,2026-06,Subprime,81,556,1
C013301,2026-06,Subprime,64,662,0
C013302,2026-06,Subprime,75,643,0
C013303,2026-06,Subprime,52,1168,0
C013304,2026-06,Subprime,52,969,0
C013305,2026-06,Subprime,92,286,0
C013306,2026-06,Subprime,91,679,0
C013307,2026-06,Subprime,54,1260,0
C013308,2026-06,Subprime,91,1030,0
C013309,2026-06,Subprime,53,228,1
C013310,2026-06,Subprime,51,267,0
C013311,2026-06,Subprime,81,657,0
C013312,2026-06,Subprime,82,576,0
C013313,2026-06,Subprime,73,500,0
C013314,2026-06,Subprime,100,792,0
C013315,2026-06,Subprime,66,942,0
C013316,2026-06,Subprime,77,711,0
C013317,2026-06,Subprime,63,338,0
C013318,2026-06,Subprime,78,506,0
C013319,2026-06,Subprime,86,527,0
C013320,2026-06,Subprime,100,752,0
C013321,2026-06,Subprime,43,1064,0
C013322,2026-06,Subprime,97,214,0
C013323,2026-06,Subprime,67,733,0
C013324,2026-06,Subprime,100,924,0
C013325,2026-06,Subprime,97,784,0
C013326,2026-06,Subprime,51,903,0
C013327,2026-06,Subprime,56,921,0
C013328,2026-06,Subprime,96,476,0
C013329,2026-06,Subprime,74,574,0
C013330,2026-06,Subprime,94,1062,0
C013331,2026-06,Subprime,69,723,1
C013332,2026-06,Subprime,77,853,1
C013333,2026-06,Subprime,40,1114,0
C013334,2026-06,Subprime,70,159,0
C013335,2026-06,Subprime,100,412,0
C013336,2026-06,Subprime,50,527,0
C013337,2026-06,Subprime,85,324,0
C013338,2026-06,Subprime,72,744,0
C013339,2026-06,Subprime,54,528,0
C013340,2026-06,Subprime,68,311,1
C013341,2026-06,Subprime,70,595,0
C013342,2026-06,Subprime,86,1328,0
C013343,2026-06,Subprime,100,1075,0
C013344,2026-06,Subprime,62,1089,0
C013345,2026-06,Subprime,33,562,0
C013346,2026-06,Subprime,63,305,1
C013347,2026-06,Subprime,39,896,0
C013348,2026-06,Subprime,71,1321,0
C013349,2026-06,Subprime,92,686,0
C013350,2026-06,Subprime,44,973,0
C013351,2026-06,Subprime,91,325,0
C013352,2026-06,Subprime,88,456,0
C013353,2026-06,Subprime,42,641,0
C013354,2026-06,Subprime,58,725,0
C013355,2026-06,Subprime,71,575,0
C013356,2026-06,Subprime,52,385,1
C013357,2026-06,Subprime,100,346,0
C013358,2026-06,Subprime,73,368,0
C013359,2026-06,Subprime,75,628,0
C013360,2026-06,Subprime,74,0,0
C013361,2026-06,Subprime,63,454,0
C013362,2026-06,Subprime,69,653,1
C013363,2026-06,Subprime,73,1118,0
C013364,2026-06,Subprime,46,721,1
C013365,2026-06,Subprime,77,449,0
C013366,2026-06,Subprime,74,405,1
C013367,2026-06,Subprime,83,921,1
C013368,2026-06,Subprime,68,213,0
C013369,2026-06,Subprime,64,375,0
C013370,2026-06,Subprime,81,533,0
C013371,2026-06,Subprime,63,642,0
C013372,2026-06,Subprime,78,876,0
C013373,2026-06,Subprime,59,949,0
C013374,2026-06,Subprime,59,557,0
C013375,2026-06,Subprime,68,458,0
C013376,2026-06,Subprime,100,1069,0
C013377,2026-06,Subprime,100,0,0
C013378,2026-06,Subprime,57,851,0
C013379,2026-06,Subprime,87,714,0
C013380,2026-06,Subprime,50,829,0
C013381,2026-06,Subprime,63,510,0
C013382,2026-06,Subprime,90,536,0
C013383,2026-06,Subprime,100,315,0
C013384,2026-06,Subprime,53,684,0
C013385,2026-06,Subprime,85,792,0
C013386,2026-06,Subprime,57,756,0
C013387,2026-06,Subprime,62,663,0
C013388,2026-06,Subprime,53,184,0
C013389,2026-06,Subprime,46,985,0
C013390,2026-06,Subprime,100,1049,0
C013391,2026-06,Subprime,51,517,0
C013392,2026-06,Subprime,30,849,0
C013393,2026-06,Subprime,44,982,0
C013394,2026-06,Subprime,51,896,0
C013395,2026-06,Subprime,67,619,0
C013396,2026-06,Subprime,80,895,0
C013397,2026-06,Subprime,100,989,1
C013398,2026-06,Subprime,48,728,0
C013399,2026-06,Subprime,70,640,0
C013400,2026-06,Subprime,83,89,0
C013401,2026-06,Subprime,66,537,0
C013402,2026-06,Subprime,70,989,0
C013403,2026-06,Subprime,66,1161,0
C013404,2026-06,Subprime,58,683,0
C013405,2026-06,Subprime,84,504,0
C013406,2026-06,Subprime,84,894,0
C013407,2026-06,Subprime,10,261,0
C013408,2026-06,Subprime,100,327,0
C013409,2026-06,Subprime,100,204,1
C013410,2026-06,Subprime,79,44,0
C013411,2026-06,Subprime,67,102,0
C013412,2026-06,Subprime,75,1129,0
C013413,2026-06,Subprime,83,470,1
C013414,2026-06,Subprime,100,520,0
C013415,2026-06,Subprime,63,567,0
C013416,2026-06,Subprime,38,214,0
C013417,2026-06,Subprime,78,584,0
C013418,2026-06,Subprime,80,1004,0
C013419,2026-06,Subprime,100,173,0
C013420,2026-06,Subprime,80,586,0
C013421,2026-07,Prime,44,2473,0
C013422,2026-07,Prime,26,1707,0
C013423,2026-07,Prime,46,2196,0
C013424,2026-07,Prime,40,1553,0
C013425,2026-07,Prime,1,2090,0
C013426,2026-07,Prime,19,0,0
C013427,2026-07,Prime,35,739,0
C013428,2026-07,Prime,38,936,0
C013429,2026-07,Prime,23,2056,0
C013430,2026-07,Prime,51,2168,0
C013431,2026-07,Prime,34,681,0
C013432,2026-07,Prime,24,1859,0
C013433,2026-07,Prime,49,1790,0
C013434,2026-07,Prime,45,1625,0
C013435,2026-07,Prime,1,684,0
C013436,2026-07,Prime,20,677,0
C013437,2026-07,Prime,24,562,0
C013438,2026-07,Prime,33,616,0
C013439,2026-07,Prime,30,954,0
C013440,2026-07,Prime,26,2329,0
C013441,2026-07,Prime,34,2099,0
C013442,2026-07,Prime,22,1232,0
C013443,2026-07,Prime,17,231,0
C013444,2026-07,Prime,46,3137,0
C013445,2026-07,Prime,26,330,0
C013446,2026-07,Prime,37,913,0
C013447,2026-07,Prime,1,1262,0
C013448,2026-07,Prime,29,1366,0
C013449,2026-07,Prime,29,1032,0
C013450,2026-07,Prime,23,2387,0
C013451,2026-07,Prime,20,1639,0
C013452,2026-07,Prime,45,1689,0
C013453,2026-07,Prime,8,1288,0
C013454,2026-07,Prime,30,1340,0
C013455,2026-07,Prime,10,1224,1
C013456,2026-07,Prime,52,1106,0
C013457,2026-07,Prime,67,697,0
C013458,2026-07,Prime,25,1469,0
C013459,2026-07,Prime,59,1797,0
C013460,2026-07,Prime,26,829,0
C013461,2026-07,Prime,41,458,0
C013462,2026-07,Prime,29,1381,0
C013463,2026-07,Prime,24,3358,0
C013464,2026-07,Prime,32,121,0
C013465,2026-07,Prime,42,1085,0
C013466,2026-07,Prime,51,1287,0
C013467,2026-07,Prime,2,826,0
C013468,2026-07,Prime,17,1474,0
C013469,2026-07,Prime,27,1296,0
C013470,2026-07,Prime,57,399,0
C013471,2026-07,Prime,27,368,0
C013472,2026-07,Prime,23,988,0
C013473,2026-07,Prime,16,61,0
C013474,2026-07,Prime,1,470,0
C013475,2026-07,Prime,24,1155,0
C013476,2026-07,Prime,43,2042,0
C013477,2026-07,Prime,27,2304,0
C013478,2026-07,Prime,64,383,0
C013479,2026-07,Prime,19,1751,0
C013480,2026-07,Prime,45,1917,0
C013481,2026-07,Prime,1,941,0
C013482,2026-07,Prime,34,1383,0
C013483,2026-07,Prime,29,301,0
C013484,2026-07,Prime,31,1928,0
C013485,2026-07,Prime,32,2195,0
C013486,2026-07,Prime,47,2299,0
C013487,2026-07,Prime,42,1048,0
C013488,2026-07,Prime,9,2165,0
C013489,2026-07,Prime,46,1378,0
C013490,2026-07,Prime,31,504,0
C013491,2026-07,Prime,57,592,0
C013492,2026-07,Prime,44,837,1
C013493,2026-07,Prime,37,0,0
C013494,2026-07,Prime,36,2390,0
C013495,2026-07,Prime,16,395,0
C013496,2026-07,Prime,55,1096,0
C013497,2026-07,Prime,15,2640,0
C013498,2026-07,Prime,47,37,0
C013499,2026-07,Prime,39,1538,0
C013500,2026-07,Prime,53,2187,0
C013501,2026-07,Prime,1,1355,0
C013502,2026-07,Prime,29,1343,0
C013503,2026-07,Prime,1,738,0
C013504,2026-07,Prime,57,1619,0
C013505,2026-07,Prime,22,373,0
C013506,2026-07,Prime,41,2406,0
C013507,2026-07,Prime,24,1163,0
C013508,2026-07,Prime,15,1781,0
C013509,2026-07,Prime,24,2424,0
C013510,2026-07,Prime,62,1274,0
C013511,2026-07,Prime,30,2274,0
C013512,2026-07,Prime,34,622,0
C013513,2026-07,Prime,24,568,0
C013514,2026-07,Prime,45,1591,0
C013515,2026-07,Prime,32,1969,0
C013516,2026-07,Prime,26,1179,0
C013517,2026-07,Prime,13,2193,0
C013518,2026-07,Prime,34,876,0
C013519,2026-07,Prime,28,725,0
C013520,2026-07,Prime,14,1693,0
C013521,2026-07,Prime,47,131,0
C013522,2026-07,Prime,20,718,0
C013523,2026-07,Prime,25,821,0
C013524,2026-07,Prime,46,2116,0
C013525,2026-07,Prime,23,1468,0
C013526,2026-07,Prime,39,1630,0
C013527,2026-07,Prime,96,2256,0
C013528,2026-07,Prime,41,1626,0
C013529,2026-07,Prime,32,2046,0
C013530,2026-07,Prime,39,788,0
C013531,2026-07,Prime,47,802,0
C013532,2026-07,Prime,4,841,0
C013533,2026-07,Prime,64,0,0
C013534,2026-07,Prime,30,2032,0
C013535,2026-07,Prime,36,1979,0
C013536,2026-07,Prime,4,1390,0
C013537,2026-07,Prime,43,1233,0
C013538,2026-07,Prime,42,1964,0
C013539,2026-07,Prime,53,1441,0
C013540,2026-07,Prime,41,1450,0
C013541,2026-07,Prime,1,1644,0
C013542,2026-07,Prime,1,2012,0
C013543,2026-07,Prime,25,1121,0
C013544,2026-07,Prime,27,1422,0
C013545,2026-07,Prime,30,1105,0
C013546,2026-07,Prime,37,1919,0
C013547,2026-07,Prime,11,1568,0
C013548,2026-07,Prime,20,1005,0
C013549,2026-07,Prime,47,2211,0
C013550,2026-07,Prime,31,0,0
C013551,2026-07,Prime,22,2761,0
C013552,2026-07,Prime,14,2708,0
C013553,2026-07,Prime,27,1661,0
C013554,2026-07,Prime,48,1521,0
C013555,2026-07,Prime,46,1320,0
C013556,2026-07,Prime,1,2419,0
C013557,2026-07,Prime,48,1663,0
C013558,2026-07,Prime,9,1699,0
C013559,2026-07,Prime,30,588,0
C013560,2026-07,Prime,37,2311,0
C013561,2026-07,Prime,29,1061,0
C013562,2026-07,Prime,1,1320,0
C013563,2026-07,Prime,27,560,0
C013564,2026-07,Prime,36,2352,0
C013565,2026-07,Prime,35,1467,0
C013566,2026-07,Prime,42,797,0
C013567,2026-07,Prime,45,2247,0
C013568,2026-07,Prime,33,1258,0
C013569,2026-07,Prime,35,2648,0
C013570,2026-07,Prime,8,772,0
C013571,2026-07,Prime,36,1524,0
C013572,2026-07,Prime,1,179,0
C013573,2026-07,Prime,12,1257,0
C013574,2026-07,Prime,14,2334,0
C013575,2026-07,Prime,20,515,0
C013576,2026-07,Prime,38,833,0
C013577,2026-07,Prime,1,1230,0
C013578,2026-07,Prime,13,364,0
C013579,2026-07,Prime,28,2847,0
C013580,2026-07,Prime,19,1568,0
C013581,2026-07,Prime,25,2012,0
C013582,2026-07,Prime,38,2573,0
C013583,2026-07,Prime,34,1940,0
C013584,2026-07,Prime,51,1968,0
C013585,2026-07,Prime,32,515,0
C013586,2026-07,Prime,34,1566,0
C013587,2026-07,Prime,2,1062,0
C013588,2026-07,Prime,14,1800,0
C013589,2026-07,Prime,46,1440,0
C013590,2026-07,Prime,37,467,0
C013591,2026-07,Prime,14,1863,0
C013592,2026-07,Prime,32,907,0
C013593,2026-07,Prime,37,1582,0
C013594,2026-07,Prime,43,2321,0
C013595,2026-07,Prime,12,1087,0
C013596,2026-07,Prime,1,1650,0
C013597,2026-07,Prime,47,2883,0
C013598,2026-07,Prime,17,870,0
C013599,2026-07,Prime,57,1886,0
C013600,2026-07,Prime,36,426,0
C013601,2026-07,Prime,46,1850,0
C013602,2026-07,Prime,46,1913,0
C013603,2026-07,Prime,23,1711,0
C013604,2026-07,Prime,18,12,0
C013605,2026-07,Prime,73,831,0
C013606,2026-07,Prime,49,2231,0
C013607,2026-07,Prime,66,2296,0
C013608,2026-07,Prime,69,2259,0
C013609,2026-07,Prime,7,1773,0
C013610,2026-07,Prime,41,1055,0
C013611,2026-07,Prime,35,933,1
C013612,2026-07,Prime,9,1522,0
C013613,2026-07,Prime,21,939,0
C013614,2026-07,Prime,36,266,0
C013615,2026-07,Prime,35,559,0
C013616,2026-07,Prime,14,2760,0
C013617,2026-07,Prime,8,671,0
C013618,2026-07,Prime,42,1834,0
C013619,2026-07,Prime,30,338,0
C013620,2026-07,Prime,5,1554,0
C013621,2026-07,Prime,19,898,0
C013622,2026-07,Prime,6,1993,0
C013623,2026-07,Prime,6,1658,0
C013624,2026-07,Prime,46,2640,0
C013625,2026-07,Prime,19,1771,0
C013626,2026-07,Prime,53,2955,0
C013627,2026-07,Prime,15,1308,0
C013628,2026-07,Prime,71,1089,0
C013629,2026-07,Prime,54,1558,0
C013630,2026-07,Prime,29,1609,0
C013631,2026-07,Prime,50,1441,0
C013632,2026-07,Prime,29,1524,0
C013633,2026-07,Prime,8,1552,0
C013634,2026-07,Prime,32,1917,0
C013635,2026-07,Prime,30,0,0
C013636,2026-07,Prime,11,1399,0
C013637,2026-07,Prime,20,1940,0
C013638,2026-07,Prime,1,2168,0
C013639,2026-07,Prime,1,1745,0
C013640,2026-07,Prime,57,1703,0
C013641,2026-07,Prime,38,1551,0
C013642,2026-07,Prime,41,1920,0
C013643,2026-07,Prime,23,1726,0
C013644,2026-07,Prime,17,2305,0
C013645,2026-07,Prime,54,1718,0
C013646,2026-07,Prime,54,1711,0
C013647,2026-07,Prime,17,1136,0
C013648,2026-07,Prime,28,1274,0
C013649,2026-07,Prime,49,745,0
C013650,2026-07,Prime,28,1865,0
C013651,2026-07,Prime,40,423,0
C013652,2026-07,Prime,58,853,0
C013653,2026-07,Prime,21,221,0
C013654,2026-07,Prime,13,259,0
C013655,2026-07,Prime,44,1712,0
C013656,2026-07,Prime,1,837,0
C013657,2026-07,Prime,39,317,0
C013658,2026-07,Prime,43,1300,0
C013659,2026-07,Prime,46,1392,0
C013660,2026-07,Prime,38,2151,0
C013661,2026-07,Prime,52,1077,0
C013662,2026-07,Prime,65,1357,0
C013663,2026-07,Prime,32,661,1
C013664,2026-07,Prime,58,1325,0
C013665,2026-07,Prime,28,2248,0
C013666,2026-07,Prime,27,2139,0
C013667,2026-07,Prime,34,1101,0
C013668,2026-07,Prime,2,1347,0
C013669,2026-07,Prime,48,2333,0
C013670,2026-07,Prime,2,1546,0
C013671,2026-07,Prime,20,1459,0
C013672,2026-07,Prime,13,878,0
C013673,2026-07,Prime,26,1394,0
C013674,2026-07,Prime,10,1656,0
C013675,2026-07,Prime,46,0,0
C013676,2026-07,Prime,28,2418,0
C013677,2026-07,Prime,40,2355,0
C013678,2026-07,Prime,19,880,0
C013679,2026-07,Prime,26,1635,0
C013680,2026-07,Prime,1,1158,0
C013681,2026-07,Prime,41,931,0
C013682,2026-07,Prime,18,1427,0
C013683,2026-07,Prime,28,1267,0
C013684,2026-07,Prime,18,1491,0
C013685,2026-07,Prime,48,1040,0
C013686,2026-07,Prime,49,1611,0
C013687,2026-07,Prime,25,1998,0
C013688,2026-07,Prime,42,713,0
C013689,2026-07,Prime,17,2044,0
C013690,2026-07,Prime,22,1229,0
C013691,2026-07,Prime,1,1576,0
C013692,2026-07,Prime,38,1569,0
C013693,2026-07,Prime,5,1214,0
C013694,2026-07,Prime,44,1206,0
C013695,2026-07,Prime,62,1964,0
C013696,2026-07,Prime,38,504,0
C013697,2026-07,Prime,24,1100,0
C013698,2026-07,Prime,36,1966,0
C013699,2026-07,Prime,19,1636,0
C013700,2026-07,Prime,52,1866,0
C013701,2026-07,Prime,56,1585,0
C013702,2026-07,Prime,52,2137,0
C013703,2026-07,Prime,25,914,0
C013704,2026-07,Prime,16,1053,0
C013705,2026-07,Prime,49,673,0
C013706,2026-07,Prime,51,1322,0
C013707,2026-07,Prime,36,823,0
C013708,2026-07,Prime,39,1861,0
C013709,2026-07,Prime,22,595,0
C013710,2026-07,Prime,26,488,0
C013711,2026-07,Prime,28,1119,0
C013712,2026-07,Prime,31,359,0
C013713,2026-07,Prime,30,1856,0
C013714,2026-07,Prime,1,1298,0
C013715,2026-07,Prime,43,1739,0
C013716,2026-07,Prime,27,722,0
C013717,2026-07,Prime,35,307,0
C013718,2026-07,Prime,4,1948,0
C013719,2026-07,Prime,37,2428,0
C013720,2026-07,Prime,40,68,0
C013721,2026-07,Prime,16,0,0
C013722,2026-07,Prime,29,1976,0
C013723,2026-07,Prime,27,1463,0
C013724,2026-07,Prime,28,1251,0
C013725,2026-07,Prime,24,1243,0
C013726,2026-07,Prime,6,1737,0
C013727,2026-07,Prime,33,2282,0
C013728,2026-07,Prime,74,2080,0
C013729,2026-07,Prime,34,577,0
C013730,2026-07,Prime,1,1591,0
C013731,2026-07,Prime,28,3334,0
C013732,2026-07,Prime,47,1925,0
C013733,2026-07,Prime,18,0,0
C013734,2026-07,Prime,38,3441,0
C013735,2026-07,Prime,28,638,0
C013736,2026-07,Prime,34,911,0
C013737,2026-07,Prime,7,2375,0
C013738,2026-07,Prime,34,1694,0
C013739,2026-07,Prime,31,2412,0
C013740,2026-07,Prime,22,1498,0
C013741,2026-07,Prime,26,1311,0
C013742,2026-07,Prime,32,2116,0
C013743,2026-07,Prime,35,1473,0
C013744,2026-07,Prime,22,2557,0
C013745,2026-07,Prime,52,2989,0
C013746,2026-07,Prime,23,365,0
C013747,2026-07,Prime,29,134,0
C013748,2026-07,Prime,1,2328,0
C013749,2026-07,Prime,42,1898,0
C013750,2026-07,Prime,32,1156,0
C013751,2026-07,Prime,29,1135,0
C013752,2026-07,Prime,9,1916,0
C013753,2026-07,Prime,43,2030,0
C013754,2026-07,Prime,18,129,0
C013755,2026-07,Prime,12,890,0
C013756,2026-07,Prime,46,1518,0
C013757,2026-07,Prime,28,0,0
C013758,2026-07,Prime,31,1083,0
C013759,2026-07,Prime,52,1590,0
C013760,2026-07,Prime,47,967,0
C013761,2026-07,Prime,38,1399,0
C013762,2026-07,Prime,1,1419,0
C013763,2026-07,Prime,38,1005,0
C013764,2026-07,Prime,68,2084,0
C013765,2026-07,Prime,70,390,0
C013766,2026-07,Prime,26,1021,0
C013767,2026-07,Prime,33,877,0
C013768,2026-07,Prime,40,171,0
C013769,2026-07,Prime,17,1212,0
C013770,2026-07,Prime,42,1011,0
C013771,2026-07,Prime,15,955,0
C013772,2026-07,Prime,14,789,0
C013773,2026-07,Prime,25,813,0
C013774,2026-07,Prime,21,1318,0
C013775,2026-07,Prime,1,451,0
C013776,2026-07,Prime,2,1766,0
C013777,2026-07,Prime,34,1325,0
C013778,2026-07,Prime,33,1940,0
C013779,2026-07,Prime,27,1727,0
C013780,2026-07,Prime,46,724,0
C013781,2026-07,Prime,2,831,0
C013782,2026-07,Prime,12,2020,0
C013783,2026-07,Prime,48,1262,0
C013784,2026-07,Prime,32,1938,0
C013785,2026-07,Prime,39,2469,1
C013786,2026-07,Prime,14,2847,0
C013787,2026-07,Prime,49,577,0
C013788,2026-07,Prime,5,1534,0
C013789,2026-07,Prime,46,1776,0
C013790,2026-07,Prime,32,2395,0
C013791,2026-07,Prime,50,942,0
C013792,2026-07,Prime,23,514,0
C013793,2026-07,Prime,58,1266,0
C013794,2026-07,Prime,42,599,0
C013795,2026-07,Prime,16,1241,0
C013796,2026-07,Prime,24,760,0
C013797,2026-07,Prime,36,640,0
C013798,2026-07,Prime,1,1360,0
C013799,2026-07,Prime,26,1918,0
C013800,2026-07,Prime,3,2008,0
C013801,2026-07,Prime,1,748,0
C013802,2026-07,Prime,26,418,0
C013803,2026-07,Prime,23,1925,0
C013804,2026-07,Prime,17,2088,0
C013805,2026-07,Prime,36,2727,0
C013806,2026-07,Prime,43,2675,0
C013807,2026-07,Prime,14,879,0
C013808,2026-07,Prime,44,1041,0
C013809,2026-07,Prime,14,723,0
C013810,2026-07,Prime,19,201,0
C013811,2026-07,Prime,3,1332,0
C013812,2026-07,Prime,23,2017,0
C013813,2026-07,Prime,35,1825,0
C013814,2026-07,Prime,38,0,0
C013815,2026-07,Prime,1,1175,0
C013816,2026-07,Prime,21,1450,0
C013817,2026-07,Prime,29,1580,0
C013818,2026-07,Prime,15,1252,0
C013819,2026-07,Prime,37,2100,0
C013820,2026-07,Prime,26,1581,0
C013821,2026-07,Prime,52,778,0
C013822,2026-07,Prime,30,2727,0
C013823,2026-07,Prime,66,586,0
C013824,2026-07,Prime,36,2639,0
C013825,2026-07,Prime,55,1848,0
C013826,2026-07,Prime,14,2622,0
C013827,2026-07,Prime,25,583,0
C013828,2026-07,Prime,33,0,0
C013829,2026-07,Prime,8,1602,0
C013830,2026-07,Prime,5,1448,0
C013831,2026-07,Prime,70,1069,0
C013832,2026-07,Prime,25,378,0
C013833,2026-07,Prime,28,1583,0
C013834,2026-07,Prime,44,781,0
C013835,2026-07,Prime,42,1268,0
C013836,2026-07,Prime,31,819,0
C013837,2026-07,Prime,46,1685,0
C013838,2026-07,Prime,26,0,0
C013839,2026-07,Prime,23,1820,0
C013840,2026-07,Prime,19,957,0
C013841,2026-07,Prime,34,1403,0
C013842,2026-07,Prime,8,578,0
C013843,2026-07,Prime,41,2063,0
C013844,2026-07,Prime,52,2268,0
C013845,2026-07,Prime,15,1977,0
C013846,2026-07,Prime,16,2635,0
C013847,2026-07,Prime,53,1139,0
C013848,2026-07,Prime,12,1727,0
C013849,2026-07,Prime,43,1384,0
C013850,2026-07,Prime,27,2013,0
C013851,2026-07,Prime,39,2288,0
C013852,2026-07,Prime,8,2647,0
C013853,2026-07,Prime,34,2215,0
C013854,2026-07,Prime,18,1920,0
C013855,2026-07,Prime,18,3104,0
C013856,2026-07,Prime,63,877,0
C013857,2026-07,Prime,18,1558,0
C013858,2026-07,Prime,28,79,0
C013859,2026-07,Prime,40,1169,0
C013860,2026-07,Prime,26,907,0
C013861,2026-07,Prime,35,0,0
C013862,2026-07,Prime,54,1634,0
C013863,2026-07,Prime,35,501,0
C013864,2026-07,Prime,9,855,0
C013865,2026-07,Prime,1,740,0
C013866,2026-07,Prime,23,945,1
C013867,2026-07,Prime,22,1749,0
C013868,2026-07,Prime,50,799,0
C013869,2026-07,Prime,30,1414,0
C013870,2026-07,Prime,34,2839,0
C013871,2026-07,Prime,27,1422,0
C013872,2026-07,Prime,29,615,0
C013873,2026-07,Prime,68,1712,0
C013874,2026-07,Prime,32,1409,0
C013875,2026-07,Prime,5,2108,0
C013876,2026-07,Prime,15,1802,0
C013877,2026-07,Prime,43,1769,0
C013878,2026-07,Prime,3,0,0
C013879,2026-07,Prime,13,3152,0
C013880,2026-07,Prime,15,1813,0
C013881,2026-07,Prime,2,1915,0
C013882,2026-07,Prime,33,997,0
C013883,2026-07,Prime,42,2153,0
C013884,2026-07,Prime,32,2846,0
C013885,2026-07,Prime,12,1811,0
C013886,2026-07,Prime,35,2255,0
C013887,2026-07,Prime,1,2444,0
C013888,2026-07,Prime,17,1779,0
C013889,2026-07,Prime,12,567,0
C013890,2026-07,Prime,16,1585,0
C013891,2026-07,Prime,1,2145,0
C013892,2026-07,Prime,31,1667,0
C013893,2026-07,Prime,10,3086,0
C013894,2026-07,Prime,60,1642,0
C013895,2026-07,Prime,31,2021,0
C013896,2026-07,Prime,30,962,0
C013897,2026-07,Prime,19,1152,0
C013898,2026-07,Prime,27,1528,0
C013899,2026-07,Prime,31,1764,0
C013900,2026-07,Prime,29,2743,0
C013901,2026-07,Near-prime,73,1428,0
C013902,2026-07,Near-prime,83,1044,0
C013903,2026-07,Near-prime,50,1330,0
C013904,2026-07,Near-prime,54,854,0
C013905,2026-07,Near-prime,51,970,0
C013906,2026-07,Near-prime,14,80,0
C013907,2026-07,Near-prime,14,899,0
C013908,2026-07,Near-prime,64,516,0
C013909,2026-07,Near-prime,67,309,0
C013910,2026-07,Near-prime,46,1079,0
C013911,2026-07,Near-prime,42,1084,0
C013912,2026-07,Near-prime,35,660,0
C013913,2026-07,Near-prime,51,226,0
C013914,2026-07,Near-prime,61,482,0
C013915,2026-07,Near-prime,41,653,0
C013916,2026-07,Near-prime,63,647,0
C013917,2026-07,Near-prime,79,1624,0
C013918,2026-07,Near-prime,40,697,0
C013919,2026-07,Near-prime,53,887,0
C013920,2026-07,Near-prime,83,913,0
C013921,2026-07,Near-prime,56,726,0
C013922,2026-07,Near-prime,36,887,0
C013923,2026-07,Near-prime,73,1839,0
C013924,2026-07,Near-prime,92,429,0
C013925,2026-07,Near-prime,45,933,0
C013926,2026-07,Near-prime,56,525,0
C013927,2026-07,Near-prime,65,1798,0
C013928,2026-07,Near-prime,54,870,0
C013929,2026-07,Near-prime,45,521,0
C013930,2026-07,Near-prime,22,855,0
C013931,2026-07,Near-prime,53,1643,0
C013932,2026-07,Near-prime,51,988,0
C013933,2026-07,Near-prime,47,1013,0
C013934,2026-07,Near-prime,63,245,0
C013935,2026-07,Near-prime,55,638,0
C013936,2026-07,Near-prime,59,494,0
C013937,2026-07,Near-prime,74,510,0
C013938,2026-07,Near-prime,42,488,0
C013939,2026-07,Near-prime,53,1491,1
C013940,2026-07,Near-prime,53,1100,0
C013941,2026-07,Near-prime,76,812,0
C013942,2026-07,Near-prime,27,454,0
C013943,2026-07,Near-prime,57,475,0
C013944,2026-07,Near-prime,28,1226,0
C013945,2026-07,Near-prime,35,2075,0
C013946,2026-07,Near-prime,52,1492,0
C013947,2026-07,Near-prime,47,0,0
C013948,2026-07,Near-prime,33,562,0
C013949,2026-07,Near-prime,98,953,0
C013950,2026-07,Near-prime,22,1108,0
C013951,2026-07,Near-prime,48,1153,0
C013952,2026-07,Near-prime,28,328,0
C013953,2026-07,Near-prime,64,1454,0
C013954,2026-07,Near-prime,48,1294,0
C013955,2026-07,Near-prime,52,822,0
C013956,2026-07,Near-prime,60,1358,0
C013957,2026-07,Near-prime,67,171,0
C013958,2026-07,Near-prime,46,1348,0
C013959,2026-07,Near-prime,58,1305,0
C013960,2026-07,Near-prime,28,783,0
C013961,2026-07,Near-prime,38,455,0
C013962,2026-07,Near-prime,51,1311,0
C013963,2026-07,Near-prime,49,378,0
C013964,2026-07,Near-prime,20,1560,0
C013965,2026-07,Near-prime,61,480,0
C013966,2026-07,Near-prime,60,894,0
C013967,2026-07,Near-prime,40,1359,0
C013968,2026-07,Near-prime,57,1307,0
C013969,2026-07,Near-prime,15,594,0
C013970,2026-07,Near-prime,49,954,0
C013971,2026-07,Near-prime,44,703,0
C013972,2026-07,Near-prime,36,106,0
C013973,2026-07,Near-prime,53,370,0
C013974,2026-07,Near-prime,58,1244,0
C013975,2026-07,Near-prime,74,929,0
C013976,2026-07,Near-prime,51,1290,0
C013977,2026-07,Near-prime,56,1235,0
C013978,2026-07,Near-prime,54,1386,0
C013979,2026-07,Near-prime,40,1145,1
C013980,2026-07,Near-prime,32,830,1
C013981,2026-07,Near-prime,51,114,0
C013982,2026-07,Near-prime,96,1200,0
C013983,2026-07,Near-prime,65,629,0
C013984,2026-07,Near-prime,79,1143,0
C013985,2026-07,Near-prime,56,720,0
C013986,2026-07,Near-prime,47,235,0
C013987,2026-07,Near-prime,41,1136,0
C013988,2026-07,Near-prime,48,1602,0
C013989,2026-07,Near-prime,54,1328,0
C013990,2026-07,Near-prime,33,1104,0
C013991,2026-07,Near-prime,73,909,0
C013992,2026-07,Near-prime,9,544,0
C013993,2026-07,Near-prime,54,617,0
C013994,2026-07,Near-prime,83,1616,0
C013995,2026-07,Near-prime,70,1516,0
C013996,2026-07,Near-prime,34,959,0
C013997,2026-07,Near-prime,53,914,0
C013998,2026-07,Near-prime,25,1053,0
C013999,2026-07,Near-prime,47,768,0
C014000,2026-07,Near-prime,53,829,0
C014001,2026-07,Near-prime,35,805,0
C014002,2026-07,Near-prime,55,436,0
C014003,2026-07,Near-prime,48,849,0
C014004,2026-07,Near-prime,35,557,0
C014005,2026-07,Near-prime,36,678,0
C014006,2026-07,Near-prime,42,341,0
C014007,2026-07,Near-prime,44,1281,0
C014008,2026-07,Near-prime,48,836,0
C014009,2026-07,Near-prime,100,960,0
C014010,2026-07,Near-prime,31,1314,0
C014011,2026-07,Near-prime,51,737,0
C014012,2026-07,Near-prime,29,872,0
C014013,2026-07,Near-prime,40,1868,0
C014014,2026-07,Near-prime,90,364,0
C014015,2026-07,Near-prime,63,941,0
C014016,2026-07,Near-prime,46,1633,0
C014017,2026-07,Near-prime,44,412,0
C014018,2026-07,Near-prime,26,751,0
C014019,2026-07,Near-prime,56,353,0
C014020,2026-07,Near-prime,64,673,0
C014021,2026-07,Near-prime,75,1405,0
C014022,2026-07,Near-prime,62,616,0
C014023,2026-07,Near-prime,91,518,0
C014024,2026-07,Near-prime,55,766,0
C014025,2026-07,Near-prime,1,1107,0
C014026,2026-07,Near-prime,15,831,0
C014027,2026-07,Near-prime,73,202,0
C014028,2026-07,Near-prime,86,587,0
C014029,2026-07,Near-prime,24,655,0
C014030,2026-07,Near-prime,71,207,0
C014031,2026-07,Near-prime,94,1967,0
C014032,2026-07,Near-prime,34,1377,0
C014033,2026-07,Near-prime,53,804,0
C014034,2026-07,Near-prime,64,748,0
C014035,2026-07,Near-prime,36,1695,0
C014036,2026-07,Near-prime,67,981,0
C014037,2026-07,Near-prime,59,1399,0
C014038,2026-07,Near-prime,30,0,0
C014039,2026-07,Near-prime,74,1057,0
C014040,2026-07,Near-prime,31,1195,0
C014041,2026-07,Near-prime,49,0,0
C014042,2026-07,Near-prime,21,2855,0
C014043,2026-07,Near-prime,70,1005,0
C014044,2026-07,Near-prime,58,540,0
C014045,2026-07,Near-prime,55,293,0
C014046,2026-07,Near-prime,57,675,0
C014047,2026-07,Near-prime,67,497,0
C014048,2026-07,Near-prime,41,1002,0
C014049,2026-07,Near-prime,43,1306,0
C014050,2026-07,Near-prime,40,116,0
C014051,2026-07,Near-prime,56,833,0
C014052,2026-07,Near-prime,46,969,0
C014053,2026-07,Near-prime,26,884,0
C014054,2026-07,Near-prime,30,1450,0
C014055,2026-07,Near-prime,48,665,0
C014056,2026-07,Near-prime,54,972,0
C014057,2026-07,Near-prime,61,796,0
C014058,2026-07,Near-prime,33,1217,0
C014059,2026-07,Near-prime,43,383,1
C014060,2026-07,Near-prime,74,778,0
C014061,2026-07,Near-prime,29,1502,0
C014062,2026-07,Near-prime,29,425,0
C014063,2026-07,Near-prime,40,1328,0
C014064,2026-07,Near-prime,28,685,0
C014065,2026-07,Near-prime,17,1231,0
C014066,2026-07,Near-prime,64,1229,0
C014067,2026-07,Near-prime,50,781,0
C014068,2026-07,Near-prime,52,1349,1
C014069,2026-07,Near-prime,24,874,0
C014070,2026-07,Near-prime,81,879,0
C014071,2026-07,Near-prime,36,1571,0
C014072,2026-07,Near-prime,36,1107,0
C014073,2026-07,Near-prime,47,1774,1
C014074,2026-07,Near-prime,62,1122,0
C014075,2026-07,Near-prime,43,1005,0
C014076,2026-07,Near-prime,48,630,0
C014077,2026-07,Near-prime,27,841,0
C014078,2026-07,Near-prime,88,970,0
C014079,2026-07,Near-prime,64,1117,0
C014080,2026-07,Near-prime,73,1461,0
C014081,2026-07,Near-prime,68,2002,0
C014082,2026-07,Near-prime,47,586,0
C014083,2026-07,Near-prime,43,807,0
C014084,2026-07,Near-prime,48,1521,0
C014085,2026-07,Near-prime,54,1270,0
C014086,2026-07,Near-prime,68,1872,0
C014087,2026-07,Near-prime,54,1300,0
C014088,2026-07,Near-prime,45,322,1
C014089,2026-07,Near-prime,36,394,0
C014090,2026-07,Near-prime,60,933,0
C014091,2026-07,Near-prime,33,974,0
C014092,2026-07,Near-prime,68,194,0
C014093,2026-07,Near-prime,32,1442,0
C014094,2026-07,Near-prime,41,1507,0
C014095,2026-07,Near-prime,68,1550,0
C014096,2026-07,Near-prime,64,1167,0
C014097,2026-07,Near-prime,66,900,0
C014098,2026-07,Near-prime,47,1251,0
C014099,2026-07,Near-prime,54,1323,0
C014100,2026-07,Near-prime,45,1250,0
C014101,2026-07,Near-prime,48,0,0
C014102,2026-07,Near-prime,37,1830,0
C014103,2026-07,Near-prime,48,505,0
C014104,2026-07,Near-prime,64,1246,0
C014105,2026-07,Near-prime,57,281,0
C014106,2026-07,Near-prime,29,808,0
C014107,2026-07,Near-prime,35,661,0
C014108,2026-07,Near-prime,56,855,0
C014109,2026-07,Near-prime,39,678,1
C014110,2026-07,Near-prime,43,1116,0
C014111,2026-07,Near-prime,72,1330,0
C014112,2026-07,Near-prime,25,563,0
C014113,2026-07,Near-prime,47,1043,0
C014114,2026-07,Near-prime,58,1452,0
C014115,2026-07,Near-prime,63,528,0
C014116,2026-07,Near-prime,53,1231,0
C014117,2026-07,Near-prime,56,747,0
C014118,2026-07,Near-prime,41,1486,0
C014119,2026-07,Near-prime,31,962,0
C014120,2026-07,Near-prime,69,953,0
C014121,2026-07,Near-prime,14,856,0
C014122,2026-07,Near-prime,64,1669,0
C014123,2026-07,Near-prime,39,276,0
C014124,2026-07,Near-prime,17,946,0
C014125,2026-07,Near-prime,70,976,0
C014126,2026-07,Near-prime,43,1799,0
C014127,2026-07,Near-prime,52,1713,0
C014128,2026-07,Near-prime,53,2570,0
C014129,2026-07,Near-prime,47,582,0
C014130,2026-07,Near-prime,37,1024,0
C014131,2026-07,Near-prime,34,944,0
C014132,2026-07,Near-prime,62,1193,0
C014133,2026-07,Near-prime,51,1461,0
C014134,2026-07,Near-prime,52,232,0
C014135,2026-07,Near-prime,43,464,0
C014136,2026-07,Near-prime,56,835,0
C014137,2026-07,Near-prime,79,1230,0
C014138,2026-07,Near-prime,79,707,1
C014139,2026-07,Near-prime,50,1053,0
C014140,2026-07,Near-prime,66,406,0
C014141,2026-07,Near-prime,59,0,0
C014142,2026-07,Near-prime,51,951,0
C014143,2026-07,Near-prime,36,1113,0
C014144,2026-07,Near-prime,61,1486,0
C014145,2026-07,Near-prime,54,737,0
C014146,2026-07,Near-prime,58,903,0
C014147,2026-07,Near-prime,49,825,0
C014148,2026-07,Near-prime,46,1073,0
C014149,2026-07,Near-prime,60,1126,0
C014150,2026-07,Near-prime,52,578,0
C014151,2026-07,Near-prime,55,739,0
C014152,2026-07,Near-prime,63,978,0
C014153,2026-07,Near-prime,51,608,0
C014154,2026-07,Near-prime,14,1721,0
C014155,2026-07,Near-prime,5,1104,0
C014156,2026-07,Near-prime,64,621,0
C014157,2026-07,Near-prime,71,605,0
C014158,2026-07,Near-prime,32,0,0
C014159,2026-07,Near-prime,36,1186,0
C014160,2026-07,Near-prime,41,1939,0
C014161,2026-07,Near-prime,37,1018,0
C014162,2026-07,Near-prime,59,402,0
C014163,2026-07,Near-prime,31,1515,0
C014164,2026-07,Near-prime,33,656,0
C014165,2026-07,Near-prime,60,965,0
C014166,2026-07,Near-prime,40,1427,0
C014167,2026-07,Near-prime,55,644,0
C014168,2026-07,Near-prime,74,1012,0
C014169,2026-07,Near-prime,69,1939,0
C014170,2026-07,Near-prime,45,1178,0
C014171,2026-07,Near-prime,57,868,1
C014172,2026-07,Near-prime,52,1265,0
C014173,2026-07,Near-prime,43,420,0
C014174,2026-07,Near-prime,35,1195,0
C014175,2026-07,Near-prime,51,1011,0
C014176,2026-07,Near-prime,56,969,0
C014177,2026-07,Near-prime,59,1010,0
C014178,2026-07,Near-prime,56,1222,0
C014179,2026-07,Near-prime,50,1314,0
C014180,2026-07,Near-prime,66,795,0
C014181,2026-07,Near-prime,47,216,0
C014182,2026-07,Near-prime,65,1339,0
C014183,2026-07,Near-prime,39,1663,0
C014184,2026-07,Near-prime,42,1704,0
C014185,2026-07,Near-prime,40,434,0
C014186,2026-07,Near-prime,53,1255,0
C014187,2026-07,Near-prime,62,653,0
C014188,2026-07,Near-prime,47,570,0
C014189,2026-07,Near-prime,52,483,1
C014190,2026-07,Near-prime,69,199,0
C014191,2026-07,Near-prime,47,1347,0
C014192,2026-07,Near-prime,27,348,0
C014193,2026-07,Near-prime,9,152,0
C014194,2026-07,Near-prime,58,759,0
C014195,2026-07,Near-prime,61,694,0
C014196,2026-07,Near-prime,100,1799,0
C014197,2026-07,Near-prime,38,1408,0
C014198,2026-07,Near-prime,64,404,0
C014199,2026-07,Near-prime,26,521,0
C014200,2026-07,Near-prime,67,585,0
C014201,2026-07,Near-prime,53,601,1
C014202,2026-07,Near-prime,60,1009,0
C014203,2026-07,Near-prime,81,819,0
C014204,2026-07,Near-prime,40,345,0
C014205,2026-07,Near-prime,80,1207,0
C014206,2026-07,Near-prime,53,750,0
C014207,2026-07,Near-prime,84,917,0
C014208,2026-07,Near-prime,57,1058,0
C014209,2026-07,Near-prime,53,1269,0
C014210,2026-07,Near-prime,41,69,0
C014211,2026-07,Near-prime,67,0,0
C014212,2026-07,Near-prime,56,1200,0
C014213,2026-07,Near-prime,62,1157,0
C014214,2026-07,Near-prime,70,676,0
C014215,2026-07,Near-prime,50,462,0
C014216,2026-07,Near-prime,36,1323,0
C014217,2026-07,Near-prime,29,1086,0
C014218,2026-07,Near-prime,37,1151,0
C014219,2026-07,Near-prime,42,283,1
C014220,2026-07,Near-prime,47,1338,0
C014221,2026-07,Near-prime,56,1972,0
C014222,2026-07,Near-prime,72,1390,0
C014223,2026-07,Near-prime,66,278,0
C014224,2026-07,Near-prime,41,534,0
C014225,2026-07,Near-prime,30,772,0
C014226,2026-07,Near-prime,40,1718,0
C014227,2026-07,Near-prime,66,1271,0
C014228,2026-07,Near-prime,67,482,0
C014229,2026-07,Near-prime,67,1172,0
C014230,2026-07,Near-prime,66,745,0
C014231,2026-07,Near-prime,70,981,0
C014232,2026-07,Near-prime,56,910,0
C014233,2026-07,Near-prime,53,1200,0
C014234,2026-07,Near-prime,30,1190,0
C014235,2026-07,Near-prime,49,804,0
C014236,2026-07,Near-prime,93,907,0
C014237,2026-07,Near-prime,71,1483,0
C014238,2026-07,Near-prime,45,927,0
C014239,2026-07,Near-prime,82,695,0
C014240,2026-07,Near-prime,46,1409,0
C014241,2026-07,Near-prime,79,1005,0
C014242,2026-07,Near-prime,48,1417,0
C014243,2026-07,Near-prime,64,692,0
C014244,2026-07,Near-prime,52,1292,0
C014245,2026-07,Near-prime,47,692,0
C014246,2026-07,Near-prime,62,1496,0
C014247,2026-07,Near-prime,49,811,0
C014248,2026-07,Near-prime,63,865,0
C014249,2026-07,Near-prime,32,812,0
C014250,2026-07,Near-prime,72,569,0
C014251,2026-07,Near-prime,67,1123,1
C014252,2026-07,Near-prime,32,373,0
C014253,2026-07,Near-prime,56,384,0
C014254,2026-07,Near-prime,51,1855,1
C014255,2026-07,Near-prime,44,671,0
C014256,2026-07,Near-prime,52,973,0
C014257,2026-07,Near-prime,16,953,0
C014258,2026-07,Near-prime,58,1645,0
C014259,2026-07,Near-prime,9,1123,0
C014260,2026-07,Near-prime,45,1320,0
C014261,2026-07,Near-prime,76,1153,0
C014262,2026-07,Near-prime,48,1065,0
C014263,2026-07,Near-prime,60,533,0
C014264,2026-07,Near-prime,33,1760,0
C014265,2026-07,Near-prime,43,655,0
C014266,2026-07,Near-prime,60,1047,0
C014267,2026-07,Near-prime,33,606,0
C014268,2026-07,Near-prime,12,474,0
C014269,2026-07,Near-prime,32,179,0
C014270,2026-07,Near-prime,47,0,0
C014271,2026-07,Near-prime,34,1524,0
C014272,2026-07,Near-prime,42,166,0
C014273,2026-07,Near-prime,42,1080,0
C014274,2026-07,Near-prime,48,1029,0
C014275,2026-07,Near-prime,39,0,0
C014276,2026-07,Near-prime,48,732,0
C014277,2026-07,Near-prime,20,609,0
C014278,2026-07,Near-prime,60,152,0
C014279,2026-07,Near-prime,58,1393,0
C014280,2026-07,Near-prime,33,372,0
C014281,2026-07,Near-prime,43,220,0
C014282,2026-07,Near-prime,59,833,0
C014283,2026-07,Near-prime,69,1331,0
C014284,2026-07,Near-prime,54,1062,0
C014285,2026-07,Near-prime,52,632,0
C014286,2026-07,Near-prime,56,578,0
C014287,2026-07,Near-prime,73,1420,0
C014288,2026-07,Near-prime,87,1089,0
C014289,2026-07,Near-prime,45,1755,0
C014290,2026-07,Near-prime,34,1498,0
C014291,2026-07,Near-prime,36,837,0
C014292,2026-07,Near-prime,48,1253,0
C014293,2026-07,Near-prime,33,618,0
C014294,2026-07,Near-prime,48,689,0
C014295,2026-07,Near-prime,66,276,0
C014296,2026-07,Near-prime,12,1126,0
C014297,2026-07,Near-prime,76,646,0
C014298,2026-07,Near-prime,47,1272,0
C014299,2026-07,Near-prime,47,413,0
C014300,2026-07,Near-prime,85,671,0
C014301,2026-07,Near-prime,6,118,0
C014302,2026-07,Near-prime,19,554,0
C014303,2026-07,Near-prime,49,1128,0
C014304,2026-07,Near-prime,63,1834,0
C014305,2026-07,Near-prime,39,202,1
C014306,2026-07,Near-prime,49,0,0
C014307,2026-07,Near-prime,53,1278,0
C014308,2026-07,Near-prime,51,1206,0
C014309,2026-07,Near-prime,51,722,0
C014310,2026-07,Near-prime,60,581,0
C014311,2026-07,Near-prime,7,245,0
C014312,2026-07,Near-prime,22,653,0
C014313,2026-07,Near-prime,42,1121,0
C014314,2026-07,Near-prime,38,1456,0
C014315,2026-07,Near-prime,50,580,0
C014316,2026-07,Near-prime,58,571,0
C014317,2026-07,Near-prime,54,746,0
C014318,2026-07,Near-prime,70,746,0
C014319,2026-07,Near-prime,77,1395,0
C014320,2026-07,Near-prime,32,581,0
C014321,2026-07,Near-prime,54,663,0
C014322,2026-07,Near-prime,74,679,0
C014323,2026-07,Near-prime,60,1350,0
C014324,2026-07,Near-prime,56,581,0
C014325,2026-07,Near-prime,38,1376,0
C014326,2026-07,Near-prime,46,275,0
C014327,2026-07,Near-prime,52,1409,0
C014328,2026-07,Near-prime,39,430,0
C014329,2026-07,Near-prime,67,558,0
C014330,2026-07,Near-prime,53,819,0
C014331,2026-07,Subprime,95,654,0
C014332,2026-07,Subprime,100,935,1
C014333,2026-07,Subprime,75,977,0
C014334,2026-07,Subprime,72,938,0
C014335,2026-07,Subprime,74,0,0
C014336,2026-07,Subprime,87,1057,1
C014337,2026-07,Subprime,63,619,0
C014338,2026-07,Subprime,33,964,0
C014339,2026-07,Subprime,53,647,0
C014340,2026-07,Subprime,49,883,0
C014341,2026-07,Subprime,58,247,0
C014342,2026-07,Subprime,70,339,0
C014343,2026-07,Subprime,46,346,0
C014344,2026-07,Subprime,50,225,0
C014345,2026-07,Subprime,94,871,0
C014346,2026-07,Subprime,100,928,0
C014347,2026-07,Subprime,54,980,0
C014348,2026-07,Subprime,27,889,0
C014349,2026-07,Subprime,25,1013,0
C014350,2026-07,Subprime,86,887,0
C014351,2026-07,Subprime,91,1059,0
C014352,2026-07,Subprime,82,1259,1
C014353,2026-07,Subprime,61,232,0
C014354,2026-07,Subprime,72,734,0
C014355,2026-07,Subprime,85,829,0
C014356,2026-07,Subprime,54,881,0
C014357,2026-07,Subprime,64,637,0
C014358,2026-07,Subprime,100,454,0
C014359,2026-07,Subprime,64,447,0
C014360,2026-07,Subprime,51,444,0
C014361,2026-07,Subprime,64,102,0
C014362,2026-07,Subprime,49,660,0
C014363,2026-07,Subprime,70,596,0
C014364,2026-07,Subprime,96,169,1
C014365,2026-07,Subprime,46,1057,0
C014366,2026-07,Subprime,42,641,0
C014367,2026-07,Subprime,77,467,0
C014368,2026-07,Subprime,96,0,0
C014369,2026-07,Subprime,71,914,0
C014370,2026-07,Subprime,46,333,0
C014371,2026-07,Subprime,87,344,0
C014372,2026-07,Subprime,84,0,0
C014373,2026-07,Subprime,65,781,0
C014374,2026-07,Subprime,81,1073,0
C014375,2026-07,Subprime,79,617,0
C014376,2026-07,Subprime,77,136,0
C014377,2026-07,Subprime,89,933,1
C014378,2026-07,Subprime,70,367,0
C014379,2026-07,Subprime,41,863,0
C014380,2026-07,Subprime,56,653,0
C014381,2026-07,Subprime,57,1123,0
C014382,2026-07,Subprime,85,0,0
C014383,2026-07,Subprime,64,887,0
C014384,2026-07,Subprime,83,707,0
C014385,2026-07,Subprime,71,231,0
C014386,2026-07,Subprime,89,310,0
C014387,2026-07,Subprime,68,925,0
C014388,2026-07,Subprime,45,269,0
C014389,2026-07,Subprime,100,0,0
C014390,2026-07,Subprime,46,661,0
C014391,2026-07,Subprime,53,0,0
C014392,2026-07,Subprime,61,1375,0
C014393,2026-07,Subprime,65,915,0
C014394,2026-07,Subprime,64,173,0
C014395,2026-07,Subprime,69,394,0
C014396,2026-07,Subprime,79,320,0
C014397,2026-07,Subprime,66,418,0
C014398,2026-07,Subprime,30,1019,0
C014399,2026-07,Subprime,86,440,0
C014400,2026-07,Subprime,70,450,0
C014401,2026-07,Subprime,30,274,0
C014402,2026-07,Subprime,74,489,0
C014403,2026-07,Subprime,78,505,1
C014404,2026-07,Subprime,94,540,0
C014405,2026-07,Subprime,88,851,0
C014406,2026-07,Subprime,82,305,0
C014407,2026-07,Subprime,79,570,0
C014408,2026-07,Subprime,71,252,0
C014409,2026-07,Subprime,66,364,0
C014410,2026-07,Subprime,91,518,0
C014411,2026-07,Subprime,95,842,0
C014412,2026-07,Subprime,89,701,0
C014413,2026-07,Subprime,62,802,0
C014414,2026-07,Subprime,91,1103,0
C014415,2026-07,Subprime,80,543,0
C014416,2026-07,Subprime,75,601,0
C014417,2026-07,Subprime,88,1284,1
C014418,2026-07,Subprime,64,245,0
C014419,2026-07,Subprime,23,654,0
C014420,2026-07,Subprime,74,337,0
C014421,2026-07,Subprime,86,698,0
C014422,2026-07,Subprime,100,679,0
C014423,2026-07,Subprime,79,400,0
C014424,2026-07,Subprime,71,1049,0
C014425,2026-07,Subprime,85,538,0
C014426,2026-07,Subprime,41,62,0
C014427,2026-07,Subprime,73,528,0
C014428,2026-07,Subprime,70,582,0
C014429,2026-07,Subprime,79,1192,0
C014430,2026-07,Subprime,39,177,0
C014431,2026-07,Subprime,81,659,0
C014432,2026-07,Subprime,68,511,0
C014433,2026-07,Subprime,76,570,0
C014434,2026-07,Subprime,66,449,0
C014435,2026-07,Subprime,65,540,0
C014436,2026-07,Subprime,99,466,0
C014437,2026-07,Subprime,73,730,0
C014438,2026-07,Subprime,39,830,0
C014439,2026-07,Subprime,68,383,0
C014440,2026-07,Subprime,67,643,0
C014441,2026-07,Subprime,75,784,0
C014442,2026-07,Subprime,75,322,0
C014443,2026-07,Subprime,89,369,0
C014444,2026-07,Subprime,71,519,1
C014445,2026-07,Subprime,61,627,0
C014446,2026-07,Subprime,64,322,0
C014447,2026-07,Subprime,100,0,0
C014448,2026-07,Subprime,95,577,0
C014449,2026-07,Subprime,74,477,0
C014450,2026-07,Subprime,61,1193,0
C014451,2026-07,Subprime,58,82,0
C014452,2026-07,Subprime,91,1152,0
C014453,2026-07,Subprime,88,959,0
C014454,2026-07,Subprime,80,1169,0
C014455,2026-07,Subprime,69,289,0
C014456,2026-07,Subprime,92,697,0
C014457,2026-07,Subprime,84,893,0
C014458,2026-07,Subprime,74,508,0
C014459,2026-07,Subprime,96,0,0
C014460,2026-07,Subprime,57,247,0
C014461,2026-07,Subprime,63,422,0
C014462,2026-07,Subprime,87,628,0
C014463,2026-07,Subprime,75,581,0
C014464,2026-07,Subprime,86,768,0
C014465,2026-07,Subprime,34,858,0
C014466,2026-07,Subprime,100,1036,0
C014467,2026-07,Subprime,79,674,0
C014468,2026-07,Subprime,39,564,0
C014469,2026-07,Subprime,78,935,1
C014470,2026-07,Subprime,61,1090,0
C014471,2026-07,Subprime,67,419,0
C014472,2026-07,Subprime,85,628,0
C014473,2026-07,Subprime,99,542,0
C014474,2026-07,Subprime,64,1085,1
C014475,2026-07,Subprime,88,398,0
C014476,2026-07,Subprime,54,98,0
C014477,2026-07,Subprime,100,41,0
C014478,2026-07,Subprime,65,0,0
C014479,2026-07,Subprime,68,798,0
C014480,2026-07,Subprime,61,0,0
C014481,2026-07,Subprime,62,766,0
C014482,2026-07,Subprime,59,1118,0
C014483,2026-07,Subprime,27,1079,0
C014484,2026-07,Subprime,54,703,0
C014485,2026-07,Subprime,70,596,1
C014486,2026-07,Subprime,96,992,1
C014487,2026-07,Subprime,54,1186,0
C014488,2026-07,Subprime,82,909,0
C014489,2026-07,Subprime,68,363,0
C014490,2026-07,Subprime,96,120,0
C014491,2026-07,Subprime,75,1227,0
C014492,2026-07,Subprime,62,302,0
C014493,2026-07,Subprime,65,981,0
C014494,2026-07,Subprime,81,485,0
C014495,2026-07,Subprime,58,555,0
C014496,2026-07,Subprime,38,341,0
C014497,2026-07,Subprime,79,545,0
C014498,2026-07,Subprime,93,662,0
C014499,2026-07,Subprime,76,329,0
C014500,2026-07,Subprime,69,576,0
C014501,2026-07,Subprime,77,1213,0
C014502,2026-07,Subprime,100,877,1
C014503,2026-07,Subprime,26,138,0
C014504,2026-07,Subprime,83,672,0
C014505,2026-07,Subprime,65,557,0
C014506,2026-07,Subprime,67,0,0
C014507,2026-07,Subprime,41,567,0
C014508,2026-07,Subprime,76,382,0
C014509,2026-07,Subprime,71,1069,0
C014510,2026-07,Subprime,50,785,0
C014511,2026-07,Subprime,47,501,0
C014512,2026-07,Subprime,53,604,0
C014513,2026-07,Subprime,75,0,0
C014514,2026-07,Subprime,75,894,0
C014515,2026-07,Subprime,51,684,0
C014516,2026-07,Subprime,91,42,0
C014517,2026-07,Subprime,70,359,0
C014518,2026-07,Subprime,36,272,1
C014519,2026-07,Subprime,95,15,0
C014520,2026-07,Subprime,62,654,0
C014521,2026-07,Subprime,42,391,0
C014522,2026-07,Subprime,83,341,0
C014523,2026-07,Subprime,76,724,0
C014524,2026-07,Subprime,83,562,0
C014525,2026-07,Subprime,75,603,1
C014526,2026-07,Subprime,52,581,0
C014527,2026-07,Subprime,66,260,1
C014528,2026-07,Subprime,56,260,0
C014529,2026-07,Subprime,80,653,0
C014530,2026-07,Subprime,68,788,0
C014531,2026-07,Subprime,69,1261,0
C014532,2026-07,Subprime,67,31,0
C014533,2026-07,Subprime,47,284,0
C014534,2026-07,Subprime,81,395,0
C014535,2026-07,Subprime,91,585,0
C014536,2026-07,Subprime,100,633,1
C014537,2026-07,Subprime,93,323,0
C014538,2026-07,Subprime,58,852,1
C014539,2026-07,Subprime,72,118,0
C014540,2026-07,Subprime,81,557,0
C014541,2026-07,Subprime,81,719,1
C014542,2026-07,Subprime,66,415,0
C014543,2026-07,Subprime,82,314,0
C014544,2026-07,Subprime,86,788,1
C014545,2026-07,Subprime,72,937,1
C014546,2026-07,Subprime,82,370,0
C014547,2026-07,Subprime,63,121,0
C014548,2026-07,Subprime,88,411,0
C014549,2026-07,Subprime,88,253,0
C014550,2026-07,Subprime,58,367,0
C014551,2026-07,Subprime,88,1239,1
C014552,2026-07,Subprime,76,998,1
C014553,2026-07,Subprime,82,523,0
C014554,2026-07,Subprime,69,642,0
C014555,2026-07,Subprime,59,943,0
C014556,2026-07,Subprime,78,0,0
C014557,2026-07,Subprime,69,840,0
C014558,2026-07,Subprime,60,832,0
C014559,2026-07,Subprime,46,613,0
C014560,2026-07,Subprime,90,797,1
C014561,2026-07,Subprime,100,616,0
C014562,2026-07,Subprime,89,1406,0
C014563,2026-07,Subprime,70,473,0
C014564,2026-07,Subprime,83,430,0
C014565,2026-07,Subprime,56,594,0
C014566,2026-07,Subprime,51,393,0
C014567,2026-07,Subprime,65,715,0
C014568,2026-07,Subprime,55,977,0
C014569,2026-07,Subprime,88,310,1
C014570,2026-07,Subprime,83,825,0
C014571,2026-07,Subprime,76,470,0
C014572,2026-07,Subprime,21,485,0
C014573,2026-07,Subprime,39,502,0
C014574,2026-07,Subprime,54,643,0
C014575,2026-07,Subprime,40,251,0
C014576,2026-07,Subprime,100,785,0
C014577,2026-07,Subprime,72,223,0
C014578,2026-07,Subprime,73,598,0
C014579,2026-07,Subprime,100,296,0
C014580,2026-07,Subprime,100,604,0
C014581,2026-07,Subprime,95,202,0
C014582,2026-07,Subprime,62,599,0
C014583,2026-07,Subprime,73,220,0
C014584,2026-07,Subprime,80,606,0
C014585,2026-07,Subprime,67,614,0
C014586,2026-07,Subprime,47,161,0
C014587,2026-07,Subprime,44,873,0
C014588,2026-07,Subprime,43,794,0
C014589,2026-07,Subprime,79,640,1
C014590,2026-07,Subprime,58,268,0
C014591,2026-07,Subprime,48,553,0
C014592,2026-07,Subprime,67,0,0
C014593,2026-07,Subprime,59,849,0
C014594,2026-07,Subprime,48,852,0
C014595,2026-07,Subprime,87,496,0
C014596,2026-07,Subprime,74,434,0
C014597,2026-07,Subprime,48,323,0
C014598,2026-07,Subprime,54,645,0
C014599,2026-07,Subprime,54,532,0
C014600,2026-07,Subprime,100,0,1
C014601,2026-07,Subprime,31,818,0
C014602,2026-07,Subprime,84,0,0
C014603,2026-07,Subprime,56,1011,0
C014604,2026-07,Subprime,79,1079,0
C014605,2026-07,Subprime,69,385,0
C014606,2026-07,Subprime,68,483,0
C014607,2026-07,Subprime,80,659,0
C014608,2026-07,Subprime,58,1094,0
C014609,2026-07,Subprime,72,779,0
C014610,2026-07,Subprime,90,919,0
C014611,2026-07,Subprime,92,1241,0
C014612,2026-07,Subprime,74,1213,0
C014613,2026-07,Subprime,66,608,0
C014614,2026-07,Subprime,80,691,0
C014615,2026-07,Subprime,45,684,0
C014616,2026-07,Subprime,46,374,0
C014617,2026-07,Subprime,57,841,0
C014618,2026-07,Subprime,68,307,0
C014619,2026-07,Subprime,52,578,0
C014620,2026-07,Subprime,88,455,0
C014621,2026-07,Subprime,88,198,1
C014622,2026-07,Subprime,83,424,0
C014623,2026-07,Subprime,43,409,1
C014624,2026-07,Subprime,51,490,0
C014625,2026-07,Subprime,86,706,0
C014626,2026-07,Subprime,61,1048,1
C014627,2026-07,Subprime,66,440,0
C014628,2026-07,Subprime,84,624,0
C014629,2026-07,Subprime,82,807,0
C014630,2026-07,Subprime,62,959,0
C014631,2026-07,Subprime,56,961,0
C014632,2026-07,Subprime,70,502,1
C014633,2026-07,Subprime,75,510,0
C014634,2026-07,Subprime,100,566,0
C014635,2026-07,Subprime,88,270,1
C014636,2026-07,Subprime,81,968,0
C014637,2026-07,Subprime,100,469,0
C014638,2026-07,Subprime,47,270,0
C014639,2026-07,Subprime,77,1259,0
C014640,2026-07,Subprime,79,649,0
