order_id,order_date,category,revenue_usd,returned,ship_days
O001050,2025-08-06,Home,90.23,0,4
O005134,2025-11-26,Electronics,297.63,0,4
O007967,2026-01-08,Apparel,119.99,0,3
O017289,2026-07-26,Apparel,61.09,0,3
O005387,2025-11-02,Home,61.0,0,2
O009770,2026-02-21,Apparel,82.86,0,6
O005235,2025-11-28,Electronics,40.51,0,4
O018371,2026-07-25,Home,95.35,1,3
O003295,2025-10-12,Electronics,94.67,0,3
O010141,2026-02-05,Electronics,156.76,0,2
O012085,2026-03-29,Home,13.98,0,5
O002979,2025-10-14,Apparel,17.13,0,3
O015230,2026-05-26,Home,98.58,0,2
O009261,2026-02-13,Apparel,59.99,0,3
O014158,2026-05-18,Apparel,82.62,0,2
O017093,2026-07-08,Apparel,41.2,0,2
O005943,2025-12-03,Apparel,80.78,1,3
O000608,2025-08-29,Electronics,116.72,0,2
O010195,2026-02-02,Electronics,100.49,0,3
O003834,2025-10-26,Home,89.44,0,3
O009856,2026-02-04,Electronics,138.9,0,2
O012444,2026-04-15,Apparel,32.4,0,2
O001313,2025-08-19,Home,85.8,0,4
O007620,2025-12-26,Home,107.89,0,5
O016718,2026-06-06,Home,17.83,1,3
O009441,2026-02-21,Apparel,106.08,1,3
O010301,2026-02-16,Home,124.38,0,3
O004090,2025-10-22,Home,34.52,0,2
O008509,2026-01-18,Electronics,164.38,0,4
O010265,2026-02-08,Electronics,154.13,0,4
O009870,2026-02-07,Electronics,183.25,0,2
O004698,2025-11-06,Apparel,45.52,0,5
O017530,2026-07-06,Electronics,45.1,0,2
O015023,2026-05-05,Home,30.23,0,2
O016733,2026-06-17,Home,8,0,3
O012419,2026-04-03,Apparel,97.85,0,3
O015497,2026-06-29,Apparel,8.23,0,2
O003633,2025-10-17,Electronics,189.09,0,5
O007335,2025-12-07,Home,83.29,0,5
O000822,2025-08-28,Electronics,127.23,1,4
O005332,2025-11-03,Home,107.25,0,5
O010565,2026-02-18,Home,97.57,0,1
O001853,2025-09-13,Apparel,47.19,0,3
O003845,2025-10-17,Home,36.06,0,2
O003127,2025-10-11,Apparel,53.3,1,5
O017313,2026-07-04,Apparel,59.43,0,2
O002300,2025-09-13,Electronics,211.22,0,2
O018152,2026-07-15,Home,52.03,0,4
O000028,2025-08-01,Apparel,79.05,0,4
O011305,2026-03-13,Electronics,100.28,0,4
O003486,2025-10-29,Electronics,68.05,0,4
O008629,2026-01-26,Electronics,113.16,0,4
O013638,2026-04-06,Home,89.03,0,1
O012978,2026-04-27,Electronics,221.83,0,4
O007437,2025-12-26,Home,90.86,0,3
O015071,2026-05-08,Home,52.18,0,3
O001199,2025-08-11,Home,64.69,0,5
O000407,2025-08-17,Apparel,62.11,0,4
O014770,2026-05-26,Electronics,150.11,0,1
O012669,2026-04-15,Apparel,56.32,0,4
O016082,2026-06-13,Electronics,177.49,0,4
O017646,2026-07-06,Electronics,227.66,0,2
O014881,2026-05-08,Home,59.78,0,3
O012556,2026-04-04,Apparel,22.64,0,2
O006324,2025-12-24,Apparel,104.83,0,3
O013236,2026-04-01,Electronics,8,0,3
O016459,2026-06-20,Home,55.93,0,4
O005371,2025-11-10,Home,72.46,0,4
O008247,2026-01-26,Apparel,60.21,0,4
O002354,2025-09-10,Home,61.64,0,3
O013159,2026-04-09,Electronics,95.07,0,3
O017906,2026-07-15,Electronics,211.84,0,1
O018271,2026-07-19,Home,33.03,0,3
O017205,2026-07-01,Apparel,102.19,0,1
O008174,2026-01-30,Apparel,63.44,0,3
O007027,2025-12-19,Electronics,159.81,0,4
O009480,2026-02-16,Apparel,40.88,1,2
O012527,2026-04-21,Apparel,58.8,0,5
O002277,2025-09-30,Electronics,238.09,0,4
O016154,2026-06-14,Electronics,143.21,0,2
O000014,2025-08-01,Apparel,80.03,1,4
O000353,2025-08-29,Apparel,59.15,0,2
O002003,2025-09-15,Electronics,167.01,0,5
O006756,2025-12-16,Electronics,122.04,0,3
O005122,2025-11-27,Electronics,134.99,0,5
O017483,2026-07-13,Apparel,127.13,0,4
O007221,2025-12-03,Home,59.73,0,3
O011378,2026-03-19,Electronics,189.94,0,3
O005462,2025-11-30,Home,136.8,0,2
O012221,2026-04-17,Apparel,64.13,0,1
O009851,2026-02-27,Electronics,131.46,0,3
O014152,2026-05-01,Apparel,35.78,1,4
O011615,2026-03-28,Electronics,114.04,0,2
O002633,2025-09-22,Home,124.19,0,3
O000295,2025-08-30,Apparel,45.79,1,4
O003279,2025-10-25,Electronics,254.78,0,2
O010836,2026-03-21,Apparel,8,1,2
O014502,2026-05-30,Electronics,245.97,0,3
O006876,2025-12-06,Electronics,114.86,0,5
O009388,2026-02-22,Apparel,17.12,0,4
O013901,2026-05-13,Apparel,123.84,0,5
O009537,2026-02-28,Apparel,68.81,1,3
O016200,2026-06-12,Electronics,223.32,0,4
O005367,2025-11-01,Home,134.6,0,3
O013115,2026-04-18,Electronics,191.4,0,2
O014783,2026-05-01,Electronics,123.98,0,4
O001808,2025-09-16,Apparel,46.59,0,3
O013854,2026-05-31,Apparel,78.63,0,6
O009252,2026-02-03,Apparel,87.47,0,3
O001484,2025-09-30,Apparel,34.75,0,2
O012370,2026-04-06,Apparel,41.33,0,3
O000069,2025-08-27,Apparel,83.32,0,2
O009311,2026-02-24,Apparel,65.73,1,2
O010547,2026-02-21,Home,94.87,0,3
O013032,2026-04-22,Electronics,235.67,0,2
O005164,2025-11-26,Electronics,202.02,0,5
O016566,2026-06-19,Home,51.89,0,3
O015403,2026-06-04,Apparel,76.78,0,2
O015990,2026-06-24,Electronics,165.56,0,3
O013113,2026-04-19,Electronics,83.45,0,3
O005555,2025-11-07,Home,74.39,0,4
O011089,2026-03-17,Apparel,87.45,0,4
O012525,2026-04-15,Apparel,40.37,0,4
O010845,2026-03-01,Apparel,25.79,0,4
O004065,2025-10-06,Home,61.6,0,3
O003533,2025-10-20,Electronics,220.52,0,3
O006049,2025-12-11,Apparel,88.7,0,4
O003062,2025-10-01,Apparel,71.74,0,3
O016264,2026-06-14,Electronics,174.23,0,4
O013492,2026-04-23,Home,8,0,2
O006483,2025-12-04,Apparel,72.68,0,3
O005535,2025-11-22,Home,115.36,0,3
O003693,2025-10-02,Electronics,112.32,0,2
O008529,2026-01-31,Electronics,161.16,0,3
O002109,2025-09-17,Electronics,63.41,0,5
O003354,2025-10-20,Electronics,138.48,0,2
O003469,2025-10-01,Electronics,249.94,1,4
O015648,2026-06-09,Apparel,105.76,1,1
O001606,2025-09-26,Apparel,27.88,0,4
O018184,2026-07-13,Home,140.71,0,4
O012700,2026-04-22,Apparel,46.86,0,4
O005490,2025-11-30,Home,81.12,0,1
O010614,2026-02-18,Home,76.73,0,4
O003966,2025-10-06,Home,61.22,0,5
O012346,2026-04-13,Apparel,57.52,0,4
O007867,2026-01-20,Apparel,78.76,0,3
O018282,2026-07-20,Home,105.39,0,4
O003554,2025-10-19,Electronics,227.91,0,5
O012045,2026-03-02,Home,86.14,0,1
O014757,2026-05-06,Electronics,192.24,0,1
O009008,2026-01-29,Home,62.08,0,3
O004648,2025-11-03,Apparel,91.11,0,4
O012629,2026-04-27,Apparel,17.8,0,4
O008338,2026-01-24,Electronics,8,0,4
O018362,2026-07-20,Home,78.28,0,2
O001400,2025-09-07,Apparel,87.21,0,4
O002532,2025-09-19,Home,172.76,0,5
O004012,2025-10-13,Home,26.09,0,6
O007292,2025-12-13,Home,140.28,0,3
O017011,2026-07-22,Apparel,38.08,0,4
O008366,2026-01-11,Electronics,221.39,0,2
O011661,2026-03-11,Electronics,114.37,0,4
O014296,2026-05-27,Apparel,62.1,0,5
O001303,2025-08-05,Home,43.45,0,3
O015335,2026-06-11,Apparel,81.41,0,4
O013235,2026-04-19,Electronics,210.81,0,1
O017973,2026-07-30,Electronics,163.07,0,3
O003681,2025-10-17,Electronics,106.57,0,3
O014119,2026-05-24,Apparel,67.55,0,2
O017762,2026-07-20,Electronics,114.42,0,2
O011523,2026-03-03,Electronics,176.11,0,6
O015412,2026-06-18,Apparel,73.85,0,3
O016386,2026-06-07,Electronics,148.01,0,3
O007664,2025-12-01,Home,99.34,0,3
O009621,2026-02-01,Apparel,103.36,1,4
O004833,2025-11-19,Electronics,208.13,0,2
O017584,2026-07-26,Electronics,159.93,0,4
O005130,2025-11-29,Electronics,222.23,0,3
O005594,2025-11-29,Home,98.74,0,7
O003580,2025-10-20,Electronics,112.06,0,3
O012709,2026-04-11,Apparel,68.4,0,3
O001392,2025-09-29,Apparel,92.3,1,4
O014747,2026-05-27,Electronics,156.97,0,3
O014280,2026-05-16,Apparel,31.68,0,3
O013697,2026-05-19,Apparel,89.74,0,3
O014570,2026-05-03,Electronics,8,0,2
O005680,2025-11-01,Home,150.01,0,5
O006739,2025-12-28,Electronics,99.1,0,4
O006670,2025-12-07,Electronics,91.11,0,4
O018205,2026-07-11,Home,56.69,0,4
O009705,2026-02-26,Apparel,52.57,0,5
O011191,2026-03-05,Apparel,145.44,0,3
O000968,2025-08-26,Home,8,0,5
O002496,2025-09-03,Home,119.1,0,5
O005913,2025-12-26,Apparel,94.98,0,2
O016214,2026-06-28,Electronics,42.09,0,5
O010585,2026-02-15,Home,22.5,1,3
O016556,2026-06-14,Home,98.02,0,2
O007984,2026-01-07,Apparel,51.71,0,4
O007856,2026-01-16,Apparel,67.94,0,4
O006726,2025-12-29,Electronics,181.39,1,3
O010077,2026-02-07,Electronics,133.33,0,2
O009361,2026-02-21,Apparel,105.95,1,3
O009055,2026-01-01,Home,21.27,1,3
O013234,2026-04-23,Electronics,239.8,0,2
O000114,2025-08-17,Apparel,73.17,0,5
O006429,2025-12-09,Apparel,52.71,0,4
O006704,2025-12-09,Electronics,116.41,0,1
O017280,2026-07-19,Apparel,54.56,1,4
O008012,2026-01-15,Apparel,74.13,0,4
O000187,2025-08-03,Apparel,52.71,0,3
O000605,2025-08-22,Electronics,233.14,0,4
O007330,2025-12-18,Home,113.81,0,3
O008277,2026-01-27,Apparel,99.11,0,3
O015300,2026-06-20,Apparel,40.4,0,2
O015478,2026-06-29,Apparel,27.84,0,4
O010760,2026-03-26,Apparel,26.55,0,3
O017193,2026-07-28,Apparel,83.53,0,4
O004043,2025-10-20,Home,29.08,0,5
O008310,2026-01-25,Apparel,27.32,0,3
O003588,2025-10-05,Electronics,179.0,0,3
O011437,2026-03-03,Electronics,163.58,0,3
O015279,2026-06-05,Apparel,48.59,0,4
O001516,2025-09-25,Apparel,30.87,1,4
O014311,2026-05-20,Apparel,42.63,0,4
O016180,2026-06-27,Electronics,130.88,1,3
O016166,2026-06-14,Electronics,69.23,0,2
O017513,2026-07-10,Electronics,160.04,0,2
O016419,2026-06-22,Home,67.0,0,3
O004708,2025-11-23,Apparel,48.83,0,5
O002162,2025-09-26,Electronics,184.16,0,2
O006134,2025-12-13,Apparel,86.0,1,1
O006485,2025-12-20,Apparel,40.47,1,1
O015425,2026-06-20,Apparel,78.7,0,5
O001060,2025-08-08,Home,91.8,0,3
O017496,2026-07-20,Electronics,226.48,0,2
O017954,2026-07-31,Electronics,142.53,0,3
O013224,2026-04-06,Electronics,164.43,0,2
O009965,2026-02-19,Electronics,213.86,0,3
O005034,2025-11-30,Electronics,152.94,1,2
O013916,2026-05-15,Apparel,29.48,0,1
O003942,2025-10-09,Home,8,1,2
O016361,2026-06-13,Electronics,192.37,0,4
O009295,2026-02-22,Apparel,56.19,0,3
O000678,2025-08-15,Electronics,233.95,0,3
O003856,2025-10-11,Home,56.0,0,2
O013754,2026-05-09,Apparel,85.46,0,1
O014611,2026-05-12,Electronics,189.32,0,1
O015808,2026-06-19,Apparel,85.18,0,1
O013677,2026-04-08,Home,41.43,0,3
O013927,2026-05-07,Apparel,83.56,0,3
O001036,2025-08-16,Home,51.95,0,5
O015728,2026-06-26,Apparel,114.02,0,4
O012997,2026-04-18,Electronics,179.06,0,2
O002954,2025-10-14,Apparel,63.64,0,3
O010943,2026-03-12,Apparel,75.59,0,4
O003530,2025-10-13,Electronics,191.41,0,1
O000652,2025-08-15,Electronics,60.34,0,4
O010900,2026-03-31,Apparel,94.76,0,2
O007098,2025-12-20,Electronics,105.13,0,3
O006786,2025-12-26,Electronics,157.07,0,2
O003623,2025-10-11,Electronics,22.73,0,4
O009521,2026-02-15,Apparel,41.9,1,3
O009511,2026-02-14,Apparel,71.07,0,7
O015688,2026-06-06,Apparel,80.75,1,2
O012196,2026-04-20,Apparel,78.06,0,5
O010435,2026-02-08,Home,84.27,0,3
O010579,2026-02-20,Home,50.68,0,4
O002148,2025-09-18,Electronics,8,0,4
O012658,2026-04-12,Apparel,48.09,1,2
O008586,2026-01-20,Electronics,201.51,1,3
O007181,2025-12-25,Electronics,71.53,0,3
O017725,2026-07-06,Electronics,172.93,0,1
O013141,2026-04-17,Electronics,228.52,0,2
O011401,2026-03-02,Electronics,212.73,0,3
O006882,2025-12-23,Electronics,257.63,0,5
O010257,2026-02-18,Electronics,126.0,0,3
O008992,2026-01-20,Home,99.04,0,2
O001883,2025-09-05,Electronics,127.91,0,4
O005105,2025-11-14,Electronics,187.68,0,3
O010117,2026-02-02,Electronics,75.94,0,4
O012376,2026-04-15,Apparel,37.29,0,4
O017103,2026-07-26,Apparel,103.68,0,3
O015167,2026-05-21,Home,112.32,0,2
O007350,2025-12-26,Home,56.56,0,4
O008601,2026-01-22,Electronics,134.43,0,4
O013887,2026-05-21,Apparel,97.59,0,3
O002960,2025-10-07,Apparel,61.6,0,4
O013913,2026-05-10,Apparel,43.99,0,4
O015819,2026-06-02,Apparel,68.43,1,3
O013685,2026-05-29,Apparel,79.42,0,1
O008574,2026-01-16,Electronics,130.14,0,4
O004432,2025-11-30,Apparel,70.36,0,3
O007486,2025-12-24,Home,78.64,0,3
O016184,2026-06-04,Electronics,170.64,0,5
O010609,2026-02-03,Home,101.26,1,3
O016327,2026-06-13,Electronics,230.94,1,2
O016688,2026-06-13,Home,95.32,0,2
O018059,2026-07-01,Home,129.32,0,3
O016595,2026-06-30,Home,70.28,0,4
O002592,2025-09-29,Home,41.38,0,4
O009269,2026-02-07,Apparel,99.0,0,3
O012909,2026-04-05,Electronics,115.19,0,3
O013536,2026-04-13,Home,68.96,0,3
O003738,2025-10-14,Home,65.73,0,7
O012137,2026-03-02,Home,91.83,0,3
O016353,2026-06-15,Electronics,270.49,1,3
O017431,2026-07-01,Apparel,109.87,0,4
O004334,2025-11-26,Apparel,39.07,0,2
O002059,2025-09-29,Electronics,112.96,1,3
O017772,2026-07-11,Electronics,34.7,1,3
O004581,2025-11-01,Apparel,10.42,0,4
O003247,2025-10-26,Apparel,20.43,1,3
O014400,2026-05-23,Electronics,157.55,0,4
O014364,2026-05-02,Electronics,96.25,0,2
O004002,2025-10-11,Home,53.09,0,5
O004695,2025-11-28,Apparel,62.71,0,1
O012026,2026-03-25,Home,75.84,0,4
O017281,2026-07-01,Apparel,39.24,0,2
O005424,2025-11-02,Home,10.44,0,4
O014969,2026-05-24,Home,72.84,0,3
O014175,2026-05-26,Apparel,86.54,1,2
O011653,2026-03-01,Electronics,235.81,0,3
O009244,2026-02-26,Apparel,35.48,1,3
O016627,2026-06-27,Home,53.73,0,3
O012979,2026-04-08,Electronics,85.62,0,3
O000126,2025-08-05,Apparel,30.2,0,3
O012115,2026-03-21,Home,70.56,0,4
O003662,2025-10-19,Electronics,175.53,0,1
O006424,2025-12-09,Apparel,95.91,0,4
O018292,2026-07-12,Home,62.42,0,4
O013277,2026-04-29,Home,50.5,1,2
O012808,2026-04-24,Electronics,192.29,0,4
O003316,2025-10-10,Electronics,187.59,0,3
O006373,2025-12-05,Apparel,81.05,1,4
O008948,2026-01-23,Home,48.63,0,3
O009938,2026-02-10,Electronics,81.6,0,2
O009656,2026-02-21,Apparel,73.41,0,3
O000124,2025-08-07,Apparel,63.69,0,2
O008061,2026-01-07,Apparel,58.69,1,3
O001268,2025-08-11,Home,81.2,0,4
O012354,2026-04-23,Apparel,49.56,0,3
O018249,2026-07-04,Home,71.99,0,5
O000702,2025-08-17,Electronics,167.73,0,4
O008517,2026-01-30,Electronics,224.02,0,6
O004086,2025-10-02,Home,11.66,0,4
O008093,2026-01-15,Apparel,86.28,0,3
O017365,2026-07-10,Apparel,92.18,0,4
O015174,2026-05-01,Home,122.7,0,4
O011713,2026-03-26,Electronics,125.86,0,3
O013923,2026-05-20,Apparel,44.35,0,6
O016385,2026-06-11,Electronics,204.85,0,3
O007859,2026-01-18,Apparel,48.17,1,4
O011891,2026-03-24,Home,49.46,0,4
O011050,2026-03-30,Apparel,41.02,0,2
O006195,2025-12-05,Apparel,28.55,0,3
O010006,2026-02-04,Electronics,127.68,0,3
O015984,2026-06-15,Electronics,132.8,0,3
O005169,2025-11-06,Electronics,39.34,0,3
O009152,2026-01-31,Home,142.9,1,2
O007954,2026-01-12,Apparel,58.37,0,4
O004830,2025-11-11,Electronics,58.19,0,2
O014212,2026-05-04,Apparel,115.72,0,3
O016607,2026-06-22,Home,8,0,3
O004721,2025-11-20,Apparel,49.15,1,4
O016911,2026-07-31,Apparel,44.35,0,2
O010669,2026-02-04,Home,49.99,0,4
O004038,2025-10-23,Home,84.41,0,1
O007965,2026-01-03,Apparel,57.95,1,4
O008472,2026-01-22,Electronics,264.89,1,3
O003404,2025-10-19,Electronics,200.71,0,5
O002984,2025-10-12,Apparel,71.22,0,4
O004285,2025-11-01,Apparel,50.25,0,2
O016755,2026-06-01,Home,72.74,0,4
O009508,2026-02-25,Apparel,31.92,0,3
O009357,2026-02-07,Apparel,26.23,0,4
O013342,2026-04-22,Home,99.72,0,1
O005141,2025-11-29,Electronics,158.89,1,3
O016001,2026-06-12,Electronics,144.6,0,4
O001201,2025-08-26,Home,41.23,0,2
O018311,2026-07-22,Home,55.47,1,3
O006088,2025-12-14,Apparel,55.49,0,2
O018273,2026-07-28,Home,69.19,0,2
O004772,2025-11-07,Electronics,146.21,0,4
O001479,2025-09-10,Apparel,68.55,0,5
O010769,2026-03-16,Apparel,84.74,0,3
O011114,2026-03-11,Apparel,76.69,0,3
O008448,2026-01-17,Electronics,161.96,0,3
O004476,2025-11-25,Apparel,38.85,0,3
O009650,2026-02-13,Apparel,40.15,0,3
O006986,2025-12-27,Electronics,132.83,0,4
O017716,2026-07-05,Electronics,178.81,0,1
O011069,2026-03-30,Apparel,54.91,0,2
O003749,2025-10-03,Home,73.33,0,4
O004999,2025-11-23,Electronics,112.88,0,4
O014233,2026-05-06,Apparel,20.11,0,4
O002716,2025-10-10,Apparel,131.69,0,4
O016676,2026-06-12,Home,108.88,0,3
O007226,2025-12-24,Home,80.59,0,2
O016144,2026-06-10,Electronics,240.33,0,2
O014902,2026-05-22,Home,77.69,0,2
O007405,2025-12-16,Home,116.25,0,5
O002710,2025-09-11,Home,82.98,0,4
O008937,2026-01-15,Home,104.69,0,5
O003103,2025-10-14,Apparel,71.27,0,2
O012118,2026-03-28,Home,113.11,0,4
O016646,2026-06-13,Home,113.82,0,3
O008135,2026-01-17,Apparel,64.01,1,3
O015350,2026-06-14,Apparel,110.86,0,2
O015695,2026-06-25,Apparel,8,0,4
O014791,2026-05-16,Electronics,104.77,0,2
O003515,2025-10-18,Electronics,186.09,1,3
O002443,2025-09-20,Home,106.0,1,3
O006587,2025-12-04,Electronics,79.23,0,3
O014339,2026-05-27,Electronics,174.13,0,3
O017738,2026-07-17,Electronics,179.66,0,3
O014813,2026-05-18,Home,78.32,0,5
O003816,2025-10-01,Home,147.89,0,2
O003239,2025-10-19,Apparel,52.7,1,3
O003729,2025-10-31,Electronics,218.42,0,3
O000371,2025-08-05,Apparel,59.07,0,5
O007618,2025-12-31,Home,80.07,0,3
O005452,2025-11-14,Home,74.77,0,3
O008923,2026-01-30,Home,62.1,0,2
O015910,2026-06-23,Electronics,198.64,0,3
O012681,2026-04-28,Apparel,63.07,0,2
O005374,2025-11-26,Home,114.48,0,1
O016612,2026-06-07,Home,72.77,0,2
O009643,2026-02-03,Apparel,58.04,0,4
O009704,2026-02-27,Apparel,93.17,1,2
O014990,2026-05-11,Home,143.73,0,4
O001091,2025-08-22,Home,97.06,0,4
O016977,2026-07-24,Apparel,81.0,0,2
O008442,2026-01-31,Electronics,76.73,0,3
O014495,2026-05-30,Electronics,158.02,0,3
O011543,2026-03-07,Electronics,266.1,0,4
O003607,2025-10-01,Electronics,50.62,0,2
O009217,2026-02-09,Apparel,8,0,3
O017550,2026-07-31,Electronics,230.69,0,3
O009746,2026-02-26,Apparel,78.55,0,4
O015466,2026-06-10,Apparel,29.55,0,4
O013675,2026-04-05,Home,99.58,1,2
O009127,2026-01-19,Home,17.89,0,2
O011626,2026-03-09,Electronics,243.92,0,4
O008943,2026-01-26,Home,94.73,0,5
O000445,2025-08-26,Apparel,73.95,0,2
O008832,2026-01-03,Home,51.87,0,2
O000119,2025-08-13,Apparel,73.4,1,3
O001581,2025-09-19,Apparel,56.89,0,3
O015191,2026-05-14,Home,39.34,0,3
O017090,2026-07-06,Apparel,37.29,0,3
O006308,2025-12-12,Apparel,49.17,0,4
O006947,2025-12-19,Electronics,138.36,0,4
O004053,2025-10-11,Home,80.05,0,3
O013362,2026-04-10,Home,152.38,0,1
O010052,2026-02-14,Electronics,146.73,0,3
O009571,2026-02-24,Apparel,53.63,0,3
O007847,2026-01-13,Apparel,48.53,1,3
O015642,2026-06-29,Apparel,96.75,0,3
O015361,2026-06-25,Apparel,90.65,0,3
O012290,2026-04-08,Apparel,21.88,0,2
O008355,2026-01-07,Electronics,226.12,0,4
O009378,2026-02-25,Apparel,25.27,1,3
O016375,2026-06-08,Electronics,198.76,0,5
O009915,2026-02-27,Electronics,183.57,0,5
O013944,2026-05-21,Apparel,100.91,0,3
O015994,2026-06-22,Electronics,42.06,0,2
O009320,2026-02-19,Apparel,87.15,0,3
O015905,2026-06-04,Electronics,129.11,0,2
O005983,2025-12-28,Apparel,86.98,1,2
O005837,2025-12-10,Apparel,96.1,0,4
O009173,2026-01-12,Home,29.48,0,3
O015953,2026-06-21,Electronics,219.99,0,1
O004379,2025-11-18,Apparel,61.56,1,4
O018428,2026-07-20,Home,77.63,0,2
O008611,2026-01-28,Electronics,13.21,0,4
O004914,2025-11-28,Electronics,235.78,0,2
O010865,2026-03-05,Apparel,32.21,0,4
O007566,2025-12-23,Home,92.17,1,1
O010892,2026-03-01,Apparel,42.45,0,5
O004362,2025-11-19,Apparel,74.76,0,2
O002822,2025-10-12,Apparel,41.93,0,3
O013414,2026-04-22,Home,131.07,0,1
O003598,2025-10-17,Electronics,134.3,0,4
O006502,2025-12-16,Apparel,64.38,0,6
O007252,2025-12-15,Home,74.86,1,4
O007062,2025-12-13,Electronics,104.57,0,2
O015619,2026-06-01,Apparel,91.01,0,4
O009933,2026-02-22,Electronics,144.75,0,3
O015185,2026-05-01,Home,106.76,0,5
O000776,2025-08-18,Electronics,230.42,0,4
O010908,2026-03-28,Apparel,55.21,0,1
O011630,2026-03-23,Electronics,47.52,0,4
O003720,2025-10-08,Electronics,209.41,0,3
O017936,2026-07-05,Electronics,162.21,1,2
O011545,2026-03-14,Electronics,99.41,0,4
O009764,2026-02-28,Apparel,68.6,0,2
O000183,2025-08-18,Apparel,14.23,0,1
O017105,2026-07-27,Apparel,68.98,0,4
O002226,2025-09-07,Electronics,176.75,0,3
O005404,2025-11-21,Home,96.55,0,5
O011369,2026-03-31,Electronics,79.69,0,1
O009374,2026-02-05,Apparel,75.53,0,3
O000841,2025-08-09,Electronics,152.58,0,3
O011695,2026-03-06,Electronics,87.72,0,4
O013010,2026-04-20,Electronics,264.21,0,4
O001448,2025-09-04,Apparel,58.63,0,2
O013520,2026-04-12,Home,34.29,0,4
O005321,2025-11-11,Home,132.51,0,3
O007359,2025-12-13,Home,82.79,0,4
O001649,2025-09-28,Apparel,61.94,0,3
O016359,2026-06-24,Electronics,165.1,0,5
O004040,2025-10-26,Home,111.29,0,4
O000925,2025-08-03,Electronics,149.05,0,3
O010487,2026-02-05,Home,102.78,0,1
O014139,2026-05-22,Apparel,91.33,0,4
O012652,2026-04-19,Apparel,94.39,0,4
O002411,2025-09-29,Home,119.07,0,2
O009229,2026-02-01,Apparel,25.54,0,4
O010984,2026-03-25,Apparel,37.48,0,3
O009468,2026-02-20,Apparel,60.81,0,3
O017238,2026-07-23,Apparel,49.49,0,5
O013941,2026-05-01,Apparel,94.04,0,3
O015077,2026-05-05,Home,104.34,0,3
O011976,2026-03-20,Home,86.81,0,3
O003312,2025-10-12,Electronics,190.82,0,3
O002964,2025-10-31,Apparel,44.19,0,4
O018161,2026-07-17,Home,66.12,0,2
O002452,2025-09-30,Home,136.86,0,4
O010970,2026-03-11,Apparel,90.06,1,4
O001810,2025-09-30,Apparel,59.07,0,4
O017169,2026-07-20,Apparel,102.46,1,1
O008400,2026-01-28,Electronics,52.31,0,3
O011286,2026-03-14,Electronics,169.4,0,2
O015282,2026-06-15,Apparel,8,0,3
O005538,2025-11-22,Home,114.01,0,4
O005041,2025-11-12,Electronics,224.31,0,4
O014259,2026-05-12,Apparel,34.5,1,3
O009414,2026-02-26,Apparel,8,0,5
O012389,2026-04-07,Apparel,8,0,3
O007142,2025-12-20,Electronics,200.51,0,2
O000341,2025-08-23,Apparel,72.12,0,4
O015269,2026-06-25,Apparel,81.2,0,2
O008444,2026-01-26,Electronics,156.51,0,2
O005603,2025-11-03,Home,96.75,0,4
O000238,2025-08-18,Apparel,105.91,0,5
O005472,2025-11-02,Home,110.75,0,3
O001343,2025-09-15,Apparel,52.5,0,3
O017379,2026-07-25,Apparel,65.79,0,3
O014688,2026-05-19,Electronics,275.37,1,1
O004096,2025-10-14,Home,77.94,0,4
O009545,2026-02-15,Apparel,26.76,0,1
O013298,2026-04-27,Home,102.96,0,3
O006135,2025-12-09,Apparel,95.82,0,2
O007644,2025-12-25,Home,8,1,2
O006438,2025-12-14,Apparel,66.63,0,5
O014762,2026-05-20,Electronics,167.15,0,2
O016174,2026-06-25,Electronics,90.65,1,2
O000842,2025-08-09,Electronics,190.78,0,6
O009616,2026-02-22,Apparel,81.03,1,3
O010480,2026-02-21,Home,13.92,0,5
O002229,2025-09-26,Electronics,194.69,0,3
O006302,2025-12-23,Apparel,39.13,0,4
O002328,2025-09-28,Electronics,107.31,0,4
O004749,2025-11-26,Apparel,49.83,0,5
O005494,2025-11-23,Home,17.63,0,5
O011858,2026-03-26,Home,99.97,0,3
O000447,2025-08-23,Apparel,117.11,0,5
O004902,2025-11-16,Electronics,55.79,0,5
O016312,2026-06-13,Electronics,148.61,0,3
O005289,2025-11-21,Electronics,134.73,0,4
O001428,2025-09-19,Apparel,31.58,0,5
O000520,2025-08-01,Apparel,64.29,0,3
O009589,2026-02-15,Apparel,97.48,0,3
O002190,2025-09-07,Electronics,166.42,0,5
O001279,2025-08-21,Home,114.56,0,5
O002885,2025-10-06,Apparel,31.56,0,5
O013962,2026-05-01,Apparel,108.48,0,1
O006930,2025-12-30,Electronics,95.72,0,3
O004472,2025-11-23,Apparel,89.06,0,3
O011718,2026-03-06,Electronics,128.04,0,2
O001692,2025-09-22,Apparel,89.15,0,4
O002579,2025-09-14,Home,79.01,0,4
O007850,2026-01-12,Apparel,72.98,0,2
O000636,2025-08-27,Electronics,8,1,2
O007521,2025-12-03,Home,55.58,0,3
O017354,2026-07-01,Apparel,86.38,0,3
O011576,2026-03-03,Electronics,98.76,0,2
O006597,2025-12-08,Electronics,85.79,0,4
O014577,2026-05-15,Electronics,232.4,0,3
O017841,2026-07-11,Electronics,213.66,0,2
O009844,2026-02-26,Electronics,279.15,0,3
O001314,2025-08-25,Home,189.69,0,4
O009790,2026-02-27,Apparel,37.16,0,1
O014056,2026-05-14,Apparel,75.22,0,4
O014135,2026-05-07,Apparel,42.26,0,3
O001633,2025-09-24,Apparel,93.18,0,5
O008133,2026-01-29,Apparel,16.16,0,4
O007286,2025-12-27,Home,139.15,0,2
O006464,2025-12-28,Apparel,51.97,0,4
O002324,2025-09-17,Electronics,131.49,0,4
O016496,2026-06-30,Home,88.97,0,4
O001007,2025-08-06,Home,103.08,0,2
O006126,2025-12-13,Apparel,27.78,0,4
O008488,2026-01-24,Electronics,90.14,0,3
O012280,2026-04-02,Apparel,142.42,1,4
O017469,2026-07-08,Apparel,99.16,0,5
O005094,2025-11-15,Electronics,96.19,0,3
O001308,2025-08-26,Home,8,0,3
O012868,2026-04-12,Electronics,99.02,0,5
O011278,2026-03-16,Apparel,102.54,0,5
O008998,2026-01-05,Home,58.49,0,2
O006577,2025-12-16,Electronics,207.82,0,4
O004549,2025-11-08,Apparel,62.82,0,3
O007091,2025-12-22,Electronics,209.81,0,2
O007890,2026-01-17,Apparel,27.87,0,3
O005591,2025-11-30,Home,24.07,0,3
O009379,2026-02-12,Apparel,68.76,0,3
O011178,2026-03-23,Apparel,83.3,1,4
O018337,2026-07-26,Home,65.34,0,3
O015733,2026-06-30,Apparel,61.2,0,5
O015570,2026-06-13,Apparel,35.43,1,2
O001591,2025-09-20,Apparel,69.41,1,3
O001228,2025-08-06,Home,67.42,0,5
O003148,2025-10-01,Apparel,114.71,0,3
O010233,2026-02-19,Electronics,208.92,0,3
O004950,2025-11-13,Electronics,68.55,0,4
O014376,2026-05-19,Electronics,8,0,2
O006231,2025-12-22,Apparel,23.04,0,2
O006334,2025-12-08,Apparel,45.18,0,4
O011240,2026-03-06,Apparel,78.53,1,4
O017183,2026-07-14,Apparel,30.77,0,4
O014700,2026-05-24,Electronics,139.64,0,2
O011014,2026-03-25,Apparel,80.21,1,3
O013852,2026-05-03,Apparel,65.52,0,2
O014696,2026-05-16,Electronics,254.8,0,4
O010771,2026-03-18,Apparel,50.69,0,1
O012456,2026-04-13,Apparel,40.88,0,3
O018048,2026-07-22,Home,88.94,0,2
O012895,2026-04-11,Electronics,107.68,0,2
O001090,2025-08-27,Home,118.93,0,4
O006695,2025-12-30,Electronics,236.54,0,1
O013153,2026-04-09,Electronics,171.13,0,2
O010988,2026-03-16,Apparel,58.36,0,4
O011467,2026-03-11,Electronics,134.86,0,4
O014637,2026-05-29,Electronics,133.06,0,4
O008580,2026-01-21,Electronics,277.21,1,3
O010323,2026-02-20,Home,80.26,0,4
O003166,2025-10-31,Apparel,55.35,1,3
O005632,2025-11-12,Home,82.3,0,1
O012446,2026-04-19,Apparel,51.78,0,4
O008266,2026-01-20,Apparel,56.66,0,3
O002735,2025-10-15,Apparel,137.87,0,3
O006149,2025-12-10,Apparel,73.86,0,5
O007324,2025-12-17,Home,95.84,0,4
O011898,2026-03-22,Home,47.93,0,1
O001264,2025-08-06,Home,85.29,0,2
O017064,2026-07-09,Apparel,103.46,0,3
O017084,2026-07-04,Apparel,49.94,0,3
O004967,2025-11-05,Electronics,271.8,0,4
O003672,2025-10-03,Electronics,88.28,0,3
O000712,2025-08-07,Electronics,316.7,0,5
O014537,2026-05-24,Electronics,222.9,0,4
O008534,2026-01-25,Electronics,196.73,0,4
O014987,2026-05-11,Home,98.3,0,3
O007351,2025-12-08,Home,8,0,1
O014648,2026-05-05,Electronics,150.54,0,2
O017806,2026-07-31,Electronics,152.44,0,5
O005559,2025-11-16,Home,51.84,0,4
O002133,2025-09-15,Electronics,104.06,0,2
O009842,2026-02-24,Electronics,197.56,0,3
O007758,2026-01-28,Apparel,36.96,1,3
O009318,2026-02-27,Apparel,58.88,0,2
O000746,2025-08-17,Electronics,203.61,0,5
O002654,2025-09-18,Home,60.25,0,3
O006027,2025-12-11,Apparel,94.52,1,2
O014130,2026-05-10,Apparel,63.69,0,3
O013940,2026-05-07,Apparel,68.16,0,3
O004082,2025-10-24,Home,59.21,0,2
O004238,2025-11-12,Apparel,47.98,0,5
O008867,2026-01-16,Home,31.81,0,4
O010819,2026-03-17,Apparel,61.55,0,4
O006067,2025-12-28,Apparel,80.78,0,5
O007895,2026-01-24,Apparel,58.74,0,1
O000756,2025-08-23,Electronics,203.36,0,1
O010207,2026-02-13,Electronics,104.08,0,3
O013200,2026-04-21,Electronics,163.05,0,2
O012561,2026-04-23,Apparel,89.49,0,4
O004753,2025-11-01,Apparel,56.29,0,6
O013983,2026-05-04,Apparel,75.17,0,5
O010291,2026-02-11,Home,98.29,0,4
O014086,2026-05-29,Apparel,44.93,1,5
O014809,2026-05-27,Electronics,139.92,0,4
O001812,2025-09-10,Apparel,59.48,0,4
O004517,2025-11-25,Apparel,50.61,0,3
O013086,2026-04-24,Electronics,150.77,0,2
O012837,2026-04-14,Electronics,125.37,0,3
O006995,2025-12-18,Electronics,134.62,0,2
O009911,2026-02-27,Electronics,97.43,0,6
O003771,2025-10-28,Home,117.15,0,2
O011638,2026-03-31,Electronics,52.25,0,1
O018366,2026-07-26,Home,126.07,0,1
O006016,2025-12-18,Apparel,95.54,1,4
O001163,2025-08-01,Home,65.49,0,4
O005708,2025-11-16,Home,110.42,0,3
O016190,2026-06-10,Electronics,154.96,0,3
O007937,2026-01-12,Apparel,58.33,1,3
O001104,2025-08-02,Home,64.32,0,3
O009590,2026-02-22,Apparel,58.37,0,3
O004523,2025-11-11,Apparel,62.53,0,2
O006267,2025-12-20,Apparel,52.7,0,4
O010647,2026-02-02,Home,79.44,0,4
O005340,2025-11-13,Home,75.33,0,1
O009447,2026-02-23,Apparel,70.43,0,5
O012423,2026-04-15,Apparel,39.58,1,5
O007889,2026-01-11,Apparel,58.14,0,3
O015792,2026-06-15,Apparel,68.14,0,2
O016742,2026-06-11,Home,121.65,0,2
O001914,2025-09-27,Electronics,8,0,5
O009438,2026-02-09,Apparel,30.94,1,4
O013092,2026-04-14,Electronics,265.5,0,4
O017322,2026-07-12,Apparel,63.73,0,3
O005785,2025-12-21,Apparel,58.58,0,3
O000971,2025-08-18,Home,147.0,0,2
O006636,2025-12-20,Electronics,174.88,0,3
O003076,2025-10-20,Apparel,84.95,0,4
O017544,2026-07-16,Electronics,87.2,0,3
O002985,2025-10-11,Apparel,14.55,0,3
O004893,2025-11-27,Electronics,92.5,0,3
O003830,2025-10-28,Home,70.8,0,4
O001160,2025-08-07,Home,150.19,0,5
O000735,2025-08-28,Electronics,122.05,0,4
O016417,2026-06-17,Home,103.14,0,4
O001261,2025-08-16,Home,86.85,0,5
O005656,2025-11-24,Home,116.4,0,4
O000882,2025-08-02,Electronics,243.55,0,2
O006039,2025-12-25,Apparel,51.27,0,3
O007083,2025-12-16,Electronics,108.86,0,4
O006976,2025-12-12,Electronics,74.64,1,3
O000556,2025-08-30,Electronics,237.04,0,4
O005246,2025-11-12,Electronics,114.61,0,3
O010369,2026-02-22,Home,134.19,0,4
O000263,2025-08-18,Apparel,97.25,0,4
O006988,2025-12-16,Electronics,179.27,0,5
O017850,2026-07-17,Electronics,173.04,0,3
O011054,2026-03-17,Apparel,105.93,0,5
O007388,2025-12-14,Home,75.59,1,4
O013467,2026-04-20,Home,38.44,0,4
O008169,2026-01-08,Apparel,82.3,0,4
O006391,2025-12-14,Apparel,64.86,0,2
O004803,2025-11-04,Electronics,109.05,0,2
O001153,2025-08-28,Home,71.99,0,4
O004572,2025-11-03,Apparel,56.64,0,6
O013695,2026-05-10,Apparel,84.38,0,4
O002457,2025-09-21,Home,44.81,0,4
O014266,2026-05-26,Apparel,55.71,0,5
O000887,2025-08-28,Electronics,269.05,0,3
O009466,2026-02-13,Apparel,63.5,0,4
O016939,2026-07-14,Apparel,29.01,0,3
O012073,2026-03-09,Home,71.99,1,4
O009302,2026-02-21,Apparel,101.0,0,3
O005449,2025-11-10,Home,138.86,0,3
O002399,2025-09-14,Home,30.34,0,4
O011739,2026-03-15,Electronics,133.46,0,5
O013895,2026-05-14,Apparel,62.73,0,3
O005005,2025-11-09,Electronics,219.43,0,2
O004542,2025-11-03,Apparel,55.68,0,4
O014678,2026-05-28,Electronics,245.26,0,1
O010709,2026-03-10,Apparel,56.59,1,3
O001719,2025-09-14,Apparel,78.14,0,3
O007337,2025-12-05,Home,137.13,0,3
O014915,2026-05-13,Home,48.12,0,4
O014701,2026-05-26,Electronics,161.33,0,3
O013886,2026-05-20,Apparel,50.05,1,2
O011813,2026-03-13,Home,57.69,0,3
O000524,2025-08-22,Electronics,125.05,0,3
O013843,2026-05-31,Apparel,8,0,3
O016309,2026-06-09,Electronics,233.87,0,3
O013140,2026-04-28,Electronics,90.57,0,5
O000578,2025-08-14,Electronics,177.38,0,2
O000585,2025-08-28,Electronics,148.72,0,4
O011642,2026-03-12,Electronics,219.77,0,2
O002831,2025-10-15,Apparel,72.88,0,1
O003612,2025-10-06,Electronics,166.09,0,1
O015260,2026-06-20,Apparel,48.8,0,4
O011908,2026-03-24,Home,147.11,0,3
O013555,2026-04-04,Home,106.85,0,3
O005900,2025-12-06,Apparel,8,0,5
O006291,2025-12-07,Apparel,34.1,1,2
O002045,2025-09-01,Electronics,111.06,0,4
O001463,2025-09-23,Apparel,88.94,0,3
O002645,2025-09-17,Home,104.26,0,3
O015026,2026-05-26,Home,79.71,0,4
O018156,2026-07-16,Home,8,0,3
O004356,2025-11-30,Apparel,39.0,0,2
O014622,2026-05-16,Electronics,305.86,0,3
O014217,2026-05-10,Apparel,123.58,0,3
O009733,2026-02-11,Apparel,89.04,0,2
O011445,2026-03-02,Electronics,127.56,0,4
O001326,2025-08-20,Home,121.03,0,5
O013627,2026-04-02,Home,89.52,0,1
O011930,2026-03-11,Home,44.95,0,4
O016132,2026-06-05,Electronics,199.32,0,1
O007669,2025-12-05,Home,97.76,0,4
O012974,2026-04-12,Electronics,94.97,0,1
O016227,2026-06-09,Electronics,186.55,0,3
O006581,2025-12-19,Electronics,207.92,0,4
O018039,2026-07-09,Home,98.97,1,2
O005358,2025-11-06,Home,63.04,0,4
O002613,2025-09-11,Home,46.22,0,3
O009463,2026-02-10,Apparel,78.24,0,2
O015839,2026-06-26,Apparel,37.83,0,2
O009975,2026-02-09,Electronics,128.66,0,3
O000400,2025-08-27,Apparel,89.67,1,2
O011503,2026-03-04,Electronics,103.73,0,2
O013433,2026-04-25,Home,102.65,0,2
O004149,2025-11-05,Apparel,38.62,0,4
O010801,2026-03-18,Apparel,63.38,0,5
O000739,2025-08-16,Electronics,133.76,0,2
O003439,2025-10-03,Electronics,186.47,1,2
O017396,2026-07-16,Apparel,47.95,0,2
O014643,2026-05-17,Electronics,180.23,0,3
O008382,2026-01-05,Electronics,277.46,0,2
O014202,2026-05-30,Apparel,42.81,1,3
O010985,2026-03-13,Apparel,84.48,0,4
O012124,2026-03-25,Home,94.16,1,4
O014796,2026-05-10,Electronics,190.35,0,2
O012018,2026-03-07,Home,55.05,0,4
O002456,2025-09-11,Home,133.22,0,4
O006249,2025-12-15,Apparel,99.4,0,4
O012299,2026-04-30,Apparel,96.62,0,2
O002879,2025-10-02,Apparel,121.98,0,4
O011047,2026-03-28,Apparel,58.61,0,4
O002054,2025-09-05,Electronics,152.03,0,4
O015914,2026-06-30,Electronics,8,1,4
O013231,2026-04-19,Electronics,95.0,0,2
O005016,2025-11-02,Electronics,60.05,0,3
O015281,2026-06-20,Apparel,96.82,0,4
O014553,2026-05-22,Electronics,93.96,0,3
O002040,2025-09-04,Electronics,207.13,0,3
O009924,2026-02-07,Electronics,49.32,0,1
O000555,2025-08-16,Electronics,136.0,0,4
O013057,2026-04-20,Electronics,83.35,0,3
O000272,2025-08-29,Apparel,41.69,0,3
O007660,2025-12-29,Home,14.74,0,2
O001359,2025-09-11,Apparel,25.24,0,5
O000839,2025-08-05,Electronics,199.72,0,2
O012691,2026-04-09,Apparel,68.53,0,3
O012473,2026-04-11,Apparel,34.21,0,2
O005373,2025-11-02,Home,132.78,1,2
O014042,2026-05-29,Apparel,91.58,0,1
O002326,2025-09-25,Electronics,212.83,0,5
O013301,2026-04-05,Home,96.63,0,6
O013790,2026-05-28,Apparel,81.14,0,2
O007903,2026-01-14,Apparel,90.98,0,4
O015771,2026-06-22,Apparel,111.31,0,1
O002439,2025-09-10,Home,70.81,0,3
O000415,2025-08-23,Apparel,79.11,0,2
O007475,2025-12-07,Home,110.25,0,4
O011744,2026-03-09,Electronics,127.9,0,4
O014947,2026-05-16,Home,114.81,0,2
O018348,2026-07-05,Home,74.13,0,1
O015424,2026-06-23,Apparel,50.16,1,4
O008549,2026-01-15,Electronics,251.15,0,3
O014174,2026-05-11,Apparel,55.45,0,3
O014853,2026-05-17,Home,83.2,0,4
O008956,2026-01-15,Home,74.56,0,3
O010360,2026-02-07,Home,136.78,0,5
O012163,2026-03-01,Home,8,0,4
O003019,2025-10-25,Apparel,109.96,0,5
O002779,2025-10-10,Apparel,47.19,0,3
O005568,2025-11-15,Home,65.94,0,2
O014962,2026-05-01,Home,32.64,0,3
O006488,2025-12-24,Apparel,40.39,1,3
O016619,2026-06-19,Home,60.12,0,5
O007100,2025-12-22,Electronics,168.22,0,2
O011725,2026-03-14,Electronics,85.8,0,3
O010948,2026-03-31,Apparel,72.09,1,3
O008859,2026-01-25,Home,91.15,1,4
O000913,2025-08-05,Electronics,266.47,0,2
O011641,2026-03-18,Electronics,113.92,0,4
O002662,2025-09-12,Home,14.06,0,2
O005394,2025-11-07,Home,93.14,0,4
O017533,2026-07-22,Electronics,203.63,1,1
O012331,2026-04-04,Apparel,63.8,1,4
O001274,2025-08-22,Home,108.25,0,4
O009279,2026-02-08,Apparel,122.61,0,3
O009728,2026-02-21,Apparel,80.86,0,3
O000292,2025-08-08,Apparel,76.96,0,3
O012883,2026-04-03,Electronics,147.1,0,2
O000214,2025-08-17,Apparel,52.12,0,3
O007022,2025-12-21,Electronics,48.08,1,6
O004360,2025-11-14,Apparel,11.8,0,5
O014018,2026-05-18,Apparel,15.73,1,4
O015555,2026-06-05,Apparel,59.67,0,2
O007028,2025-12-30,Electronics,164.66,0,4
O013749,2026-05-12,Apparel,87.64,0,3
O017650,2026-07-29,Electronics,262.25,0,2
O015842,2026-06-27,Apparel,50.16,0,5
O015882,2026-06-29,Apparel,34.6,0,3
O001681,2025-09-28,Apparel,94.62,0,3
O010523,2026-02-17,Home,46.57,0,5
O006840,2025-12-28,Electronics,172.52,0,1
O007743,2026-01-12,Apparel,79.48,1,4
O015149,2026-05-19,Home,52.2,0,3
O010550,2026-02-21,Home,102.93,0,2
O013175,2026-04-02,Electronics,197.0,0,4
O014565,2026-05-15,Electronics,111.82,0,4
O003026,2025-10-12,Apparel,34.19,0,2
O016690,2026-06-21,Home,90.63,0,3
O001015,2025-08-02,Home,40.53,0,3
O011934,2026-03-03,Home,10.49,0,1
O006875,2025-12-23,Electronics,180.35,0,3
O000719,2025-08-04,Electronics,207.5,0,4
O016221,2026-06-26,Electronics,74.1,0,2
O012412,2026-04-04,Apparel,15.93,0,2
O013720,2026-05-14,Apparel,49.45,0,3
O001699,2025-09-19,Apparel,76.54,0,4
O009927,2026-02-23,Electronics,166.38,0,5
O015239,2026-06-20,Apparel,77.66,0,2
O015136,2026-05-14,Home,117.51,0,2
O007897,2026-01-03,Apparel,33.89,0,3
O010641,2026-02-12,Home,49.98,0,1
O000345,2025-08-02,Apparel,80.91,0,4
O006799,2025-12-20,Electronics,137.82,0,5
O017140,2026-07-10,Apparel,56.17,0,2
O014691,2026-05-08,Electronics,207.97,0,3
O007421,2025-12-29,Home,125.55,0,5
O001876,2025-09-24,Apparel,45.06,0,1
O015751,2026-06-26,Apparel,115.22,0,2
O018096,2026-07-15,Home,112.71,0,4
O010010,2026-02-16,Electronics,171.97,0,2
O006271,2025-12-26,Apparel,79.56,0,3
O009035,2026-01-07,Home,57.02,0,3
O014073,2026-05-26,Apparel,104.89,0,4
O001384,2025-09-05,Apparel,109.07,0,4
O016888,2026-07-31,Apparel,49.84,0,1
O003480,2025-10-01,Electronics,62.2,0,4
O015144,2026-05-03,Home,112.51,1,2
O004051,2025-10-07,Home,68.13,0,4
O007293,2025-12-22,Home,83.98,0,4
O002575,2025-09-17,Home,105.5,0,2
O000606,2025-08-18,Electronics,326.19,0,3
O008276,2026-01-27,Apparel,91.99,0,5
O013338,2026-04-12,Home,63.06,0,1
O000479,2025-08-04,Apparel,8,0,4
O007957,2026-01-05,Apparel,27.38,1,2
O010394,2026-02-24,Home,113.32,0,1
O016269,2026-06-24,Electronics,130.15,0,2
O001861,2025-09-10,Apparel,112.68,1,3
O008067,2026-01-27,Apparel,68.15,0,2
O010209,2026-02-06,Electronics,264.76,0,4
O007530,2025-12-09,Home,80.13,0,4
O003102,2025-10-22,Apparel,28.98,0,4
O003000,2025-10-01,Apparel,62.63,0,1
O011817,2026-03-07,Home,68.9,0,2
O000743,2025-08-11,Electronics,150.63,0,2
O005691,2025-11-13,Home,126.59,0,2
O006946,2025-12-09,Electronics,268.7,0,2
O006298,2025-12-19,Apparel,18.01,0,3
O005158,2025-11-28,Electronics,222.15,0,4
O015661,2026-06-30,Apparel,28.11,0,2
O004808,2025-11-14,Electronics,146.28,0,3
O017640,2026-07-10,Electronics,144.9,0,1
O013561,2026-04-06,Home,37.99,0,1
O001267,2025-08-16,Home,37.16,0,1
O015271,2026-06-14,Apparel,75.32,0,3
O016827,2026-07-03,Apparel,80.35,0,3
O002091,2025-09-23,Electronics,142.42,0,4
O012472,2026-04-03,Apparel,86.09,0,2
O010027,2026-02-08,Electronics,130.1,0,5
O005503,2025-11-20,Home,120.83,0,3
O007442,2025-12-09,Home,86.72,0,1
O007999,2026-01-13,Apparel,54.35,0,4
O006250,2025-12-15,Apparel,94.26,1,4
O018429,2026-07-06,Home,93.15,0,4
O003929,2025-10-20,Home,77.85,0,3
O006680,2025-12-28,Electronics,118.24,0,1
O014687,2026-05-06,Electronics,210.32,0,3
O012767,2026-04-25,Apparel,70.23,0,2
O003430,2025-10-31,Electronics,218.2,0,3
O016636,2026-06-09,Home,93.84,0,2
O001834,2025-09-17,Apparel,52.08,0,2
O002068,2025-09-27,Electronics,153.08,0,3
O010162,2026-02-16,Electronics,162.05,0,2
O009685,2026-02-14,Apparel,57.39,0,3
O002962,2025-10-06,Apparel,44.3,1,4
O008370,2026-01-11,Electronics,114.01,0,2
O014289,2026-05-13,Apparel,69.63,0,4
O002743,2025-10-04,Apparel,97.4,0,4
O007683,2025-12-25,Home,66.12,0,3
O007674,2025-12-01,Home,102.96,0,4
O004884,2025-11-15,Electronics,231.09,0,4
O001444,2025-09-08,Apparel,10.61,1,5
O017072,2026-07-15,Apparel,53.7,0,4
O003893,2025-10-16,Home,91.91,0,4
O013633,2026-04-12,Home,74.99,0,4
O014027,2026-05-15,Apparel,47.94,1,3
O016969,2026-07-29,Apparel,17.66,0,3
O016090,2026-06-10,Electronics,145.65,0,2
O003778,2025-10-18,Home,43.98,0,4
O009142,2026-01-11,Home,103.73,0,1
O008284,2026-01-05,Apparel,42.78,0,4
O012239,2026-04-23,Apparel,37.41,0,3
O009903,2026-02-23,Electronics,213.08,0,1
O001778,2025-09-28,Apparel,64.74,0,5
O016943,2026-07-25,Apparel,8,0,4
O008726,2026-01-21,Electronics,216.73,0,4
O010902,2026-03-17,Apparel,63.02,0,3
O004979,2025-11-21,Electronics,231.74,0,3
O010305,2026-02-20,Home,141.65,0,2
O017979,2026-07-16,Electronics,327.59,0,5
O011136,2026-03-31,Apparel,51.62,0,3
O011676,2026-03-02,Electronics,103.66,0,1
O013693,2026-05-29,Apparel,41.18,0,3
O002393,2025-09-28,Home,123.98,0,4
O007001,2025-12-12,Electronics,35.75,0,5
O001867,2025-09-21,Apparel,50.62,0,1
O016218,2026-06-12,Electronics,153.82,0,3
O014148,2026-05-23,Apparel,57.66,0,5
O013505,2026-04-28,Home,51.79,0,2
O016219,2026-06-14,Electronics,134.82,0,3
O015908,2026-06-10,Electronics,222.12,0,2
O004072,2025-10-20,Home,90.53,1,6
O017063,2026-07-24,Apparel,32.85,0,4
O002269,2025-09-07,Electronics,183.46,0,4
O004386,2025-11-09,Apparel,74.43,0,4
O002147,2025-09-08,Electronics,76.07,0,5
O017115,2026-07-27,Apparel,72.89,0,5
O016202,2026-06-02,Electronics,137.96,0,4
O008241,2026-01-17,Apparel,65.62,1,5
O004232,2025-11-04,Apparel,83.84,0,2
O005608,2025-11-14,Home,91.17,0,3
O007952,2026-01-30,Apparel,69.18,0,6
O001538,2025-09-03,Apparel,54.76,0,4
O012067,2026-03-02,Home,72.83,0,5
O002424,2025-09-16,Home,8,0,3
O003223,2025-10-22,Apparel,32.67,0,2
O014914,2026-05-09,Home,35.56,0,3
O013038,2026-04-28,Electronics,253.1,0,1
O007789,2026-01-29,Apparel,28.55,0,4
O001297,2025-08-02,Home,79.41,0,2
O000013,2025-08-13,Apparel,59.41,0,4
O008288,2026-01-07,Apparel,70.09,0,5
O010922,2026-03-16,Apparel,47.2,0,3
O017978,2026-07-03,Electronics,200.45,0,1
O016302,2026-06-19,Electronics,137.79,0,1
O008938,2026-01-05,Home,120.1,0,3
O013294,2026-04-13,Home,146.54,0,5
O000818,2025-08-20,Electronics,175.76,0,5
O009793,2026-02-21,Apparel,73.26,0,2
O018309,2026-07-12,Home,63.82,1,3
O002382,2025-09-10,Home,38.62,0,4
O008309,2026-01-21,Apparel,57.58,1,3
O006760,2025-12-09,Electronics,234.2,0,3
O008550,2026-01-21,Electronics,211.11,0,3
O004415,2025-11-06,Apparel,56.77,0,5
O006527,2025-12-01,Electronics,229.91,0,3
O016186,2026-06-02,Electronics,58.93,0,2
O006746,2025-12-17,Electronics,139.09,0,2
O006770,2025-12-11,Electronics,135.04,0,5
O004989,2025-11-08,Electronics,183.62,0,5
O013269,2026-04-16,Home,114.71,1,5
O017803,2026-07-30,Electronics,80.76,1,1
O017048,2026-07-11,Apparel,49.0,0,2
O007615,2025-12-24,Home,72.62,0,5
O006779,2025-12-16,Electronics,148.0,0,5
O006997,2025-12-07,Electronics,48.98,0,2
O014805,2026-05-05,Electronics,81.0,0,3
O003384,2025-10-27,Electronics,118.76,0,5
O014001,2026-05-18,Apparel,81.83,0,2
O009944,2026-02-03,Electronics,152.44,0,3
O002087,2025-09-19,Electronics,85.18,0,3
O006314,2025-12-09,Apparel,84.22,0,4
O004341,2025-11-01,Apparel,19.49,0,2
O016985,2026-07-01,Apparel,76.91,0,4
O015381,2026-06-08,Apparel,74.22,0,3
O014889,2026-05-18,Home,8,0,1
O014745,2026-05-11,Electronics,126.79,0,4
O007444,2025-12-20,Home,58.33,0,2
O000715,2025-08-24,Electronics,196.7,0,4
O011465,2026-03-08,Electronics,149.13,0,1
O016328,2026-06-21,Electronics,174.14,0,2
O011390,2026-03-04,Electronics,142.11,0,3
O010328,2026-02-24,Home,96.05,0,2
O015980,2026-06-29,Electronics,126.48,0,5
O001363,2025-09-07,Apparel,8,0,4
O011557,2026-03-28,Electronics,201.28,0,4
O017683,2026-07-18,Electronics,329.35,0,2
O005084,2025-11-21,Electronics,106.27,0,2
O003272,2025-10-10,Apparel,22.58,0,2
O011371,2026-03-23,Electronics,120.98,0,3
O001001,2025-08-25,Home,71.89,0,4
O010854,2026-03-28,Apparel,93.88,1,3
O017231,2026-07-18,Apparel,35.23,0,1
O018043,2026-07-03,Home,122.2,0,2
O001715,2025-09-26,Apparel,84.76,0,4
O016103,2026-06-28,Electronics,148.76,0,2
O000542,2025-08-18,Electronics,160.19,0,3
O011195,2026-03-29,Apparel,45.22,0,3
O004861,2025-11-18,Electronics,253.85,0,2
O017470,2026-07-08,Apparel,50.06,0,1
O015331,2026-06-05,Apparel,34.79,1,4
O005361,2025-11-22,Home,104.18,0,4
O009946,2026-02-11,Electronics,45.47,0,3
O015367,2026-06-29,Apparel,46.65,0,3
O003828,2025-10-15,Home,136.93,0,1
O000921,2025-08-02,Electronics,161.35,0,3
O000095,2025-08-27,Apparel,63.48,0,2
O016115,2026-06-20,Electronics,104.35,0,2
O001986,2025-09-17,Electronics,199.06,0,2
O003408,2025-10-09,Electronics,238.64,0,3
O013636,2026-04-11,Home,121.91,0,4
O015636,2026-06-27,Apparel,80.98,1,2
O001941,2025-09-28,Electronics,185.21,1,3
O006655,2025-12-08,Electronics,56.79,0,3
O011410,2026-03-29,Electronics,131.21,0,1
O008996,2026-01-19,Home,121.84,0,5
O012277,2026-04-24,Apparel,95.1,1,4
O000997,2025-08-27,Home,70.43,0,3
O017260,2026-07-06,Apparel,49.08,0,2
O012567,2026-04-06,Apparel,61.58,0,3
O003263,2025-10-24,Apparel,36.51,0,6
O006826,2025-12-12,Electronics,151.81,0,4
O006715,2025-12-24,Electronics,245.19,1,4
O004167,2025-11-15,Apparel,106.61,0,4
O009470,2026-02-05,Apparel,94.18,0,4
O010957,2026-03-16,Apparel,47.21,0,5
O001708,2025-09-22,Apparel,69.43,0,2
O012378,2026-04-25,Apparel,117.0,0,4
O005163,2025-11-28,Electronics,163.41,0,3
O011479,2026-03-15,Electronics,247.01,0,4
O013253,2026-04-20,Electronics,122.94,0,3
O010532,2026-02-22,Home,106.06,0,3
O008351,2026-01-11,Electronics,96.59,0,4
O015384,2026-06-15,Apparel,33.39,0,3
O006846,2025-12-30,Electronics,179.91,0,2
O014666,2026-05-01,Electronics,114.54,0,2
O013156,2026-04-29,Electronics,64.03,0,3
O009064,2026-01-25,Home,61.45,0,4
O016198,2026-06-28,Electronics,291.98,0,3
O010473,2026-02-09,Home,24.24,0,2
O006629,2025-12-22,Electronics,119.85,0,1
O004405,2025-11-15,Apparel,62.71,0,4
O012321,2026-04-11,Apparel,31.31,0,4
O017917,2026-07-20,Electronics,120.12,0,3
O002502,2025-09-22,Home,115.5,0,3
O004873,2025-11-29,Electronics,123.34,1,4
O007214,2025-12-05,Electronics,81.78,0,3
O002171,2025-09-18,Electronics,247.98,0,3
O018131,2026-07-18,Home,119.13,0,2
O017923,2026-07-02,Electronics,83.65,0,4
O004566,2025-11-14,Apparel,49.89,0,4
O004491,2025-11-04,Apparel,52.58,0,3
O010437,2026-02-12,Home,143.92,0,4
O006305,2025-12-18,Apparel,35.68,1,4
O008769,2026-01-22,Electronics,177.64,0,3
O010261,2026-02-15,Electronics,304.7,0,3
O016216,2026-06-22,Electronics,132.83,0,5
O014837,2026-05-11,Home,64.5,0,3
O002541,2025-09-07,Home,47.21,0,4
O016107,2026-06-10,Electronics,40.62,0,2
O006110,2025-12-19,Apparel,85.8,0,4
O002995,2025-10-27,Apparel,68.57,1,3
O010986,2026-03-27,Apparel,8,1,2
O001266,2025-08-29,Home,129.43,0,4
O014328,2026-05-30,Electronics,198.11,0,5
O002265,2025-09-04,Electronics,117.92,0,3
O005440,2025-11-17,Home,92.15,0,4
O016955,2026-07-04,Apparel,87.36,0,3
O010271,2026-02-15,Electronics,209.74,0,3
O004787,2025-11-26,Electronics,165.89,1,2
O009636,2026-02-11,Apparel,65.71,0,2
O018380,2026-07-02,Home,72.04,0,3
O005806,2025-12-17,Apparel,79.96,0,2
O001086,2025-08-28,Home,23.42,0,4
O006377,2025-12-14,Apparel,67.31,0,4
O010534,2026-02-06,Home,127.6,0,3
O003081,2025-10-12,Apparel,94.52,0,5
O003179,2025-10-28,Apparel,79.26,0,3
O010481,2026-02-25,Home,85.5,0,3
O016010,2026-06-02,Electronics,106.42,0,3
O010260,2026-02-14,Electronics,168.53,1,2
O005989,2025-12-26,Apparel,58.6,1,4
O002934,2025-10-31,Apparel,41.38,0,5
O005334,2025-11-09,Home,98.52,0,4
O007464,2025-12-02,Home,81.71,0,3
O008621,2026-01-27,Electronics,150.91,0,5
O000376,2025-08-22,Apparel,109.13,0,4
O003717,2025-10-06,Electronics,124.53,0,4
O001955,2025-09-16,Electronics,171.51,0,3
O000101,2025-08-30,Apparel,37.16,1,4
O003065,2025-10-31,Apparel,56.85,0,3
O009921,2026-02-15,Electronics,283.08,0,3
O011526,2026-03-31,Electronics,8,0,3
O003826,2025-10-05,Home,75.19,0,4
O014254,2026-05-12,Apparel,66.27,1,5
O000317,2025-08-21,Apparel,99.07,0,3
O001251,2025-08-22,Home,154.81,0,5
O007236,2025-12-09,Home,43.15,0,2
O007710,2025-12-26,Home,35.59,1,4
O003904,2025-10-08,Home,30.48,0,4
O011021,2026-03-17,Apparel,35.17,0,3
O011616,2026-03-11,Electronics,132.79,0,4
O009372,2026-02-03,Apparel,92.55,0,4
O003595,2025-10-03,Electronics,122.34,0,3
O013885,2026-05-04,Apparel,69.78,0,2
O014665,2026-05-27,Electronics,224.08,0,4
O007894,2026-01-31,Apparel,94.39,0,4
O011870,2026-03-06,Home,52.56,0,5
O008781,2026-01-22,Electronics,117.34,0,4
O000537,2025-08-05,Electronics,208.41,0,7
O003288,2025-10-14,Electronics,33.95,0,4
O002113,2025-09-24,Electronics,169.96,0,5
O015929,2026-06-14,Electronics,63.9,0,3
O002523,2025-09-23,Home,53.96,0,3
O006406,2025-12-30,Apparel,59.86,0,3
O014636,2026-05-07,Electronics,113.46,0,2
O000374,2025-08-05,Apparel,83.45,0,4
O013659,2026-04-15,Home,102.49,0,3
O005882,2025-12-13,Apparel,119.89,1,4
O010575,2026-02-19,Home,123.89,0,3
O006257,2025-12-14,Apparel,46.7,0,4
O005327,2025-11-24,Home,119.71,0,2
O009102,2026-01-03,Home,81.66,0,3
O016352,2026-06-29,Electronics,106.03,0,5
O004466,2025-11-24,Apparel,66.36,0,3
O014492,2026-05-16,Electronics,117.12,0,3
O014595,2026-05-20,Electronics,61.4,0,4
O016946,2026-07-19,Apparel,14.09,0,3
O011901,2026-03-20,Home,75.3,0,4
O011345,2026-03-27,Electronics,128.51,0,4
O003684,2025-10-01,Electronics,103.6,0,3
O004792,2025-11-19,Electronics,77.82,0,4
O007513,2025-12-19,Home,76.55,0,1
O016026,2026-06-07,Electronics,160.03,1,4
O007375,2025-12-25,Home,82.06,0,1
O011553,2026-03-11,Electronics,150.42,0,4
O001525,2025-09-01,Apparel,84.9,0,2
O004815,2025-11-09,Electronics,44.51,1,4
O004345,2025-11-08,Apparel,109.9,0,2
O016338,2026-06-20,Electronics,143.76,0,4
O006114,2025-12-16,Apparel,73.93,0,4
O003160,2025-10-05,Apparel,41.94,0,2
O006290,2025-12-20,Apparel,22.08,1,1
O001776,2025-09-15,Apparel,20.71,0,4
O013517,2026-04-21,Home,17.87,0,2
O012333,2026-04-29,Apparel,103.48,0,2
O014360,2026-05-30,Electronics,102.72,0,5
O013963,2026-05-22,Apparel,65.32,0,4
O016205,2026-06-23,Electronics,146.36,0,1
O006688,2025-12-03,Electronics,161.18,1,2
O016077,2026-06-16,Electronics,183.35,0,3
O006608,2025-12-17,Electronics,57.26,0,4
O005663,2025-11-25,Home,136.21,0,3
O015868,2026-06-12,Apparel,69.69,0,3
O006487,2025-12-27,Apparel,82.18,0,2
O005904,2025-12-11,Apparel,82.25,1,3
O017867,2026-07-25,Electronics,228.11,0,4
O000548,2025-08-19,Electronics,109.69,0,4
O017008,2026-07-06,Apparel,12.91,0,4
O004255,2025-11-05,Apparel,91.03,0,5
O015919,2026-06-27,Electronics,154.25,0,3
O011359,2026-03-16,Electronics,187.85,0,3
O013069,2026-04-24,Electronics,264.68,0,4
O000560,2025-08-15,Electronics,170.78,0,3
O002774,2025-10-29,Apparel,74.41,0,4
O004941,2025-11-25,Electronics,199.37,0,3
O002152,2025-09-08,Electronics,125.77,0,3
O002791,2025-10-04,Apparel,92.61,0,2
O018332,2026-07-07,Home,125.41,0,2
O005581,2025-11-20,Home,101.39,0,3
O004291,2025-11-23,Apparel,115.72,1,3
O010931,2026-03-08,Apparel,24.92,0,2
O006064,2025-12-28,Apparel,52.85,0,4
O009026,2026-01-27,Home,111.39,0,5
O003447,2025-10-20,Electronics,111.87,0,3
O013479,2026-04-17,Home,135.6,0,3
O013191,2026-04-20,Electronics,141.16,0,4
O006147,2025-12-22,Apparel,47.89,1,4
O007491,2025-12-24,Home,87.16,0,5
O015998,2026-06-20,Electronics,246.68,0,3
O002804,2025-10-16,Apparel,94.18,1,2
O013082,2026-04-07,Electronics,274.75,0,2
O012001,2026-03-23,Home,12.1,0,2
O018101,2026-07-12,Home,103.33,0,3
O004121,2025-10-29,Home,136.52,0,3
O001563,2025-09-04,Apparel,60.08,0,2
O001829,2025-09-01,Apparel,110.04,1,3
O015460,2026-06-20,Apparel,32.4,0,3
O009881,2026-02-13,Electronics,84.43,1,2
O017797,2026-07-03,Electronics,147.33,1,4
O016388,2026-06-24,Electronics,94.6,1,2
O007700,2025-12-29,Home,74.82,0,4
O015838,2026-06-25,Apparel,47.9,0,3
O016260,2026-06-08,Electronics,86.02,0,2
O017707,2026-07-11,Electronics,168.73,0,2
O005876,2025-12-21,Apparel,34.16,0,1
O012929,2026-04-10,Electronics,47.0,0,3
O004552,2025-11-09,Apparel,72.14,0,2
O004954,2025-11-10,Electronics,68.38,0,1
O008327,2026-01-14,Apparel,105.84,0,1
O014232,2026-05-23,Apparel,51.93,0,3
O015359,2026-06-17,Apparel,62.91,0,1
O011795,2026-03-02,Home,119.4,0,2
O001079,2025-08-02,Home,93.07,0,3
O008190,2026-01-20,Apparel,74.09,0,3
O018217,2026-07-20,Home,109.29,0,1
O005987,2025-12-03,Apparel,22.55,0,3
O008588,2026-01-01,Electronics,309.69,0,3
O015670,2026-06-14,Apparel,96.59,0,2
O012619,2026-04-19,Apparel,70.81,0,3
O002374,2025-09-23,Home,101.47,0,2
O009569,2026-02-02,Apparel,86.85,0,3
O003620,2025-10-24,Electronics,230.3,0,5
O002709,2025-09-27,Home,66.19,0,4
O001814,2025-09-30,Apparel,85.82,0,4
O008888,2026-01-23,Home,8,1,4
O009662,2026-02-17,Apparel,81.42,0,4
O011670,2026-03-03,Electronics,45.59,0,1
O013359,2026-04-14,Home,76.54,0,3
O016495,2026-06-12,Home,60.84,0,2
O002945,2025-10-26,Apparel,91.15,0,2
O002332,2025-09-07,Home,83.4,0,1
O005764,2025-12-31,Apparel,78.55,0,2
O007792,2026-01-22,Apparel,56.5,0,3
O000919,2025-08-23,Electronics,80.42,0,3
O016392,2026-06-18,Home,78.11,0,2
O009715,2026-02-02,Apparel,29.68,1,2
O007205,2025-12-02,Electronics,85.3,0,4
O017996,2026-07-27,Electronics,173.88,0,4
O012509,2026-04-23,Apparel,69.37,0,3
O012283,2026-04-09,Apparel,36.22,0,2
O014228,2026-05-27,Apparel,74.68,0,3
O015353,2026-06-06,Apparel,8,0,1
O009172,2026-01-07,Home,124.05,0,4
O010627,2026-02-03,Home,105.74,0,3
O007692,2025-12-16,Home,95.86,0,3
O016850,2026-07-09,Apparel,76.35,0,3
O013571,2026-04-16,Home,27.54,0,2
O003053,2025-10-26,Apparel,17.69,0,5
O007928,2026-01-26,Apparel,139.53,1,4
O012738,2026-04-24,Apparel,73.37,0,3
O009258,2026-02-25,Apparel,86.48,0,2
O013656,2026-04-09,Home,101.66,0,4
O007344,2025-12-03,Home,76.08,0,2
O013108,2026-04-26,Electronics,206.84,0,4
O010767,2026-03-11,Apparel,108.06,1,3
O018391,2026-07-16,Home,48.34,0,3
O015524,2026-06-05,Apparel,77.87,0,2
O001420,2025-09-26,Apparel,32.16,0,2
O000522,2025-08-18,Electronics,209.23,0,4
O009876,2026-02-21,Electronics,90.09,0,2
O012080,2026-03-20,Home,112.71,0,3
O015516,2026-06-23,Apparel,38.22,0,3
O005565,2025-11-08,Home,105.23,0,5
O000286,2025-08-29,Apparel,50.47,0,6
O010670,2026-02-10,Home,34.77,0,4
O006472,2025-12-02,Apparel,21.17,0,1
O001123,2025-08-10,Home,81.15,0,4
O008273,2026-01-30,Apparel,59.48,0,3
O009211,2026-01-18,Home,79.24,0,3
O003183,2025-10-10,Apparel,91.42,0,5
O011952,2026-03-18,Home,74.34,0,1
O000865,2025-08-16,Electronics,97.73,1,2
O005422,2025-11-22,Home,118.26,0,4
O016967,2026-07-13,Apparel,47.91,0,4
O016403,2026-06-23,Home,121.41,0,2
O002965,2025-10-03,Apparel,31.32,0,3
O006950,2025-12-27,Electronics,167.75,0,5
O012309,2026-04-29,Apparel,8,0,2
O005236,2025-11-20,Electronics,8,0,3
O012900,2026-04-24,Electronics,152.71,0,3
O005078,2025-11-15,Electronics,139.96,0,3
O002028,2025-09-25,Electronics,69.84,0,3
O006677,2025-12-04,Electronics,176.08,0,3
O009592,2026-02-14,Apparel,59.06,0,5
O013251,2026-04-05,Electronics,169.49,1,3
O015153,2026-05-31,Home,142.81,0,2
O011722,2026-03-24,Electronics,8,0,3
O012823,2026-04-01,Electronics,112.4,0,2
O016868,2026-07-17,Apparel,91.16,0,3
O014142,2026-05-23,Apparel,48.38,0,2
O015085,2026-05-24,Home,115.09,0,3
O017970,2026-07-23,Electronics,181.17,0,3
O012542,2026-04-14,Apparel,61.11,0,4
O003873,2025-10-09,Home,47.57,0,4
O000007,2025-08-07,Apparel,96.05,1,4
O014780,2026-05-10,Electronics,174.46,0,3
O002941,2025-10-08,Apparel,51.72,0,3
O015675,2026-06-09,Apparel,64.79,0,5
O004661,2025-11-17,Apparel,58.4,0,1
O010821,2026-03-11,Apparel,35.56,0,4
O009794,2026-02-01,Apparel,63.81,0,2
O008828,2026-01-09,Home,130.81,0,4
O011003,2026-03-04,Apparel,63.4,0,3
O008739,2026-01-03,Electronics,94.41,0,4
O008742,2026-01-13,Electronics,42.65,1,4
O005304,2025-11-21,Electronics,145.66,0,2
O013537,2026-04-22,Home,58.51,0,1
O015276,2026-06-05,Apparel,80.27,0,2
O009808,2026-02-18,Electronics,87.72,0,4
O010105,2026-02-05,Electronics,126.32,0,5
O016908,2026-07-06,Apparel,63.95,1,2
O018165,2026-07-31,Home,93.24,0,3
O003796,2025-10-09,Home,80.62,0,1
O015960,2026-06-12,Electronics,54.76,0,3
O004016,2025-10-25,Home,109.88,0,3
O014706,2026-05-28,Electronics,142.61,0,4
O003452,2025-10-07,Electronics,206.77,0,2
O006320,2025-12-19,Apparel,107.72,0,3
O000880,2025-08-04,Electronics,129.06,0,4
O001670,2025-09-26,Apparel,99.03,1,2
O012474,2026-04-07,Apparel,50.04,0,2
O012194,2026-04-27,Apparel,33.25,0,4
O001975,2025-09-19,Electronics,71.4,0,2
O016318,2026-06-04,Electronics,135.77,1,2
O008954,2026-01-07,Home,90.81,0,3
O013565,2026-04-28,Home,71.88,0,3
O001732,2025-09-15,Apparel,85.18,0,5
O002104,2025-09-09,Electronics,348.45,1,6
O001483,2025-09-21,Apparel,92.36,0,4
O010580,2026-02-17,Home,102.46,0,3
O009060,2026-01-27,Home,49.16,1,3
O012715,2026-04-03,Apparel,44.98,0,2
O010161,2026-02-15,Electronics,267.8,0,1
O017599,2026-07-07,Electronics,82.38,0,4
O004984,2025-11-24,Electronics,212.59,0,4
O017702,2026-07-30,Electronics,153.13,0,3
O006789,2025-12-19,Electronics,210.66,1,1
O017013,2026-07-10,Apparel,100.66,1,5
O009446,2026-02-23,Apparel,46.1,0,2
O003314,2025-10-03,Electronics,165.06,0,3
O001377,2025-09-02,Apparel,44.09,0,4
O010016,2026-02-24,Electronics,308.32,0,4
O012656,2026-04-25,Apparel,47.43,0,4
O015718,2026-06-22,Apparel,104.9,1,3
O000305,2025-08-30,Apparel,43.3,0,4
O001977,2025-09-17,Electronics,131.86,0,5
O005742,2025-12-20,Apparel,38.33,0,5
O000931,2025-08-13,Electronics,344.5,0,3
O002526,2025-09-02,Home,102.73,0,5
O006399,2025-12-19,Apparel,41.82,0,2
O006152,2025-12-30,Apparel,105.91,1,4
O002849,2025-10-27,Apparel,76.58,1,3
O009637,2026-02-27,Apparel,82.46,0,3
O012812,2026-04-07,Electronics,135.23,0,5
O001293,2025-08-20,Home,78.82,0,4
O006723,2025-12-11,Electronics,262.32,0,2
O009993,2026-02-20,Electronics,226.83,0,5
O002722,2025-10-26,Apparel,99.4,1,2
O013282,2026-04-06,Home,102.1,0,3
O009260,2026-02-02,Apparel,55.38,0,4
O004841,2025-11-18,Electronics,123.11,0,3
O018146,2026-07-22,Home,95.66,0,2
O017582,2026-07-21,Electronics,80.42,0,2
O013826,2026-05-30,Apparel,68.19,0,3
O014934,2026-05-13,Home,68.67,1,5
O007264,2025-12-12,Home,74.39,0,5
O000265,2025-08-30,Apparel,25.67,0,3
O006616,2025-12-28,Electronics,91.56,0,2
O017899,2026-07-26,Electronics,154.36,0,2
O009713,2026-02-04,Apparel,45.57,0,3
O006139,2025-12-19,Apparel,22.7,0,1
O002806,2025-10-16,Apparel,34.03,0,2
O016099,2026-06-06,Electronics,73.11,0,4
O004575,2025-11-06,Apparel,122.09,0,2
O005298,2025-11-23,Electronics,165.85,0,3
O008851,2026-01-06,Home,100.65,0,4
O009092,2026-01-08,Home,75.64,0,5
O003863,2025-10-20,Home,95.91,0,1
O011026,2026-03-19,Apparel,66.84,0,3
O000654,2025-08-02,Electronics,259.63,0,4
O001662,2025-09-13,Apparel,92.12,0,4
O012364,2026-04-12,Apparel,78.65,0,5
O010739,2026-03-02,Apparel,85.87,0,3
O010041,2026-02-03,Electronics,177.59,0,2
O006347,2025-12-18,Apparel,93.77,0,3
O005601,2025-11-26,Home,61.09,0,3
O018307,2026-07-15,Home,63.4,0,2
O016589,2026-06-18,Home,83.59,0,2
O003356,2025-10-07,Electronics,111.84,0,3
O017082,2026-07-20,Apparel,53.26,0,1
O003331,2025-10-02,Electronics,135.5,0,2
O017901,2026-07-29,Electronics,203.45,0,1
O011948,2026-03-31,Home,94.8,0,3
O009462,2026-02-09,Apparel,73.86,0,4
O009043,2026-01-18,Home,129.05,0,3
O013201,2026-04-03,Electronics,206.95,0,3
O016762,2026-06-30,Home,132.06,0,3
O015493,2026-06-12,Apparel,48.21,0,3
O011440,2026-03-17,Electronics,297.33,0,3
O009143,2026-01-23,Home,110.29,0,2
O011554,2026-03-29,Electronics,236.35,0,4
O000154,2025-08-14,Apparel,83.48,0,2
O017821,2026-07-09,Electronics,79.7,0,3
O001534,2025-09-25,Apparel,47.76,0,5
O012614,2026-04-28,Apparel,62.89,0,5
O017156,2026-07-16,Apparel,31.85,0,2
O010212,2026-02-23,Electronics,91.73,0,4
O016999,2026-07-12,Apparel,23.4,0,2
O018198,2026-07-02,Home,73.4,0,2
O001944,2025-09-23,Electronics,159.33,0,2
O004048,2025-10-05,Home,65.7,0,5
O011773,2026-03-31,Home,66.77,0,4
O008126,2026-01-11,Apparel,104.05,0,3
O006117,2025-12-01,Apparel,72.38,0,4
O004214,2025-11-18,Apparel,36.16,1,3
O012199,2026-04-10,Apparel,74.62,0,2
O015203,2026-05-12,Home,11.52,0,2
O001286,2025-08-06,Home,64.97,0,4
O004021,2025-10-12,Home,52.64,0,3
O016364,2026-06-26,Electronics,113.88,0,1
O009336,2026-02-24,Apparel,53.52,0,4
O000103,2025-08-15,Apparel,76.04,0,4
O008622,2026-01-26,Electronics,68.81,0,3
O007192,2025-12-23,Electronics,227.74,0,2
O015596,2026-06-13,Apparel,100.94,0,2
O000829,2025-08-26,Electronics,202.15,0,1
O013841,2026-05-17,Apparel,73.36,0,4
O007076,2025-12-02,Electronics,203.44,0,4
O007144,2025-12-13,Electronics,94.59,0,3
O015551,2026-06-08,Apparel,148.14,0,3
O001788,2025-09-22,Apparel,86.01,0,2
O001943,2025-09-23,Electronics,98.76,0,4
O003597,2025-10-05,Electronics,31.37,0,5
O004284,2025-11-06,Apparel,8,1,3
O004728,2025-11-11,Apparel,62.36,0,4
O015449,2026-06-12,Apparel,52.12,0,3
O005946,2025-12-16,Apparel,85.9,1,5
O018277,2026-07-06,Home,83.8,0,1
O005346,2025-11-20,Home,94.59,0,1
O004306,2025-11-03,Apparel,92.5,0,2
O007678,2025-12-31,Home,61.74,0,5
O002590,2025-09-11,Home,117.36,0,6
O014153,2026-05-04,Apparel,66.12,0,3
O016020,2026-06-03,Electronics,101.22,0,2
O012013,2026-03-24,Home,46.76,0,2
O011583,2026-03-30,Electronics,70.66,0,3
O001536,2025-09-14,Apparel,26.42,0,3
O014574,2026-05-30,Electronics,129.01,0,2
O014848,2026-05-24,Home,83.57,0,1
O013821,2026-05-19,Apparel,69.44,0,3
O001443,2025-09-08,Apparel,36.26,0,5
O013473,2026-04-18,Home,79.47,0,4
O001058,2025-08-22,Home,99.58,0,3
O015750,2026-06-11,Apparel,83.29,0,5
O014468,2026-05-18,Electronics,8,0,2
O015638,2026-06-19,Apparel,23.93,0,4
O002631,2025-09-18,Home,121.83,0,3
O016136,2026-06-13,Electronics,192.15,0,3
O012782,2026-04-17,Apparel,118.67,0,5
O010424,2026-02-06,Home,109.69,0,3
O011561,2026-03-14,Electronics,277.23,0,2
O015254,2026-06-29,Apparel,56.71,0,4
O009978,2026-02-17,Electronics,145.5,0,3
O017933,2026-07-23,Electronics,18.09,0,3
O010270,2026-02-18,Electronics,171.01,0,3
O004926,2025-11-29,Electronics,208.97,0,6
O003395,2025-10-29,Electronics,86.86,0,4
O015691,2026-06-02,Apparel,96.0,0,1
O014030,2026-05-27,Apparel,56.16,0,2
O010833,2026-03-25,Apparel,82.78,0,2
O007838,2026-01-26,Apparel,34.14,0,4
O004514,2025-11-30,Apparel,26.05,0,4
O001762,2025-09-21,Apparel,55.13,0,2
O004350,2025-11-23,Apparel,74.29,0,5
O010392,2026-02-21,Home,14.9,0,5
O017207,2026-07-29,Apparel,105.8,0,4
O003366,2025-10-07,Electronics,210.09,0,4
O017572,2026-07-31,Electronics,166.23,0,2
O017482,2026-07-26,Apparel,83.21,0,2
O003589,2025-10-20,Electronics,195.94,0,3
O008422,2026-01-09,Electronics,74.49,0,5
O014393,2026-05-13,Electronics,99.9,0,2
O000834,2025-08-21,Electronics,235.93,0,4
O005966,2025-12-15,Apparel,37.99,0,5
O014588,2026-05-26,Electronics,11.08,0,4
O010063,2026-02-15,Electronics,183.96,0,3
O011053,2026-03-22,Apparel,57.52,1,3
O014197,2026-05-30,Apparel,37.63,0,3
O002798,2025-10-06,Apparel,37.69,0,3
O003359,2025-10-22,Electronics,217.81,0,1
O012315,2026-04-27,Apparel,83.71,0,3
O004924,2025-11-05,Electronics,97.5,0,4
O014831,2026-05-03,Home,155.64,0,2
O018144,2026-07-05,Home,55.76,0,1
O013378,2026-04-18,Home,149.17,0,2
O016169,2026-06-14,Electronics,188.18,0,3
O014829,2026-05-22,Home,62.79,0,3
O016761,2026-06-07,Home,101.8,0,4
O004240,2025-11-15,Apparel,73.9,0,1
O012401,2026-04-15,Apparel,47.45,0,2
O008203,2026-01-11,Apparel,58.64,0,3
O005539,2025-11-24,Home,58.87,0,3
O013869,2026-05-20,Apparel,99.34,0,2
O005165,2025-11-22,Electronics,288.55,1,3
O005589,2025-11-25,Home,141.48,0,4
O000336,2025-08-06,Apparel,66.34,1,3
O016806,2026-06-28,Home,9.57,0,2
O016172,2026-06-20,Electronics,320.49,0,2
O012231,2026-04-27,Apparel,75.41,0,6
O017372,2026-07-12,Apparel,39.3,0,2
O003323,2025-10-18,Electronics,215.5,0,4
O000310,2025-08-09,Apparel,44.23,0,5
O005909,2025-12-25,Apparel,76.61,0,2
O007712,2025-12-18,Home,92.3,0,4
O011809,2026-03-28,Home,82.99,0,3
O006196,2025-12-14,Apparel,60.4,0,4
O013968,2026-05-05,Apparel,30.77,0,5
O001491,2025-09-12,Apparel,35.3,0,5
O003324,2025-10-17,Electronics,213.59,0,4
O010252,2026-02-03,Electronics,98.14,0,3
O000403,2025-08-31,Apparel,52.87,0,2
O015828,2026-06-06,Apparel,27.74,1,4
O017828,2026-07-24,Electronics,128.49,0,3
O008885,2026-01-31,Home,58.84,0,2
O009941,2026-02-09,Electronics,163.27,0,5
O008542,2026-01-12,Electronics,80.13,0,5
O014724,2026-05-02,Electronics,155.45,0,3
O007805,2026-01-21,Apparel,78.43,1,4
O008748,2026-01-24,Electronics,46.09,0,3
O000906,2025-08-30,Electronics,98.33,0,1
O010165,2026-02-11,Electronics,147.68,0,5
O003999,2025-10-17,Home,61.03,0,4
O012230,2026-04-20,Apparel,64.54,0,4
O018342,2026-07-31,Home,78.41,0,4
O008113,2026-01-15,Apparel,41.56,0,2
O004033,2025-10-01,Home,111.41,0,4
O014005,2026-05-16,Apparel,90.39,0,2
O000253,2025-08-15,Apparel,69.86,1,4
O007104,2025-12-02,Electronics,76.2,0,3
O015494,2026-06-18,Apparel,28.85,0,4
O011672,2026-03-26,Electronics,168.05,0,1
O014031,2026-05-17,Apparel,80.27,0,5
O004539,2025-11-07,Apparel,71.65,0,4
O001332,2025-08-15,Home,80.37,0,3
O007267,2025-12-11,Home,96.61,0,3
O012803,2026-04-02,Electronics,261.92,0,4
O005263,2025-11-07,Electronics,50.21,0,3
O008786,2026-01-22,Electronics,225.42,0,3
O004140,2025-11-22,Apparel,75.5,1,4
O006886,2025-12-30,Electronics,220.41,0,2
O015657,2026-06-25,Apparel,8,0,2
O007175,2025-12-03,Electronics,8,0,4
O004769,2025-11-09,Electronics,168.7,0,3
O006453,2025-12-14,Apparel,39.59,0,2
O008443,2026-01-08,Electronics,199.72,1,2
O008824,2026-01-24,Home,103.29,0,4
O008793,2026-01-09,Electronics,48.96,0,3
O005429,2025-11-26,Home,106.46,0,2
O012642,2026-04-03,Apparel,73.28,0,3
O015907,2026-06-21,Electronics,106.51,0,6
O002244,2025-09-24,Electronics,264.18,0,3
O012036,2026-03-15,Home,107.42,0,3
O009360,2026-02-26,Apparel,131.84,0,4
O011023,2026-03-30,Apparel,59.77,1,4
O000967,2025-08-17,Home,49.34,0,3
O011940,2026-03-27,Home,129.61,0,4
O013608,2026-04-08,Home,109.55,0,2
O010376,2026-02-27,Home,138.43,0,5
O000748,2025-08-10,Electronics,80.47,1,5
O010127,2026-02-14,Electronics,173.24,0,3
O011475,2026-03-20,Electronics,66.76,0,3
O009494,2026-02-08,Apparel,25.66,0,4
O012061,2026-03-17,Home,66.39,0,3
O011270,2026-03-06,Apparel,72.49,0,4
O012920,2026-04-29,Electronics,169.3,0,2
O008746,2026-01-05,Electronics,365.98,0,3
O008936,2026-01-05,Home,79.17,0,2
O009067,2026-01-21,Home,55.11,0,2
O008708,2026-01-19,Electronics,103.02,0,3
O007379,2025-12-18,Home,125.21,0,4
O014767,2026-05-12,Electronics,176.05,0,4
O003118,2025-10-06,Apparel,27.3,0,5
O004584,2025-11-05,Apparel,57.48,0,3
O015783,2026-06-29,Apparel,76.78,0,2
O005658,2025-11-23,Home,37.08,0,4
O017888,2026-07-29,Electronics,141.35,0,4
O012048,2026-03-10,Home,119.61,1,3
O013456,2026-04-27,Home,74.32,0,2
O006671,2025-12-02,Electronics,293.05,0,5
O005947,2025-12-25,Apparel,36.78,1,2
O003488,2025-10-13,Electronics,205.21,0,3
O011753,2026-03-02,Electronics,161.34,0,3
O005217,2025-11-22,Electronics,309.19,0,2
O007713,2025-12-26,Home,67.42,0,1
O002427,2025-09-25,Home,79.25,0,4
O007032,2025-12-11,Electronics,113.52,0,4
O015872,2026-06-22,Apparel,109.0,0,3
O004168,2025-11-18,Apparel,20.6,0,3
O005408,2025-11-03,Home,97.45,0,3
O014663,2026-05-28,Electronics,88.19,1,4
O017694,2026-07-04,Electronics,136.55,0,4
O012212,2026-04-13,Apparel,26.88,0,3
O002708,2025-09-17,Home,147.14,0,3
O007283,2025-12-30,Home,8,0,4
O001205,2025-08-16,Home,80.38,0,4
O012427,2026-04-02,Apparel,76.69,1,2
O002823,2025-10-25,Apparel,51.27,0,3
O017308,2026-07-04,Apparel,20.1,0,2
O011180,2026-03-16,Apparel,62.49,0,3
O005288,2025-11-19,Electronics,134.87,0,1
O008585,2026-01-03,Electronics,223.75,0,2
O014850,2026-05-17,Home,51.42,0,4
O018032,2026-07-12,Home,97.9,0,2
O012728,2026-04-12,Apparel,94.32,0,2
O008665,2026-01-23,Electronics,86.31,0,3
O017242,2026-07-17,Apparel,8,1,3
O007430,2025-12-15,Home,75.26,0,3
O008783,2026-01-28,Electronics,151.91,0,3
O013295,2026-04-18,Home,121.29,0,2
O007676,2025-12-23,Home,72.16,0,3
O011304,2026-03-04,Electronics,122.78,0,3
O014810,2026-05-11,Electronics,195.36,0,3
O014602,2026-05-18,Electronics,125.18,1,3
O010684,2026-03-25,Apparel,39.98,0,3
O013405,2026-04-05,Home,39.37,0,4
O001714,2025-09-06,Apparel,92.51,0,4
O013643,2026-04-18,Home,78.85,0,3
O013494,2026-04-05,Home,86.88,0,2
O006661,2025-12-30,Electronics,8,0,1
O014169,2026-05-10,Apparel,67.35,0,3
O011733,2026-03-07,Electronics,144.4,0,3
O002412,2025-09-04,Home,135.63,0,4
O009434,2026-02-19,Apparel,84.69,0,1
O013982,2026-05-27,Apparel,123.69,0,3
O005385,2025-11-10,Home,48.9,0,1
O007793,2026-01-24,Apparel,83.29,0,5
O017450,2026-07-02,Apparel,57.03,0,2
O005002,2025-11-14,Electronics,206.53,0,4
O004869,2025-11-13,Electronics,203.35,0,2
O016121,2026-06-16,Electronics,223.62,0,3
O006906,2025-12-23,Electronics,33.52,0,5
O007821,2026-01-09,Apparel,28.6,0,1
O011062,2026-03-08,Apparel,76.88,0,3
O005739,2025-12-23,Apparel,25.48,0,4
O014419,2026-05-02,Electronics,139.88,1,5
O011108,2026-03-03,Apparel,97.34,1,3
O001236,2025-08-10,Home,123.7,0,3
O007407,2025-12-21,Home,33.78,0,3
O016031,2026-06-23,Electronics,119.84,0,3
O001501,2025-09-04,Apparel,75.7,0,4
O005211,2025-11-29,Electronics,209.82,0,3
O008483,2026-01-01,Electronics,191.46,0,3
O000993,2025-08-21,Home,29.0,0,3
O001647,2025-09-28,Apparel,8,1,6
O012075,2026-03-17,Home,69.96,0,4
O012467,2026-04-24,Apparel,52.49,1,2
O006647,2025-12-28,Electronics,74.33,0,5
O013104,2026-04-07,Electronics,102.48,0,1
O010608,2026-02-24,Home,75.01,0,2
O003232,2025-10-12,Apparel,86.07,0,3
O015511,2026-06-28,Apparel,8,0,1
O011902,2026-03-16,Home,126.92,0,4
O010379,2026-02-19,Home,87.36,0,3
O017826,2026-07-07,Electronics,310.13,0,3
O012670,2026-04-08,Apparel,36.62,0,5
O005743,2025-12-13,Apparel,117.67,0,3
O002828,2025-10-15,Apparel,84.66,0,3
O018412,2026-07-15,Home,151.05,0,3
O013945,2026-05-10,Apparel,55.69,0,1
O013389,2026-04-08,Home,86.76,0,2
O007961,2026-01-11,Apparel,88.44,0,5
O008994,2026-01-14,Home,8,0,2
O010817,2026-03-28,Apparel,54.07,0,2
O007258,2025-12-26,Home,116.12,1,3
O001684,2025-09-03,Apparel,106.68,0,3
O006244,2025-12-17,Apparel,41.7,0,5
O008172,2026-01-18,Apparel,36.57,0,3
O011935,2026-03-11,Home,110.0,0,5
O006509,2025-12-20,Apparel,50.65,0,2
O013470,2026-04-06,Home,64.16,1,2
O007110,2025-12-28,Electronics,112.22,0,5
O003373,2025-10-19,Electronics,122.25,0,4
O017743,2026-07-23,Electronics,129.31,0,4
O013472,2026-04-24,Home,129.18,0,3
O004221,2025-11-15,Apparel,50.2,0,4
O000784,2025-08-03,Electronics,85.58,0,4
O008693,2026-01-12,Electronics,181.87,0,5
O018007,2026-07-25,Home,48.01,0,3
O010089,2026-02-13,Electronics,67.93,0,1
O007441,2025-12-20,Home,101.19,0,5
O009584,2026-02-27,Apparel,69.13,1,2
O018034,2026-07-24,Home,74.08,0,1
O003878,2025-10-27,Home,59.38,0,2
O012408,2026-04-01,Apparel,78.96,0,3
O016706,2026-06-13,Home,71.61,0,2
O007998,2026-01-10,Apparel,52.53,0,3
O007257,2025-12-23,Home,39.42,0,5
O017340,2026-07-22,Apparel,51.89,0,3
O005135,2025-11-18,Electronics,197.15,0,3
O016571,2026-06-17,Home,104.14,0,2
O008182,2026-01-26,Apparel,50.84,1,2
O012693,2026-04-29,Apparel,34.49,0,2
O000601,2025-08-03,Electronics,269.74,0,5
O005580,2025-11-17,Home,108.14,1,4
O011979,2026-03-04,Home,47.93,0,3
O013209,2026-04-22,Electronics,206.66,0,4
O000151,2025-08-03,Apparel,101.76,0,3
O002887,2025-10-14,Apparel,67.11,1,2
O015318,2026-06-11,Apparel,72.12,1,3
O000320,2025-08-19,Apparel,32.36,0,3
O008332,2026-01-29,Apparel,71.22,0,2
O010685,2026-03-10,Apparel,43.38,0,3
O010147,2026-02-20,Electronics,242.64,0,5
O008212,2026-01-18,Apparel,50.78,1,6
O016959,2026-07-15,Apparel,48.1,1,5
O007255,2025-12-23,Home,81.89,0,3
O011988,2026-03-18,Home,16.43,0,3
O007316,2025-12-18,Home,35.28,0,4
O014613,2026-05-27,Electronics,250.05,0,3
O004165,2025-11-26,Apparel,80.88,0,3
O012282,2026-04-03,Apparel,95.88,0,2
O015076,2026-05-07,Home,73.56,0,3
O011143,2026-03-11,Apparel,85.55,0,2
O017947,2026-07-02,Electronics,109.45,0,3
O006325,2025-12-19,Apparel,80.83,0,3
O014041,2026-05-31,Apparel,69.2,0,4
O007036,2025-12-14,Electronics,212.59,0,2
O018103,2026-07-15,Home,53.18,0,3
O012022,2026-03-01,Home,151.88,0,2
O010075,2026-02-13,Electronics,151.05,1,4
O005642,2025-11-10,Home,81.47,0,2
O001476,2025-09-25,Apparel,117.16,0,2
O007050,2025-12-06,Electronics,83.67,0,4
O013189,2026-04-27,Electronics,135.35,0,4
O011030,2026-03-07,Apparel,86.92,0,4
O002063,2025-09-27,Electronics,127.31,0,4
O002153,2025-09-20,Electronics,227.75,0,3
O004009,2025-10-03,Home,12.24,0,5
O009693,2026-02-18,Apparel,55.98,0,3
O001145,2025-08-09,Home,47.43,0,4
O009568,2026-02-11,Apparel,77.82,1,2
O006957,2025-12-20,Electronics,106.21,1,4
O014452,2026-05-07,Electronics,48.37,0,2
O007931,2026-01-25,Apparel,31.19,1,3
O017710,2026-07-16,Electronics,252.59,0,3
O002617,2025-09-02,Home,72.84,0,4
O010583,2026-02-26,Home,22.48,0,3
O018324,2026-07-07,Home,102.59,0,2
O004839,2025-11-17,Electronics,51.85,0,5
O002484,2025-09-18,Home,97.45,0,2
O001507,2025-09-07,Apparel,39.07,1,4
O016156,2026-06-04,Electronics,128.64,0,3
O012093,2026-03-17,Home,113.89,0,2
O006624,2025-12-15,Electronics,238.92,0,3
O012876,2026-04-12,Electronics,232.7,0,2
O003208,2025-10-12,Apparel,54.8,0,4
O003191,2025-10-21,Apparel,86.88,0,3
O010736,2026-03-01,Apparel,87.35,1,2
O009791,2026-02-23,Apparel,118.65,1,3
O011900,2026-03-31,Home,92.05,0,3
O003031,2025-10-18,Apparel,101.1,0,2
O014150,2026-05-25,Apparel,49.18,0,4
O007500,2025-12-13,Home,81.58,0,3
O007450,2025-12-11,Home,86.73,0,4
O005628,2025-11-22,Home,71.12,0,3
O003910,2025-10-11,Home,118.79,1,3
O001492,2025-09-07,Apparel,50.21,0,3
O002871,2025-10-06,Apparel,34.62,0,3
O011585,2026-03-10,Electronics,176.81,0,2
O005133,2025-11-08,Electronics,140.8,0,3
O002468,2025-09-04,Home,61.04,0,3
O007738,2026-01-15,Apparel,59.04,0,2
O006153,2025-12-28,Apparel,50.84,0,2
O007734,2025-12-05,Home,102.15,0,3
O007921,2026-01-25,Apparel,104.65,0,3
O010283,2026-02-21,Home,70.16,0,4
O010812,2026-03-22,Apparel,72.67,0,2
O005157,2025-11-08,Electronics,205.13,0,4
O002204,2025-09-16,Electronics,277.03,0,2
O009418,2026-02-25,Apparel,92.83,1,4
O004124,2025-10-08,Home,115.29,1,3
O001864,2025-09-02,Apparel,63.7,0,5
O009744,2026-02-21,Apparel,78.04,0,5
O002127,2025-09-24,Electronics,198.42,1,4
O006604,2025-12-01,Electronics,187.16,0,1
O009717,2026-02-25,Apparel,29.07,1,3
O009322,2026-02-01,Apparel,110.79,0,3
O005533,2025-11-21,Home,87.66,0,4
O015218,2026-05-07,Home,66.76,0,3
O005692,2025-11-23,Home,100.29,0,5
O002674,2025-09-15,Home,75.33,0,2
O012109,2026-03-06,Home,138.86,0,2
O014825,2026-05-24,Home,164.26,0,2
O018154,2026-07-13,Home,99.27,0,2
O006683,2025-12-03,Electronics,73.23,0,2
O003961,2025-10-22,Home,60.9,0,3
O004241,2025-11-10,Apparel,43.65,0,5
O018162,2026-07-25,Home,80.66,0,3
O008278,2026-01-31,Apparel,57.3,0,2
O002074,2025-09-05,Electronics,345.85,0,3
O015744,2026-06-07,Apparel,87.12,0,4
O009237,2026-02-07,Apparel,92.05,1,4
O005074,2025-11-03,Electronics,132.25,0,3
O004585,2025-11-04,Apparel,35.52,1,3
O016965,2026-07-08,Apparel,57.18,0,1
O016905,2026-07-12,Apparel,78.46,0,2
O012094,2026-03-13,Home,70.7,0,6
O003238,2025-10-11,Apparel,73.57,0,4
O001869,2025-09-18,Apparel,41.68,0,3
O006046,2025-12-10,Apparel,41.3,0,5
O001862,2025-09-11,Apparel,74.15,0,5
O003638,2025-10-02,Electronics,144.14,1,4
O008636,2026-01-14,Electronics,58.9,0,4
O014925,2026-05-11,Home,106.71,0,2
O017292,2026-07-18,Apparel,17.79,0,4
O004234,2025-11-25,Apparel,95.48,0,3
O016382,2026-06-07,Electronics,79.12,0,3
O007019,2025-12-12,Electronics,137.96,0,4
O012661,2026-04-16,Apparel,55.89,0,4
O000333,2025-08-28,Apparel,25.74,0,2
O003766,2025-10-12,Home,101.97,0,3
O005519,2025-11-19,Home,58.31,0,4
O000359,2025-08-13,Apparel,38.07,0,1
O016106,2026-06-16,Electronics,164.31,1,3
O008457,2026-01-08,Electronics,101.97,0,1
O017331,2026-07-31,Apparel,51.16,0,3
O017834,2026-07-12,Electronics,153.83,0,3
O012918,2026-04-16,Electronics,217.43,0,3
O007053,2025-12-27,Electronics,83.4,0,4
O013995,2026-05-05,Apparel,99.96,0,4
O012293,2026-04-14,Apparel,96.08,0,2
O000958,2025-08-16,Electronics,74.06,0,4
O004613,2025-11-25,Apparel,53.41,0,5
O008953,2026-01-18,Home,69.41,0,1
O017534,2026-07-05,Electronics,58.01,0,2
O014171,2026-05-31,Apparel,46.52,0,4
O007184,2025-12-03,Electronics,123.68,1,3
O006057,2025-12-13,Apparel,36.67,0,3
O010095,2026-02-23,Electronics,40.79,0,4
O014789,2026-05-12,Electronics,145.62,1,3
O001137,2025-08-15,Home,188.03,0,4
O012651,2026-04-26,Apparel,64.8,0,2
O011315,2026-03-21,Electronics,107.66,0,1
O017020,2026-07-05,Apparel,99.08,0,4
O016699,2026-06-11,Home,103.0,0,3
O006904,2025-12-10,Electronics,82.57,0,2
O001435,2025-09-14,Apparel,22.79,0,2
O014406,2026-05-06,Electronics,153.96,1,2
O004692,2025-11-23,Apparel,58.21,0,3
O009647,2026-02-24,Apparel,33.49,0,2
O005838,2025-12-02,Apparel,56.32,0,4
O009314,2026-02-05,Apparel,48.64,0,4
O000637,2025-08-31,Electronics,166.52,1,3
O008489,2026-01-07,Electronics,199.57,0,3
O013119,2026-04-09,Electronics,149.93,0,2
O012476,2026-04-26,Apparel,52.92,0,3
O007452,2025-12-19,Home,19.7,0,4
O017805,2026-07-01,Electronics,79.72,0,2
O006551,2025-12-02,Electronics,193.26,0,3
O001881,2025-09-25,Electronics,156.5,0,5
O012885,2026-04-24,Electronics,89.73,0,3
O015576,2026-06-30,Apparel,12.95,0,1
O009756,2026-02-12,Apparel,32.27,0,3
O006363,2025-12-19,Apparel,35.7,1,3
O000977,2025-08-14,Home,60.97,0,2
O010682,2026-03-21,Apparel,96.1,0,1
O000439,2025-08-15,Apparel,113.73,0,3
O013620,2026-04-26,Home,73.62,0,4
O002312,2025-09-30,Electronics,149.91,0,5
O015573,2026-06-29,Apparel,64.11,0,3
O018060,2026-07-17,Home,127.64,0,5
O002320,2025-09-03,Electronics,249.24,0,1
O016471,2026-06-08,Home,30.52,0,2
O010947,2026-03-09,Apparel,95.77,0,3
O016035,2026-06-08,Electronics,73.52,0,3
O016826,2026-07-11,Apparel,28.63,0,3
O002910,2025-10-11,Apparel,24.68,0,5
O000614,2025-08-22,Electronics,172.95,0,2
O001306,2025-08-07,Home,61.16,0,3
O004643,2025-11-09,Apparel,56.6,0,3
O005648,2025-11-04,Home,115.67,0,3
O013022,2026-04-04,Electronics,151.35,0,5
O017666,2026-07-10,Electronics,137.97,0,4
O014112,2026-05-31,Apparel,66.05,0,3
O017638,2026-07-27,Electronics,102.56,0,4
O018239,2026-07-18,Home,48.45,0,3
O015753,2026-06-13,Apparel,61.32,0,3
O002612,2025-09-19,Home,132.37,0,3
O007102,2025-12-23,Electronics,48.14,1,3
O016717,2026-06-18,Home,72.87,0,4
O003628,2025-10-11,Electronics,156.81,1,5
O011904,2026-03-10,Home,195.63,0,3
O009286,2026-02-19,Apparel,61.08,1,3
O001019,2025-08-24,Home,154.9,0,4
O013264,2026-04-29,Electronics,265.8,0,2
O008453,2026-01-07,Electronics,226.04,0,1
O010531,2026-02-20,Home,60.23,0,3
O006853,2025-12-20,Electronics,165.29,0,6
O009198,2026-01-28,Home,87.81,0,4
O012010,2026-03-11,Home,123.95,0,3
O003858,2025-10-27,Home,42.19,0,5
O012079,2026-03-17,Home,125.12,0,3
O007088,2025-12-23,Electronics,221.24,0,2
O015945,2026-06-08,Electronics,80.82,0,4
O015965,2026-06-07,Electronics,52.19,0,4
O001504,2025-09-14,Apparel,56.27,0,3
O017347,2026-07-07,Apparel,103.85,0,3
O015566,2026-06-13,Apparel,52.19,1,3
O011331,2026-03-06,Electronics,44.24,1,3
O004854,2025-11-15,Electronics,71.72,0,3
O009200,2026-01-05,Home,66.68,0,2
O017895,2026-07-09,Electronics,235.88,0,3
O000328,2025-08-20,Apparel,107.83,0,3
O003660,2025-10-24,Electronics,138.14,0,2
O012310,2026-04-04,Apparel,61.4,1,3
O000519,2025-08-16,Apparel,96.21,0,2
O014754,2026-05-17,Electronics,256.63,0,3
O002889,2025-10-15,Apparel,85.32,0,5
O005554,2025-11-11,Home,47.74,0,6
O002214,2025-09-30,Electronics,86.33,1,2
O007408,2025-12-07,Home,64.6,0,4
O015622,2026-06-06,Apparel,36.67,0,2
O013839,2026-05-23,Apparel,61.79,0,4
O002043,2025-09-29,Electronics,166.0,0,2
O008171,2026-01-31,Apparel,16.52,1,3
O008056,2026-01-22,Apparel,19.65,0,1
O007313,2025-12-05,Home,10.58,0,5
O006905,2025-12-30,Electronics,98.73,0,3
O006364,2025-12-09,Apparel,107.06,1,4
O000898,2025-08-09,Electronics,246.57,0,2
O016030,2026-06-10,Electronics,257.05,1,3
O008984,2026-01-17,Home,108.64,0,3
O001828,2025-09-10,Apparel,52.78,0,4
O012040,2026-03-02,Home,135.78,0,5
O008194,2026-01-02,Apparel,35.44,0,2
O004075,2025-10-30,Home,105.28,0,5
O000856,2025-08-22,Electronics,42.46,0,5
O010286,2026-02-09,Home,105.74,0,2
O005260,2025-11-14,Electronics,81.42,0,3
O018171,2026-07-03,Home,97.0,0,4
O003542,2025-10-26,Electronics,182.63,0,4
O001593,2025-09-20,Apparel,31.95,0,4
O001980,2025-09-19,Electronics,95.68,0,5
O005881,2025-12-16,Apparel,53.79,0,2
O002771,2025-10-05,Apparel,16.52,1,3
O007358,2025-12-15,Home,84.5,0,2
O006639,2025-12-27,Electronics,145.85,0,2
O004431,2025-11-10,Apparel,67.29,0,3
O013948,2026-05-03,Apparel,35.26,0,4
O009749,2026-02-06,Apparel,81.98,0,5
O017435,2026-07-31,Apparel,116.64,0,3
O000401,2025-08-11,Apparel,13.17,0,3
O004951,2025-11-27,Electronics,163.98,0,3
O008932,2026-01-02,Home,55.83,0,3
O009179,2026-01-14,Home,88.3,0,4
O006782,2025-12-29,Electronics,90.55,0,1
O017415,2026-07-24,Apparel,68.96,0,4
O017832,2026-07-16,Electronics,65.63,0,4
O015380,2026-06-11,Apparel,68.64,0,2
O002014,2025-09-04,Electronics,81.11,0,4
O017618,2026-07-11,Electronics,119.76,0,2
O017184,2026-07-07,Apparel,39.01,0,2
O011349,2026-03-22,Electronics,163.74,0,5
O003793,2025-10-14,Home,115.45,0,3
O005328,2025-11-30,Home,62.62,0,2
O000461,2025-08-11,Apparel,55.86,0,5
O011845,2026-03-05,Home,127.62,0,3
O006556,2025-12-05,Electronics,140.31,0,4
O001553,2025-09-12,Apparel,74.08,0,4
O012721,2026-04-12,Apparel,20.92,0,2
O002208,2025-09-16,Electronics,174.59,0,3
O014627,2026-05-17,Electronics,69.15,0,3
O013211,2026-04-20,Electronics,129.79,0,4
O007552,2025-12-17,Home,139.64,0,3
O011571,2026-03-20,Electronics,108.31,0,5
O017721,2026-07-11,Electronics,171.81,0,2
O013765,2026-05-19,Apparel,101.38,0,3
O002017,2025-09-29,Electronics,206.69,0,3
O004138,2025-11-21,Apparel,118.81,1,3
O002442,2025-09-14,Home,42.32,0,4
O018028,2026-07-20,Home,8,0,1
O015292,2026-06-18,Apparel,63.67,0,2
O017918,2026-07-05,Electronics,188.12,0,4
O016278,2026-06-21,Electronics,79.87,0,1
O012386,2026-04-08,Apparel,67.36,0,3
O010199,2026-02-14,Electronics,229.15,0,4
O001414,2025-09-26,Apparel,111.5,0,5
O013870,2026-05-27,Apparel,52.95,0,2
O008025,2026-01-09,Apparel,79.18,1,4
O017302,2026-07-02,Apparel,71.98,0,2
O009543,2026-02-12,Apparel,52.42,0,2
O004275,2025-11-14,Apparel,96.99,0,3
O007078,2025-12-11,Electronics,285.62,0,3
O001970,2025-09-08,Electronics,211.36,0,5
O016657,2026-06-16,Home,37.89,0,4
O015089,2026-05-06,Home,157.87,1,5
O004592,2025-11-15,Apparel,48.88,0,3
O003198,2025-10-17,Apparel,30.23,0,4
O017827,2026-07-26,Electronics,123.86,0,2
O015351,2026-06-09,Apparel,69.02,0,4
O002900,2025-10-01,Apparel,60.4,0,3
O016739,2026-06-03,Home,128.85,0,3
O008445,2026-01-10,Electronics,189.29,0,3
O009321,2026-02-03,Apparel,76.91,1,4
O009635,2026-02-06,Apparel,55.5,0,3
O007307,2025-12-08,Home,90.29,0,4
O013831,2026-05-31,Apparel,65.94,0,4
O001495,2025-09-04,Apparel,31.18,0,2
O001873,2025-09-25,Apparel,50.83,0,3
O016778,2026-06-18,Home,147.43,0,1
O009216,2026-02-14,Apparel,28.74,0,5
O013816,2026-05-18,Apparel,47.06,0,2
O015484,2026-06-09,Apparel,62.51,0,4
O014568,2026-05-12,Electronics,117.27,0,4
O005961,2025-12-18,Apparel,50.61,0,2
O010287,2026-02-03,Home,67.05,0,1
O013689,2026-05-21,Apparel,98.96,1,3
O012341,2026-04-02,Apparel,67.98,0,3
O013959,2026-05-25,Apparel,56.93,0,2
O005213,2025-11-04,Electronics,122.51,0,3
O001003,2025-08-27,Home,104.19,0,3
O011350,2026-03-18,Electronics,166.52,0,3
O002343,2025-09-18,Home,62.24,0,3
O006832,2025-12-03,Electronics,131.88,0,4
O001177,2025-08-12,Home,71.43,0,3
O012273,2026-04-22,Apparel,45.51,0,5
O007958,2026-01-25,Apparel,51.48,0,3
O014972,2026-05-01,Home,106.09,0,2
O008569,2026-01-16,Electronics,103.7,0,4
O016750,2026-06-30,Home,97.67,0,5
O015923,2026-06-21,Electronics,189.86,0,1
O016839,2026-07-21,Apparel,37.21,0,3
O004231,2025-11-24,Apparel,66.59,1,3
O016736,2026-06-27,Home,56.74,0,3
O010757,2026-03-07,Apparel,61.26,0,5
O017504,2026-07-01,Electronics,114.59,0,3
O005262,2025-11-10,Electronics,210.75,0,5
O004687,2025-11-11,Apparel,8.96,0,4
O000145,2025-08-23,Apparel,8,0,6
O012917,2026-04-06,Electronics,184.5,0,3
O015812,2026-06-12,Apparel,8,0,5
O007740,2026-01-30,Apparel,93.24,0,4
O002004,2025-09-12,Electronics,158.87,0,5
O001999,2025-09-16,Electronics,87.51,0,3
O012701,2026-04-12,Apparel,44.79,1,3
O000115,2025-08-05,Apparel,69.37,0,5
O000054,2025-08-24,Apparel,94.79,0,2
O007224,2025-12-31,Home,52.98,0,3
O015339,2026-06-19,Apparel,72.36,0,2
O011450,2026-03-21,Electronics,117.04,0,4
O000210,2025-08-15,Apparel,89.18,1,3
O004998,2025-11-07,Electronics,125.92,1,1
O010519,2026-02-04,Home,102.63,0,3
O017562,2026-07-04,Electronics,133.55,0,4
O009603,2026-02-22,Apparel,45.06,0,4
O008551,2026-01-01,Electronics,180.54,0,3
O014016,2026-05-08,Apparel,65.15,0,3
O010043,2026-02-19,Electronics,205.57,0,3
O011107,2026-03-13,Apparel,104.71,0,1
O001487,2025-09-27,Apparel,31.2,0,3
O000551,2025-08-21,Electronics,45.67,0,2
O008066,2026-01-10,Apparel,65.61,0,3
O014062,2026-05-21,Apparel,106.5,0,2
O001688,2025-09-16,Apparel,65.28,0,5
O008877,2026-01-18,Home,10.91,1,1
O001795,2025-09-18,Apparel,64.13,1,3
O015941,2026-06-26,Electronics,70.41,1,3
O004380,2025-11-20,Apparel,75.3,0,2
O015547,2026-06-27,Apparel,77.99,0,3
O004483,2025-11-16,Apparel,68.17,0,4
O015709,2026-06-12,Apparel,122.42,0,3
O003013,2025-10-03,Apparel,25.05,1,2
O005872,2025-12-23,Apparel,90.37,0,3
O013671,2026-04-15,Home,30.69,0,3
O001819,2025-09-16,Apparel,61.56,1,3
O004601,2025-11-16,Apparel,17.48,1,4
O004604,2025-11-11,Apparel,63.72,0,5
O005778,2025-12-05,Apparel,20.29,0,4
O002913,2025-10-20,Apparel,61.01,1,3
O001521,2025-09-25,Apparel,61.98,0,5
O017282,2026-07-17,Apparel,94.29,0,3
O004137,2025-11-15,Apparel,50.56,0,5
O001457,2025-09-21,Apparel,66.74,0,5
O017180,2026-07-11,Apparel,78.26,0,5
O002703,2025-09-25,Home,46.86,0,4
O002115,2025-09-11,Electronics,118.15,0,3
O002224,2025-09-13,Electronics,214.58,0,3
O005863,2025-12-26,Apparel,84.39,1,4
O008855,2026-01-10,Home,85.0,1,5
O009830,2026-02-17,Electronics,109.93,0,4
O009296,2026-02-16,Apparel,8,0,4
O016187,2026-06-25,Electronics,201.37,0,4
O011567,2026-03-03,Electronics,8,0,6
O000064,2025-08-16,Apparel,40.9,1,3
O008145,2026-01-18,Apparel,20.43,0,3
O009126,2026-01-19,Home,95.79,0,2
O005191,2025-11-01,Electronics,97.27,0,4
O014359,2026-05-14,Electronics,250.73,1,3
O012352,2026-04-28,Apparel,74.1,0,3
O002064,2025-09-15,Electronics,133.73,0,4
O016029,2026-06-20,Electronics,8,0,2
O001503,2025-09-14,Apparel,50.66,0,2
O006972,2025-12-06,Electronics,162.7,0,4
O015508,2026-06-26,Apparel,31.68,0,4
O008825,2026-01-17,Home,8,0,2
O005059,2025-11-27,Electronics,189.9,0,3
O003039,2025-10-24,Apparel,8,0,4
O008701,2026-01-30,Electronics,226.21,0,5
O004738,2025-11-01,Apparel,48.55,0,3
O000409,2025-08-15,Apparel,96.9,1,4
O008396,2026-01-09,Electronics,133.29,0,1
O013935,2026-05-20,Apparel,18.19,0,2
O009093,2026-01-11,Home,107.49,0,4
O005605,2025-11-14,Home,46.1,1,4
O000084,2025-08-07,Apparel,91.25,0,3
O003111,2025-10-10,Apparel,75.27,0,5
O016002,2026-06-06,Electronics,203.67,1,1
O012308,2026-04-29,Apparel,39.45,0,4
O018049,2026-07-05,Home,49.03,0,3
O001214,2025-08-28,Home,139.82,0,3
O017849,2026-07-26,Electronics,225.89,0,2
O009899,2026-02-06,Electronics,48.62,0,2
O006109,2025-12-12,Apparel,70.44,0,3
O003338,2025-10-24,Electronics,73.91,0,4
O007568,2025-12-10,Home,108.73,0,2
O003925,2025-10-15,Home,92.76,0,5
O011230,2026-03-23,Apparel,64.5,0,2
O014722,2026-05-11,Electronics,192.46,1,4
O009651,2026-02-03,Apparel,71.23,0,3
O008809,2026-01-13,Electronics,217.67,0,3
O012576,2026-04-22,Apparel,84.58,0,3
O001994,2025-09-20,Electronics,96.92,1,2
O001410,2025-09-19,Apparel,63.25,0,3
O009755,2026-02-03,Apparel,37.68,1,3
O013330,2026-04-30,Home,93.46,0,4
O000992,2025-08-31,Home,34.88,0,5
O014608,2026-05-10,Electronics,217.9,0,4
O008875,2026-01-22,Home,80.44,0,5
O015703,2026-06-22,Apparel,63.84,0,5
O011486,2026-03-17,Electronics,200.9,0,3
O009409,2026-02-26,Apparel,74.86,1,1
O010560,2026-02-22,Home,86.65,0,4
O008675,2026-01-20,Electronics,168.26,1,1
O016119,2026-06-16,Electronics,81.38,0,4
O012302,2026-04-19,Apparel,108.87,1,4
O017128,2026-07-26,Apparel,34.43,1,4
O003346,2025-10-04,Electronics,17.37,0,2
O007263,2025-12-24,Home,70.78,0,4
O007296,2025-12-01,Home,69.23,0,5
O009632,2026-02-24,Apparel,88.1,0,3
O015411,2026-06-07,Apparel,68.04,0,3
O012957,2026-04-24,Electronics,149.83,1,4
O014521,2026-05-07,Electronics,206.55,0,4
O001797,2025-09-15,Apparel,69.85,0,3
O016407,2026-06-07,Home,67.89,0,2
O010166,2026-02-21,Electronics,148.37,1,2
O006798,2025-12-13,Electronics,67.81,0,3
O006667,2025-12-30,Electronics,112.14,1,3
O017190,2026-07-14,Apparel,32.64,0,4
O001780,2025-09-06,Apparel,52.81,0,2
O009467,2026-02-03,Apparel,50.76,0,4
O000190,2025-08-11,Apparel,76.43,0,3
O003181,2025-10-13,Apparel,71.77,0,2
O017691,2026-07-18,Electronics,122.03,0,2
O013531,2026-04-04,Home,30.72,0,5
O017031,2026-07-16,Apparel,70.78,1,2
O017488,2026-07-09,Apparel,13.56,0,4
O005825,2025-12-04,Apparel,35.09,1,1
O015782,2026-06-11,Apparel,64.43,0,2
O012825,2026-04-29,Electronics,123.92,0,2
O017108,2026-07-25,Apparel,60.85,0,1
O008230,2026-01-12,Apparel,58.03,0,3
O000811,2025-08-19,Electronics,144.62,0,4
O011221,2026-03-18,Apparel,44.65,0,2
O009075,2026-01-19,Home,33.02,0,2
O008646,2026-01-04,Electronics,258.45,0,3
O016093,2026-06-08,Electronics,134.17,0,1
O017232,2026-07-09,Apparel,72.85,0,3
O012621,2026-04-16,Apparel,94.27,0,3
O001460,2025-09-05,Apparel,37.25,0,2
O004034,2025-10-01,Home,55.39,0,4
O002001,2025-09-29,Electronics,201.15,0,3
O008160,2026-01-27,Apparel,72.2,1,3
O009068,2026-01-14,Home,70.09,0,1
O007124,2025-12-04,Electronics,107.45,0,5
O005096,2025-11-30,Electronics,169.68,0,2
O014887,2026-05-13,Home,143.54,0,5
O006283,2025-12-10,Apparel,8,1,3
O016740,2026-06-22,Home,116.7,0,3
O011217,2026-03-20,Apparel,37.27,1,4
O000814,2025-08-06,Electronics,201.21,0,5
O015589,2026-06-25,Apparel,85.55,1,5
O009785,2026-02-21,Apparel,8,0,4
O001599,2025-09-18,Apparel,58.44,0,6
O016274,2026-06-25,Electronics,163.16,1,3
O006230,2025-12-28,Apparel,37.74,0,3
O011215,2026-03-20,Apparel,68.91,0,4
O013976,2026-05-31,Apparel,91.29,0,3
O006794,2025-12-05,Electronics,197.12,0,4
O005414,2025-11-10,Home,101.89,0,4
O013087,2026-04-14,Electronics,118.11,0,1
O014362,2026-05-25,Electronics,77.86,0,2
O000969,2025-08-18,Home,75.46,0,2
O000673,2025-08-08,Electronics,121.79,0,4
O017558,2026-07-23,Electronics,276.44,0,1
O008709,2026-01-02,Electronics,66.51,1,3
O007474,2025-12-05,Home,50.02,0,4
O005252,2025-11-05,Electronics,44.99,0,4
O004600,2025-11-17,Apparel,44.08,1,3
O008623,2026-01-10,Electronics,79.47,0,3
O004582,2025-11-12,Apparel,110.18,0,4
O015635,2026-06-16,Apparel,114.05,0,1
O002999,2025-10-31,Apparel,81.24,1,2
O001629,2025-09-11,Apparel,48.54,0,4
O007979,2026-01-19,Apparel,65.95,1,2
O017125,2026-07-22,Apparel,24.74,0,4
O001386,2025-09-22,Apparel,30.66,0,2
O000092,2025-08-17,Apparel,37.91,0,1
O004477,2025-11-20,Apparel,76.24,0,4
O018327,2026-07-30,Home,105.64,0,2
O002319,2025-09-15,Electronics,64.26,0,3
O002669,2025-09-05,Home,110.42,1,2
O010895,2026-03-21,Apparel,77.78,0,4
O004289,2025-11-28,Apparel,61.73,0,4
O005229,2025-11-14,Electronics,154.54,0,3
O000132,2025-08-24,Apparel,71.85,0,3
O011832,2026-03-20,Home,125.98,0,2
O012287,2026-04-09,Apparel,99.35,0,2
O000643,2025-08-30,Electronics,116.7,0,2
O012228,2026-04-27,Apparel,51.0,0,4
O000220,2025-08-29,Apparel,29.26,0,4
O017926,2026-07-21,Electronics,80.23,0,1
O015109,2026-05-02,Home,73.42,0,4
O002347,2025-09-21,Home,99.75,1,3
O010466,2026-02-15,Home,103.81,0,4
O014372,2026-05-24,Electronics,202.54,0,1
O009351,2026-02-08,Apparel,74.63,1,4
O000937,2025-08-14,Electronics,84.66,0,2
O006919,2025-12-19,Electronics,139.62,0,4
O002608,2025-09-29,Home,68.47,0,3
O005226,2025-11-16,Electronics,274.54,0,3
O000927,2025-08-14,Electronics,158.47,0,2
O017118,2026-07-30,Apparel,56.37,0,2
O013259,2026-04-08,Electronics,157.12,0,4
O018272,2026-07-26,Home,15.77,0,3
O004330,2025-11-01,Apparel,53.41,0,3
O005679,2025-11-27,Home,86.95,1,3
O002263,2025-09-27,Electronics,68.73,0,3
O002870,2025-10-03,Apparel,105.08,0,3
O004314,2025-11-10,Apparel,78.75,0,1
O002670,2025-09-06,Home,78.42,0,6
O005696,2025-11-04,Home,114.01,1,2
O002873,2025-10-03,Apparel,74.53,0,4
O009118,2026-01-02,Home,104.51,0,4
O002554,2025-09-14,Home,82.18,0,1
O002384,2025-09-01,Home,31.9,0,3
O017523,2026-07-22,Electronics,106.14,0,2
O015858,2026-06-14,Apparel,17.75,0,2
O017944,2026-07-30,Electronics,139.61,0,2
O017969,2026-07-22,Electronics,80.16,0,2
O016786,2026-06-13,Home,103.29,0,4
O017464,2026-07-04,Apparel,90.93,0,2
O017249,2026-07-23,Apparel,31.98,0,3
O001600,2025-09-23,Apparel,43.66,1,5
O008286,2026-01-15,Apparel,31.44,0,3
O009586,2026-02-20,Apparel,79.23,1,3
O000139,2025-08-25,Apparel,107.72,0,2
O001017,2025-08-30,Home,44.48,0,2
O010510,2026-02-10,Home,58.77,1,3
O009160,2026-01-17,Home,119.64,0,1
O004757,2025-11-02,Apparel,22.03,0,2
O005410,2025-11-15,Home,70.91,0,4
O013586,2026-04-12,Home,71.64,0,4
O007941,2026-01-21,Apparel,78.81,0,5
O004729,2025-11-15,Apparel,95.06,0,1
O001375,2025-09-01,Apparel,39.86,0,4
O014433,2026-05-16,Electronics,197.38,0,5
O015763,2026-06-20,Apparel,56.19,0,2
O018185,2026-07-20,Home,122.83,0,4
O000736,2025-08-30,Electronics,8,0,5
O014161,2026-05-15,Apparel,26.5,0,4
O008186,2026-01-23,Apparel,64.36,0,3
O017225,2026-07-12,Apparel,68.04,0,2
O003431,2025-10-03,Electronics,248.06,0,3
O014630,2026-05-13,Electronics,213.53,0,3
O000922,2025-08-04,Electronics,258.0,0,1
O015068,2026-05-22,Home,56.33,0,5
O006869,2025-12-30,Electronics,120.19,0,2
O002250,2025-09-13,Electronics,166.75,0,3
O001280,2025-08-19,Home,85.27,0,1
O009850,2026-02-25,Electronics,187.84,0,3
O001051,2025-08-31,Home,44.58,0,3
O012218,2026-04-27,Apparel,66.14,1,3
O012896,2026-04-19,Electronics,281.13,0,3
O000382,2025-08-12,Apparel,78.72,0,3
O001185,2025-08-05,Home,70.98,0,3
O013534,2026-04-30,Home,111.2,0,3
O015598,2026-06-14,Apparel,77.39,0,1
O004791,2025-11-26,Electronics,181.74,0,4
O003575,2025-10-04,Electronics,191.09,0,4
O003420,2025-10-01,Electronics,163.93,0,3
O016996,2026-07-22,Apparel,78.05,0,2
O017515,2026-07-02,Electronics,135.66,0,2
O006516,2025-12-08,Electronics,153.75,0,5
O006860,2025-12-08,Electronics,73.96,0,2
O014708,2026-05-20,Electronics,142.47,0,6
O010383,2026-02-02,Home,87.93,1,3
O010178,2026-02-09,Electronics,130.24,1,4
O003349,2025-10-22,Electronics,139.62,0,3
O015779,2026-06-19,Apparel,78.71,0,4
O001613,2025-09-17,Apparel,14.52,0,3
O016159,2026-06-13,Electronics,30.82,1,6
O004332,2025-11-18,Apparel,33.27,1,2
O016975,2026-07-01,Apparel,69.14,0,2
O004919,2025-11-09,Electronics,252.35,0,4
O010940,2026-03-03,Apparel,60.61,0,3
O000513,2025-08-21,Apparel,89.95,0,3
O012659,2026-04-10,Apparel,53.39,0,2
O001028,2025-08-18,Home,126.83,0,5
O010507,2026-02-16,Home,83.46,0,2
O013794,2026-05-14,Apparel,8,0,3
O000960,2025-08-12,Electronics,108.49,0,6
O015488,2026-06-14,Apparel,56.95,0,3
O016418,2026-06-18,Home,70.57,0,3
O001900,2025-09-19,Electronics,131.04,0,2
O004205,2025-11-27,Apparel,99.48,0,3
O007960,2026-01-28,Apparel,78.74,0,3
O003916,2025-10-17,Home,104.94,0,4
O004276,2025-11-25,Apparel,58.04,0,4
O006021,2025-12-13,Apparel,19.15,0,4
O017597,2026-07-02,Electronics,82.98,0,2
O014529,2026-05-22,Electronics,77.55,0,5
O000412,2025-08-09,Apparel,25.43,0,4
O008829,2026-01-22,Home,105.6,0,2
O017251,2026-07-22,Apparel,75.06,0,3
O002426,2025-09-29,Home,70.2,0,5
O015272,2026-06-05,Apparel,102.13,0,2
O012238,2026-04-16,Apparel,111.15,0,3
O015338,2026-06-26,Apparel,63.08,0,3
O014309,2026-05-04,Apparel,34.88,0,3
O012181,2026-04-16,Apparel,60.6,0,2
O014943,2026-05-28,Home,86.43,0,3
O003616,2025-10-27,Electronics,142.8,0,3
O016147,2026-06-14,Electronics,140.31,0,2
O016487,2026-06-09,Home,71.9,0,4
O007225,2025-12-25,Home,28.56,0,3
O008106,2026-01-20,Apparel,61.53,0,4
O002325,2025-09-16,Electronics,201.53,0,4
O013368,2026-04-28,Home,77.62,0,1
O013403,2026-04-13,Home,91.49,0,4
O009100,2026-01-10,Home,32.3,1,5
O004060,2025-10-10,Home,74.01,0,2
O008371,2026-01-19,Electronics,168.38,0,2
O009077,2026-01-26,Home,25.42,0,5
O013873,2026-05-24,Apparel,57.33,0,3
O005879,2025-12-11,Apparel,80.38,0,3
O014812,2026-05-26,Home,59.54,0,2
O011738,2026-03-15,Electronics,176.57,0,3
O001905,2025-09-25,Electronics,47.49,0,2
O005285,2025-11-20,Electronics,8.65,0,5
O013686,2026-05-14,Apparel,82.63,0,4
O003059,2025-10-22,Apparel,18.99,0,4
O002560,2025-09-04,Home,102.77,0,3
O003162,2025-10-04,Apparel,51.18,0,4
O005796,2025-12-08,Apparel,35.98,1,2
O015940,2026-06-16,Electronics,18.21,0,2
O016987,2026-07-31,Apparel,17.66,0,3
O017262,2026-07-12,Apparel,47.19,1,3
O013726,2026-05-15,Apparel,47.57,0,2
O006004,2025-12-03,Apparel,107.05,0,4
O004959,2025-11-23,Electronics,129.74,1,4
O001796,2025-09-28,Apparel,35.86,0,3
O005693,2025-11-13,Home,92.71,0,4
O005412,2025-11-15,Home,41.35,1,3
O009204,2026-01-13,Home,125.17,0,3
O007808,2026-01-24,Apparel,96.85,0,2
O008973,2026-01-20,Home,8.32,0,3
O003465,2025-10-10,Electronics,158.98,0,4
O017481,2026-07-15,Apparel,61.75,0,3
O015040,2026-05-28,Home,96.38,0,2
O013328,2026-04-24,Home,74.51,0,4
O017648,2026-07-09,Electronics,104.38,0,2
O003909,2025-10-22,Home,99.62,0,4
O016808,2026-06-23,Home,82.45,0,3
O005259,2025-11-23,Electronics,174.19,0,1
O001026,2025-08-20,Home,109.9,0,2
O003032,2025-10-28,Apparel,69.41,0,3
O012720,2026-04-18,Apparel,48.15,0,5
O000713,2025-08-03,Electronics,281.87,1,3
O008848,2026-01-07,Home,105.05,0,3
O001458,2025-09-17,Apparel,59.93,1,5
O015543,2026-06-21,Apparel,44.82,0,1
O016617,2026-06-25,Home,54.57,0,1
O003838,2025-10-27,Home,8,0,5
O001590,2025-09-01,Apparel,53.16,0,3
O009207,2026-01-18,Home,148.87,0,4
O012513,2026-04-29,Apparel,53.68,0,4
O013803,2026-05-03,Apparel,14.2,0,2
O008261,2026-01-17,Apparel,79.64,0,4
O014873,2026-05-08,Home,133.22,0,3
O005104,2025-11-14,Electronics,170.74,0,1
O016713,2026-06-06,Home,107.82,0,3
O004587,2025-11-19,Apparel,81.38,0,4
O014720,2026-05-17,Electronics,250.0,0,1
O010478,2026-02-23,Home,137.73,0,3
O017320,2026-07-10,Apparel,69.66,0,4
O015015,2026-05-14,Home,76.33,0,3
O018136,2026-07-31,Home,119.88,0,2
O005307,2025-11-07,Home,78.84,0,4
O003214,2025-10-20,Apparel,25.39,0,3
O015457,2026-06-01,Apparel,49.18,0,3
O015501,2026-06-25,Apparel,32.77,0,2
O004421,2025-11-02,Apparel,33.89,0,4
O010847,2026-03-18,Apparel,43.5,0,2
O013776,2026-05-19,Apparel,77.02,0,3
O004853,2025-11-24,Electronics,8,0,3
O015427,2026-06-14,Apparel,41.78,0,3
O018079,2026-07-13,Home,66.58,0,4
O016903,2026-07-29,Apparel,102.05,0,1
O011179,2026-03-23,Apparel,34.52,0,2
O016479,2026-06-20,Home,72.18,0,5
O014481,2026-05-22,Electronics,220.63,0,4
O008244,2026-01-27,Apparel,33.44,0,3
O001360,2025-09-20,Apparel,94.36,0,4
O012785,2026-04-14,Apparel,72.03,0,2
O006033,2025-12-13,Apparel,101.13,0,5
O014235,2026-05-23,Apparel,18.48,1,2
O009451,2026-02-04,Apparel,68.93,0,3
O013808,2026-05-08,Apparel,48.64,1,2
O008408,2026-01-31,Electronics,163.27,0,6
O016203,2026-06-19,Electronics,127.35,0,2
O014566,2026-05-20,Electronics,169.93,0,4
O000053,2025-08-09,Apparel,53.16,0,3
O016716,2026-06-12,Home,90.62,0,2
O011824,2026-03-29,Home,117.82,0,4
O006958,2025-12-31,Electronics,235.36,0,2
O011997,2026-03-04,Home,58.67,0,4
O002084,2025-09-19,Electronics,215.23,0,6
O000733,2025-08-19,Electronics,224.18,0,4
O013430,2026-04-21,Home,8,0,4
O007648,2025-12-29,Home,134.18,1,6
O003424,2025-10-31,Electronics,172.24,0,2
O007289,2025-12-11,Home,28.91,0,4
O006193,2025-12-09,Apparel,55.34,0,6
O016314,2026-06-02,Electronics,55.6,0,2
O001659,2025-09-20,Apparel,33.96,0,3
O002977,2025-10-14,Apparel,54.49,0,6
O000303,2025-08-10,Apparel,68.73,0,3
O011248,2026-03-07,Apparel,71.53,0,2
O011782,2026-03-11,Home,68.75,0,3
O018355,2026-07-06,Home,70.71,0,4
O002161,2025-09-15,Electronics,88.25,0,2
O011131,2026-03-29,Apparel,54.98,0,3
O016336,2026-06-15,Electronics,213.83,0,4
O017633,2026-07-13,Electronics,240.72,0,3
O016351,2026-06-01,Electronics,172.39,0,3
O003730,2025-10-05,Electronics,101.42,0,2
O011875,2026-03-05,Home,61.05,0,4
O015408,2026-06-09,Apparel,65.03,0,3
O000378,2025-08-12,Apparel,53.39,0,4
O006954,2025-12-09,Electronics,276.0,0,3
O004364,2025-11-24,Apparel,48.27,0,3
O008199,2026-01-27,Apparel,50.8,0,2
O007616,2025-12-28,Home,144.6,0,3
O003911,2025-10-20,Home,57.18,0,4
O016118,2026-06-18,Electronics,242.68,0,3
O006426,2025-12-20,Apparel,17.88,0,4
O002281,2025-09-17,Electronics,205.84,0,2
O009892,2026-02-26,Electronics,220.77,0,1
O016199,2026-06-06,Electronics,76.44,0,5
O002868,2025-10-20,Apparel,91.97,0,6
O001811,2025-09-08,Apparel,47.93,1,3
O012903,2026-04-30,Electronics,74.58,0,3
O015296,2026-06-16,Apparel,34.43,0,3
O011675,2026-03-22,Electronics,206.2,0,3
O005070,2025-11-01,Electronics,161.26,0,4
O002819,2025-10-12,Apparel,82.9,0,3
O007481,2025-12-06,Home,81.94,0,1
O014738,2026-05-25,Electronics,135.73,0,4
O012029,2026-03-04,Home,12.65,0,1
O004762,2025-11-30,Apparel,104.46,0,6
O013109,2026-04-09,Electronics,102.59,0,2
O000468,2025-08-02,Apparel,34.93,0,3
O002145,2025-09-03,Electronics,86.01,0,5
O006401,2025-12-31,Apparel,17.44,0,3
O010644,2026-02-23,Home,146.95,0,4
O007196,2025-12-20,Electronics,209.74,0,2
O011193,2026-03-03,Apparel,75.74,0,3
O017675,2026-07-31,Electronics,123.85,0,2
O003767,2025-10-01,Home,145.31,0,4
O009675,2026-02-19,Apparel,30.04,0,2
O007469,2025-12-13,Home,133.26,0,2
O000165,2025-08-07,Apparel,91.27,0,4
O001066,2025-08-28,Home,8,0,4
O005969,2025-12-12,Apparel,29.56,0,4
O013481,2026-04-13,Home,105.88,0,4
O002083,2025-09-07,Electronics,203.12,0,4
O005967,2025-12-28,Apparel,103.22,0,5
O004562,2025-11-28,Apparel,37.64,0,4
O012798,2026-04-07,Electronics,212.55,0,4
O009966,2026-02-13,Electronics,39.07,0,2
O011059,2026-03-14,Apparel,8,0,2
O016771,2026-06-25,Home,62.62,0,4
O000946,2025-08-27,Electronics,41.42,0,4
O006691,2025-12-08,Electronics,68.23,0,2
O014415,2026-05-12,Electronics,205.9,0,3
O002915,2025-10-19,Apparel,88.03,0,4
O002445,2025-09-17,Home,19.53,0,4
O015820,2026-06-06,Apparel,9.52,0,2
O000294,2025-08-22,Apparel,110.28,0,5
O010020,2026-02-13,Electronics,220.5,0,6
O012877,2026-04-14,Electronics,150.86,0,2
O006328,2025-12-19,Apparel,60.85,0,2
O012615,2026-04-05,Apparel,36.86,0,4
O016780,2026-06-15,Home,26.15,0,3
O006079,2025-12-27,Apparel,25.59,0,4
O011228,2026-03-07,Apparel,76.25,0,3
O006467,2025-12-21,Apparel,80.1,0,3
O000709,2025-08-09,Electronics,239.74,0,3
O000766,2025-08-03,Electronics,143.94,0,3
O012860,2026-04-02,Electronics,18.83,0,3
O011183,2026-03-13,Apparel,32.87,0,4
O005324,2025-11-28,Home,125.97,0,3
O009646,2026-02-11,Apparel,57.54,1,2
O015823,2026-06-04,Apparel,49.12,0,4
O004530,2025-11-16,Apparel,95.82,0,3
O008655,2026-01-24,Electronics,287.8,0,2
O001212,2025-08-19,Home,121.57,0,3
O014305,2026-05-29,Apparel,83.17,0,3
O013023,2026-04-14,Electronics,96.12,0,3
O006209,2025-12-01,Apparel,39.25,0,2
O000118,2025-08-05,Apparel,81.86,0,7
O001270,2025-08-31,Home,117.07,0,2
O002117,2025-09-17,Electronics,245.11,0,3
O001757,2025-09-18,Apparel,55.0,0,5
O011820,2026-03-20,Home,138.24,0,3
O016241,2026-06-21,Electronics,139.09,0,3
O001241,2025-08-14,Home,58.4,0,3
O015193,2026-05-12,Home,126.39,0,2
O016131,2026-06-13,Electronics,121.43,0,2
O003121,2025-10-26,Apparel,112.12,0,4
O015717,2026-06-11,Apparel,55.93,0,6
O014563,2026-05-14,Electronics,234.82,0,3
O014460,2026-05-16,Electronics,116.21,0,2
O010992,2026-03-25,Apparel,39.76,0,3
O016096,2026-06-17,Electronics,188.91,0,2
O010987,2026-03-28,Apparel,8,0,4
O017335,2026-07-13,Apparel,60.54,0,3
O012031,2026-03-22,Home,71.68,0,2
O017718,2026-07-05,Electronics,157.17,0,2
O002983,2025-10-05,Apparel,47.5,0,2
O007717,2025-12-17,Home,109.35,0,2
O006716,2025-12-15,Electronics,294.09,0,5
O006073,2025-12-17,Apparel,74.72,0,4
O014651,2026-05-17,Electronics,119.0,0,2
O015055,2026-05-29,Home,85.36,0,2
O012028,2026-03-17,Home,78.72,0,3
O014024,2026-05-15,Apparel,78.71,0,3
O017498,2026-07-27,Electronics,157.93,0,3
O001558,2025-09-16,Apparel,30.86,0,2
O004482,2025-11-13,Apparel,41.96,0,4
O008191,2026-01-03,Apparel,117.68,1,4
O018320,2026-07-06,Home,71.77,0,1
O017767,2026-07-04,Electronics,229.04,0,2
O014067,2026-05-05,Apparel,32.52,0,2
O008223,2026-01-18,Apparel,54.81,0,3
O007376,2025-12-08,Home,62.16,0,3
O017549,2026-07-22,Electronics,183.65,0,5
O016829,2026-07-10,Apparel,90.3,0,4
O015143,2026-05-23,Home,125.15,0,2
O000844,2025-08-18,Electronics,178.49,0,5
O009767,2026-02-22,Apparel,102.24,0,5
O000283,2025-08-31,Apparel,102.43,0,4
O014424,2026-05-16,Electronics,31.18,0,4
O003348,2025-10-26,Electronics,98.27,0,2
O000321,2025-08-08,Apparel,81.52,0,4
O003495,2025-10-14,Electronics,139.56,0,4
O010208,2026-02-06,Electronics,119.87,0,4
O006963,2025-12-06,Electronics,204.73,0,3
O006747,2025-12-09,Electronics,53.91,0,3
O017324,2026-07-10,Apparel,38.6,0,2
O009452,2026-02-08,Apparel,78.6,0,2
O006885,2025-12-20,Electronics,126.46,0,2
O008687,2026-01-13,Electronics,144.36,0,2
O006419,2025-12-31,Apparel,77.57,0,3
O010606,2026-02-16,Home,42.57,0,3
O003922,2025-10-05,Home,86.8,0,3
O002881,2025-10-09,Apparel,44.96,1,2
O015557,2026-06-18,Apparel,72.1,0,3
O001312,2025-08-02,Home,50.18,0,3
O000066,2025-08-15,Apparel,83.36,0,3
O003401,2025-10-05,Electronics,81.86,0,4
O008644,2026-01-10,Electronics,218.12,0,2
O004248,2025-11-16,Apparel,109.85,1,3
O003584,2025-10-26,Electronics,224.0,0,6
O012647,2026-04-18,Apparel,35.47,0,4
O013526,2026-04-26,Home,80.96,0,4
O012832,2026-04-13,Electronics,104.96,0,3
O001920,2025-09-03,Electronics,170.4,0,1
O016669,2026-06-02,Home,32.35,0,4
O000435,2025-08-07,Apparel,75.2,0,5
O010652,2026-02-19,Home,129.84,0,4
O013242,2026-04-19,Electronics,122.08,0,5
O017237,2026-07-16,Apparel,65.4,0,4
O010137,2026-02-27,Electronics,223.51,0,3
O003540,2025-10-02,Electronics,79.12,0,4
O010395,2026-02-28,Home,76.41,0,2
O010403,2026-02-06,Home,124.63,0,1
O002847,2025-10-25,Apparel,28.9,0,5
O003890,2025-10-31,Home,91.37,0,4
O001223,2025-08-12,Home,60.24,0,4
O002963,2025-10-27,Apparel,66.91,0,4
O002861,2025-10-21,Apparel,22.93,0,4
O004522,2025-11-15,Apparel,76.63,1,3
O012285,2026-04-23,Apparel,89.03,0,4
O006933,2025-12-11,Electronics,174.94,0,4
O009908,2026-02-04,Electronics,183.08,0,2
O018367,2026-07-04,Home,54.94,0,3
O016692,2026-06-23,Home,93.12,0,3
O000134,2025-08-26,Apparel,57.1,0,3
O000545,2025-08-12,Electronics,67.16,0,3
O006034,2025-12-31,Apparel,53.65,0,2
O010967,2026-03-30,Apparel,40.82,0,4
O001922,2025-09-20,Electronics,258.83,0,5
O009639,2026-02-03,Apparel,8,1,3
O011913,2026-03-14,Home,54.47,0,4
O007510,2025-12-18,Home,89.65,0,3
O013513,2026-04-26,Home,122.31,0,3
O016694,2026-06-01,Home,59.57,0,2
O017007,2026-07-21,Apparel,81.17,1,3
O012305,2026-04-05,Apparel,27.58,0,2
O005250,2025-11-18,Electronics,174.95,0,2
O012253,2026-04-14,Apparel,34.79,1,2
O004913,2025-11-20,Electronics,156.73,0,4
O013733,2026-05-28,Apparel,40.96,0,4
O010746,2026-03-26,Apparel,81.86,0,1
O005916,2025-12-25,Apparel,47.03,0,4
O017780,2026-07-27,Electronics,83.29,0,1
O003517,2025-10-18,Electronics,114.34,0,3
O012682,2026-04-18,Apparel,53.72,1,2
O008350,2026-01-29,Electronics,101.4,0,2
O001345,2025-09-27,Apparel,46.2,0,4
O011978,2026-03-28,Home,79.85,0,3
O002854,2025-10-22,Apparel,85.01,0,3
O007390,2025-12-09,Home,29.28,0,4
O015649,2026-06-23,Apparel,53.74,1,2
O007608,2025-12-10,Home,116.95,0,3
O011666,2026-03-22,Electronics,71.27,0,6
O000391,2025-08-12,Apparel,24.16,0,4
O002099,2025-09-06,Electronics,126.49,0,1
O015103,2026-05-29,Home,38.36,0,3
O014640,2026-05-13,Electronics,140.47,0,3
O014808,2026-05-04,Electronics,112.51,0,3
O013034,2026-04-21,Electronics,53.77,0,3
O003626,2025-10-06,Electronics,146.93,1,4
O011971,2026-03-10,Home,89.09,0,2
O011871,2026-03-27,Home,113.09,0,3
O015807,2026-06-29,Apparel,86.02,0,4
O010120,2026-02-20,Electronics,145.0,0,3
O003699,2025-10-09,Electronics,54.23,0,5
O003360,2025-10-29,Electronics,8,0,3
O005727,2025-11-06,Home,86.55,0,1
O008410,2026-01-16,Electronics,226.62,0,3
O003814,2025-10-22,Home,88.53,0,3
O018349,2026-07-13,Home,54.55,0,3
O001117,2025-08-31,Home,15.22,0,5
O005476,2025-11-26,Home,90.4,0,2
O002135,2025-09-02,Electronics,105.3,0,4
O017395,2026-07-04,Apparel,88.22,0,4
O015836,2026-06-19,Apparel,96.6,0,3
O017745,2026-07-20,Electronics,197.45,0,4
O008336,2026-01-03,Electronics,47.74,0,4
O003591,2025-10-08,Electronics,223.88,0,4
O005848,2025-12-21,Apparel,37.32,0,4
O006711,2025-12-05,Electronics,269.53,0,2
O014436,2026-05-10,Electronics,106.12,0,4
O015005,2026-05-13,Home,90.79,0,2
O016680,2026-06-10,Home,134.08,0,3
O016540,2026-06-11,Home,124.63,0,4
O000655,2025-08-27,Electronics,143.97,0,4
O005180,2025-11-21,Electronics,138.02,1,2
O016982,2026-07-28,Apparel,56.65,0,3
O001794,2025-09-01,Apparel,77.57,0,4
O001316,2025-08-30,Home,30.19,1,4
O003923,2025-10-21,Home,83.73,0,5
O013327,2026-04-13,Home,8,0,6
O000405,2025-08-10,Apparel,26.12,0,3
O002282,2025-09-07,Electronics,175.28,0,6
O013687,2026-05-12,Apparel,69.26,0,4
O013238,2026-04-01,Electronics,274.09,0,3
O001141,2025-08-31,Home,97.43,0,2
O009187,2026-01-09,Home,95.1,0,1
O008909,2026-01-03,Home,39.42,0,4
O005029,2025-11-22,Electronics,138.69,0,3
O005845,2025-12-31,Apparel,63.41,0,2
O013000,2026-04-23,Electronics,136.07,0,3
O011498,2026-03-16,Electronics,132.91,0,3
O000021,2025-08-24,Apparel,33.7,0,3
O003092,2025-10-09,Apparel,21.0,0,3
O006403,2025-12-16,Apparel,62.31,0,4
O018345,2026-07-26,Home,27.66,0,3
O014948,2026-05-11,Home,98.66,0,5
O012101,2026-03-06,Home,89.69,0,5
O006790,2025-12-04,Electronics,72.18,0,3
O016222,2026-06-12,Electronics,226.52,0,5
O013094,2026-04-02,Electronics,8,0,4
O002737,2025-10-02,Apparel,84.29,0,4
O002121,2025-09-23,Electronics,157.51,0,3
O008854,2026-01-23,Home,82.2,0,3
O008245,2026-01-17,Apparel,19.33,1,3
O009376,2026-02-26,Apparel,69.42,0,4
O008144,2026-01-31,Apparel,121.17,0,3
O002749,2025-10-24,Apparel,17.01,0,3
O002410,2025-09-21,Home,65.09,0,3
O009149,2026-01-06,Home,49.34,1,3
O007732,2025-12-17,Home,74.94,1,2
O017149,2026-07-06,Apparel,66.85,0,2
O004136,2025-11-02,Apparel,8,0,2
O007882,2026-01-31,Apparel,97.2,0,4
O006552,2025-12-11,Electronics,153.22,0,1
O011633,2026-03-05,Electronics,143.13,0,4
O002676,2025-09-20,Home,194.33,0,3
O005645,2025-11-17,Home,55.62,0,2
O014307,2026-05-04,Apparel,103.73,0,3
O012675,2026-04-02,Apparel,79.13,0,2
O011428,2026-03-17,Electronics,196.27,0,4
O001136,2025-08-15,Home,89.51,0,4
O000186,2025-08-27,Apparel,33.43,0,3
O000686,2025-08-23,Electronics,187.68,0,3
O004061,2025-10-07,Home,94.96,0,4
O013480,2026-04-26,Home,91.75,0,2
O017495,2026-07-22,Apparel,51.96,0,3
O014430,2026-05-03,Electronics,8,0,1
O006590,2025-12-02,Electronics,228.78,1,1
O013789,2026-05-16,Apparel,100.94,1,4
O009498,2026-02-21,Apparel,75.69,0,1
O000159,2025-08-29,Apparel,87.9,0,5
O011176,2026-03-03,Apparel,38.9,1,1
O006329,2025-12-20,Apparel,8,1,2
O006006,2025-12-28,Apparel,119.41,0,3
O007540,2025-12-26,Home,102.82,0,3
O005638,2025-11-03,Home,68.04,0,2
O011457,2026-03-08,Electronics,96.8,0,4
O001687,2025-09-12,Apparel,66.76,0,4
O008178,2026-01-13,Apparel,90.0,0,4
O007246,2025-12-25,Home,29.47,0,4
O008028,2026-01-05,Apparel,76.91,0,3
O004537,2025-11-05,Apparel,112.42,0,4
O003752,2025-10-05,Home,36.59,0,2
O003770,2025-10-04,Home,99.07,0,2
O014631,2026-05-01,Electronics,252.68,0,3
O006041,2025-12-03,Apparel,57.37,1,3
O011316,2026-03-22,Electronics,89.8,0,6
O018379,2026-07-23,Home,129.16,1,1
O016550,2026-06-03,Home,129.52,0,3
O013846,2026-05-22,Apparel,93.29,0,3
O014331,2026-05-11,Electronics,8,0,1
O011185,2026-03-25,Apparel,8.62,1,4
O009270,2026-02-06,Apparel,63.64,0,4
O001847,2025-09-16,Apparel,89.39,0,4
O000956,2025-08-03,Electronics,250.95,0,2
O013106,2026-04-21,Electronics,158.61,0,3
O003594,2025-10-16,Electronics,247.96,0,2
O007368,2025-12-19,Home,93.09,0,4
O017452,2026-07-11,Apparel,63.11,0,2
O016708,2026-06-16,Home,66.98,0,4
O002129,2025-09-03,Electronics,74.26,0,1
O007633,2025-12-16,Home,83.36,0,5
O004085,2025-10-10,Home,74.87,0,3
O018192,2026-07-19,Home,84.09,0,3
O006160,2025-12-23,Apparel,77.02,0,4
O007049,2025-12-28,Electronics,8,0,1
O006575,2025-12-12,Electronics,178.16,0,2
O010050,2026-02-12,Electronics,164.38,0,4
O008538,2026-01-28,Electronics,237.59,0,4
O012915,2026-04-09,Electronics,142.03,0,4
O015942,2026-06-29,Electronics,198.28,0,3
O017391,2026-07-30,Apparel,47.14,1,3
O012545,2026-04-02,Apparel,89.72,0,5
O002323,2025-09-04,Electronics,158.79,0,3
O002809,2025-10-29,Apparel,79.21,0,4
O000534,2025-08-02,Electronics,241.45,0,3
O007343,2025-12-17,Home,91.09,0,2
O008271,2026-01-13,Apparel,50.3,0,3
O001311,2025-08-28,Home,144.98,0,3
O012892,2026-04-08,Electronics,19.63,0,3
O005807,2025-12-10,Apparel,30.58,1,5
O007300,2025-12-27,Home,81.78,0,1
O000254,2025-08-06,Apparel,51.88,0,3
O007809,2026-01-20,Apparel,58.35,0,3
O011573,2026-03-17,Electronics,202.48,0,3
O005025,2025-11-15,Electronics,30.51,0,3
O001340,2025-08-21,Home,65.17,0,5
O005695,2025-11-15,Home,75.57,0,5
O004178,2025-11-30,Apparel,57.18,0,4
O009727,2026-02-12,Apparel,53.52,0,2
O001498,2025-09-03,Apparel,45.8,0,5
O011418,2026-03-20,Electronics,149.37,0,3
O002220,2025-09-05,Electronics,190.21,0,4
O000559,2025-08-30,Electronics,88.31,0,4
O003192,2025-10-22,Apparel,59.54,0,2
O004502,2025-11-16,Apparel,58.76,0,3
O005552,2025-11-13,Home,67.74,0,3
O015866,2026-06-24,Apparel,66.01,0,5
O011815,2026-03-09,Home,107.89,0,2
O011951,2026-03-30,Home,121.89,0,4
O006851,2025-12-21,Electronics,258.94,1,4
O016296,2026-06-20,Electronics,118.88,0,4
O007119,2025-12-12,Electronics,72.2,0,5
O017150,2026-07-01,Apparel,52.45,0,1
O012628,2026-04-23,Apparel,95.11,0,2
O000142,2025-08-02,Apparel,126.99,0,1
O017348,2026-07-06,Apparel,80.62,1,6
O014846,2026-05-11,Home,75.24,0,2
O000224,2025-08-28,Apparel,36.37,1,2
O001064,2025-08-13,Home,97.28,0,3
O006854,2025-12-24,Electronics,85.55,0,3
O007976,2026-01-15,Apparel,46.87,0,3
O007900,2026-01-09,Apparel,13.19,0,2
O011342,2026-03-30,Electronics,115.15,0,4
O006918,2025-12-24,Electronics,139.77,0,2
O008491,2026-01-11,Electronics,8,0,4
O002714,2025-09-01,Home,103.61,0,5
O011652,2026-03-05,Electronics,132.03,0,3
O001981,2025-09-09,Electronics,117.25,0,3
O008375,2026-01-28,Electronics,224.89,0,5
O017155,2026-07-07,Apparel,64.88,0,3
O010386,2026-02-06,Home,78.49,0,3
O010273,2026-02-06,Electronics,160.79,0,2
O018040,2026-07-09,Home,38.06,0,1
O001656,2025-09-30,Apparel,73.53,1,1
O016866,2026-07-12,Apparel,31.99,0,2
O013404,2026-04-08,Home,92.34,0,2
O003888,2025-10-17,Home,133.86,0,3
O004437,2025-11-28,Apparel,73.58,0,4
O003041,2025-10-23,Apparel,80.88,0,3
O015419,2026-06-17,Apparel,68.89,0,2
O002213,2025-09-02,Electronics,282.89,0,4
O015549,2026-06-11,Apparel,133.16,1,5
O015981,2026-06-08,Electronics,116.82,0,3
O015809,2026-06-19,Apparel,94.58,1,4
O017363,2026-07-24,Apparel,75.99,0,4
O003914,2025-10-29,Home,78.06,0,2
O004160,2025-11-07,Apparel,28.04,0,5
O003715,2025-10-07,Electronics,192.34,0,4
O012121,2026-03-06,Home,32.2,1,2
O000813,2025-08-13,Electronics,89.92,0,5
O007391,2025-12-20,Home,110.99,0,3
O014818,2026-05-07,Home,118.34,0,2
O008711,2026-01-12,Electronics,141.52,1,3
O012575,2026-04-03,Apparel,57.73,0,3
O007428,2025-12-02,Home,162.3,0,5
O009619,2026-02-26,Apparel,85.97,0,4
O012612,2026-04-27,Apparel,8,0,3
O006717,2025-12-03,Electronics,146.62,0,3
O016447,2026-06-09,Home,49.49,0,4
O004301,2025-11-01,Apparel,55.74,1,5
O014261,2026-05-21,Apparel,60.82,0,2
O000352,2025-08-02,Apparel,89.46,0,4
O011403,2026-03-17,Electronics,142.69,0,3
O006979,2025-12-05,Electronics,130.97,0,4
O010702,2026-03-30,Apparel,105.45,0,4
O014957,2026-05-25,Home,86.18,0,4
O016196,2026-06-16,Electronics,128.92,0,3
O000385,2025-08-01,Apparel,51.35,0,2
O016335,2026-06-24,Electronics,27.39,0,3
O011765,2026-03-13,Home,100.22,0,3
O018241,2026-07-28,Home,152.11,0,3
O003391,2025-10-23,Electronics,259.37,0,4
O007266,2025-12-07,Home,69.94,0,3
O001875,2025-09-19,Apparel,40.21,1,3
O016369,2026-06-06,Electronics,97.36,1,4
O012103,2026-03-14,Home,58.6,0,4
O017329,2026-07-17,Apparel,94.01,1,2
O012216,2026-04-11,Apparel,116.23,0,3
O016899,2026-07-03,Apparel,29.3,0,2
O017065,2026-07-27,Apparel,60.65,0,4
O007066,2025-12-14,Electronics,95.72,0,3
O005826,2025-12-17,Apparel,69.41,1,3
O014597,2026-05-21,Electronics,21.92,0,3
O013848,2026-05-11,Apparel,20.14,0,2
O017771,2026-07-16,Electronics,114.76,0,4
O000067,2025-08-13,Apparel,8,0,4
O004806,2025-11-23,Electronics,112.01,0,2
O004982,2025-11-19,Electronics,140.19,0,5
O007047,2025-12-28,Electronics,75.13,0,4
O008280,2026-01-05,Apparel,67.98,1,3
O003283,2025-10-15,Electronics,183.6,0,3
O002414,2025-09-06,Home,112.96,0,2
O008498,2026-01-18,Electronics,146.35,0,1
O012340,2026-04-04,Apparel,86.77,0,3
O004606,2025-11-27,Apparel,110.41,0,1
O017874,2026-07-08,Electronics,226.62,0,3
O009153,2026-01-05,Home,120.22,0,3
O009689,2026-02-07,Apparel,50.61,0,3
O012734,2026-04-28,Apparel,85.32,0,2
O002918,2025-10-14,Apparel,104.09,0,4
O008527,2026-01-13,Electronics,199.42,0,2
O016339,2026-06-11,Electronics,99.24,0,4
O005508,2025-11-29,Home,31.44,0,3
O016751,2026-06-09,Home,77.74,0,3
O011797,2026-03-14,Home,113.68,0,2
O005233,2025-11-06,Electronics,230.06,0,4
O003227,2025-10-29,Apparel,61.13,0,3
O012380,2026-04-12,Apparel,64.86,0,3
O010604,2026-02-13,Home,78.34,0,3
O013155,2026-04-03,Electronics,111.71,0,3
O003034,2025-10-20,Apparel,117.0,0,2
O007581,2025-12-20,Home,108.63,1,5
O007197,2025-12-02,Electronics,210.45,0,2
O016079,2026-06-07,Electronics,106.64,0,3
O007173,2025-12-17,Electronics,163.52,0,5
O011329,2026-03-20,Electronics,68.24,0,3
O005433,2025-11-15,Home,82.72,1,2
O014205,2026-05-23,Apparel,86.47,0,4
O005044,2025-11-01,Electronics,133.03,0,4
O016541,2026-06-21,Home,43.7,0,4
O017096,2026-07-11,Apparel,49.72,1,3
O002529,2025-09-15,Home,18.01,0,1
O011339,2026-03-22,Electronics,99.26,0,2
O007424,2025-12-14,Home,56.51,0,3
O000984,2025-08-27,Home,165.42,0,2
O017445,2026-07-29,Apparel,83.42,0,2
O000363,2025-08-30,Apparel,58.92,0,4
O006381,2025-12-02,Apparel,49.1,1,3
O012938,2026-04-04,Electronics,72.96,0,4
O015391,2026-06-18,Apparel,45.05,0,4
O005003,2025-11-14,Electronics,105.32,0,2
O011724,2026-03-18,Electronics,174.04,0,2
O011144,2026-03-11,Apparel,98.57,0,1
O003028,2025-10-29,Apparel,105.6,0,3
O018240,2026-07-04,Home,112.79,0,3
O011025,2026-03-06,Apparel,42.81,1,2
O002970,2025-10-18,Apparel,61.01,0,3
O014375,2026-05-27,Electronics,190.35,0,3
O007774,2026-01-22,Apparel,85.31,0,3
O001669,2025-09-02,Apparel,79.46,0,5
O014071,2026-05-03,Apparel,8,0,3
O002836,2025-10-07,Apparel,67.24,0,3
O010704,2026-03-03,Apparel,52.62,1,2
O012897,2026-04-21,Electronics,101.5,0,3
O007020,2025-12-26,Electronics,42.15,1,3
O014557,2026-05-16,Electronics,238.2,1,4
O008607,2026-01-11,Electronics,81.07,0,2
O005717,2025-11-14,Home,92.69,0,3
O015274,2026-06-19,Apparel,77.49,0,1
O010778,2026-03-05,Apparel,78.45,0,5
O008860,2026-01-17,Home,87.12,0,3
O001727,2025-09-10,Apparel,117.71,0,5
O012716,2026-04-18,Apparel,8,0,2
O013357,2026-04-26,Home,53.62,0,3
O000821,2025-08-21,Electronics,41.74,0,2
O015972,2026-06-16,Electronics,75.74,1,2
O013588,2026-04-27,Home,104.53,0,1
O015138,2026-05-13,Home,37.57,0,4
O006205,2025-12-22,Apparel,45.12,0,3
O008667,2026-01-05,Electronics,271.13,0,3
O013504,2026-04-09,Home,94.18,0,2
O016504,2026-06-02,Home,69.94,0,2
O015685,2026-06-19,Apparel,71.4,0,4
O014303,2026-05-06,Apparel,33.83,0,4
O011821,2026-03-03,Home,78.46,0,2
O004010,2025-10-04,Home,57.86,0,3
O008737,2026-01-04,Electronics,145.27,0,3
O007770,2026-01-09,Apparel,41.45,0,3
O000319,2025-08-20,Apparel,28.22,1,3
O006984,2025-12-17,Electronics,211.15,0,3
O003268,2025-10-11,Apparel,50.03,0,2
O009362,2026-02-09,Apparel,96.9,1,3
O000036,2025-08-16,Apparel,39.35,0,4
O011525,2026-03-30,Electronics,199.75,0,5
O000722,2025-08-17,Electronics,132.29,0,4
O010904,2026-03-03,Apparel,86.92,0,4
O014575,2026-05-22,Electronics,88.69,0,2
O014219,2026-05-11,Apparel,66.65,1,2
O010330,2026-02-20,Home,48.91,0,2
O015451,2026-06-12,Apparel,64.24,0,3
O007418,2025-12-24,Home,95.61,0,5
O017811,2026-07-21,Electronics,172.55,0,5
O014160,2026-05-09,Apparel,130.78,0,3
O001846,2025-09-18,Apparel,76.35,1,4
O002167,2025-09-17,Electronics,119.62,1,3
O012867,2026-04-26,Electronics,140.82,0,3
O009843,2026-02-19,Electronics,177.81,0,3
O014047,2026-05-03,Apparel,80.66,0,2
O003527,2025-10-30,Electronics,113.24,0,5
O008032,2026-01-13,Apparel,99.13,0,3
O012251,2026-04-19,Apparel,54.57,0,1
O009796,2026-02-09,Apparel,68.92,0,2
O008685,2026-01-11,Electronics,327.04,0,1
O000147,2025-08-13,Apparel,27.78,0,2
O003328,2025-10-12,Electronics,68.31,0,3
O004789,2025-11-21,Electronics,275.42,0,4
O004788,2025-11-02,Electronics,147.15,0,5
O000838,2025-08-08,Electronics,250.19,0,2
O007386,2025-12-01,Home,75.09,0,4
O016164,2026-06-09,Electronics,90.7,0,4
O010080,2026-02-28,Electronics,120.66,0,4
O018076,2026-07-08,Home,120.48,0,3
O010366,2026-02-16,Home,69.22,0,6
O005064,2025-11-30,Electronics,257.03,0,4
O007401,2025-12-29,Home,76.81,0,3
O009797,2026-02-18,Apparel,89.2,0,2
O003258,2025-10-18,Apparel,51.51,0,2
O017795,2026-07-11,Electronics,26.22,0,3
O012536,2026-04-18,Apparel,40.67,0,2
O006754,2025-12-29,Electronics,168.59,0,3
O011452,2026-03-09,Electronics,49.47,0,3
O000903,2025-08-21,Electronics,124.02,0,4
O006792,2025-12-26,Electronics,129.89,0,2
O002719,2025-10-08,Apparel,24.56,0,3
O006819,2025-12-02,Electronics,203.19,0,5
O005763,2025-12-26,Apparel,70.34,0,4
O002015,2025-09-17,Electronics,187.34,0,3
O017601,2026-07-14,Electronics,188.45,0,2
O017361,2026-07-10,Apparel,30.09,1,5
O004290,2025-11-01,Apparel,97.49,0,4
O001637,2025-09-14,Apparel,80.81,1,4
O011140,2026-03-23,Apparel,65.27,0,3
O017303,2026-07-05,Apparel,54.99,1,4
O004470,2025-11-10,Apparel,61.09,0,3
O006571,2025-12-02,Electronics,116.46,1,3
O011250,2026-03-13,Apparel,47.2,0,4
O011077,2026-03-21,Apparel,57.05,0,4
O007823,2026-01-21,Apparel,68.94,1,5
O014883,2026-05-10,Home,97.7,0,2
O011872,2026-03-10,Home,115.82,0,3
O002286,2025-09-14,Electronics,140.1,0,3
O000248,2025-08-22,Apparel,54.45,0,4
O017152,2026-07-18,Apparel,71.26,0,4
O017269,2026-07-19,Apparel,62.18,0,1
O000845,2025-08-11,Electronics,173.86,0,3
O009416,2026-02-20,Apparel,71.79,0,3
O008224,2026-01-22,Apparel,88.06,0,5
O000049,2025-08-12,Apparel,47.79,0,2
O012531,2026-04-12,Apparel,113.37,0,5
O016960,2026-07-05,Apparel,52.22,0,3
O008744,2026-01-02,Electronics,112.74,0,4
O016426,2026-06-07,Home,68.83,0,2
O002462,2025-09-29,Home,55.15,0,4
O010425,2026-02-14,Home,70.38,0,3
O000246,2025-08-20,Apparel,111.94,0,3
O010591,2026-02-02,Home,49.93,0,5
O007899,2026-01-29,Apparel,53.67,0,3
O002591,2025-09-27,Home,89.84,0,4
O016287,2026-06-29,Electronics,136.14,0,2
O004665,2025-11-11,Apparel,86.06,1,3
O005323,2025-11-12,Home,110.66,0,4
O002501,2025-09-07,Home,43.3,0,4
O014875,2026-05-14,Home,111.26,0,5
O002044,2025-09-26,Electronics,98.86,0,3
O007191,2025-12-22,Electronics,154.83,0,1
O008248,2026-01-25,Apparel,30.85,1,4
O007012,2025-12-18,Electronics,229.02,0,4
O013064,2026-04-15,Electronics,141.9,1,5
O000326,2025-08-02,Apparel,82.69,0,3
O014939,2026-05-08,Home,92.3,1,2
O007707,2025-12-11,Home,35.0,0,5
O017041,2026-07-28,Apparel,77.69,0,1
O010886,2026-03-23,Apparel,76.83,1,2
O002086,2025-09-18,Electronics,130.4,0,4
O011088,2026-03-22,Apparel,124.46,1,3
O015011,2026-05-07,Home,103.26,0,4
O009673,2026-02-04,Apparel,43.63,0,4
O005963,2025-12-13,Apparel,68.81,1,4
O015092,2026-05-06,Home,33.71,0,4
O005194,2025-11-12,Electronics,132.03,0,2
O009387,2026-02-06,Apparel,81.92,1,2
O000582,2025-08-19,Electronics,158.23,0,3
O007878,2026-01-14,Apparel,74.06,0,2
O007604,2025-12-07,Home,86.71,0,4
O016869,2026-07-05,Apparel,95.01,0,2
O003986,2025-10-18,Home,39.97,0,5
O012597,2026-04-13,Apparel,56.24,0,1
O016673,2026-06-14,Home,8,1,3
O001789,2025-09-10,Apparel,60.31,0,3
O016923,2026-07-14,Apparel,106.49,0,4
O007570,2025-12-27,Home,69.95,0,5
O001411,2025-09-18,Apparel,48.81,1,3
O012110,2026-03-26,Home,84.27,0,4
O014195,2026-05-10,Apparel,8,0,4
O014584,2026-05-26,Electronics,159.01,0,2
O014704,2026-05-11,Electronics,122.8,0,5
O009140,2026-01-17,Home,33.49,0,4
O013321,2026-04-08,Home,137.36,0,2
O011538,2026-03-10,Electronics,138.38,0,3
O003864,2025-10-15,Home,50.12,0,3
O017711,2026-07-05,Electronics,168.35,0,1
O015253,2026-06-12,Apparel,64.81,0,5
O012553,2026-04-30,Apparel,106.6,1,3
O009805,2026-02-06,Apparel,81.94,0,1
O006260,2025-12-13,Apparel,42.05,0,4
O014134,2026-05-12,Apparel,28.28,0,2
O011558,2026-03-13,Electronics,106.57,0,6
O012616,2026-04-22,Apparel,46.08,0,5
O009502,2026-02-22,Apparel,22.05,1,4
O002882,2025-10-07,Apparel,139.14,0,3
O006665,2025-12-10,Electronics,258.57,0,5
O012863,2026-04-27,Electronics,204.0,0,3
O000496,2025-08-15,Apparel,15.99,0,4
O001385,2025-09-25,Apparel,18.94,0,3
O008438,2026-01-26,Electronics,161.5,0,2
O012517,2026-04-02,Apparel,27.04,0,2
O006251,2025-12-19,Apparel,24.31,1,3
O009373,2026-02-26,Apparel,40.75,0,3
O000701,2025-08-13,Electronics,205.82,0,3
O008983,2026-01-12,Home,57.54,0,2
O013811,2026-05-03,Apparel,45.85,0,2
O009188,2026-01-28,Home,95.28,0,4
O000668,2025-08-26,Electronics,115.8,0,3
O011985,2026-03-08,Home,136.87,0,2
O000988,2025-08-22,Home,176.84,0,3
O009570,2026-02-09,Apparel,47.14,0,2
O013908,2026-05-02,Apparel,61.14,0,3
O012719,2026-04-07,Apparel,24.19,0,3
O013024,2026-04-20,Electronics,196.8,0,3
O015652,2026-06-10,Apparel,30.4,0,2
O016125,2026-06-10,Electronics,245.61,0,1
O002531,2025-09-02,Home,98.08,0,4
O004448,2025-11-21,Apparel,58.97,0,4
O012844,2026-04-28,Electronics,240.76,0,4
O005994,2025-12-29,Apparel,11.02,0,3
O009283,2026-02-18,Apparel,25.09,0,2
O002252,2025-09-29,Electronics,109.24,0,4
O013208,2026-04-13,Electronics,375.85,0,1
O016726,2026-06-06,Home,16.53,0,3
O015564,2026-06-04,Apparel,39.24,0,2
O001985,2025-09-09,Electronics,125.56,0,3
O000893,2025-08-07,Electronics,34.6,0,4
O009787,2026-02-28,Apparel,92.4,0,3
O007365,2025-12-25,Home,122.98,0,3
O013491,2026-04-13,Home,64.0,0,2
O010032,2026-02-26,Electronics,69.13,0,3
O006316,2025-12-21,Apparel,14.14,0,4
O006884,2025-12-12,Electronics,162.45,0,3
O006543,2025-12-26,Electronics,139.28,0,4
O012752,2026-04-15,Apparel,63.14,0,4
O018358,2026-07-02,Home,8.67,0,3
O003403,2025-10-27,Electronics,201.62,0,3
O014312,2026-05-09,Apparel,74.83,0,3
O002994,2025-10-21,Apparel,60.39,0,3
O004367,2025-11-15,Apparel,65.57,0,2
O014301,2026-05-17,Apparel,35.23,0,3
O005951,2025-12-19,Apparel,59.53,0,2
O001369,2025-09-04,Apparel,102.92,0,2
O011161,2026-03-23,Apparel,80.17,0,3
O005724,2025-11-27,Home,149.72,1,3
O012004,2026-03-25,Home,116.49,0,5
O010598,2026-02-02,Home,45.48,0,3
O006534,2025-12-19,Electronics,47.14,1,4
O014680,2026-05-10,Electronics,132.58,0,3
O015738,2026-06-28,Apparel,53.07,0,2
O010712,2026-03-10,Apparel,91.85,0,5
O007276,2025-12-13,Home,82.46,0,3
O015259,2026-06-10,Apparel,81.14,0,3
O013987,2026-05-12,Apparel,58.71,0,3
O006681,2025-12-04,Electronics,140.54,1,2
O004909,2025-11-18,Electronics,188.69,0,1
O004117,2025-10-02,Home,12.19,0,4
O001059,2025-08-03,Home,159.17,0,4
O012707,2026-04-20,Apparel,63.94,0,4
O014562,2026-05-26,Electronics,50.4,0,3
O001180,2025-08-11,Home,16.38,1,2
O014769,2026-05-29,Electronics,100.45,0,2
O014176,2026-05-20,Apparel,85.43,0,3
O000674,2025-08-07,Electronics,89.81,1,3
O001164,2025-08-02,Home,65.16,0,2
O002765,2025-10-07,Apparel,76.85,0,3
O016298,2026-06-21,Electronics,131.86,0,3
O006446,2025-12-06,Apparel,54.06,0,3
O008988,2026-01-14,Home,59.44,0,5
O015212,2026-05-14,Home,76.95,0,3
O017838,2026-07-21,Electronics,160.0,0,4
O009095,2026-01-27,Home,46.04,0,2
O008596,2026-01-14,Electronics,103.8,0,5
O007279,2025-12-11,Home,108.02,0,2
O006015,2025-12-07,Apparel,44.3,0,3
O009424,2026-02-02,Apparel,27.51,0,3
O003560,2025-10-22,Electronics,67.64,0,4
O013112,2026-04-13,Electronics,302.64,0,1
O005528,2025-11-08,Home,99.36,0,3
O015148,2026-05-02,Home,65.81,0,3
O002239,2025-09-08,Electronics,206.22,0,5
O005121,2025-11-23,Electronics,202.84,0,3
O004731,2025-11-07,Apparel,60.55,0,2
O012204,2026-04-12,Apparel,36.56,1,4
O011892,2026-03-21,Home,100.39,0,5
O015486,2026-06-19,Apparel,69.66,0,5
O016266,2026-06-16,Electronics,119.11,0,1
O008802,2026-01-30,Electronics,189.14,0,2
O001225,2025-08-05,Home,74.32,0,3
O012676,2026-04-21,Apparel,39.31,0,2
O006358,2025-12-25,Apparel,57.14,0,4
O006279,2025-12-13,Apparel,91.81,0,3
O007015,2025-12-28,Electronics,94.48,0,3
O016788,2026-06-14,Home,49.45,0,1
O015550,2026-06-02,Apparel,78.97,0,5
O009719,2026-02-05,Apparel,44.32,0,5
O018414,2026-07-11,Home,61.66,0,2
O016500,2026-06-15,Home,69.33,0,4
O014675,2026-05-21,Electronics,175.27,0,3
O016253,2026-06-19,Electronics,140.15,0,4
O005710,2025-11-10,Home,139.26,0,3
O006694,2025-12-01,Electronics,70.19,0,4
O002217,2025-09-26,Electronics,134.27,0,3
O014198,2026-05-21,Apparel,97.05,0,3
O017768,2026-07-21,Electronics,168.55,0,3
O009526,2026-02-24,Apparel,69.64,0,2
O015164,2026-05-14,Home,43.69,0,3
O003881,2025-10-13,Home,55.92,0,4
O017535,2026-07-08,Electronics,244.61,0,2
O004986,2025-11-06,Electronics,174.02,0,2
O014344,2026-05-30,Electronics,153.24,0,2
O017060,2026-07-05,Apparel,40.44,0,4
O001467,2025-09-20,Apparel,86.87,0,3
O005366,2025-11-27,Home,93.0,0,2
O009315,2026-02-15,Apparel,52.66,0,4
O000604,2025-08-05,Electronics,250.97,0,5
O004886,2025-11-06,Electronics,185.25,0,2
O010743,2026-03-29,Apparel,34.94,0,3
O008775,2026-01-21,Electronics,87.72,0,5
O015806,2026-06-15,Apparel,69.97,0,2
O010400,2026-02-17,Home,143.37,0,2
O011560,2026-03-09,Electronics,81.91,0,1
O004063,2025-10-22,Home,124.27,0,3
O005891,2025-12-31,Apparel,52.12,1,4
O004097,2025-10-26,Home,120.81,0,4
O014827,2026-05-22,Home,100.45,0,3
O006206,2025-12-31,Apparel,11.42,0,3
O015158,2026-05-05,Home,49.05,0,1
O001769,2025-09-04,Apparel,56.42,1,2
O010698,2026-03-13,Apparel,87.3,1,3
O005053,2025-11-23,Electronics,62.04,0,3
O016051,2026-06-24,Electronics,179.87,0,2
O010324,2026-02-23,Home,124.06,0,3
O001940,2025-09-25,Electronics,229.64,0,2
O006622,2025-12-27,Electronics,86.24,0,4
O009010,2026-01-25,Home,33.21,0,2
O011336,2026-03-17,Electronics,236.25,0,3
O005926,2025-12-19,Apparel,28.85,1,2
O018147,2026-07-06,Home,73.91,0,2
O013135,2026-04-19,Electronics,291.63,1,3
O011566,2026-03-18,Electronics,154.94,0,3
O001065,2025-08-23,Home,25.7,0,3
O007591,2025-12-05,Home,99.96,0,4
O007162,2025-12-26,Electronics,143.05,0,2
O000033,2025-08-29,Apparel,79.18,0,3
O018158,2026-07-04,Home,101.3,0,2
O015749,2026-06-25,Apparel,79.59,0,3
O017098,2026-07-24,Apparel,43.05,0,2
O008874,2026-01-09,Home,110.42,0,2
O016441,2026-06-20,Home,34.16,0,2
O000825,2025-08-03,Electronics,123.96,0,4
O011484,2026-03-23,Electronics,252.81,1,3
O004889,2025-11-26,Electronics,137.08,0,3
O013052,2026-04-24,Electronics,126.58,0,4
O004683,2025-11-21,Apparel,49.69,0,3
O015526,2026-06-01,Apparel,77.15,0,4
O016405,2026-06-13,Home,98.21,0,3
O018014,2026-07-29,Home,77.11,0,1
O017383,2026-07-28,Apparel,87.27,0,4
O008363,2026-01-12,Electronics,134.65,0,1
O014270,2026-05-17,Apparel,111.98,0,2
O013489,2026-04-11,Home,58.34,0,3
O009491,2026-02-24,Apparel,21.68,0,4
O005728,2025-11-27,Home,119.58,1,4
O004896,2025-11-30,Electronics,8,0,3
O002764,2025-10-30,Apparel,122.49,0,3
O004904,2025-11-04,Electronics,183.69,0,3
O007679,2025-12-01,Home,57.15,0,4
O013341,2026-04-16,Home,37.87,0,3
O018413,2026-07-08,Home,95.1,0,2
O017641,2026-07-25,Electronics,195.04,0,3
O016729,2026-06-19,Home,111.87,0,3
O005268,2025-11-22,Electronics,155.92,0,6
O001617,2025-09-29,Apparel,34.68,1,6
O015993,2026-06-05,Electronics,102.56,0,4
O009412,2026-02-19,Apparel,88.0,1,3
O014088,2026-05-04,Apparel,47.94,0,4
O014551,2026-05-22,Electronics,66.21,0,2
O001497,2025-09-02,Apparel,83.59,0,4
O014440,2026-05-02,Electronics,48.68,0,3
O009959,2026-02-12,Electronics,70.91,0,3
O008705,2026-01-13,Electronics,65.32,0,3
O010030,2026-02-20,Electronics,77.69,0,4
O007273,2025-12-30,Home,8,0,4
O014149,2026-05-16,Apparel,39.87,0,4
O006725,2025-12-04,Electronics,249.16,0,2
O005646,2025-11-06,Home,108.99,0,3
O012425,2026-04-30,Apparel,18.81,0,2
O014286,2026-05-20,Apparel,35.82,0,4
O007543,2025-12-28,Home,88.25,0,3
O017575,2026-07-30,Electronics,214.61,0,2
O012100,2026-03-03,Home,66.12,0,4
O006390,2025-12-21,Apparel,58.35,0,6
O005444,2025-11-10,Home,111.66,0,1
O017256,2026-07-24,Apparel,17.19,0,4
O003811,2025-10-31,Home,8,0,4
O003958,2025-10-22,Home,73.02,0,4
O001262,2025-08-17,Home,147.56,0,3
O004005,2025-10-01,Home,8,0,2
O015520,2026-06-03,Apparel,111.44,0,1
O011056,2026-03-03,Apparel,82.51,0,3
O007773,2026-01-08,Apparel,37.75,0,5
O003918,2025-10-09,Home,64.3,0,5
O011852,2026-03-12,Home,80.48,0,3
O005368,2025-11-30,Home,63.71,0,6
O004565,2025-11-06,Apparel,22.38,0,4
O017986,2026-07-17,Electronics,183.57,0,3
O018160,2026-07-14,Home,73.42,0,3
O017261,2026-07-10,Apparel,35.01,0,2
O016600,2026-06-23,Home,96.48,0,1
O013158,2026-04-14,Electronics,190.8,0,3
O011767,2026-03-14,Home,96.08,0,3
O000639,2025-08-11,Electronics,189.65,0,4
O013488,2026-04-17,Home,41.93,0,4
O015824,2026-06-03,Apparel,8,0,3
O008530,2026-01-31,Electronics,214.26,0,4
O011828,2026-03-27,Home,125.56,0,5
O006895,2025-12-08,Electronics,241.76,0,4
O004624,2025-11-22,Apparel,48.74,1,4
O012164,2026-03-08,Home,107.75,0,1
O014625,2026-05-28,Electronics,97.78,0,3
O003105,2025-10-28,Apparel,49.13,0,3
O017518,2026-07-20,Electronics,8,0,4
O011399,2026-03-27,Electronics,8,0,5
O011358,2026-03-20,Electronics,232.41,0,2
O002521,2025-09-14,Home,42.13,0,3
O010625,2026-02-23,Home,145.34,0,5
O008166,2026-01-19,Apparel,60.18,0,3
O004906,2025-11-06,Electronics,246.33,1,2
O011495,2026-03-03,Electronics,64.15,1,3
O014203,2026-05-10,Apparel,47.71,0,2
O012866,2026-04-05,Electronics,160.87,0,2
O011028,2026-03-30,Apparel,87.05,0,2
O011081,2026-03-06,Apparel,101.55,0,1
O001112,2025-08-28,Home,119.6,0,4
O017833,2026-07-07,Electronics,16.28,0,4
O012155,2026-03-30,Home,162.81,0,2
O009901,2026-02-27,Electronics,234.46,0,3
O005755,2025-12-21,Apparel,31.63,1,2
O007737,2026-01-04,Apparel,8,0,5
O006181,2025-12-24,Apparel,106.1,0,3
O002486,2025-09-08,Home,68.47,0,3
O014775,2026-05-30,Electronics,157.24,0,3
O014026,2026-05-08,Apparel,33.36,0,3
O005531,2025-11-29,Home,86.36,0,3
O010541,2026-02-22,Home,71.79,0,2
O012112,2026-03-24,Home,26.43,0,5
O007238,2025-12-19,Home,84.07,0,2
O004322,2025-11-16,Apparel,36.46,1,4
O009556,2026-02-16,Apparel,60.35,0,3
O016837,2026-07-07,Apparel,112.76,0,3
O008081,2026-01-05,Apparel,124.37,0,5
O010822,2026-03-17,Apparel,120.24,0,3
O017080,2026-07-30,Apparel,46.17,0,4
O000242,2025-08-15,Apparel,56.92,0,3
O009166,2026-01-11,Home,95.01,0,2
O008720,2026-01-24,Electronics,342.18,1,2
O002183,2025-09-30,Electronics,97.03,0,2
O014909,2026-05-26,Home,46.78,0,4
O009163,2026-01-28,Home,187.85,0,4
O007663,2025-12-12,Home,134.55,0,3
O008751,2026-01-12,Electronics,178.98,1,5
O012601,2026-04-09,Apparel,20.9,0,2
O006085,2025-12-11,Apparel,16.84,0,1
O012347,2026-04-12,Apparel,89.27,1,3
O014093,2026-05-10,Apparel,132.25,0,1
O013780,2026-05-12,Apparel,72.3,1,3
O001370,2025-09-17,Apparel,75.12,0,3
O015299,2026-06-15,Apparel,54.28,0,3
O003785,2025-10-31,Home,96.39,0,3
O000942,2025-08-12,Electronics,226.2,0,2
O001456,2025-09-03,Apparel,99.09,0,2
O005303,2025-11-15,Electronics,8,0,4
O003333,2025-10-02,Electronics,255.73,0,4
O009057,2026-01-23,Home,62.41,0,6
O006776,2025-12-25,Electronics,267.35,0,2
O004159,2025-11-17,Apparel,50.56,0,4
O014363,2026-05-30,Electronics,122.41,0,2
O006953,2025-12-10,Electronics,181.77,0,2
O002540,2025-09-08,Home,65.81,0,3
O001427,2025-09-30,Apparel,72.66,0,5
O007159,2025-12-13,Electronics,168.71,0,3
O001997,2025-09-30,Electronics,253.1,0,4
O009496,2026-02-09,Apparel,55.7,0,1
O006278,2025-12-30,Apparel,53.73,0,3
O002025,2025-09-08,Electronics,102.85,0,3
O000088,2025-08-17,Apparel,58.69,1,5
O001128,2025-08-25,Home,66.33,0,4
O015781,2026-06-29,Apparel,80.69,0,2
O014218,2026-05-29,Apparel,20.8,0,2
O008497,2026-01-27,Electronics,217.9,0,4
O005300,2025-11-15,Electronics,135.92,0,5
O001133,2025-08-17,Home,126.52,0,3
O015999,2026-06-23,Electronics,145.16,0,2
O005562,2025-11-15,Home,46.18,1,3
O011223,2026-03-03,Apparel,97.34,0,4
O009402,2026-02-26,Apparel,69.36,0,4
O006287,2025-12-23,Apparel,53.18,0,4
O007402,2025-12-30,Home,65.49,0,3
O001529,2025-09-03,Apparel,54.55,0,6
O004834,2025-11-10,Electronics,103.56,0,3
O010404,2026-02-20,Home,111.53,0,2
O017514,2026-07-01,Electronics,107.24,0,2
O013059,2026-04-22,Electronics,241.04,1,4
O004943,2025-11-24,Electronics,108.84,0,3
O002930,2025-10-28,Apparel,30.01,0,3
O015731,2026-06-19,Apparel,33.92,0,2
O015312,2026-06-01,Apparel,58.58,0,2
O013991,2026-05-19,Apparel,48.77,0,4
O017153,2026-07-14,Apparel,68.29,0,4
O011970,2026-03-26,Home,8,1,2
O017733,2026-07-10,Electronics,251.64,0,2
O018174,2026-07-05,Home,59.08,0,2
O013986,2026-05-24,Apparel,102.55,0,5
O006479,2025-12-02,Apparel,36.87,0,4
O008974,2026-01-06,Home,134.24,0,4
O008240,2026-01-20,Apparel,52.95,0,2
O005200,2025-11-15,Electronics,187.01,0,3
O013639,2026-04-05,Home,39.27,0,1
O005058,2025-11-10,Electronics,47.35,0,3
O005893,2025-12-15,Apparel,13.87,1,5
O003782,2025-10-03,Home,81.75,0,3
O005520,2025-11-30,Home,91.36,0,3
O010824,2026-03-27,Apparel,46.95,1,3
O015248,2026-06-27,Apparel,77.41,0,2
O004524,2025-11-04,Apparel,45.74,0,5
O013476,2026-04-17,Home,136.36,0,2
O018088,2026-07-12,Home,17.92,0,2
O002388,2025-09-16,Home,146.9,1,3
O008131,2026-01-07,Apparel,68.79,0,3
O014711,2026-05-21,Electronics,255.49,0,5
O000691,2025-08-29,Electronics,164.43,1,5
O001597,2025-09-10,Apparel,32.79,0,3
O002810,2025-10-19,Apparel,55.8,0,3
O005822,2025-12-13,Apparel,34.53,0,2
O002198,2025-09-23,Electronics,143.93,0,4
O013461,2026-04-03,Home,161.53,0,2
O009272,2026-02-23,Apparel,8,1,2
O018127,2026-07-03,Home,16.72,0,2
O013907,2026-05-08,Apparel,73.27,0,6
O003775,2025-10-17,Home,108.5,0,4
O004144,2025-11-26,Apparel,59.21,1,4
O015827,2026-06-19,Apparel,63.79,0,2
O015825,2026-06-24,Apparel,100.57,0,3
O005949,2025-12-10,Apparel,94.1,0,4
O010488,2026-02-19,Home,125.76,0,4
O009156,2026-01-22,Home,136.55,0,2
O014091,2026-05-18,Apparel,40.57,1,5
O001389,2025-09-09,Apparel,120.34,1,3
O004750,2025-11-08,Apparel,69.96,0,2
O013975,2026-05-03,Apparel,81.16,0,2
O012431,2026-04-10,Apparel,33.88,0,2
O010131,2026-02-09,Electronics,179.47,0,1
O009439,2026-02-16,Apparel,74.46,1,5
O017147,2026-07-29,Apparel,27.66,1,4
O005457,2025-11-06,Home,150.86,1,3
O006313,2025-12-06,Apparel,89.39,0,5
O017752,2026-07-05,Electronics,84.86,0,3
O010108,2026-02-15,Electronics,148.61,0,2
O002337,2025-09-01,Home,39.08,0,4
O017364,2026-07-05,Apparel,36.71,0,2
O011456,2026-03-05,Electronics,45.59,0,4
O001134,2025-08-05,Home,60.84,1,3
O006727,2025-12-01,Electronics,110.52,1,2
O005120,2025-11-02,Electronics,169.23,0,4
O001365,2025-09-24,Apparel,66.76,0,5
O002042,2025-09-19,Electronics,144.19,0,5
O002215,2025-09-11,Electronics,178.72,0,4
O002988,2025-10-12,Apparel,8,0,2
O005814,2025-12-27,Apparel,33.87,0,4
O010003,2026-02-09,Electronics,128.15,0,6
O006684,2025-12-30,Electronics,188.89,0,4
O006883,2025-12-03,Electronics,197.47,1,5
O005381,2025-11-18,Home,52.93,0,5
O016623,2026-06-25,Home,177.42,0,3
O011074,2026-03-16,Apparel,17.8,1,4
O011097,2026-03-12,Apparel,36.87,0,3
O001489,2025-09-24,Apparel,20.62,0,6
O002938,2025-10-11,Apparel,54.76,0,4
O000869,2025-08-26,Electronics,129.7,0,5
O002976,2025-10-07,Apparel,82.17,0,2
O003280,2025-10-24,Electronics,68.65,0,3
O004794,2025-11-04,Electronics,212.13,0,3
O004855,2025-11-03,Electronics,149.98,0,3
O015906,2026-06-28,Electronics,160.28,0,3
O003649,2025-10-07,Electronics,173.87,1,5
O003123,2025-10-08,Apparel,83.17,0,3
O017042,2026-07-29,Apparel,67.34,1,3
O012220,2026-04-08,Apparel,81.94,0,3
O002248,2025-09-09,Electronics,103.3,0,4
O006983,2025-12-11,Electronics,286.8,0,4
O000849,2025-08-30,Electronics,42.06,0,4
O003882,2025-10-13,Home,93.39,0,2
O010500,2026-02-07,Home,107.05,0,4
O009040,2026-01-19,Home,140.51,0,3
O015201,2026-05-24,Home,99.07,0,4
O006702,2025-12-02,Electronics,80.43,0,2
O006289,2025-12-17,Apparel,36.95,0,2
O013334,2026-04-20,Home,80.45,0,1
O015716,2026-06-07,Apparel,83.69,0,1
O014966,2026-05-18,Home,204.06,0,3
O016343,2026-06-18,Electronics,143.74,1,4
O018151,2026-07-21,Home,76.3,0,3
O014849,2026-05-06,Home,82.59,0,1
O013981,2026-05-11,Apparel,38.09,1,4
O000574,2025-08-19,Electronics,33.68,0,2
O000417,2025-08-08,Apparel,81.16,0,4
O010234,2026-02-28,Electronics,240.29,0,2
O003432,2025-10-18,Electronics,128.37,0,2
O005984,2025-12-27,Apparel,8.65,0,4
O015398,2026-06-20,Apparel,68.53,0,4
O008641,2026-01-02,Electronics,117.49,0,3
O001147,2025-08-18,Home,93.33,0,3
O000458,2025-08-19,Apparel,66.72,0,4
O007065,2025-12-08,Electronics,235.48,0,4
O016360,2026-06-05,Electronics,157.66,0,4
O011155,2026-03-01,Apparel,14.16,0,4
O017699,2026-07-12,Electronics,335.28,0,3
O006380,2025-12-25,Apparel,120.34,1,2
O009865,2026-02-01,Electronics,220.08,0,1
O007188,2025-12-02,Electronics,161.0,0,4
O012849,2026-04-17,Electronics,295.79,0,3
O011245,2026-03-22,Apparel,41.07,0,2
O000354,2025-08-13,Apparel,13.0,0,2
O014179,2026-05-31,Apparel,38.45,0,4
O012053,2026-03-05,Home,53.1,0,3
O017992,2026-07-08,Electronics,137.22,0,1
O013326,2026-04-19,Home,57.25,0,2
O002943,2025-10-02,Apparel,69.07,1,4
O009202,2026-01-20,Home,99.73,0,2
O002834,2025-10-29,Apparel,30.55,0,5
O003381,2025-10-14,Electronics,136.28,0,4
O016529,2026-06-26,Home,185.15,0,4
O009928,2026-02-26,Electronics,220.39,0,3
O004265,2025-11-17,Apparel,22.0,0,3
O013788,2026-05-14,Apparel,69.73,0,3
O004680,2025-11-12,Apparel,72.55,0,4
O002154,2025-09-20,Electronics,122.27,1,3
O017346,2026-07-05,Apparel,37.14,0,2
O002095,2025-09-12,Electronics,17.34,0,6
O000666,2025-08-11,Electronics,84.28,0,3
O015454,2026-06-27,Apparel,57.31,0,1
O000488,2025-08-13,Apparel,97.12,0,3
O015835,2026-06-11,Apparel,73.35,1,3
O005745,2025-12-30,Apparel,86.37,0,4
O000672,2025-08-18,Electronics,182.25,1,4
O005927,2025-12-05,Apparel,107.26,0,3
O001978,2025-09-07,Electronics,179.93,0,4
O001304,2025-08-12,Home,87.7,0,4
O010694,2026-03-12,Apparel,64.78,1,3
O004558,2025-11-23,Apparel,37.14,0,3
O009155,2026-01-22,Home,40.5,0,3
O015378,2026-06-06,Apparel,24.95,0,3
O008858,2026-01-19,Home,88.89,0,4
O009771,2026-02-10,Apparel,97.73,0,3
O010472,2026-02-25,Home,165.07,0,2
O001888,2025-09-17,Electronics,192.12,0,3
O006959,2025-12-28,Electronics,75.41,0,2
O008151,2026-01-15,Apparel,86.23,1,2
O013688,2026-05-08,Apparel,13.09,0,5
O015025,2026-05-06,Home,117.0,0,2
O017761,2026-07-06,Electronics,121.64,0,3
O014777,2026-05-31,Electronics,224.87,0,3
O008826,2026-01-28,Home,45.08,0,4
O010832,2026-03-16,Apparel,47.21,0,5
O004634,2025-11-24,Apparel,83.92,0,3
O004108,2025-10-17,Home,120.49,0,1
O005527,2025-11-03,Home,130.3,0,3
O011602,2026-03-12,Electronics,141.65,0,4
O012071,2026-03-12,Home,130.95,0,4
O010418,2026-02-28,Home,111.54,0,3
O002656,2025-09-02,Home,74.57,0,3
O010638,2026-02-24,Home,119.42,0,1
O012643,2026-04-06,Apparel,58.43,0,5
O003879,2025-10-02,Home,149.98,0,2
O008481,2026-01-02,Electronics,164.84,0,3
O001809,2025-09-26,Apparel,54.12,0,5
O003491,2025-10-26,Electronics,170.6,1,3
O015947,2026-06-12,Electronics,37.02,0,2
O016684,2026-06-06,Home,73.71,0,2
O003215,2025-10-10,Apparel,29.54,0,3
O005178,2025-11-07,Electronics,240.51,0,3
O015582,2026-06-13,Apparel,24.73,0,3
O002365,2025-09-25,Home,58.15,0,5
O013996,2026-05-29,Apparel,115.38,0,3
O006369,2025-12-27,Apparel,63.8,1,2
O018221,2026-07-31,Home,132.81,1,2
O002258,2025-09-20,Electronics,159.62,0,3
O015219,2026-05-16,Home,63.29,1,4
O017610,2026-07-01,Electronics,85.08,0,3
O008861,2026-01-15,Home,42.55,0,2
O010605,2026-02-20,Home,132.99,0,3
O003398,2025-10-07,Electronics,45.46,1,4
O001271,2025-08-17,Home,123.52,0,6
O017404,2026-07-26,Apparel,43.82,0,1
O001942,2025-09-09,Electronics,177.22,0,4
O018365,2026-07-29,Home,108.03,0,3
O003271,2025-10-19,Apparel,98.16,0,5
O014940,2026-05-21,Home,125.31,0,5
O003301,2025-10-15,Electronics,125.73,0,2
O015741,2026-06-07,Apparel,35.02,0,3
O017898,2026-07-14,Electronics,205.61,0,3
O003302,2025-10-09,Electronics,200.14,0,3
O017038,2026-07-17,Apparel,64.75,0,2
O015112,2026-05-28,Home,86.82,0,3
O016380,2026-06-03,Electronics,147.81,0,1
O006573,2025-12-08,Electronics,128.96,0,3
O003287,2025-10-23,Electronics,151.1,0,4
O008907,2026-01-06,Home,106.6,0,2
O003008,2025-10-18,Apparel,33.28,1,3
O016306,2026-06-08,Electronics,98.74,0,2
O012982,2026-04-17,Electronics,134.26,0,2
O003468,2025-10-12,Electronics,158.86,0,3
O009596,2026-02-05,Apparel,46.4,0,3
O003376,2025-10-23,Electronics,183.87,0,6
O000665,2025-08-08,Electronics,138.19,0,4
O011895,2026-03-07,Home,87.05,1,2
O001284,2025-08-30,Home,50.58,0,4
O005240,2025-11-27,Electronics,121.97,0,3
O014667,2026-05-09,Electronics,108.69,0,4
O015894,2026-06-27,Electronics,46.47,0,3
O007888,2026-01-03,Apparel,24.62,0,2
O016880,2026-07-06,Apparel,61.14,0,4
O000091,2025-08-11,Apparel,108.05,0,4
O006189,2025-12-21,Apparel,42.15,0,1
O006466,2025-12-06,Apparel,48.17,1,3
O011938,2026-03-21,Home,117.92,0,3
O008103,2026-01-07,Apparel,70.86,1,4
O001582,2025-09-12,Apparel,83.06,1,4
O011942,2026-03-07,Home,113.76,0,4
O001843,2025-09-04,Apparel,96.92,1,5
O006094,2025-12-17,Apparel,67.27,0,6
O017715,2026-07-17,Electronics,180.2,0,1
O007584,2025-12-22,Home,94.24,0,4
O002316,2025-09-03,Electronics,151.95,0,3
O017712,2026-07-06,Electronics,105.2,0,2
O000832,2025-08-02,Electronics,75.59,0,5
O009232,2026-02-27,Apparel,90.03,0,3
O012794,2026-04-16,Electronics,128.57,0,2
O012076,2026-03-06,Home,110.47,0,5
O000287,2025-08-19,Apparel,79.55,0,3
O016300,2026-06-26,Electronics,55.6,0,3
O015199,2026-05-07,Home,36.82,0,3
O011807,2026-03-22,Home,87.69,0,4
O000692,2025-08-21,Electronics,210.95,0,5
O011964,2026-03-26,Home,48.09,0,5
O008129,2026-01-26,Apparel,33.77,1,2
O015565,2026-06-05,Apparel,40.54,1,3
O002713,2025-09-27,Home,57.44,1,3
O014239,2026-05-31,Apparel,116.87,1,4
O011865,2026-03-01,Home,64.84,0,5
O013549,2026-04-09,Home,69.96,0,1
O017243,2026-07-09,Apparel,65.71,0,2
O013058,2026-04-09,Electronics,215.2,0,3
O009605,2026-02-02,Apparel,72.56,0,3
O017565,2026-07-15,Electronics,61.06,0,4
O012639,2026-04-15,Apparel,8,0,2
O003666,2025-10-06,Electronics,192.32,0,4
O009234,2026-02-12,Apparel,66.65,0,3
O011790,2026-03-09,Home,98.42,0,2
O004725,2025-11-27,Apparel,80.12,0,1
O003151,2025-10-29,Apparel,69.6,0,3
O002753,2025-10-07,Apparel,139.5,0,4
O006367,2025-12-25,Apparel,61.01,0,3
O007865,2026-01-02,Apparel,67.37,0,3
O006309,2025-12-03,Apparel,79.39,0,2
O012546,2026-04-08,Apparel,51.75,0,3
O001623,2025-09-25,Apparel,82.21,0,3
O008643,2026-01-12,Electronics,10.12,0,4
O004361,2025-11-20,Apparel,71.72,0,4
O000495,2025-08-09,Apparel,64.31,1,3
O018261,2026-07-19,Home,155.15,0,3
O006960,2025-12-29,Electronics,52.39,0,2
O014830,2026-05-21,Home,121.3,0,2
O000213,2025-08-13,Apparel,89.85,0,5
O013090,2026-04-16,Electronics,184.21,0,2
O014226,2026-05-07,Apparel,43.77,1,3
O002937,2025-10-10,Apparel,29.9,0,5
O007585,2025-12-31,Home,118.01,0,2
O005634,2025-11-01,Home,110.46,0,4
O012420,2026-04-24,Apparel,91.57,0,4
O006554,2025-12-06,Electronics,147.47,0,2
O009817,2026-02-01,Electronics,140.53,0,2
O014021,2026-05-31,Apparel,113.22,0,3
O003219,2025-10-09,Apparel,82.2,1,2
O013128,2026-04-23,Electronics,215.96,0,4
O003277,2025-10-12,Electronics,319.71,1,2
O016921,2026-07-10,Apparel,62.67,0,2
O000484,2025-08-04,Apparel,30.4,0,5
O002140,2025-09-14,Electronics,80.98,0,4
O013335,2026-04-12,Home,126.42,0,3
O004659,2025-11-15,Apparel,42.35,0,5
O005877,2025-12-17,Apparel,71.84,0,3
O006843,2025-12-08,Electronics,83.93,0,6
O002027,2025-09-28,Electronics,146.84,0,5
O004845,2025-11-29,Electronics,154.51,0,3
O000029,2025-08-31,Apparel,40.37,0,3
O012015,2026-03-18,Home,59.32,0,2
O015640,2026-06-03,Apparel,137.11,0,2
O015294,2026-06-28,Apparel,119.35,0,7
O010869,2026-03-14,Apparel,43.62,0,4
O012092,2026-03-03,Home,134.73,0,2
O004296,2025-11-12,Apparel,36.18,1,3
O005418,2025-11-29,Home,148.88,0,2
O005407,2025-11-19,Home,72.32,0,1
O000483,2025-08-30,Apparel,68.61,0,3
O010866,2026-03-22,Apparel,49.66,0,3
O003503,2025-10-15,Electronics,169.35,0,4
O006270,2025-12-13,Apparel,88.49,0,4
O004365,2025-11-03,Apparel,13.1,0,5
O009601,2026-02-01,Apparel,85.81,0,3
O004903,2025-11-20,Electronics,87.11,0,3
O015609,2026-06-03,Apparel,61.51,0,1
O002499,2025-09-09,Home,39.84,0,2
O013458,2026-04-29,Home,115.84,0,1
O006451,2025-12-05,Apparel,60.92,0,2
O008328,2026-01-25,Apparel,8,0,3
O006269,2025-12-09,Apparel,61.02,0,5
O018392,2026-07-18,Home,94.61,0,2
O000005,2025-08-31,Apparel,59.16,0,3
O009483,2026-02-22,Apparel,106.53,0,3
O015165,2026-05-07,Home,92.34,0,3
O012465,2026-04-29,Apparel,45.5,0,4
O015069,2026-05-22,Home,69.26,0,4
O010857,2026-03-20,Apparel,76.19,1,4
O015822,2026-06-08,Apparel,83.91,0,2
O002589,2025-09-26,Home,70.82,0,5
O001011,2025-08-27,Home,69.28,0,3
O013544,2026-04-23,Home,76.53,0,4
O000734,2025-08-25,Electronics,145.08,0,3
O011151,2026-03-31,Apparel,29.35,0,2
O017179,2026-07-22,Apparel,37.67,0,3
O014801,2026-05-22,Electronics,8,0,3
O016236,2026-06-11,Electronics,93.81,0,2
O017160,2026-07-06,Apparel,14.39,0,4
O018047,2026-07-16,Home,132.43,0,3
O009969,2026-02-01,Electronics,114.19,0,3
O006708,2025-12-10,Electronics,69.51,0,4
O009597,2026-02-23,Apparel,35.79,0,5
O014214,2026-05-05,Apparel,93.41,0,4
O015481,2026-06-24,Apparel,31.08,0,3
O000738,2025-08-23,Electronics,182.61,0,2
O006971,2025-12-07,Electronics,38.66,0,4
O016591,2026-06-28,Home,90.89,0,5
O013716,2026-05-13,Apparel,54.07,0,3
O006867,2025-12-20,Electronics,68.94,0,4
O015491,2026-06-30,Apparel,75.36,0,1
O017782,2026-07-23,Electronics,98.18,0,4
O003558,2025-10-04,Electronics,101.18,0,1
O003973,2025-10-19,Home,124.6,0,4
O001275,2025-08-21,Home,47.02,0,4
O014377,2026-05-02,Electronics,140.75,0,2
O009432,2026-02-26,Apparel,40.61,0,3
O014435,2026-05-07,Electronics,165.11,0,1
O017267,2026-07-24,Apparel,20.42,0,3
O000939,2025-08-11,Electronics,50.73,0,4
O008040,2026-01-17,Apparel,77.91,0,2
O011856,2026-03-02,Home,80.75,0,2
O002512,2025-09-29,Home,24.99,1,4
O015656,2026-06-11,Apparel,101.92,0,3
O004435,2025-11-17,Apparel,46.75,0,1
O000632,2025-08-22,Electronics,229.64,0,4
O014234,2026-05-03,Apparel,61.54,0,4
O010489,2026-02-24,Home,116.14,0,4
O002315,2025-09-17,Electronics,126.77,0,5
O009052,2026-01-30,Home,63.39,0,4
O012274,2026-04-19,Apparel,60.3,0,1
O011646,2026-03-17,Electronics,209.38,1,2
O002349,2025-09-19,Home,125.17,0,4
O009623,2026-02-01,Apparel,123.34,0,2
O000884,2025-08-03,Electronics,187.47,0,3
O003178,2025-10-12,Apparel,81.79,0,5
O006402,2025-12-08,Apparel,11.6,0,4
O007688,2025-12-01,Home,143.43,0,1
O017213,2026-07-16,Apparel,45.49,0,2
O014768,2026-05-05,Electronics,106.26,0,4
O008121,2026-01-07,Apparel,87.48,0,6
O000404,2025-08-23,Apparel,67.87,0,4
O004078,2025-10-08,Home,51.67,0,4
O013568,2026-04-07,Home,132.74,0,3
O006863,2025-12-24,Electronics,146.32,0,4
O017047,2026-07-17,Apparel,68.92,0,4
O012414,2026-04-28,Apparel,51.93,0,2
O000910,2025-08-15,Electronics,147.3,0,2
O003823,2025-10-28,Home,88.45,0,4
O015291,2026-06-17,Apparel,38.13,0,3
O011792,2026-03-10,Home,49.58,1,4
O001124,2025-08-10,Home,48.48,0,2
O003959,2025-10-18,Home,58.34,0,3
O000938,2025-08-26,Electronics,163.17,0,3
O016034,2026-06-29,Electronics,81.13,0,3
O002146,2025-09-28,Electronics,246.15,0,4
O002678,2025-09-27,Home,61.8,0,3
O007645,2025-12-26,Home,78.46,0,3
O012632,2026-04-17,Apparel,53.13,0,3
O016249,2026-06-25,Electronics,222.64,0,3
O017330,2026-07-18,Apparel,20.34,1,4
O016289,2026-06-13,Electronics,137.49,0,3
O004985,2025-11-25,Electronics,196.03,0,1
O015974,2026-06-07,Electronics,229.06,0,2
O009345,2026-02-07,Apparel,8,0,1
O008717,2026-01-12,Electronics,157.99,0,3
O001151,2025-08-14,Home,65.34,0,4
O012792,2026-04-10,Electronics,196.5,0,2
O003743,2025-10-19,Home,70.14,1,5
O007531,2025-12-21,Home,154.43,0,1
O014342,2026-05-19,Electronics,206.99,0,2
O009752,2026-02-07,Apparel,83.86,1,5
O007167,2025-12-07,Electronics,51.65,0,3
O016060,2026-06-15,Electronics,62.71,0,2
O003040,2025-10-10,Apparel,56.11,0,3
O015094,2026-05-29,Home,154.02,0,2
O011737,2026-03-05,Electronics,80.92,0,4
O000634,2025-08-08,Electronics,217.42,0,3
O001549,2025-09-10,Apparel,35.58,0,4
O018190,2026-07-01,Home,33.09,0,2
O011755,2026-03-24,Electronics,188.56,0,5
O002677,2025-09-01,Home,72.54,0,4
O015802,2026-06-27,Apparel,109.97,0,3
O008686,2026-01-27,Electronics,174.31,0,2
O014321,2026-05-26,Electronics,104.89,0,3
O011919,2026-03-15,Home,37.73,0,4
O001998,2025-09-05,Electronics,254.39,0,4
O012263,2026-04-07,Apparel,12.62,0,4
O004553,2025-11-23,Apparel,69.31,0,3
O011387,2026-03-15,Electronics,157.51,0,2
O003885,2025-10-04,Home,27.06,0,2
O002772,2025-10-17,Apparel,71.39,0,3
O008154,2026-01-11,Apparel,57.5,0,4
O002023,2025-09-16,Electronics,57.98,0,6
O002688,2025-09-18,Home,19.88,0,4
O010776,2026-03-24,Apparel,78.03,0,4
O007160,2025-12-13,Electronics,152.43,0,3
O005626,2025-11-06,Home,63.64,0,2
O007533,2025-12-24,Home,102.03,0,3
O013767,2026-05-21,Apparel,120.19,0,6
O002550,2025-09-08,Home,113.56,0,3
O004980,2025-11-03,Electronics,107.4,0,2
O015477,2026-06-03,Apparel,71.61,0,3
O002340,2025-09-28,Home,82.66,0,4
O002728,2025-10-28,Apparel,45.37,1,3
O011705,2026-03-04,Electronics,119.62,0,3
O014390,2026-05-06,Electronics,143.85,0,2
O017296,2026-07-07,Apparel,55.68,0,3
O016553,2026-06-11,Home,127.47,1,4
O012712,2026-04-19,Apparel,75.54,0,2
O000090,2025-08-28,Apparel,52.1,0,6
O015963,2026-06-20,Electronics,128.74,0,4
O005615,2025-11-09,Home,20.92,0,6
O006310,2025-12-04,Apparel,43.29,1,2
O013229,2026-04-29,Electronics,69.62,0,4
O001041,2025-08-22,Home,128.81,0,4
O001226,2025-08-10,Home,72.52,0,4
O006641,2025-12-14,Electronics,157.9,0,2
O005124,2025-11-11,Electronics,126.16,0,3
O000765,2025-08-16,Electronics,194.26,1,2
O015375,2026-06-27,Apparel,67.71,0,3
O016811,2026-06-14,Home,110.59,0,1
O009860,2026-02-17,Electronics,158.64,1,3
O006793,2025-12-15,Electronics,154.75,0,4
O005172,2025-11-22,Electronics,209.29,0,2
O011453,2026-03-22,Electronics,24.38,0,3
O013798,2026-05-24,Apparel,81.33,1,3
O009185,2026-01-15,Home,111.89,0,2
O007094,2025-12-03,Electronics,175.57,0,3
O007926,2026-01-01,Apparel,112.25,0,3
O017690,2026-07-01,Electronics,252.9,0,3
O018313,2026-07-06,Home,170.96,0,1
O013406,2026-04-11,Home,75.92,0,3
O017137,2026-07-19,Apparel,84.59,0,4
O007467,2025-12-21,Home,56.66,1,3
O008045,2026-01-16,Apparel,75.76,0,3
O014727,2026-05-02,Electronics,178.17,0,4
O014304,2026-05-17,Apparel,35.08,0,1
O015951,2026-06-18,Electronics,194.51,0,4
O015084,2026-05-31,Home,95.51,0,3
O005784,2025-12-08,Apparel,32.85,0,5
O003572,2025-10-16,Electronics,177.22,0,4
O016217,2026-06-02,Electronics,185.94,0,3
O012211,2026-04-29,Apparel,120.93,0,4
O008331,2026-01-23,Apparel,56.73,0,1
O007759,2026-01-21,Apparel,100.0,0,2
O014293,2026-05-05,Apparel,66.99,0,5
O008727,2026-01-05,Electronics,60.91,0,3
O016575,2026-06-13,Home,121.59,0,3
O010880,2026-03-25,Apparel,8,0,4
O016810,2026-06-11,Home,63.72,0,3
O002739,2025-10-23,Apparel,47.46,0,2
O001830,2025-09-10,Apparel,49.01,0,5
O015571,2026-06-08,Apparel,39.08,0,4
O014100,2026-05-22,Apparel,41.15,0,3
O016016,2026-06-19,Electronics,171.69,0,4
O008213,2026-01-23,Apparel,60.09,0,4
O014277,2026-05-13,Apparel,42.15,0,4
O017135,2026-07-19,Apparel,98.72,1,2
O015343,2026-06-11,Apparel,69.62,1,4
O011577,2026-03-13,Electronics,119.61,0,5
O005431,2025-11-25,Home,21.06,0,3
O016262,2026-06-19,Electronics,144.65,0,3
O007523,2025-12-13,Home,41.99,0,4
O008115,2026-01-29,Apparel,67.44,0,2
O001554,2025-09-22,Apparel,78.88,0,4
O006032,2025-12-13,Apparel,39.11,0,1
O004339,2025-11-24,Apparel,74.48,1,6
O002595,2025-09-03,Home,176.6,0,4
O005244,2025-11-27,Electronics,116.7,0,5
O009979,2026-02-06,Electronics,52.47,0,1
O016474,2026-06-21,Home,56.54,0,2
O006199,2025-12-14,Apparel,49.07,0,3
O002827,2025-10-05,Apparel,47.65,0,3
O018383,2026-07-01,Home,10.13,0,5
O013666,2026-04-28,Home,72.22,0,3
O007125,2025-12-17,Electronics,59.79,0,3
O017006,2026-07-31,Apparel,50.25,0,3
O002371,2025-09-07,Home,95.79,0,4
O012538,2026-04-24,Apparel,74.65,1,3
O007209,2025-12-25,Electronics,138.51,0,2
O004118,2025-10-07,Home,54.72,0,4
O013768,2026-05-21,Apparel,17.1,0,4
O011959,2026-03-31,Home,52.02,0,2
O012241,2026-04-09,Apparel,81.14,0,3
O002996,2025-10-20,Apparel,30.15,0,6
O008196,2026-01-05,Apparel,8,0,4
O017972,2026-07-24,Electronics,77.86,0,3
O018066,2026-07-07,Home,118.98,1,2
O009423,2026-02-11,Apparel,56.42,1,3
O007182,2025-12-09,Electronics,270.92,0,2
O003057,2025-10-07,Apparel,52.63,0,4
O008393,2026-01-02,Electronics,125.39,0,3
O011172,2026-03-10,Apparel,29.98,0,4
O018218,2026-07-28,Home,87.5,0,3
O017286,2026-07-11,Apparel,52.95,0,3
O003001,2025-10-14,Apparel,68.56,0,3
O008211,2026-01-04,Apparel,85.0,0,4
O012320,2026-04-20,Apparel,55.66,1,2
O006758,2025-12-16,Electronics,152.11,0,3
O015592,2026-06-05,Apparel,46.54,0,3
O003564,2025-10-31,Electronics,36.86,0,2
O001539,2025-09-17,Apparel,52.97,1,2
O009810,2026-02-02,Electronics,165.72,0,4
O006241,2025-12-20,Apparel,32.26,0,4
O003045,2025-10-10,Apparel,79.08,1,3
O015022,2026-05-25,Home,51.79,0,3
O005895,2025-12-13,Apparel,12.69,1,3
O014281,2026-05-01,Apparel,46.43,1,1
O009838,2026-02-28,Electronics,189.14,0,5
O009103,2026-01-28,Home,59.2,0,4
O010656,2026-02-14,Home,78.35,0,4
O016208,2026-06-22,Electronics,8,0,3
O017460,2026-07-06,Apparel,103.2,0,3
O018120,2026-07-10,Home,49.67,0,3
O004765,2025-11-18,Apparel,32.29,1,3
O001548,2025-09-24,Apparel,78.8,0,3
O004084,2025-10-25,Home,64.11,0,1
O011650,2026-03-30,Electronics,129.86,0,3
O001093,2025-08-01,Home,130.21,0,3
O002659,2025-09-01,Home,151.43,0,2
O012820,2026-04-28,Electronics,148.05,0,1
O010423,2026-02-21,Home,112.63,1,3
O016319,2026-06-12,Electronics,163.47,0,5
O006821,2025-12-01,Electronics,85.75,0,6
O014225,2026-05-19,Apparel,32.95,0,3
O015554,2026-06-09,Apparel,33.95,0,1
O000516,2025-08-05,Apparel,81.09,0,3
O004401,2025-11-17,Apparel,18.82,0,6
O007281,2025-12-23,Home,60.67,0,3
O009191,2026-01-04,Home,128.41,0,4
O017673,2026-07-02,Electronics,113.08,0,2
O009902,2026-02-07,Electronics,227.01,0,1
O006970,2025-12-24,Electronics,66.71,0,2
O001025,2025-08-31,Home,59.74,0,4
O010253,2026-02-10,Electronics,112.39,0,1
O010086,2026-02-04,Electronics,271.79,0,3
O012653,2026-04-07,Apparel,43.28,0,4
O001779,2025-09-29,Apparel,36.68,0,4
O007284,2025-12-09,Home,142.13,0,3
O016337,2026-06-09,Electronics,152.93,0,3
O004684,2025-11-05,Apparel,65.04,0,3
O006009,2025-12-20,Apparel,48.38,1,1
O001187,2025-08-22,Home,79.93,0,4
O004103,2025-10-18,Home,68.27,0,4
O001786,2025-09-09,Apparel,35.28,0,3
O012528,2026-04-30,Apparel,79.71,1,4
O014501,2026-05-05,Electronics,177.47,1,3
O005443,2025-11-10,Home,107.59,0,2
O008539,2026-01-09,Electronics,221.54,0,1
O007304,2025-12-22,Home,102.45,0,4
O000973,2025-08-29,Home,87.07,0,3
O008263,2026-01-28,Apparel,66.4,0,4
O009976,2026-02-03,Electronics,121.88,0,3
O004445,2025-11-17,Apparel,41.09,0,5
O011216,2026-03-15,Apparel,29.79,0,3
O016032,2026-06-05,Electronics,209.78,0,2
O004279,2025-11-04,Apparel,8,1,3
O008806,2026-01-10,Electronics,67.83,0,3
O013583,2026-04-06,Home,83.72,0,1
O015680,2026-06-02,Apparel,75.02,0,3
O014930,2026-05-31,Home,62.1,0,2
O014316,2026-05-30,Apparel,37.58,0,2
O015418,2026-06-30,Apparel,87.17,0,3
O014683,2026-05-10,Electronics,140.78,0,5
O007694,2025-12-31,Home,96.62,0,3
O004977,2025-11-05,Electronics,211.73,0,4
O017879,2026-07-05,Electronics,109.44,0,2
O015672,2026-06-28,Apparel,47.41,1,2
O009331,2026-02-06,Apparel,37.92,0,2
O012941,2026-04-17,Electronics,189.24,0,5
O007229,2025-12-19,Home,88.7,1,2
O017300,2026-07-28,Apparel,58.19,0,3
O013049,2026-04-17,Electronics,115.2,0,3
O007996,2026-01-03,Apparel,31.31,0,3
O012789,2026-04-22,Electronics,228.57,0,4
O000269,2025-08-09,Apparel,55.86,0,4
O011360,2026-03-01,Electronics,232.52,1,2
O007178,2025-12-29,Electronics,231.48,1,5
O012811,2026-04-03,Electronics,186.08,1,1
O002830,2025-10-25,Apparel,71.37,0,2
O002302,2025-09-03,Electronics,231.06,0,4
O016254,2026-06-03,Electronics,65.77,0,3
O006002,2025-12-16,Apparel,119.26,0,2
O005216,2025-11-29,Electronics,220.44,0,4
O005143,2025-11-16,Electronics,147.34,0,1
O011570,2026-03-28,Electronics,129.87,0,4
O016787,2026-06-16,Home,47.56,0,2
O005182,2025-11-07,Electronics,238.85,0,4
O018385,2026-07-02,Home,81.82,1,3
O000451,2025-08-29,Apparel,45.13,0,3
O013735,2026-05-03,Apparel,59.03,0,3
O001110,2025-08-21,Home,48.37,0,4
O015074,2026-05-18,Home,80.5,0,3
O016917,2026-07-18,Apparel,71.7,0,1
O001759,2025-09-16,Apparel,84.85,0,3
O008000,2026-01-10,Apparel,67.65,0,2
O011618,2026-03-22,Electronics,124.55,0,4
O014131,2026-05-01,Apparel,114.1,1,3
O009465,2026-02-10,Apparel,25.79,0,3
O018399,2026-07-26,Home,64.06,0,3
O003756,2025-10-05,Home,127.09,0,4
O004095,2025-10-09,Home,111.47,0,4
O014039,2026-05-14,Apparel,58.05,0,2
O003578,2025-10-25,Electronics,142.75,0,3
O018396,2026-07-26,Home,8,0,2
O004317,2025-11-05,Apparel,31.99,0,4
O001256,2025-08-02,Home,90.38,0,2
O000651,2025-08-20,Electronics,208.55,0,4
O008279,2026-01-12,Apparel,45.2,0,1
O010976,2026-03-31,Apparel,57.24,0,2
O013147,2026-04-18,Electronics,236.43,0,4
O000428,2025-08-15,Apparel,66.74,0,4
O005534,2025-11-04,Home,115.84,0,3
O018045,2026-07-13,Home,60.41,0,3
O007592,2025-12-29,Home,46.21,0,4
O010574,2026-02-16,Home,127.48,0,4
O017000,2026-07-19,Apparel,59.32,0,2
O007577,2025-12-15,Home,116.93,1,3
O003963,2025-10-15,Home,178.08,0,3
O012961,2026-04-02,Electronics,140.44,0,2
O016770,2026-06-16,Home,163.57,0,4
O010474,2026-02-17,Home,17.32,0,3
O003470,2025-10-12,Electronics,176.44,0,4
O013466,2026-04-13,Home,131.81,0,4
O005623,2025-11-21,Home,104.15,0,2
O007041,2025-12-12,Electronics,146.48,0,5
O015065,2026-05-17,Home,100.92,0,4
O013574,2026-04-12,Home,114.43,1,3
O001394,2025-09-08,Apparel,23.9,0,4
O018086,2026-07-11,Home,67.71,0,2
O013799,2026-05-22,Apparel,41.5,0,2
O014396,2026-05-12,Electronics,115.95,0,4
O013025,2026-04-25,Electronics,104.19,0,3
O001321,2025-08-19,Home,8.99,0,4
O011020,2026-03-22,Apparel,41.52,0,4
O001255,2025-08-31,Home,97.35,1,3
O009697,2026-02-01,Apparel,60.7,1,4
O001799,2025-09-09,Apparel,70.84,0,4
O001983,2025-09-02,Electronics,37.91,0,4
O015518,2026-06-25,Apparel,39.31,0,2
O009658,2026-02-05,Apparel,74.46,1,3
O005991,2025-12-02,Apparel,58.78,0,3
O007623,2025-12-15,Home,145.95,0,3
O000085,2025-08-30,Apparel,107.48,0,5
O006022,2025-12-26,Apparel,44.56,1,2
O008068,2026-01-13,Apparel,48.39,0,3
O005018,2025-11-15,Electronics,206.66,0,3
O000617,2025-08-01,Electronics,191.35,0,4
O011157,2026-03-03,Apparel,106.74,0,3
O012426,2026-04-02,Apparel,77.42,0,3
O004384,2025-11-14,Apparel,82.17,0,3
O009231,2026-02-12,Apparel,81.67,0,4
O010385,2026-02-16,Home,93.53,0,3
O015054,2026-05-24,Home,63.74,0,3
O013051,2026-04-01,Electronics,237.52,0,4
O004035,2025-10-17,Home,148.49,0,4
O001423,2025-09-11,Apparel,38.3,0,2
O001823,2025-09-17,Apparel,40.84,0,2
O005256,2025-11-06,Electronics,104.93,0,4
O011864,2026-03-25,Home,65.56,0,5
O013043,2026-04-05,Electronics,236.09,0,2
O011681,2026-03-12,Electronics,103.13,0,2
O010697,2026-03-18,Apparel,39.12,0,1
O012788,2026-04-02,Electronics,96.73,1,1
O007259,2025-12-17,Home,27.63,0,3
O014201,2026-05-26,Apparel,32.52,0,3
O015976,2026-06-16,Electronics,53.36,0,5
O004247,2025-11-10,Apparel,43.35,0,4
O009453,2026-02-06,Apparel,38.03,0,4
O000059,2025-08-20,Apparel,83.26,0,3
O012366,2026-04-24,Apparel,80.88,0,1
O017172,2026-07-24,Apparel,95.23,0,3
O005123,2025-11-19,Electronics,255.06,0,2
O018340,2026-07-03,Home,129.01,0,3
O012884,2026-04-14,Electronics,148.9,0,3
O013512,2026-04-25,Home,92.09,0,3
O001620,2025-09-16,Apparel,73.18,0,5
O012361,2026-04-13,Apparel,103.69,0,4
O002681,2025-09-19,Home,8,0,4
O015610,2026-06-11,Apparel,32.21,0,4
O013303,2026-04-29,Home,121.09,0,3
O003143,2025-10-28,Apparel,87.92,0,4
O015982,2026-06-02,Electronics,129.9,0,1
O015311,2026-06-28,Apparel,58.46,0,2
O013223,2026-04-14,Electronics,197.32,0,1
O003737,2025-10-16,Home,108.03,0,3
O002401,2025-09-11,Home,72.74,1,3
O014095,2026-05-30,Apparel,36.96,0,2
O016683,2026-06-25,Home,153.68,0,3
O004198,2025-11-29,Apparel,54.31,0,4
O012635,2026-04-15,Apparel,8.47,0,1
O014983,2026-05-27,Home,34.74,0,4
O006326,2025-12-29,Apparel,77.54,0,4
O003525,2025-10-27,Electronics,17.98,0,5
O006818,2025-12-26,Electronics,191.31,0,1
O016667,2026-06-28,Home,53.37,0,2
O016773,2026-06-28,Home,98.72,0,1
O010093,2026-02-04,Electronics,151.68,0,3
O008969,2026-01-30,Home,91.33,0,4
O012911,2026-04-05,Electronics,149.12,0,4
O013206,2026-04-24,Electronics,133.16,1,4
O001336,2025-08-21,Home,93.16,0,4
O016331,2026-06-08,Electronics,109.6,0,3
O018149,2026-07-01,Home,62.52,0,4
O008561,2026-01-11,Electronics,88.07,0,2
O017872,2026-07-04,Electronics,237.77,0,2
O007371,2025-12-27,Home,92.44,0,2
O015163,2026-05-17,Home,10.01,0,5
O007130,2025-12-10,Electronics,97.22,0,5
O011881,2026-03-09,Home,118.08,1,2
O013969,2026-05-27,Apparel,61.67,0,2
O017012,2026-07-10,Apparel,51.73,0,2
O010443,2026-02-09,Home,8,0,2
O005772,2025-12-12,Apparel,58.63,0,3
O011388,2026-03-05,Electronics,44.56,0,4
O011999,2026-03-08,Home,85.76,0,1
O010471,2026-02-10,Home,54.71,0,3
O003968,2025-10-18,Home,93.28,1,4
O006830,2025-12-04,Electronics,24.7,0,4
O002360,2025-09-28,Home,89.85,0,4
O001954,2025-09-05,Electronics,93.78,1,6
O008462,2026-01-25,Electronics,245.16,0,3
O015058,2026-05-20,Home,139.06,0,4
O008545,2026-01-19,Electronics,72.76,0,3
O010853,2026-03-27,Apparel,40.08,0,3
O003230,2025-10-05,Apparel,59.17,0,3
O013398,2026-04-24,Home,8,1,1
O005844,2025-12-08,Apparel,20.09,0,4
O017004,2026-07-21,Apparel,91.04,0,3
O001014,2025-08-20,Home,81.6,0,3
O004519,2025-11-06,Apparel,38.56,0,2
O012947,2026-04-01,Electronics,83.33,0,2
O013751,2026-05-29,Apparel,55.99,0,5
O005156,2025-11-30,Electronics,195.75,0,2
O003445,2025-10-28,Electronics,232.01,0,2
O007306,2025-12-16,Home,95.17,0,3
O003632,2025-10-26,Electronics,115.74,0,3
O001135,2025-08-17,Home,110.34,0,5
O000449,2025-08-12,Apparel,44.26,0,3
O001820,2025-09-06,Apparel,95.58,0,5
O002777,2025-10-30,Apparel,53.82,0,4
O015372,2026-06-01,Apparel,99.33,0,5
O017144,2026-07-14,Apparel,66.76,0,4
O016446,2026-06-01,Home,89.7,0,3
O011236,2026-03-27,Apparel,105.28,0,3
O008237,2026-01-26,Apparel,75.06,0,5
O002899,2025-10-19,Apparel,58.72,1,4
O004353,2025-11-10,Apparel,107.02,0,5
O000278,2025-08-20,Apparel,64.07,0,1
O016769,2026-06-10,Home,85.09,0,1
O014099,2026-05-27,Apparel,29.23,0,3
O005403,2025-11-17,Home,40.93,0,3
O010335,2026-02-04,Home,102.22,0,3
O010896,2026-03-25,Apparel,58.14,0,3
O015285,2026-06-11,Apparel,24.48,0,3
O003894,2025-10-04,Home,88.99,0,3
O013516,2026-04-02,Home,107.83,0,3
O011459,2026-03-14,Electronics,173.33,0,2
O004148,2025-11-27,Apparel,54.24,0,2
O016420,2026-06-04,Home,85.27,0,3
O006118,2025-12-03,Apparel,113.54,1,3
O004245,2025-11-30,Apparel,8,0,3
O016117,2026-06-10,Electronics,100.33,0,2
O010470,2026-02-16,Home,24.69,0,5
O003846,2025-10-16,Home,86.78,1,4
O004017,2025-10-19,Home,144.91,0,4
O012356,2026-04-05,Apparel,10.27,0,4
O009241,2026-02-13,Apparel,54.04,0,5
O001480,2025-09-08,Apparel,8,0,4
O018111,2026-07-30,Home,183.05,0,3
O002817,2025-10-31,Apparel,57.65,0,5
O016520,2026-06-27,Home,42.0,0,3
O014660,2026-05-07,Electronics,146.68,0,3
O000128,2025-08-02,Apparel,125.7,1,3
O011513,2026-03-22,Electronics,204.78,0,3
O004573,2025-11-21,Apparel,43.8,1,4
O009101,2026-01-21,Home,125.67,0,4
O015686,2026-06-18,Apparel,63.16,0,2
O008342,2026-01-09,Electronics,131.29,0,2
O008047,2026-01-14,Apparel,54.91,0,2
O008754,2026-01-13,Electronics,112.18,0,5
O002935,2025-10-29,Apparel,75.48,1,2
O015146,2026-05-29,Home,144.08,1,2
O007043,2025-12-24,Electronics,163.06,0,3
O011320,2026-03-18,Electronics,145.84,0,2
O001033,2025-08-11,Home,90.38,0,4
O013570,2026-04-20,Home,117.22,0,3
O011290,2026-03-16,Electronics,172.1,0,4
O017107,2026-07-26,Apparel,46.13,0,2
O005187,2025-11-03,Electronics,94.96,0,4
O017168,2026-07-08,Apparel,95.02,0,3
O005054,2025-11-30,Electronics,163.82,0,5
O003831,2025-10-09,Home,53.38,0,3
O006169,2025-12-09,Apparel,67.01,0,3
O002368,2025-09-02,Home,130.39,0,5
O015402,2026-06-21,Apparel,74.89,1,3
O006938,2025-12-10,Electronics,223.54,0,3
O001741,2025-09-06,Apparel,19.7,1,3
O015985,2026-06-28,Electronics,189.44,0,2
O000467,2025-08-13,Apparel,22.48,0,4
O005908,2025-12-14,Apparel,68.4,0,4
O017931,2026-07-25,Electronics,222.53,0,4
O007885,2026-01-13,Apparel,64.1,0,4
O003787,2025-10-14,Home,34.89,0,2
O012934,2026-04-02,Electronics,84.8,0,5
O007991,2026-01-14,Apparel,80.83,1,1
O015899,2026-06-22,Electronics,119.64,0,3
O008316,2026-01-09,Apparel,76.38,1,4
O008071,2026-01-31,Apparel,45.19,0,2
O013596,2026-04-26,Home,121.74,1,1
O010889,2026-03-27,Apparel,31.2,0,4
O011105,2026-03-24,Apparel,12.38,0,2
O006405,2025-12-08,Apparel,65.35,0,4
O017316,2026-07-30,Apparel,31.98,1,4
O013900,2026-05-22,Apparel,80.33,0,2
O000450,2025-08-21,Apparel,39.55,0,3
O010342,2026-02-24,Home,90.2,0,3
O011524,2026-03-31,Electronics,190.79,0,5
O005509,2025-11-14,Home,36.35,0,3
O004479,2025-11-30,Apparel,47.95,1,3
O003014,2025-10-25,Apparel,66.13,0,5
O003380,2025-10-29,Electronics,8,1,2
O004871,2025-11-29,Electronics,127.63,0,4
O010729,2026-03-11,Apparel,73.49,0,3
O010198,2026-02-28,Electronics,79.56,0,4
O010347,2026-02-14,Home,57.65,0,4
O003829,2025-10-25,Home,148.22,0,2
O008177,2026-01-27,Apparel,120.11,0,1
O011746,2026-03-02,Electronics,122.94,0,2
O016926,2026-07-26,Apparel,53.66,0,3
O011255,2026-03-03,Apparel,32.77,0,4
O017823,2026-07-01,Electronics,126.25,0,3
O015615,2026-06-15,Apparel,69.73,0,3
O003501,2025-10-23,Electronics,54.09,1,3
O002865,2025-10-09,Apparel,104.85,0,3
O016307,2026-06-03,Electronics,207.15,0,2
O000723,2025-08-07,Electronics,51.35,0,3
O007136,2025-12-16,Electronics,142.11,0,5
O018256,2026-07-29,Home,74.41,0,4
O014059,2026-05-18,Apparel,79.31,0,2
O018422,2026-07-17,Home,37.3,0,5
O011731,2026-03-04,Electronics,100.47,0,4
O000266,2025-08-07,Apparel,17.99,0,3
O001993,2025-09-25,Electronics,233.82,0,4
O014035,2026-05-17,Apparel,73.9,0,3
O017796,2026-07-15,Electronics,159.62,0,3
O004032,2025-10-03,Home,72.37,0,5
O013451,2026-04-08,Home,123.56,0,1
O000718,2025-08-13,Electronics,150.6,0,5
O016929,2026-07-04,Apparel,68.42,0,5
O013196,2026-04-18,Electronics,179.94,0,2
O006343,2025-12-18,Apparel,52.11,0,4
O000234,2025-08-23,Apparel,67.06,0,3
O010906,2026-03-10,Apparel,82.54,1,2
O013818,2026-05-13,Apparel,50.08,0,2
O015606,2026-06-04,Apparel,86.44,0,3
O012873,2026-04-26,Electronics,197.53,0,1
O011312,2026-03-10,Electronics,196.97,0,1
O006806,2025-12-31,Electronics,173.03,0,3
O012435,2026-04-02,Apparel,8,0,2
O006649,2025-12-14,Electronics,135.68,0,4
O003138,2025-10-02,Apparel,81.12,0,3
O017706,2026-07-18,Electronics,139.63,0,2
O011375,2026-03-06,Electronics,255.64,0,4
O012058,2026-03-08,Home,37.91,0,5
O017356,2026-07-11,Apparel,80.29,0,4
O005736,2025-12-28,Apparel,42.79,0,4
O012769,2026-04-06,Apparel,71.17,0,3
O000543,2025-08-23,Electronics,93.72,0,5
O003889,2025-10-15,Home,76.41,0,4
O003112,2025-10-08,Apparel,17.09,0,2
O017659,2026-07-12,Electronics,208.51,0,4
O004747,2025-11-22,Apparel,62.19,0,4
O007496,2025-12-09,Home,72.85,0,3
O000502,2025-08-15,Apparel,88.75,0,4
O001921,2025-09-20,Electronics,119.78,0,4
O002093,2025-09-10,Electronics,122.46,0,5
O013993,2026-05-28,Apparel,66.25,0,4
O007950,2026-01-12,Apparel,93.9,0,1
O017927,2026-07-14,Electronics,103.83,0,4
O010581,2026-02-09,Home,56.64,0,4
O009377,2026-02-17,Apparel,35.19,0,2
O015032,2026-05-30,Home,44.44,1,1
O010447,2026-02-28,Home,136.38,0,5
O004770,2025-11-24,Electronics,117.22,0,4
O003701,2025-10-17,Electronics,190.77,0,3
O013129,2026-04-10,Electronics,42.66,0,4
O018083,2026-07-19,Home,112.19,0,4
O003433,2025-10-30,Electronics,137.02,0,4
O003504,2025-10-07,Electronics,160.93,0,3
O009422,2026-02-12,Apparel,46.12,0,3
O008388,2026-01-21,Electronics,78.15,0,2
O005302,2025-11-24,Electronics,116.11,1,2
O011596,2026-03-28,Electronics,130.84,1,3
O002008,2025-09-12,Electronics,208.07,0,4
O015333,2026-06-08,Apparel,61.57,0,3
O000141,2025-08-01,Apparel,85.05,0,4
O004890,2025-11-07,Electronics,138.8,1,5
O016747,2026-06-29,Home,93.76,0,2
O010935,2026-03-02,Apparel,45.91,0,3
O005592,2025-11-28,Home,49.29,0,2
O016179,2026-06-17,Electronics,50.39,0,3
O003719,2025-10-29,Electronics,229.54,0,2
O017422,2026-07-26,Apparel,46.43,0,5
O011113,2026-03-21,Apparel,58.73,1,6
O006974,2025-12-24,Electronics,162.49,0,4
O007801,2026-01-03,Apparel,12.59,1,4
O009608,2026-02-06,Apparel,78.95,0,2
O012886,2026-04-13,Electronics,125.85,0,3
O004754,2025-11-04,Apparel,78.63,1,5
O008695,2026-01-15,Electronics,82.17,1,5
O012453,2026-04-02,Apparel,25.16,0,3
O000831,2025-08-29,Electronics,127.88,0,3
O002944,2025-10-09,Apparel,116.38,0,2
O013164,2026-04-01,Electronics,80.79,0,3
O018287,2026-07-26,Home,77.82,0,2
O015682,2026-06-16,Apparel,46.71,0,5
O010239,2026-02-17,Electronics,67.02,0,5
O016685,2026-06-27,Home,99.7,0,1
O004418,2025-11-08,Apparel,53.89,1,3
O007035,2025-12-19,Electronics,259.72,0,3
O014690,2026-05-10,Electronics,121.59,1,3
O007007,2025-12-23,Electronics,111.13,0,3
O000690,2025-08-16,Electronics,8,0,2
O011963,2026-03-19,Home,125.02,0,1
O014484,2026-05-27,Electronics,93.17,1,3
O015467,2026-06-07,Apparel,58.45,0,6
O002807,2025-10-28,Apparel,35.72,0,1
O016466,2026-06-08,Home,100.89,0,2
O000158,2025-08-21,Apparel,109.33,0,4
O006801,2025-12-28,Electronics,172.48,0,4
O017878,2026-07-18,Electronics,92.1,0,1
O011167,2026-03-27,Apparel,95.04,0,4
O013617,2026-04-14,Home,100.89,0,1
O007392,2025-12-14,Home,120.72,1,3
O017876,2026-07-21,Electronics,245.28,0,3
O005981,2025-12-12,Apparel,11.37,0,4
O010876,2026-03-06,Apparel,91.61,0,3
O018211,2026-07-28,Home,62.13,0,2
O016007,2026-06-11,Electronics,161.73,1,3
O016618,2026-06-21,Home,56.25,0,3
O016882,2026-07-02,Apparel,39.74,0,4
O005028,2025-11-29,Electronics,105.04,0,2
O003213,2025-10-30,Apparel,104.76,1,4
O005337,2025-11-10,Home,67.34,0,4
O012890,2026-04-24,Electronics,62.62,0,4
O010929,2026-03-15,Apparel,51.4,0,1
O004610,2025-11-26,Apparel,31.51,0,2
O003010,2025-10-06,Apparel,51.79,1,3
O004373,2025-11-09,Apparel,23.78,1,4
O009735,2026-02-05,Apparel,8,0,1
O016457,2026-06-29,Home,96.6,0,4
O016146,2026-06-19,Electronics,164.64,0,1
O018270,2026-07-11,Home,21.55,0,2
O008627,2026-01-14,Electronics,97.16,0,3
O002744,2025-10-04,Apparel,52.32,0,2
O008424,2026-01-27,Electronics,125.15,0,1
O013193,2026-04-05,Electronics,245.05,0,1
O013525,2026-04-15,Home,63.16,0,3
O009855,2026-02-16,Electronics,266.85,1,2
O011483,2026-03-16,Electronics,217.97,0,3
O016341,2026-06-22,Electronics,250.94,0,3
O010060,2026-02-12,Electronics,59.57,0,4
O004955,2025-11-28,Electronics,205.18,0,1
O017928,2026-07-13,Electronics,125.98,0,1
O009442,2026-02-02,Apparel,27.83,1,5
O016069,2026-06-17,Electronics,31.89,0,1
O015121,2026-05-08,Home,65.48,0,3
O003901,2025-10-24,Home,71.42,0,3
O001510,2025-09-27,Apparel,59.28,0,2
O006023,2025-12-28,Apparel,84.34,0,2
O000951,2025-08-06,Electronics,12.35,0,2
O005842,2025-12-20,Apparel,31.8,1,3
O000566,2025-08-18,Electronics,188.51,0,3
O017948,2026-07-02,Electronics,241.05,0,3
O010460,2026-02-01,Home,95.23,0,3
O002914,2025-10-10,Apparel,98.04,0,5
O000940,2025-08-17,Electronics,249.39,0,3
O006547,2025-12-15,Electronics,177.03,0,3
O017949,2026-07-30,Electronics,60.85,0,2
O005114,2025-11-03,Electronics,248.1,0,3
O003311,2025-10-05,Electronics,159.42,0,3
O005899,2025-12-14,Apparel,78.33,0,3
O004646,2025-11-19,Apparel,92.19,0,4
O004669,2025-11-18,Apparel,46.01,1,4
O000137,2025-08-24,Apparel,69.28,0,3
O016831,2026-07-23,Apparel,122.87,0,2
O003788,2025-10-02,Home,54.66,0,4
O004590,2025-11-05,Apparel,60.45,0,2
O011473,2026-03-18,Electronics,214.75,0,3
O009991,2026-02-18,Electronics,116.85,0,1
O015837,2026-06-22,Apparel,64.13,0,3
O017910,2026-07-31,Electronics,39.4,0,1
O013862,2026-05-03,Apparel,73.5,0,3
O001589,2025-09-25,Apparel,50.43,0,4
O002850,2025-10-30,Apparel,67.46,0,4
O007132,2025-12-21,Electronics,197.45,0,2
O016722,2026-06-23,Home,140.16,0,3
O014123,2026-05-08,Apparel,64.03,0,3
O014187,2026-05-16,Apparel,73.44,0,4
O014592,2026-05-25,Electronics,151.53,0,4
O007494,2025-12-03,Home,67.01,0,3
O011036,2026-03-09,Apparel,59.89,1,4
O002066,2025-09-18,Electronics,188.93,0,4
O011696,2026-03-28,Electronics,160.75,0,2
O018220,2026-07-12,Home,114.83,0,5
O006368,2025-12-13,Apparel,60.51,0,2
O015534,2026-06-19,Apparel,54.27,0,5
O000277,2025-08-10,Apparel,127.85,0,3
O002845,2025-10-19,Apparel,74.58,1,3
O002898,2025-10-31,Apparel,57.04,0,5
O005715,2025-11-12,Home,70.78,0,3
O006378,2025-12-09,Apparel,8,0,2
O013081,2026-04-02,Electronics,268.26,0,4
O014471,2026-05-24,Electronics,145.51,1,3
O017045,2026-07-29,Apparel,97.52,0,2
O008089,2026-01-11,Apparel,57.26,1,4
O001787,2025-09-24,Apparel,80.78,0,4
O007262,2025-12-29,Home,53.68,0,3
O018118,2026-07-15,Home,43.28,0,3
O017653,2026-07-08,Electronics,235.43,0,3
O010154,2026-02-15,Electronics,227.6,0,3
O001347,2025-09-07,Apparel,42.97,0,5
O011364,2026-03-21,Electronics,130.06,1,3
O008564,2026-01-12,Electronics,136.22,0,1
O004952,2025-11-22,Electronics,122.91,0,4
O014007,2026-05-01,Apparel,87.29,0,3
O004478,2025-11-27,Apparel,13.07,1,4
O013030,2026-04-23,Electronics,131.01,0,2
O009736,2026-02-17,Apparel,118.18,0,4
O006331,2025-12-24,Apparel,83.91,1,4
O003212,2025-10-27,Apparel,28.95,0,3
O005198,2025-11-03,Electronics,54.51,0,4
O000380,2025-08-30,Apparel,85.73,0,4
O018374,2026-07-06,Home,15.54,0,1
O006535,2025-12-10,Electronics,166.11,0,4
O001395,2025-09-07,Apparel,59.93,0,2
O007949,2026-01-16,Apparel,26.66,1,2
O013815,2026-05-13,Apparel,61.31,0,4
O008816,2026-01-17,Home,53.92,0,3
O001237,2025-08-02,Home,104.41,0,3
O007935,2026-01-21,Apparel,35.79,0,2
O008073,2026-01-07,Apparel,87.57,0,2
O017466,2026-07-25,Apparel,52.05,0,1
O004963,2025-11-05,Electronics,139.19,0,1
O017368,2026-07-13,Apparel,42.07,0,3
O015813,2026-06-11,Apparel,18.1,0,4
O004516,2025-11-23,Apparel,67.18,0,5
O011199,2026-03-09,Apparel,40.79,0,2
O016067,2026-06-29,Electronics,99.95,0,3
O005514,2025-11-23,Home,54.68,0,2
O007151,2025-12-22,Electronics,33.01,0,5
O001434,2025-09-11,Apparel,54.54,0,2
O007924,2026-01-10,Apparel,80.95,0,3
O000291,2025-08-19,Apparel,23.89,0,2
O002883,2025-10-01,Apparel,47.88,0,5
O006490,2025-12-07,Apparel,8,0,3
O000356,2025-08-18,Apparel,67.56,0,4
O013445,2026-04-05,Home,107.35,0,3
O003508,2025-10-10,Electronics,142.89,0,4
O009042,2026-01-04,Home,89.58,0,5
O007986,2026-01-18,Apparel,69.99,1,5
O010677,2026-02-02,Home,63.25,1,2
O015223,2026-05-31,Home,111.58,0,4
O011727,2026-03-28,Electronics,142.82,0,2
O000786,2025-08-08,Electronics,257.7,1,2
O008281,2026-01-12,Apparel,97.62,0,2
O003142,2025-10-31,Apparel,41.89,0,3
O000706,2025-08-31,Electronics,154.61,0,2
O007000,2025-12-22,Electronics,94.32,0,2
O012236,2026-04-22,Apparel,61.09,0,4
O007905,2026-01-22,Apparel,104.14,0,3
O007270,2025-12-14,Home,41.68,0,3
O005215,2025-11-12,Electronics,35.95,0,2
O011404,2026-03-27,Electronics,220.06,1,4
O008914,2026-01-03,Home,97.7,0,3
O001300,2025-08-21,Home,126.57,0,4
O006494,2025-12-22,Apparel,82.57,0,3
O002304,2025-09-28,Electronics,235.71,0,3
O006996,2025-12-18,Electronics,168.11,0,5
O010536,2026-02-12,Home,66.69,0,4
O016207,2026-06-03,Electronics,73.32,0,3
O002278,2025-09-30,Electronics,8,0,3
O003725,2025-10-15,Electronics,231.15,1,3
O018123,2026-07-10,Home,8,0,2
O004560,2025-11-13,Apparel,13.22,0,4
O015737,2026-06-13,Apparel,80.52,0,2
O012032,2026-03-05,Home,17.32,0,3
O001242,2025-08-17,Home,79.72,1,4
O000894,2025-08-20,Electronics,119.83,0,4
O011462,2026-03-14,Electronics,72.09,0,3
O011362,2026-03-17,Electronics,162.15,0,2
O007828,2026-01-05,Apparel,33.81,0,4
O017713,2026-07-01,Electronics,209.97,0,2
O001099,2025-08-07,Home,63.44,0,4
O009305,2026-02-08,Apparel,100.34,0,4
O006001,2025-12-22,Apparel,38.26,0,1
O011115,2026-03-21,Apparel,31.55,0,1
O002876,2025-10-06,Apparel,66.02,0,4
O011857,2026-03-12,Home,88.65,0,3
O002038,2025-09-17,Electronics,101.99,0,4
O015962,2026-06-21,Electronics,174.43,0,5
O011990,2026-03-30,Home,60.88,0,1
O018163,2026-07-05,Home,8,0,4
O008019,2026-01-15,Apparel,94.08,0,1
O013347,2026-04-22,Home,96.04,0,2
O001586,2025-09-22,Apparel,49.89,0,5
O012591,2026-04-07,Apparel,49.24,0,3
O003205,2025-10-24,Apparel,34.38,0,3
O001106,2025-08-09,Home,87.49,0,3
O015480,2026-06-04,Apparel,48.58,0,3
O010559,2026-02-22,Home,24.66,0,4
O003036,2025-10-16,Apparel,58.94,0,4
O005866,2025-12-27,Apparel,63.21,0,1
O007115,2025-12-16,Electronics,161.31,0,3
O014013,2026-05-28,Apparel,102.8,0,1
O005149,2025-11-23,Electronics,180.59,0,4
O005936,2025-12-26,Apparel,60.18,0,3
O010751,2026-03-24,Apparel,85.07,0,5
O016785,2026-06-16,Home,41.46,0,3
O018294,2026-07-01,Home,128.09,0,4
O007397,2025-12-23,Home,79.29,0,3
O017660,2026-07-08,Electronics,109.02,0,3
O001839,2025-09-29,Apparel,54.12,0,4
O011914,2026-03-22,Home,45.41,0,3
O007018,2025-12-07,Electronics,34.68,0,4
O016433,2026-06-23,Home,87.3,0,2
O006025,2025-12-26,Apparel,68.69,0,3
O010637,2026-02-01,Home,96.98,0,4
O017054,2026-07-12,Apparel,106.38,0,4
O001898,2025-09-01,Electronics,186.52,1,4
O011729,2026-03-09,Electronics,66.51,0,3
O006834,2025-12-04,Electronics,40.04,0,3
O009033,2026-01-28,Home,59.5,0,2
O005810,2025-12-28,Apparel,44.7,0,4
O007024,2025-12-07,Electronics,118.15,0,1
O015926,2026-06-28,Electronics,155.16,0,3
O014050,2026-05-29,Apparel,81.91,1,1
O013418,2026-04-26,Home,86.03,0,2
O014998,2026-05-29,Home,64.67,0,1
O001568,2025-09-01,Apparel,108.86,0,2
O017746,2026-07-06,Electronics,172.5,0,2
O015231,2026-06-09,Apparel,101.62,1,4
O004143,2025-11-13,Apparel,70.61,0,6
O009053,2026-01-04,Home,135.99,0,4
O012827,2026-04-03,Electronics,155.34,0,3
O009732,2026-02-10,Apparel,95.93,0,5
O001919,2025-09-14,Electronics,178.44,0,1
O015470,2026-06-03,Apparel,84.78,0,2
O010794,2026-03-31,Apparel,66.32,0,4
O007515,2025-12-27,Home,10.77,0,3
O009299,2026-02-28,Apparel,46.89,0,4
O008878,2026-01-14,Home,75.27,1,5
O017674,2026-07-24,Electronics,107.09,0,2
O011749,2026-03-15,Electronics,169.07,0,2
O016715,2026-06-28,Home,71.94,0,3
O010465,2026-02-11,Home,86.51,0,1
O008249,2026-01-27,Apparel,95.8,0,4
O016846,2026-07-31,Apparel,110.56,1,1
O015628,2026-06-12,Apparel,22.89,0,3
O005329,2025-11-09,Home,95.51,0,2
O009139,2026-01-05,Home,117.9,0,5
O007241,2025-12-15,Home,39.52,1,3
O007767,2026-01-07,Apparel,38.45,1,4
O009257,2026-02-09,Apparel,46.62,1,4
O009778,2026-02-28,Apparel,101.67,0,3
O005301,2025-11-24,Electronics,262.81,0,4
O012602,2026-04-20,Apparel,71.56,0,5
O014116,2026-05-25,Apparel,33.23,1,2
O003570,2025-10-02,Electronics,178.84,0,3
O016257,2026-06-11,Electronics,68.04,0,4
O014182,2026-05-24,Apparel,58.81,1,4
O007874,2026-01-31,Apparel,71.07,0,2
O018223,2026-07-09,Home,56.61,0,2
O014416,2026-05-06,Electronics,114.3,0,3
O002793,2025-10-05,Apparel,70.92,0,4
O002680,2025-09-01,Home,153.99,0,1
O012813,2026-04-09,Electronics,144.35,0,5
O003169,2025-10-05,Apparel,45.03,0,4
O005511,2025-11-30,Home,34.75,0,2
O012552,2026-04-16,Apparel,33.41,0,3
O007488,2025-12-15,Home,68.95,0,4
O013739,2026-05-03,Apparel,100.86,0,3
O004227,2025-11-11,Apparel,53.24,0,3
O010839,2026-03-16,Apparel,61.56,1,6
O000549,2025-08-25,Electronics,187.83,0,4
O013877,2026-05-12,Apparel,44.5,0,2
O013416,2026-04-29,Home,21.15,0,3
O011521,2026-03-05,Electronics,193.52,0,2
O003482,2025-10-13,Electronics,188.7,0,2
O017416,2026-07-30,Apparel,36.66,0,3
O007455,2025-12-05,Home,140.18,0,2
O014422,2026-05-12,Electronics,214.29,0,3
O005359,2025-11-09,Home,46.82,0,3
O013705,2026-05-12,Apparel,22.35,0,2
O009861,2026-02-26,Electronics,103.99,1,3
O010074,2026-02-06,Electronics,172.27,0,3
O002754,2025-10-02,Apparel,83.11,0,3
O006285,2025-12-06,Apparel,50.89,0,3
O018153,2026-07-02,Home,63.3,0,3
O000078,2025-08-23,Apparel,71.59,0,4
O003072,2025-10-21,Apparel,99.58,0,4
O009415,2026-02-06,Apparel,87.58,0,5
O002572,2025-09-11,Home,98.05,0,3
O013623,2026-04-24,Home,128.03,0,3
O015113,2026-05-29,Home,25.55,0,3
O015461,2026-06-30,Apparel,94.55,0,3
O003409,2025-10-16,Electronics,221.13,0,2
O012725,2026-04-27,Apparel,31.34,0,1
O016749,2026-06-27,Home,28.65,1,3
O016047,2026-06-12,Electronics,125.98,1,2
O016161,2026-06-07,Electronics,231.94,0,4
O014821,2026-05-25,Home,83.62,0,5
O010428,2026-02-12,Home,165.68,0,3
O004849,2025-11-22,Electronics,167.59,0,4
O001263,2025-08-13,Home,96.96,0,1
O016932,2026-07-15,Apparel,81.03,0,2
O000930,2025-08-16,Electronics,77.15,0,3
O013443,2026-04-06,Home,111.59,0,4
O018138,2026-07-05,Home,98.94,0,3
O015213,2026-05-01,Home,100.12,0,3
O002630,2025-09-12,Home,102.16,1,3
O001178,2025-08-26,Home,98.99,0,3
O013410,2026-04-14,Home,145.32,0,3
O006212,2025-12-07,Apparel,55.2,0,2
O002782,2025-10-12,Apparel,108.47,0,5
O010655,2026-02-13,Home,72.49,0,4
O007827,2026-01-15,Apparel,57.93,0,3
O003792,2025-10-06,Home,53.76,0,3
O015395,2026-06-18,Apparel,65.02,0,4
O006514,2025-12-28,Apparel,79.19,0,4
O015029,2026-05-22,Home,137.45,1,3
O002661,2025-09-09,Home,17.55,0,2
O003253,2025-10-25,Apparel,68.46,0,4
O011969,2026-03-02,Home,83.96,0,5
O006121,2025-12-27,Apparel,43.95,0,2
O017373,2026-07-05,Apparel,82.11,0,1
O002658,2025-09-12,Home,96.23,1,3
O016697,2026-06-01,Home,94.68,0,3
O012770,2026-04-23,Apparel,76.67,1,3
O003984,2025-10-10,Home,86.11,1,4
O017904,2026-07-25,Electronics,272.25,1,2
O001204,2025-08-14,Home,80.84,0,4
O007802,2026-01-22,Apparel,53.45,0,3
O007555,2025-12-14,Home,128.72,0,3
O001233,2025-08-24,Home,16.89,1,4
O012119,2026-03-27,Home,45.77,0,3
O008036,2026-01-31,Apparel,56.62,0,2
O009359,2026-02-06,Apparel,52.75,0,2
O010371,2026-02-13,Home,85.54,0,4
O015568,2026-06-02,Apparel,71.47,0,1
O014689,2026-05-24,Electronics,70.91,1,3
O012006,2026-03-06,Home,8,0,3
O014728,2026-05-24,Electronics,186.92,0,3
O002272,2025-09-08,Electronics,87.12,0,3
O010279,2026-02-16,Home,55.42,0,2
O006353,2025-12-02,Apparel,74.43,0,5
O012409,2026-04-01,Apparel,43.7,0,5
O006783,2025-12-15,Electronics,109.0,0,2
O016807,2026-06-25,Home,16.12,0,1
O003256,2025-10-24,Apparel,101.8,1,3
O000510,2025-08-16,Apparel,67.75,0,3
O012623,2026-04-07,Apparel,29.67,1,2
O009233,2026-02-17,Apparel,32.46,0,5
O007265,2025-12-18,Home,64.34,0,3
O000572,2025-08-12,Electronics,166.19,0,4
O001118,2025-08-09,Home,87.89,0,3
O002466,2025-09-24,Home,85.08,0,4
O000745,2025-08-22,Electronics,8,0,4
O001931,2025-09-23,Electronics,303.09,0,3
O010530,2026-02-18,Home,46.41,0,4
O015387,2026-06-17,Apparel,45.64,0,4
O013188,2026-04-12,Electronics,207.94,1,3
O011016,2026-03-10,Apparel,57.86,0,3
O017903,2026-07-04,Electronics,223.08,0,3
O014946,2026-05-30,Home,79.26,0,4
O015584,2026-06-26,Apparel,79.13,0,2
O014157,2026-05-29,Apparel,29.99,0,3
O007842,2026-01-10,Apparel,59.83,0,3
O005227,2025-11-22,Electronics,126.56,0,5
O002840,2025-10-03,Apparel,8,0,5
O010629,2026-02-23,Home,121.83,0,3
O006951,2025-12-28,Electronics,102.88,0,2
O008935,2026-01-08,Home,74.8,0,4
O016847,2026-07-15,Apparel,41.2,0,5
O011117,2026-03-16,Apparel,91.94,0,2
O000131,2025-08-02,Apparel,68.69,0,4
O010840,2026-03-15,Apparel,45.75,0,1
O016155,2026-06-23,Electronics,67.41,0,2
O009058,2026-01-22,Home,100.93,0,3
O011973,2026-03-15,Home,96.0,1,5
O000162,2025-08-02,Apparel,57.91,0,3
O015720,2026-06-30,Apparel,88.17,0,3
O001246,2025-08-27,Home,47.8,1,3
O003203,2025-10-10,Apparel,56.93,0,4
O007245,2025-12-17,Home,71.49,0,1
O002313,2025-09-09,Electronics,114.21,0,4
O007989,2026-01-22,Apparel,48.39,1,1
O003892,2025-10-10,Home,85.81,0,4
O012126,2026-03-03,Home,111.78,0,1
O013615,2026-04-12,Home,66.32,0,4
O009799,2026-02-05,Apparel,63.61,0,3
O015594,2026-06-14,Apparel,65.54,0,3
O000470,2025-08-11,Apparel,60.17,1,4
O006258,2025-12-15,Apparel,36.4,0,4
O012260,2026-04-09,Apparel,31.44,0,2
O005109,2025-11-08,Electronics,82.32,0,3
O008862,2026-01-22,Home,75.52,0,2
O006738,2025-12-31,Electronics,76.91,0,2
O009044,2026-01-10,Home,94.31,0,4
O008567,2026-01-03,Electronics,219.1,0,3
O007303,2025-12-16,Home,113.81,0,3
O000716,2025-08-28,Electronics,152.0,0,5
O012180,2026-04-22,Apparel,88.21,0,3
O002557,2025-09-01,Home,91.67,0,4
O015463,2026-06-14,Apparel,108.68,0,2
O013786,2026-05-08,Apparel,57.93,0,2
O003997,2025-10-01,Home,73.15,0,5
O016273,2026-06-15,Electronics,121.39,0,2
O001739,2025-09-06,Apparel,26.15,0,2
O008147,2026-01-09,Apparel,24.4,0,2
O018284,2026-07-15,Home,90.51,0,2
O013299,2026-04-20,Home,60.88,0,2
O001631,2025-09-22,Apparel,104.03,1,3
O011623,2026-03-19,Electronics,76.29,0,3
O002211,2025-09-22,Electronics,136.02,0,2
O006240,2025-12-29,Apparel,111.78,0,4
O010398,2026-02-20,Home,60.26,0,4
O009703,2026-02-12,Apparel,62.47,0,2
O008367,2026-01-20,Electronics,139.49,0,4
O011267,2026-03-28,Apparel,32.03,0,2
O003415,2025-10-27,Electronics,243.56,0,3
O001928,2025-09-09,Electronics,21.85,0,2
O009329,2026-02-19,Apparel,39.83,0,4
O010138,2026-02-01,Electronics,111.17,0,5
O011788,2026-03-03,Home,52.02,0,5
O005684,2025-11-30,Home,72.43,0,2
O007362,2025-12-19,Home,130.49,0,1
O014546,2026-05-19,Electronics,101.4,0,2
O006596,2025-12-21,Electronics,195.49,0,2
O010589,2026-02-07,Home,141.02,0,2
O008635,2026-01-05,Electronics,99.81,0,1
O009167,2026-01-01,Home,104.35,0,2
O003742,2025-10-11,Home,100.48,0,2
O018421,2026-07-29,Home,60.87,0,4
O009144,2026-01-18,Home,45.82,0,4
O009047,2026-01-11,Home,120.97,0,3
O015217,2026-05-14,Home,93.98,0,4
O018298,2026-07-21,Home,74.6,0,4
O007906,2026-01-24,Apparel,78.91,0,4
O005037,2025-11-10,Electronics,274.75,0,4
O009595,2026-02-11,Apparel,30.31,1,3
O012587,2026-04-27,Apparel,10.15,0,4
O011701,2026-03-20,Electronics,247.5,0,6
O001431,2025-09-03,Apparel,77.73,0,4
O017429,2026-07-14,Apparel,84.61,0,3
O000935,2025-08-16,Electronics,164.79,0,6
O002726,2025-10-16,Apparel,10.25,1,4
O001355,2025-09-08,Apparel,36.33,0,4
O005101,2025-11-23,Electronics,49.34,0,5
O012634,2026-04-12,Apparel,87.63,0,1
O006385,2025-12-20,Apparel,59.52,1,4
O016056,2026-06-01,Electronics,96.18,0,4
O004767,2025-11-24,Electronics,125.27,1,4
O012589,2026-04-22,Apparel,35.76,0,3
O016744,2026-06-25,Home,52.24,0,2
O016377,2026-06-28,Electronics,192.8,0,3
O002306,2025-09-06,Electronics,135.61,0,1
O014920,2026-05-23,Home,99.83,0,3
O007127,2025-12-10,Electronics,220.24,0,1
O011629,2026-03-26,Electronics,204.59,1,4
O007185,2025-12-02,Electronics,160.12,0,4
O010645,2026-02-21,Home,113.42,0,4
O016456,2026-06-18,Home,76.86,0,5
O005910,2025-12-28,Apparel,60.04,1,1
O010799,2026-03-18,Apparel,42.15,0,5
O001248,2025-08-03,Home,41.13,0,4
O009627,2026-02-23,Apparel,80.15,0,2
O004066,2025-10-03,Home,63.81,0,4
O015658,2026-06-21,Apparel,46.42,0,3
O003313,2025-10-23,Electronics,241.93,0,2
O016528,2026-06-30,Home,89.21,0,2
O013265,2026-04-17,Electronics,197.19,0,3
O015896,2026-06-20,Electronics,212.47,0,2
O017877,2026-07-22,Electronics,191.18,0,1
O006062,2025-12-25,Apparel,54.76,0,5
O010626,2026-02-21,Home,183.93,0,3
O002178,2025-09-20,Electronics,220.25,0,6
O001650,2025-09-07,Apparel,23.11,0,4
O011481,2026-03-08,Electronics,113.23,0,2
O010355,2026-02-17,Home,136.38,0,3
O003375,2025-10-22,Electronics,128.73,0,3
O001018,2025-08-09,Home,13.88,0,6
O003006,2025-10-31,Apparel,78.52,0,2
O007207,2025-12-06,Electronics,142.19,0,2
O008222,2026-01-23,Apparel,20.78,0,3
O001130,2025-08-22,Home,127.58,0,3
O017171,2026-07-23,Apparel,96.97,0,3
O005320,2025-11-26,Home,80.71,0,2
O007936,2026-01-02,Apparel,88.38,0,2
O005023,2025-11-18,Electronics,248.95,0,2
O013635,2026-04-20,Home,127.66,0,3
O003804,2025-10-25,Home,66.48,0,4
O014764,2026-05-10,Electronics,86.3,0,1
O012391,2026-04-21,Apparel,97.95,0,5
O013563,2026-04-29,Home,130.04,1,2
O004812,2025-11-02,Electronics,154.33,0,1
O005483,2025-11-27,Home,89.89,0,1
O007253,2025-12-01,Home,24.83,0,3
O007109,2025-12-06,Electronics,210.87,0,4
O012686,2026-04-04,Apparel,20.18,0,4
O009256,2026-02-24,Apparel,44.13,1,3
O017546,2026-07-24,Electronics,92.13,0,2
O014542,2026-05-21,Electronics,180.74,0,5
O007384,2025-12-31,Home,52.06,0,1
O013007,2026-04-29,Electronics,204.86,0,1
O016374,2026-06-23,Electronics,186.84,0,3
O017209,2026-07-24,Apparel,92.51,0,1
O015788,2026-06-01,Apparel,100.93,0,4
O005485,2025-11-28,Home,101.95,0,5
O006476,2025-12-22,Apparel,28.19,0,3
O013691,2026-05-18,Apparel,53.29,0,2
O003392,2025-10-11,Electronics,118.97,0,3
O001299,2025-08-15,Home,87.09,0,3
O003900,2025-10-14,Home,8,0,4
O011299,2026-03-12,Electronics,118.95,0,3
O003596,2025-10-30,Electronics,237.29,0,4
O001583,2025-09-24,Apparel,75.19,0,3
O004650,2025-11-17,Apparel,80.94,0,3
O015407,2026-06-13,Apparel,68.4,0,5
O002367,2025-09-22,Home,77.53,0,1
O017871,2026-07-25,Electronics,158.17,0,2
O008323,2026-01-22,Apparel,73.11,0,3
O006163,2025-12-23,Apparel,96.01,0,2
O004363,2025-11-08,Apparel,42.68,0,4
O017870,2026-07-05,Electronics,104.33,0,3
O004377,2025-11-24,Apparel,51.49,1,4
O000812,2025-08-01,Electronics,86.85,1,4
O000558,2025-08-24,Electronics,149.51,1,2
O006583,2025-12-06,Electronics,167.52,0,3
O001482,2025-09-01,Apparel,89.38,0,3
O013442,2026-04-06,Home,26.3,0,4
O005787,2025-12-27,Apparel,70.95,0,3
O014467,2026-05-31,Electronics,8,0,3
O016710,2026-06-26,Home,50.23,0,2
O011514,2026-03-19,Electronics,72.01,0,1
O013624,2026-04-11,Home,39.76,0,4
O011736,2026-03-13,Electronics,236.2,0,3
O007799,2026-01-31,Apparel,63.4,1,5
O000671,2025-08-16,Electronics,119.89,0,4
O013261,2026-04-26,Electronics,155.89,0,4
O012139,2026-03-02,Home,45.68,0,3
O014953,2026-05-13,Home,116.07,0,2
O013928,2026-05-20,Apparel,54.15,0,1
O011541,2026-03-20,Electronics,210.75,1,3
O016175,2026-06-09,Electronics,129.58,0,2
O012129,2026-03-31,Home,57.12,0,4
O002990,2025-10-27,Apparel,24.72,0,3
O014906,2026-05-26,Home,139.38,1,3
O011866,2026-03-13,Home,67.61,0,3
O013324,2026-04-21,Home,91.09,0,2
O007504,2025-12-12,Home,76.13,0,4
O009445,2026-02-05,Apparel,60.51,0,3
O002507,2025-09-23,Home,14.71,0,1
O010177,2026-02-03,Electronics,264.89,0,4
O006737,2025-12-13,Electronics,42.89,0,2
O013806,2026-05-21,Apparel,16.19,0,2
O003954,2025-10-11,Home,103.55,0,2
O005683,2025-11-03,Home,41.18,0,4
O007575,2025-12-15,Home,126.34,0,5
O017040,2026-07-22,Apparel,27.27,0,3
O006722,2025-12-30,Electronics,189.37,0,3
O014498,2026-05-17,Electronics,222.38,0,4
O013285,2026-04-26,Home,64.26,0,3
O012924,2026-04-09,Electronics,185.84,0,4
O013603,2026-04-26,Home,41.28,0,3
O009123,2026-01-03,Home,59.22,0,5
O001625,2025-09-30,Apparel,60.28,0,3
O006844,2025-12-08,Electronics,126.91,0,3
O015073,2026-05-07,Home,72.85,0,2
O012936,2026-04-18,Electronics,64.04,0,3
O003630,2025-10-03,Electronics,255.86,0,3
O006427,2025-12-15,Apparel,44.34,0,4
O011147,2026-03-25,Apparel,42.3,0,6
O012379,2026-04-27,Apparel,45.15,0,4
O014771,2026-05-26,Electronics,214.99,0,1
O017002,2026-07-21,Apparel,30.12,0,3
O014926,2026-05-30,Home,93.86,0,3
O010573,2026-02-25,Home,96.78,0,5
O015189,2026-05-10,Home,96.62,0,3
O016782,2026-06-26,Home,84.5,0,2
O017394,2026-07-02,Apparel,20.62,0,4
O008016,2026-01-19,Apparel,121.58,0,3
O008304,2026-01-27,Apparel,41.2,1,2
O012030,2026-03-18,Home,63.66,0,2
O006170,2025-12-24,Apparel,82.84,0,3
O016105,2026-06-09,Electronics,88.29,0,4
O017769,2026-07-13,Electronics,173.57,0,1
O007649,2025-12-23,Home,34.18,0,4
O001833,2025-09-03,Apparel,127.91,0,4
O000232,2025-08-25,Apparel,58.43,0,5
O005453,2025-11-19,Home,117.85,0,3
O005669,2025-11-01,Home,82.02,0,2
O015764,2026-06-24,Apparel,39.0,0,3
O010968,2026-03-29,Apparel,104.53,0,3
O000764,2025-08-28,Electronics,135.43,0,3
O009074,2026-01-28,Home,103.61,0,2
O014904,2026-05-30,Home,118.06,0,3
O015057,2026-05-03,Home,82.22,1,3
O008153,2026-01-04,Apparel,93.69,0,1
O010215,2026-02-24,Electronics,159.35,0,2
O013823,2026-05-05,Apparel,64.89,0,4
O001744,2025-09-09,Apparel,53.65,0,3
O011238,2026-03-24,Apparel,50.8,0,4
O004929,2025-11-19,Electronics,264.45,0,3
O001938,2025-09-02,Electronics,92.2,0,1
O014159,2026-05-04,Apparel,110.36,0,2
O014549,2026-05-07,Electronics,210.54,0,4
O015047,2026-05-30,Home,120.28,0,4
O008625,2026-01-12,Electronics,90.42,0,4
O012443,2026-04-25,Apparel,74.65,0,1
O004428,2025-11-15,Apparel,70.67,0,3
O012117,2026-03-12,Home,118.08,0,2
O000528,2025-08-05,Electronics,166.5,0,3
O017177,2026-07-28,Apparel,48.97,0,4
O002392,2025-09-01,Home,80.68,0,4
O000392,2025-08-03,Apparel,104.91,0,4
O014907,2026-05-30,Home,60.43,1,2
O015690,2026-06-10,Apparel,65.0,0,3
O011368,2026-03-22,Electronics,202.76,0,4
O009128,2026-01-13,Home,77.11,0,3
O008821,2026-01-17,Home,136.45,0,5
O013388,2026-04-29,Home,76.91,0,3
O001408,2025-09-25,Apparel,49.91,0,4
O005066,2025-11-04,Electronics,155.68,0,2
O013173,2026-04-09,Electronics,255.84,0,5
O011965,2026-03-20,Home,28.38,0,3
O007973,2026-01-09,Apparel,64.13,0,4
O017071,2026-07-20,Apparel,25.86,0,4
O006633,2025-12-10,Electronics,8,1,4
O002128,2025-09-27,Electronics,149.75,0,2
O014638,2026-05-11,Electronics,152.86,0,3
O011424,2026-03-09,Electronics,123.36,0,4
O005726,2025-11-02,Home,65.16,0,4
O012557,2026-04-02,Apparel,33.33,0,2
O017049,2026-07-13,Apparel,51.44,1,4
O006054,2025-12-10,Apparel,49.36,0,6
O002745,2025-10-06,Apparel,48.88,1,3
O003466,2025-10-15,Electronics,119.65,0,2
O005748,2025-12-30,Apparel,19.5,0,4
O010220,2026-02-08,Electronics,155.91,0,3
O000432,2025-08-07,Apparel,42.08,1,4
O014121,2026-05-29,Apparel,37.0,0,3
O002998,2025-10-31,Apparel,51.42,0,3
O018145,2026-07-04,Home,56.99,0,3
O013436,2026-04-23,Home,57.23,1,3
O008785,2026-01-23,Electronics,8,0,3
O008221,2026-01-19,Apparel,47.17,0,4
O010910,2026-03-22,Apparel,19.01,0,2
O015115,2026-05-15,Home,70.27,0,5
O007817,2026-01-06,Apparel,71.71,0,3
O010761,2026-03-14,Apparel,82.28,0,3
O012254,2026-04-10,Apparel,57.68,0,2
O001139,2025-08-04,Home,58.86,0,4
O017608,2026-07-27,Electronics,126.12,1,4
O006361,2025-12-29,Apparel,36.7,1,4
O012097,2026-03-23,Home,69.84,0,5
O008027,2026-01-03,Apparel,114.62,0,4
O010720,2026-03-26,Apparel,121.8,0,4
O013495,2026-04-05,Home,43.56,0,3
O014929,2026-05-03,Home,117.19,0,2
O003467,2025-10-29,Electronics,142.64,0,5
O007242,2025-12-20,Home,72.47,0,4
O008216,2026-01-16,Apparel,105.65,0,3
O007914,2026-01-30,Apparel,97.37,0,2
O017079,2026-07-14,Apparel,49.04,0,4
O014397,2026-05-04,Electronics,97.58,0,2
O012963,2026-04-21,Electronics,134.04,0,1
O013276,2026-04-15,Home,48.99,0,1
O015225,2026-05-24,Home,20.29,0,3
O002186,2025-09-15,Electronics,191.71,0,4
O018016,2026-07-19,Home,72.13,0,3
O004518,2025-11-02,Apparel,45.22,0,2
O000683,2025-08-20,Electronics,87.11,0,3
O017244,2026-07-01,Apparel,15.08,0,3
O008426,2026-01-29,Electronics,115.75,0,4
O016130,2026-06-22,Electronics,250.62,0,2
O016876,2026-07-01,Apparel,34.29,0,2
O002535,2025-09-22,Home,8,0,4
O005345,2025-11-24,Home,54.24,0,4
O013625,2026-04-12,Home,28.74,0,4
O006634,2025-12-23,Electronics,74.04,0,3
O017684,2026-07-23,Electronics,101.56,1,2
O010721,2026-03-30,Apparel,72.65,0,2
O008254,2026-01-02,Apparel,68.47,0,3
O013420,2026-04-28,Home,55.01,0,2
O002908,2025-10-15,Apparel,12.3,1,4
O006764,2025-12-10,Electronics,112.3,0,3
O006422,2025-12-13,Apparel,47.64,0,1
O003450,2025-10-20,Electronics,88.1,0,4
O002968,2025-10-10,Apparel,100.86,0,4
O002880,2025-10-27,Apparel,108.81,0,5
O018038,2026-07-24,Home,97.94,0,2
O005671,2025-11-30,Home,32.65,0,4
O002473,2025-09-11,Home,87.49,0,2
O009325,2026-02-06,Apparel,36.69,1,1
O010855,2026-03-19,Apparel,66.05,0,4
O004050,2025-10-02,Home,65.36,0,4
O010748,2026-03-14,Apparel,71.71,0,2
O002314,2025-09-11,Electronics,182.98,0,2
O006028,2025-12-31,Apparel,78.29,0,1
O003573,2025-10-17,Electronics,176.46,0,3
O014515,2026-05-20,Electronics,69.64,1,5
O003604,2025-10-20,Electronics,8.41,0,3
O014571,2026-05-28,Electronics,156.65,0,2
O007768,2026-01-10,Apparel,60.19,0,4
O007843,2026-01-31,Apparel,18.8,0,2
O011637,2026-03-10,Electronics,81.34,0,4
O008836,2026-01-29,Home,53.77,0,5
O017352,2026-07-16,Apparel,74.75,0,3
O013646,2026-04-01,Home,135.43,0,4
O011628,2026-03-12,Electronics,190.19,0,4
O016681,2026-06-10,Home,8,0,2
O001229,2025-08-23,Home,8,0,5
O009006,2026-01-08,Home,41.48,0,3
O018115,2026-07-31,Home,123.62,0,3
O017528,2026-07-22,Electronics,131.37,0,4
O003106,2025-10-07,Apparel,9.58,0,4
O011048,2026-03-11,Apparel,18.42,0,3
O011841,2026-03-21,Home,115.17,0,4
O002450,2025-09-20,Home,80.33,0,5
O017864,2026-07-01,Electronics,143.49,0,4
O007938,2026-01-11,Apparel,84.99,0,2
O008430,2026-01-16,Electronics,83.29,0,3
O005716,2025-11-07,Home,42.18,0,2
O005599,2025-11-22,Home,75.36,0,4
O017728,2026-07-06,Electronics,75.72,1,3
O011889,2026-03-19,Home,92.49,0,2
O004760,2025-11-24,Apparel,13.63,0,4
O016848,2026-07-13,Apparel,37.34,0,3
O009872,2026-02-25,Electronics,35.22,1,4
O008079,2026-01-17,Apparel,83.82,1,3
O014417,2026-05-09,Electronics,69.21,0,3
O002173,2025-09-03,Electronics,127.57,0,2
O014276,2026-05-30,Apparel,81.71,1,4
O004900,2025-11-13,Electronics,8,0,4
O014106,2026-05-13,Apparel,37.05,0,1
O009180,2026-01-30,Home,148.92,0,3
O014989,2026-05-14,Home,87.52,0,5
O017729,2026-07-12,Electronics,129.41,0,3
O000465,2025-08-19,Apparel,86.33,0,2
O001307,2025-08-21,Home,125.68,0,3
O014714,2026-05-05,Electronics,230.64,0,4
O016789,2026-06-02,Home,162.64,0,3
O007260,2025-12-07,Home,109.43,0,2
O013546,2026-04-05,Home,67.3,0,4
O015289,2026-06-19,Apparel,15.8,0,3
O008547,2026-01-11,Electronics,187.02,0,6
O014759,2026-05-15,Electronics,119.26,0,4
O003132,2025-10-19,Apparel,56.43,0,4
O000434,2025-08-01,Apparel,109.13,0,3
O006588,2025-12-06,Electronics,159.79,0,2
O015096,2026-05-06,Home,154.43,0,5
O010781,2026-03-26,Apparel,63.37,0,4
O002855,2025-10-01,Apparel,47.08,0,3
O008295,2026-01-16,Apparel,27.91,0,3
O013709,2026-05-27,Apparel,105.89,0,2
O006965,2025-12-01,Electronics,186.58,0,3
O009206,2026-01-24,Home,142.14,0,4
O014877,2026-05-02,Home,118.25,0,3
O003016,2025-10-24,Apparel,69.28,0,4
O007776,2026-01-16,Apparel,57.22,0,5
O007114,2025-12-13,Electronics,94.4,0,5
O008682,2026-01-16,Electronics,95.4,1,2
O007295,2025-12-07,Home,84.01,0,4
O002574,2025-09-05,Home,88.08,0,4
O004107,2025-10-06,Home,107.95,0,2
O015447,2026-06-27,Apparel,100.06,0,2
O010014,2026-02-19,Electronics,135.51,0,2
O000767,2025-08-01,Electronics,158.51,0,2
O015393,2026-06-06,Apparel,77.27,0,2
O012685,2026-04-10,Apparel,38.36,0,3
O013567,2026-04-19,Home,104.25,1,3
O013046,2026-04-07,Electronics,215.9,0,3
O011962,2026-03-04,Home,65.58,0,4
O018353,2026-07-19,Home,80.8,0,2
O013597,2026-04-17,Home,76.69,0,4
O013917,2026-05-27,Apparel,145.41,0,3
O005950,2025-12-13,Apparel,125.86,0,4
O001962,2025-09-09,Electronics,246.46,0,2
O002119,2025-09-21,Electronics,271.61,0,3
O008075,2026-01-13,Apparel,38.05,0,5
O014302,2026-05-08,Apparel,31.79,0,2
O017024,2026-07-17,Apparel,27.19,0,4
O003654,2025-10-29,Electronics,141.7,0,5
O009489,2026-02-03,Apparel,73.87,0,5
O008846,2026-01-30,Home,143.31,0,4
O011324,2026-03-20,Electronics,128.02,0,3
O009274,2026-02-01,Apparel,103.07,0,4
O004916,2025-11-12,Electronics,180.41,0,4
O013669,2026-04-30,Home,70.59,0,4
O008555,2026-01-02,Electronics,136.3,0,2
O005112,2025-11-04,Electronics,249.83,0,4
O014285,2026-05-11,Apparel,43.08,0,4
O007680,2025-12-17,Home,75.73,0,4
O015612,2026-06-30,Apparel,88.4,0,3
O016682,2026-06-30,Home,108.74,0,2
O001956,2025-09-19,Electronics,246.04,0,2
O017223,2026-07-25,Apparel,51.15,0,2
O003919,2025-10-21,Home,73.13,0,4
O001859,2025-09-25,Apparel,73.21,0,2
O008815,2026-01-15,Electronics,33.6,0,4
O006273,2025-12-25,Apparel,62.87,0,3
O001948,2025-09-06,Electronics,74.97,0,4
O007145,2025-12-29,Electronics,191.55,0,2
O011804,2026-03-14,Home,75.39,0,4
O009183,2026-01-12,Home,94.52,0,1
O012286,2026-04-03,Apparel,93.85,0,2
O004257,2025-11-22,Apparel,52.54,0,3
O015340,2026-06-27,Apparel,85.27,1,3
O018037,2026-07-09,Home,67.12,0,2
O001108,2025-08-30,Home,137.71,0,1
O017307,2026-07-25,Apparel,51.78,1,1
O011802,2026-03-08,Home,73.6,0,3
O015585,2026-06-04,Apparel,56.76,0,3
O008246,2026-01-10,Apparel,53.86,0,3
O002500,2025-09-26,Home,57.94,0,3
O018386,2026-07-25,Home,121.71,0,3
O003930,2025-10-27,Home,69.08,0,3
O006864,2025-12-10,Electronics,119.57,0,2
O016779,2026-06-13,Home,153.76,0,3
O015209,2026-05-24,Home,76.48,0,2
O014826,2026-05-29,Home,68.02,0,3
O002234,2025-09-15,Electronics,163.26,0,5
O003876,2025-10-30,Home,65.84,0,4
O002441,2025-09-14,Home,87.47,0,3
O001967,2025-09-25,Electronics,125.29,0,3
O010345,2026-02-22,Home,76.92,0,3
O013039,2026-04-03,Electronics,176.56,0,2
O009802,2026-02-07,Apparel,84.89,0,3
O004866,2025-11-16,Electronics,238.8,1,4
O009906,2026-02-14,Electronics,194.63,0,2
O016255,2026-06-02,Electronics,101.29,0,3
O000023,2025-08-26,Apparel,45.04,0,4
O018222,2026-07-20,Home,25.99,0,4
O013855,2026-05-16,Apparel,72.16,0,3
O006626,2025-12-01,Electronics,8,0,3
O001216,2025-08-02,Home,8,0,2
O012807,2026-04-30,Electronics,49.95,0,3
O010913,2026-03-09,Apparel,15.13,1,5
O010201,2026-02-24,Electronics,115.55,0,2
O018030,2026-07-12,Home,48.37,0,4
O017560,2026-07-29,Electronics,295.98,0,2
O006416,2025-12-10,Apparel,40.92,0,4
O003872,2025-10-12,Home,44.58,0,4
O007632,2025-12-27,Home,118.79,0,2
O014862,2026-05-18,Home,46.29,0,4
O002808,2025-10-05,Apparel,12.15,0,1
O005492,2025-11-22,Home,67.93,0,4
O001935,2025-09-26,Electronics,33.85,0,4
O011846,2026-03-23,Home,68.36,0,3
O007963,2026-01-01,Apparel,77.14,0,4
O006359,2025-12-07,Apparel,57.0,0,4
O003226,2025-10-01,Apparel,33.84,0,5
O007297,2025-12-12,Home,12.17,0,3
O015512,2026-06-06,Apparel,37.66,1,3
O016909,2026-07-14,Apparel,105.15,0,2
O013738,2026-05-18,Apparel,30.9,0,5
O002275,2025-09-25,Electronics,259.9,0,4
O007619,2025-12-23,Home,114.1,1,2
O008482,2026-01-24,Electronics,97.53,0,5
O003980,2025-10-23,Home,92.67,0,3
O013902,2026-05-08,Apparel,104.26,0,3
O017709,2026-07-08,Electronics,170.7,1,2
O012145,2026-03-01,Home,135.03,0,4
O005480,2025-11-17,Home,98.02,0,4
O004640,2025-11-23,Apparel,83.69,0,4
O009739,2026-02-25,Apparel,81.23,0,5
O001863,2025-09-24,Apparel,45.99,0,2
O010349,2026-02-28,Home,56.7,0,4
O014297,2026-05-08,Apparel,68.19,1,4
O006383,2025-12-28,Apparel,8,0,2
O000876,2025-08-05,Electronics,286.38,0,4
O009611,2026-02-20,Apparel,44.03,0,2
O004311,2025-11-01,Apparel,33.31,1,3
O004475,2025-11-05,Apparel,65.06,1,2
O000693,2025-08-14,Electronics,123.46,0,3
O010486,2026-02-27,Home,94.18,0,3
O012250,2026-04-01,Apparel,61.07,0,2
O008540,2026-01-05,Electronics,141.97,1,2
O011703,2026-03-25,Electronics,214.15,0,2
O014447,2026-05-05,Electronics,105.11,0,4
O016533,2026-06-12,Home,39.96,0,4
O016011,2026-06-27,Electronics,8,0,2
O010126,2026-02-08,Electronics,73.31,0,3
O018104,2026-07-26,Home,61.73,0,2
O008092,2026-01-31,Apparel,62.69,0,5
O007512,2025-12-12,Home,57.05,0,4
O008827,2026-01-01,Home,126.79,0,4
O000763,2025-08-20,Electronics,53.49,0,2
O012469,2026-04-12,Apparel,61.92,0,1
O013457,2026-04-06,Home,148.0,0,3
O007534,2025-12-16,Home,50.05,0,2
O012768,2026-04-28,Apparel,24.8,1,3
O016463,2026-06-29,Home,157.74,0,2
O003083,2025-10-27,Apparel,87.78,0,4
O018053,2026-07-10,Home,78.14,0,3
O016230,2026-06-18,Electronics,169.2,0,2
O013110,2026-04-23,Electronics,8,0,2
O013117,2026-04-18,Electronics,129.33,0,4
O013933,2026-05-18,Apparel,71.76,0,5
O004559,2025-11-27,Apparel,85.61,0,6
O008048,2026-01-13,Apparel,65.24,1,2
O000174,2025-08-22,Apparel,21.41,0,3
O007698,2025-12-04,Home,67.15,0,4
O007551,2025-12-09,Home,20.88,0,3
O015624,2026-06-01,Apparel,69.18,0,3
O011607,2026-03-25,Electronics,194.01,0,3
O005620,2025-11-09,Home,72.62,0,3
O011405,2026-03-28,Electronics,43.41,0,2
O005781,2025-12-09,Apparel,51.15,0,2
O007233,2025-12-19,Home,68.78,0,4
O016304,2026-06-10,Electronics,53.07,0,3
O013097,2026-04-21,Electronics,194.05,0,2
O000127,2025-08-06,Apparel,67.11,0,4
O007249,2025-12-31,Home,83.9,0,5
O018387,2026-07-13,Home,115.64,1,3
O006814,2025-12-01,Electronics,108.92,0,3
O006595,2025-12-27,Electronics,133.21,0,4
O012488,2026-04-14,Apparel,101.26,0,3
O007612,2025-12-05,Home,93.73,0,1
O008143,2026-01-02,Apparel,53.3,0,4
O014010,2026-05-02,Apparel,53.12,0,4
O011239,2026-03-24,Apparel,101.14,0,3
O012955,2026-04-12,Electronics,124.46,0,3
O005624,2025-11-06,Home,93.17,0,4
O000557,2025-08-22,Electronics,91.22,0,5
O013840,2026-05-25,Apparel,37.83,0,3
O016725,2026-06-04,Home,44.49,0,4
O000383,2025-08-11,Apparel,51.51,1,3
O016521,2026-06-13,Home,144.63,0,3
O007438,2025-12-07,Home,47.9,0,2
O016464,2026-06-09,Home,75.06,0,3
O016290,2026-06-22,Electronics,163.14,0,3
O004347,2025-11-28,Apparel,98.62,1,5
O012991,2026-04-29,Electronics,78.25,0,3
O000985,2025-08-30,Home,25.77,0,3
O001215,2025-08-03,Home,126.94,0,3
O010928,2026-03-01,Apparel,12.52,0,5
O008609,2026-01-14,Electronics,37.7,0,1
O000002,2025-08-26,Apparel,9.66,0,4
O014358,2026-05-20,Electronics,125.95,0,4
O005400,2025-11-16,Home,73.01,0,2
O010601,2026-02-20,Home,68.88,0,3
O005588,2025-11-23,Home,117.72,0,4
O009748,2026-02-26,Apparel,65.02,1,1
O001294,2025-08-17,Home,134.16,0,3
O010341,2026-02-09,Home,160.15,0,3
O013607,2026-04-22,Home,104.1,1,1
O002497,2025-09-07,Home,124.3,0,4
O002049,2025-09-29,Electronics,139.24,0,3
O006425,2025-12-31,Apparel,42.69,0,5
O006796,2025-12-05,Electronics,173.82,1,2
O016781,2026-06-30,Home,21.02,0,3
O017517,2026-07-29,Electronics,62.3,0,3
O006845,2025-12-08,Electronics,171.66,0,2
O016490,2026-06-18,Home,120.59,0,2
O005399,2025-11-21,Home,128.15,0,4
O008354,2026-01-18,Electronics,155.35,0,4
O011977,2026-03-24,Home,38.42,0,3
O018110,2026-07-09,Home,34.11,0,3
O017397,2026-07-20,Apparel,11.88,0,4
O003428,2025-10-01,Electronics,170.88,0,4
O008335,2026-01-09,Apparel,104.89,0,1
O004200,2025-11-18,Apparel,49.95,1,3
O012298,2026-04-16,Apparel,79.83,1,1
O007860,2026-01-21,Apparel,39.25,0,1
O018260,2026-07-30,Home,101.71,0,4
O015295,2026-06-03,Apparel,47.92,0,4
O011031,2026-03-19,Apparel,61.7,1,3
O013851,2026-05-17,Apparel,58.23,0,3
O013860,2026-05-15,Apparel,23.94,0,4
O008369,2026-01-06,Electronics,66.4,0,2
O010119,2026-02-08,Electronics,84.36,0,3
O007578,2025-12-27,Home,83.53,0,3
O002866,2025-10-26,Apparel,46.78,0,6
O016748,2026-06-02,Home,118.69,0,3
O009113,2026-01-13,Home,49.59,0,2
O001852,2025-09-07,Apparel,59.95,0,4
O005817,2025-12-10,Apparel,28.36,1,3
O004129,2025-11-26,Apparel,48.27,0,2
O011389,2026-03-19,Electronics,186.38,0,3
O002692,2025-09-22,Home,94.73,0,3
O000689,2025-08-01,Electronics,92.23,0,4
O003267,2025-10-10,Apparel,54.62,1,2
O004434,2025-11-15,Apparel,35.0,0,3
O012507,2026-04-08,Apparel,57.45,0,3
O002927,2025-10-21,Apparel,43.3,1,4
O013286,2026-04-06,Home,93.41,0,3
O005685,2025-11-25,Home,23.74,0,3
O013380,2026-04-06,Home,148.61,0,6
O001773,2025-09-07,Apparel,139.42,0,1
O000123,2025-08-21,Apparel,73.4,0,2
O006911,2025-12-27,Electronics,8,0,3
O003697,2025-10-06,Electronics,93.38,0,4
O005884,2025-12-30,Apparel,59.42,0,4
O017400,2026-07-25,Apparel,37.24,0,2
O000503,2025-08-01,Apparel,50.03,0,3
O007785,2026-01-11,Apparel,59.34,0,4
O003797,2025-10-04,Home,49.49,0,4
O018375,2026-07-13,Home,112.89,0,2
O004441,2025-11-03,Apparel,66.71,0,3
O008306,2026-01-23,Apparel,12.91,0,7
O012440,2026-04-18,Apparel,93.89,0,3
O008822,2026-01-06,Home,105.43,0,3
O008390,2026-01-02,Electronics,157.41,0,2
O007166,2025-12-18,Electronics,154.55,1,5
O002395,2025-09-11,Home,8,0,4
O006306,2025-12-16,Apparel,89.86,1,4
O006650,2025-12-03,Electronics,257.03,0,2
O006605,2025-12-01,Electronics,105.34,0,4
O016085,2026-06-22,Electronics,67.88,0,4
O015177,2026-05-30,Home,71.05,0,1
O017027,2026-07-13,Apparel,95.28,0,4
O004870,2025-11-02,Electronics,192.14,1,4
O009577,2026-02-23,Apparel,53.49,0,5
O011994,2026-03-24,Home,123.88,0,3
O015050,2026-05-24,Home,95.07,0,4
O015841,2026-06-04,Apparel,28.06,0,4
O003446,2025-10-14,Electronics,241.42,0,3
O008618,2026-01-18,Electronics,119.49,0,5
O005930,2025-12-24,Apparel,81.6,0,3
O006962,2025-12-29,Electronics,221.71,0,4
O010700,2026-03-01,Apparel,101.84,1,2
O015800,2026-06-25,Apparel,74.74,0,3
O003133,2025-10-25,Apparel,75.5,0,2
O008869,2026-01-20,Home,73.54,0,3
O006987,2025-12-13,Electronics,58.52,1,4
O005855,2025-12-03,Apparel,106.27,1,2
O018279,2026-07-28,Home,33.51,0,2
O008703,2026-01-28,Electronics,162.92,0,5
O017613,2026-07-10,Electronics,66.07,0,4
O008889,2026-01-10,Home,46.27,0,3
O010807,2026-03-23,Apparel,75.64,0,3
O001910,2025-09-10,Electronics,183.41,0,5
O001673,2025-09-05,Apparel,62.05,0,3
O017576,2026-07-04,Electronics,131.2,1,3
O001344,2025-09-13,Apparel,100.13,1,3
O007002,2025-12-19,Electronics,181.85,1,4
O007791,2026-01-12,Apparel,57.96,0,3
O012760,2026-04-14,Apparel,33.21,0,3
O004203,2025-11-28,Apparel,8,0,4
O002538,2025-09-12,Home,101.54,0,4
O007787,2026-01-07,Apparel,104.84,0,3
O006914,2025-12-01,Electronics,33.58,0,2
O003075,2025-10-18,Apparel,41.45,1,4
O003413,2025-10-06,Electronics,221.05,0,2
O013934,2026-05-16,Apparel,16.52,1,2
O012620,2026-04-18,Apparel,82.79,0,3
O014707,2026-05-21,Electronics,180.65,0,2
O001721,2025-09-28,Apparel,68.88,0,3
O012699,2026-04-18,Apparel,58.53,0,2
O013819,2026-05-14,Apparel,8,0,1
O002408,2025-09-02,Home,39.89,0,6
O004564,2025-11-27,Apparel,73.13,0,4
O001105,2025-08-07,Home,59.2,0,3
O005956,2025-12-18,Apparel,61.97,0,2
O017376,2026-07-12,Apparel,86.56,0,5
O007445,2025-12-02,Home,61.15,0,3
O012578,2026-04-12,Apparel,61.58,0,4
O015224,2026-05-27,Home,90.61,1,4
O013447,2026-04-05,Home,45.05,0,3
O017312,2026-07-01,Apparel,86.92,0,3
O010501,2026-02-06,Home,107.8,1,3
O000252,2025-08-23,Apparel,69.87,0,4
O016615,2026-06-21,Home,38.84,0,3
O013184,2026-04-08,Electronics,173.19,0,3
O004548,2025-11-27,Apparel,49.28,0,4
O010616,2026-02-24,Home,75.44,1,3
O013042,2026-04-14,Electronics,192.8,0,3
O009347,2026-02-18,Apparel,12.78,1,3
O004836,2025-11-08,Electronics,66.67,0,3
O011205,2026-03-15,Apparel,121.78,0,2
O002142,2025-09-27,Electronics,193.46,1,5
O003975,2025-10-26,Home,66.32,0,2
O016188,2026-06-28,Electronics,276.26,0,1
O005971,2025-12-12,Apparel,130.21,0,3
O002295,2025-09-18,Electronics,159.38,0,6
O010691,2026-03-29,Apparel,84.03,1,2
O008083,2026-01-07,Apparel,60.45,0,4
O017503,2026-07-22,Electronics,195.84,0,3
O002534,2025-09-17,Home,92.37,0,3
O018050,2026-07-13,Home,80.26,0,5
O009762,2026-02-22,Apparel,73.51,0,7
O016765,2026-06-10,Home,127.07,0,3
O007656,2025-12-10,Home,70.83,0,4
O000561,2025-08-22,Electronics,133.54,0,3
O017021,2026-07-30,Apparel,71.96,0,4
O008024,2026-01-22,Apparel,37.19,1,4
O017200,2026-07-30,Apparel,43.6,0,3
O013581,2026-04-11,Home,116.61,0,3
O006831,2025-12-10,Electronics,189.76,0,4
O009392,2026-02-11,Apparel,66.55,0,2
O003932,2025-10-24,Home,119.73,0,4
O001519,2025-09-22,Apparel,34.56,0,4
O012742,2026-04-21,Apparel,25.45,0,1
O012002,2026-03-29,Home,85.81,0,2
O012819,2026-04-29,Electronics,130.17,0,3
O003255,2025-10-10,Apparel,87.27,0,4
O008949,2026-01-29,Home,132.2,0,4
O017521,2026-07-26,Electronics,143.26,0,4
O001349,2025-09-05,Apparel,54.64,1,4
O005730,2025-11-01,Home,116.58,0,2
O010409,2026-02-12,Home,122.79,1,2
O006183,2025-12-31,Apparel,71.26,0,3
O012242,2026-04-24,Apparel,63.21,0,3
O009701,2026-02-11,Apparel,38.32,0,1
O004039,2025-10-15,Home,55.59,0,4
O007377,2025-12-17,Home,102.87,0,4
O004239,2025-11-17,Apparel,18.3,0,3
O014779,2026-05-21,Electronics,107.87,0,2
O004716,2025-11-22,Apparel,57.54,0,3
O000843,2025-08-09,Electronics,23.68,0,4
O003523,2025-10-18,Electronics,164.99,0,2
O006350,2025-12-11,Apparel,56.38,1,2
O007268,2025-12-08,Home,86.17,0,5
O008508,2026-01-24,Electronics,209.15,0,3
O003296,2025-10-12,Electronics,89.05,0,4
O003869,2025-10-25,Home,88.98,0,2
O001062,2025-08-24,Home,78.14,0,4
O017824,2026-07-29,Electronics,188.98,0,2
O000189,2025-08-10,Apparel,47.13,0,5
O000369,2025-08-14,Apparel,56.15,0,3
O002773,2025-10-23,Apparel,57.05,1,3
O007073,2025-12-09,Electronics,122.35,0,5
O000816,2025-08-24,Electronics,102.85,0,3
O017704,2026-07-26,Electronics,174.64,1,2
O002940,2025-10-07,Apparel,23.12,1,2
O002061,2025-09-24,Electronics,125.22,0,4
O003805,2025-10-24,Home,89.82,0,2
O005275,2025-11-12,Electronics,220.72,0,2
O000504,2025-08-05,Apparel,52.17,0,3
O011838,2026-03-18,Home,104.77,0,4
O016885,2026-07-19,Apparel,20.7,0,4
O004693,2025-11-06,Apparel,65.26,0,2
O017696,2026-07-08,Electronics,338.08,0,2
O017345,2026-07-22,Apparel,82.94,0,2
O016854,2026-07-26,Apparel,64.08,0,4
O018126,2026-07-09,Home,35.57,0,2
O013485,2026-04-09,Home,81.24,0,3
O003606,2025-10-08,Electronics,124.2,0,2
O016543,2026-06-09,Home,44.5,0,4
O007067,2025-12-10,Electronics,29.51,0,2
O013428,2026-04-21,Home,114.51,0,1
O005314,2025-11-05,Home,142.23,0,4
O015363,2026-06-14,Apparel,31.64,0,4
O014505,2026-05-11,Electronics,89.76,0,3
O003022,2025-10-22,Apparel,108.78,0,1
O013882,2026-05-30,Apparel,97.71,0,3
O005627,2025-11-09,Home,118.57,0,2
O002431,2025-09-02,Home,117.84,0,3
O018015,2026-07-14,Home,112.12,0,5
O016610,2026-06-21,Home,121.11,0,4
O009724,2026-02-01,Apparel,37.11,1,4
O008341,2026-01-31,Electronics,114.19,0,3
O017390,2026-07-25,Apparel,107.66,0,3
O009178,2026-01-24,Home,70.56,0,2
O009930,2026-02-14,Electronics,176.48,0,3
O017403,2026-07-08,Apparel,78.82,0,3
O013535,2026-04-27,Home,81.28,0,3
O008745,2026-01-19,Electronics,8,0,4
O000117,2025-08-07,Apparel,77.9,0,5
O004420,2025-11-23,Apparel,69.95,0,5
O014919,2026-05-14,Home,60.56,0,3
O012834,2026-04-15,Electronics,253.32,0,5
O012062,2026-03-12,Home,8,0,4
O002903,2025-10-14,Apparel,59.66,0,3
O006071,2025-12-13,Apparel,57.32,0,3
O005979,2025-12-24,Apparel,99.89,0,3
O001016,2025-08-29,Home,100.17,0,1
O003077,2025-10-25,Apparel,8,0,4
O013483,2026-04-22,Home,68.66,0,2
O002821,2025-10-20,Apparel,91.72,0,2
O018275,2026-07-10,Home,91.78,0,3
O005917,2025-12-05,Apparel,50.55,0,1
O004622,2025-11-15,Apparel,12.63,0,3
O003115,2025-10-16,Apparel,74.99,0,3
O000550,2025-08-09,Electronics,148.52,0,3
O012313,2026-04-12,Apparel,70.33,0,1
O010556,2026-02-13,Home,50.9,0,3
O016478,2026-06-23,Home,36.13,0,1
O004113,2025-10-12,Home,15.93,0,5
O005021,2025-11-18,Electronics,138.75,0,4
O006673,2025-12-26,Electronics,185.72,0,4
O000590,2025-08-29,Electronics,196.21,0,4
O014457,2026-05-17,Electronics,74.46,0,2
O011851,2026-03-20,Home,96.31,0,4
O006349,2025-12-04,Apparel,86.87,1,4
O016601,2026-06-01,Home,59.7,0,3
O017414,2026-07-05,Apparel,79.04,0,1
O010292,2026-02-10,Home,8,0,3
O012608,2026-04-18,Apparel,48.04,0,1
O010431,2026-02-17,Home,11.68,0,4
O000093,2025-08-15,Apparel,89.35,0,3
O016396,2026-06-16,Home,101.18,0,4
O009853,2026-02-11,Electronics,134.01,0,4
O017402,2026-07-31,Apparel,31.63,0,2
O018092,2026-07-19,Home,61.86,0,3
O014712,2026-05-01,Electronics,121.28,0,3
O015639,2026-06-22,Apparel,50.03,0,4
O006735,2025-12-29,Electronics,218.02,0,6
O005667,2025-11-06,Home,84.4,0,3
O002901,2025-10-08,Apparel,34.47,0,3
O011836,2026-03-24,Home,51.43,0,4
O000420,2025-08-13,Apparel,59.19,0,4
O004175,2025-11-13,Apparel,28.88,0,2
O014264,2026-05-10,Apparel,35.57,0,2
O007006,2025-12-03,Electronics,253.98,0,3
O005491,2025-11-15,Home,118.24,0,4
O001646,2025-09-26,Apparel,33.11,0,3
O006436,2025-12-05,Apparel,69.08,0,3
O004083,2025-10-29,Home,115.28,0,5
O012478,2026-04-12,Apparel,8,1,3
O011439,2026-03-13,Electronics,195.11,0,4
O001055,2025-08-08,Home,56.48,0,1
O010167,2026-02-20,Electronics,138.98,0,5
O008490,2026-01-03,Electronics,210.11,0,4
O001083,2025-08-29,Home,68.47,0,5
O006087,2025-12-31,Apparel,32.5,1,3
O013979,2026-05-07,Apparel,85.14,0,3
O015605,2026-06-12,Apparel,49.79,0,3
O011277,2026-03-14,Apparel,43.64,0,5
O003865,2025-10-16,Home,123.92,0,2
O014449,2026-05-29,Electronics,83.16,0,4
O015394,2026-06-25,Apparel,47.76,0,3
O013008,2026-04-26,Electronics,160.53,0,3
O015530,2026-06-30,Apparel,16.83,0,3
O000198,2025-08-15,Apparel,47.35,1,3
O011494,2026-03-20,Electronics,214.23,0,4
O016588,2026-06-21,Home,46.94,0,4
O008287,2026-01-28,Apparel,56.01,0,3
O007701,2025-12-31,Home,108.01,0,4
O009891,2026-02-13,Electronics,200.45,0,4
O002259,2025-09-25,Electronics,192.44,0,4
O014283,2026-05-14,Apparel,8,1,2
O012945,2026-04-10,Electronics,130.36,0,1
O002524,2025-09-13,Home,41.25,0,4
O003761,2025-10-30,Home,10.0,0,3
O018236,2026-07-23,Home,103.86,0,4
O002652,2025-09-13,Home,61.57,0,4
O012603,2026-04-23,Apparel,9.29,0,2
O009481,2026-02-09,Apparel,60.84,0,5
O012948,2026-04-16,Electronics,306.34,0,3
O015952,2026-06-01,Electronics,142.13,0,4
O005106,2025-11-21,Electronics,126.56,0,3
O016073,2026-06-08,Electronics,188.1,1,3
O001075,2025-08-10,Home,106.25,0,1
O018317,2026-07-29,Home,95.78,0,3
O013662,2026-04-15,Home,8,0,1
O006477,2025-12-06,Apparel,59.31,0,3
O004816,2025-11-25,Electronics,82.5,0,3
O004070,2025-10-02,Home,100.9,0,4
O017561,2026-07-24,Electronics,141.67,0,4
O000806,2025-08-08,Electronics,178.8,0,5
O014547,2026-05-12,Electronics,178.0,0,4
O000086,2025-08-03,Apparel,58.1,0,3
O014710,2026-05-27,Electronics,97.43,1,4
O001682,2025-09-17,Apparel,72.18,0,3
O018384,2026-07-13,Home,171.85,0,3
O010791,2026-03-06,Apparel,30.88,0,4
O006973,2025-12-22,Electronics,65.89,0,2
O004303,2025-11-11,Apparel,38.23,1,4
O000289,2025-08-02,Apparel,8,0,4
O016204,2026-06-28,Electronics,176.6,0,4
O006889,2025-12-01,Electronics,187.23,0,3
O017574,2026-07-02,Electronics,113.96,1,3
O017846,2026-07-29,Electronics,202.18,0,2
O014404,2026-05-04,Electronics,76.85,0,3
O001685,2025-09-02,Apparel,50.37,0,4
O014928,2026-05-07,Home,48.88,0,4
O018244,2026-07-14,Home,100.94,1,3
O012919,2026-04-12,Electronics,175.68,0,3
O014579,2026-05-21,Electronics,73.59,1,4
O007319,2025-12-14,Home,121.14,0,2
O008684,2026-01-30,Electronics,175.55,0,3
O012229,2026-04-24,Apparel,67.29,0,3
O014963,2026-05-30,Home,108.51,0,2
O012515,2026-04-09,Apparel,74.05,0,3
O009731,2026-02-20,Apparel,74.79,0,2
O017323,2026-07-12,Apparel,53.49,1,4
O010728,2026-03-24,Apparel,74.88,0,2
O010658,2026-02-03,Home,146.42,0,5
O009114,2026-01-03,Home,71.61,0,3
O000851,2025-08-22,Electronics,105.92,0,5
O012134,2026-03-27,Home,84.88,0,2
O013387,2026-04-26,Home,59.79,0,4
O001454,2025-09-03,Apparel,57.42,0,2
O018417,2026-07-27,Home,103.97,0,3
O003763,2025-10-30,Home,62.14,0,5
O009782,2026-02-25,Apparel,49.49,1,5
O007603,2025-12-21,Home,46.0,0,4
O013486,2026-04-21,Home,127.83,0,4
O001140,2025-08-01,Home,8,0,1
O011692,2026-03-08,Electronics,182.47,0,3
O002576,2025-09-18,Home,85.79,1,3
O013179,2026-04-11,Electronics,49.18,0,1
O006201,2025-12-02,Apparel,19.6,0,2
O009332,2026-02-26,Apparel,54.61,1,2
O003776,2025-10-12,Home,134.04,0,2
O012674,2026-04-23,Apparel,107.53,1,3
O017129,2026-07-30,Apparel,16.6,0,3
O005287,2025-11-15,Electronics,110.78,0,2
O013477,2026-04-22,Home,130.15,0,2
O008752,2026-01-23,Electronics,161.34,0,3
O009094,2026-01-16,Home,138.51,0,2
O006323,2025-12-24,Apparel,22.1,0,3
O001513,2025-09-16,Apparel,69.27,0,4
O013980,2026-05-03,Apparel,60.03,0,1
O002567,2025-09-01,Home,75.71,0,3
O013376,2026-04-13,Home,84.9,0,3
O013924,2026-05-30,Apparel,54.35,0,3
O015915,2026-06-27,Electronics,121.46,0,4
O014659,2026-05-09,Electronics,95.87,0,3
O016423,2026-06-21,Home,21.72,0,4
O005583,2025-11-05,Home,140.43,0,5
O012638,2026-04-01,Apparel,8.01,0,2
O016126,2026-06-26,Electronics,146.71,0,3
O016445,2026-06-23,Home,135.28,0,3
O012841,2026-04-04,Electronics,179.37,0,2
O004727,2025-11-30,Apparel,83.34,0,4
O007497,2025-12-02,Home,140.28,0,4
O000346,2025-08-03,Apparel,90.65,0,3
O004450,2025-11-29,Apparel,60.06,0,4
O000241,2025-08-03,Apparel,103.38,1,3
O007414,2025-12-06,Home,121.61,0,4
O001126,2025-08-17,Home,79.35,0,3
O017406,2026-07-13,Apparel,99.48,0,3
O001632,2025-09-07,Apparel,78.39,0,4
O003913,2025-10-04,Home,45.84,0,4
O005921,2025-12-06,Apparel,39.15,0,1
O015182,2026-05-13,Home,116.36,0,4
O009530,2026-02-18,Apparel,35.88,1,3
O007953,2026-01-24,Apparel,53.74,0,3
O006866,2025-12-08,Electronics,8,0,3
O016794,2026-06-08,Home,61.3,0,1
O004372,2025-11-06,Apparel,141.36,1,3
O007546,2025-12-12,Home,100.82,0,4
O012540,2026-04-25,Apparel,27.23,0,5
O010875,2026-03-25,Apparel,41.53,0,4
O008722,2026-01-14,Electronics,96.49,0,3
O006031,2025-12-20,Apparel,87.32,0,1
O002362,2025-09-03,Home,155.08,1,2
O004612,2025-11-12,Apparel,70.47,0,4
O005032,2025-11-07,Electronics,141.46,0,3
O013750,2026-05-02,Apparel,26.96,0,3
O010087,2026-02-11,Electronics,100.61,0,3
O005868,2025-12-27,Apparel,71.64,0,3
O000943,2025-08-10,Electronics,205.08,0,4
O017902,2026-07-25,Electronics,100.58,0,3
O000944,2025-08-20,Electronics,153.11,0,3
O017705,2026-07-23,Electronics,166.69,1,1
O015039,2026-05-03,Home,116.83,0,1
O015496,2026-06-30,Apparel,67.56,0,3
O006229,2025-12-17,Apparel,73.75,0,3
O009147,2026-01-24,Home,172.48,0,2
O015698,2026-06-06,Apparel,32.08,0,3
O017204,2026-07-09,Apparel,46.98,0,3
O009264,2026-02-21,Apparel,61.71,1,4
O018357,2026-07-22,Home,116.97,0,3
O005261,2025-11-19,Electronics,199.48,0,4
O011470,2026-03-14,Electronics,135.8,0,3
O000429,2025-08-09,Apparel,68.02,0,4
O007542,2025-12-31,Home,106.58,0,5
O003670,2025-10-31,Electronics,200.24,1,1
O013144,2026-04-23,Electronics,161.57,0,3
O002237,2025-09-17,Electronics,226.12,0,3
O016470,2026-06-12,Home,114.42,0,4
O008439,2026-01-20,Electronics,111.83,0,3
O001885,2025-09-29,Electronics,246.3,1,3
O010818,2026-03-13,Apparel,61.54,0,2
O013958,2026-05-15,Apparel,38.75,1,3
O010843,2026-03-22,Apparel,54.81,0,2
O014072,2026-05-15,Apparel,115.67,0,1
O014699,2026-05-11,Electronics,155.36,0,2
O016624,2026-06-26,Home,130.97,0,5
O012266,2026-04-19,Apparel,89.23,0,3
O004771,2025-11-16,Electronics,264.3,0,1
O017494,2026-07-09,Apparel,49.88,0,1
O000711,2025-08-15,Electronics,158.23,0,2
O014470,2026-05-22,Electronics,206.3,0,2
O015525,2026-06-29,Apparel,76.41,0,2
O003641,2025-10-15,Electronics,98.53,0,3
O015139,2026-05-22,Home,8,0,3
O011095,2026-03-22,Apparel,55.12,1,4
O015614,2026-06-09,Apparel,12.44,1,3
O002131,2025-09-27,Electronics,245.81,0,4
O001655,2025-09-14,Apparel,41.42,0,3
O013640,2026-04-06,Home,125.41,0,3
O005662,2025-11-27,Home,116.86,0,2
O006564,2025-12-25,Electronics,105.19,0,2
O016912,2026-07-30,Apparel,42.15,0,4
O017409,2026-07-28,Apparel,36.61,0,3
O002470,2025-09-03,Home,120.22,0,4
O009473,2026-02-24,Apparel,15.59,0,3
O002637,2025-09-18,Home,152.27,0,4
O003394,2025-10-19,Electronics,161.88,0,2
O003176,2025-10-18,Apparel,82.42,0,3
O001120,2025-08-20,Home,61.03,0,3
O015220,2026-05-15,Home,101.42,0,2
O014407,2026-05-10,Electronics,135.78,0,3
O008428,2026-01-24,Electronics,204.4,0,1
O009558,2026-02-18,Apparel,82.8,0,3
O013866,2026-05-14,Apparel,78.83,0,4
O004459,2025-11-28,Apparel,86.11,0,5
O005356,2025-11-10,Home,59.56,0,3
O013332,2026-04-06,Home,86.44,0,2
O006833,2025-12-06,Electronics,135.29,0,2
O004944,2025-11-22,Electronics,92.99,0,4
O005792,2025-12-02,Apparel,35.28,0,4
O008376,2026-01-07,Electronics,160.87,0,3
O002080,2025-09-25,Electronics,180.71,0,2
O000577,2025-08-26,Electronics,130.86,0,4
O012593,2026-04-09,Apparel,73.48,0,3
O011689,2026-03-20,Electronics,180.28,0,3
O013393,2026-04-22,Home,112.48,0,3
O017257,2026-07-14,Apparel,44.14,0,2
O015371,2026-06-24,Apparel,8,0,4
O000947,2025-08-11,Electronics,155.04,0,3
O001712,2025-09-15,Apparel,73.93,0,4
O011796,2026-03-10,Home,144.73,0,2
O009343,2026-02-07,Apparel,42.21,0,3
O002563,2025-09-05,Home,153.54,1,4
O005461,2025-11-05,Home,162.71,0,4
O010179,2026-02-10,Electronics,162.26,0,2
O013055,2026-04-30,Electronics,77.23,0,4
O001793,2025-09-14,Apparel,26.76,0,5
O008494,2026-01-18,Electronics,175.75,0,5
O006102,2025-12-12,Apparel,64.07,1,3
O010230,2026-02-08,Electronics,140.48,0,3
O013742,2026-05-04,Apparel,58.29,0,4
O008613,2026-01-20,Electronics,194.64,0,4
O014670,2026-05-13,Electronics,70.6,0,3
O002270,2025-09-17,Electronics,171.42,0,2
O014951,2026-05-18,Home,133.83,0,5
O001976,2025-09-10,Electronics,121.62,0,1
O008401,2026-01-02,Electronics,164.15,0,2
O006461,2025-12-11,Apparel,29.34,1,3
O014206,2026-05-22,Apparel,33.17,0,3
O017844,2026-07-15,Electronics,180.54,0,4
O009182,2026-01-23,Home,115.43,0,1
O008492,2026-01-02,Electronics,183.8,0,3
O018054,2026-07-13,Home,94.71,0,3
O012292,2026-04-21,Apparel,106.75,0,4
O005550,2025-11-24,Home,87.67,0,4
O017343,2026-07-11,Apparel,71.95,0,4
O006990,2025-12-01,Electronics,138.13,0,2
O015080,2026-05-04,Home,57.66,0,3
O013878,2026-05-15,Apparel,32.42,0,2
O014379,2026-05-16,Electronics,118.11,0,5
O013075,2026-04-02,Electronics,110.41,1,2
O018314,2026-07-30,Home,52.86,0,3
O003511,2025-10-05,Electronics,243.57,0,1
O010346,2026-02-16,Home,142.48,0,2
O005378,2025-11-04,Home,47.11,0,3
O014520,2026-05-02,Electronics,150.7,0,4
O010977,2026-03-17,Apparel,95.52,0,4
O015689,2026-06-28,Apparel,27.14,1,1
O011715,2026-03-30,Electronics,92.47,0,3
O018130,2026-07-29,Home,132.96,0,3
O004626,2025-11-22,Apparel,78.82,0,4
O015056,2026-05-09,Home,70.47,0,3
O012411,2026-04-08,Apparel,62.45,0,3
O000443,2025-08-31,Apparel,57.97,0,3
O006340,2025-12-08,Apparel,52.34,0,2
O001450,2025-09-28,Apparel,54.52,0,3
O000705,2025-08-14,Electronics,210.02,0,4
O002516,2025-09-01,Home,90.9,0,3
O008672,2026-01-29,Electronics,58.74,0,4
O015540,2026-06-07,Apparel,77.16,0,3
O007751,2026-01-18,Apparel,82.97,0,3
O008010,2026-01-26,Apparel,67.62,1,4
O004213,2025-11-29,Apparel,71.33,1,4
O013632,2026-04-18,Home,76.59,0,4
O001506,2025-09-22,Apparel,34.4,0,4
O006648,2025-12-26,Electronics,302.2,0,3
O004625,2025-11-11,Apparel,34.26,0,3
O013814,2026-05-01,Apparel,71.22,0,4
O005840,2025-12-08,Apparel,82.2,0,5
O006824,2025-12-09,Electronics,118.34,0,3
O002814,2025-10-08,Apparel,55.96,0,5
O003088,2025-10-27,Apparel,69.66,0,5
O009638,2026-02-05,Apparel,72.8,0,4
O016599,2026-06-11,Home,92.19,0,1
O008208,2026-01-07,Apparel,80.23,0,4
O008922,2026-01-09,Home,34.38,0,5
O011268,2026-03-15,Apparel,47.66,0,3
O000860,2025-08-03,Electronics,171.68,0,3
O007037,2025-12-25,Electronics,10.15,0,4
O007800,2026-01-20,Apparel,56.86,0,5
O004440,2025-11-17,Apparel,49.91,0,2
O015261,2026-06-03,Apparel,39.83,0,6
O009115,2026-01-17,Home,134.68,0,4
O005383,2025-11-20,Home,89.45,0,3
O009939,2026-02-05,Electronics,188.16,0,5
O009267,2026-02-22,Apparel,83.81,0,4
O004782,2025-11-19,Electronics,142.08,0,3
O003234,2025-10-08,Apparel,46.67,0,3
O009209,2026-01-06,Home,137.84,0,3
O004848,2025-11-11,Electronics,89.15,0,2
O012383,2026-04-14,Apparel,28.07,0,3
O016004,2026-06-26,Electronics,187.75,0,3
O016949,2026-07-04,Apparel,65.84,0,4
O004173,2025-11-08,Apparel,70.01,0,3
O006171,2025-12-24,Apparel,101.32,0,4
O000482,2025-08-05,Apparel,8,0,3
O014347,2026-05-22,Electronics,118.64,0,4
O001390,2025-09-23,Apparel,66.31,1,5
O013732,2026-05-29,Apparel,20.28,0,4
O013044,2026-04-02,Electronics,76.81,0,3
O009699,2026-02-05,Apparel,11.87,0,4
O003915,2025-10-09,Home,152.43,0,4
O006457,2025-12-29,Apparel,55.97,0,4
O001334,2025-08-14,Home,152.98,0,5
O015176,2026-05-19,Home,91.71,0,4
O012512,2026-04-04,Apparel,129.57,0,3
O003891,2025-10-09,Home,160.01,0,4
O012074,2026-03-10,Home,95.96,1,2
O018071,2026-07-16,Home,71.11,0,2
O014357,2026-05-25,Electronics,176.41,0,1
O001114,2025-08-18,Home,30.21,0,3
O011222,2026-03-04,Apparel,94.66,0,3
O004263,2025-11-02,Apparel,30.65,1,4
O004994,2025-11-15,Electronics,242.81,0,3
O003479,2025-10-16,Electronics,187.55,0,2
O000571,2025-08-11,Electronics,23.42,0,3
O009059,2026-01-12,Home,40.9,0,2
O011252,2026-03-22,Apparel,28.44,0,3
O007840,2026-01-22,Apparel,83.87,1,4
O010695,2026-03-25,Apparel,68.8,0,2
O012887,2026-04-22,Electronics,80.32,0,3
O000423,2025-08-11,Apparel,51.57,1,1
O012325,2026-04-15,Apparel,51.55,0,2
O008029,2026-01-25,Apparel,79.11,0,2
O007117,2025-12-06,Electronics,54.33,0,4
O007227,2025-12-25,Home,104.47,0,2
O008034,2026-01-15,Apparel,110.27,0,5
O010654,2026-02-11,Home,125.52,0,4
O011849,2026-03-24,Home,68.21,0,4
O007048,2025-12-23,Electronics,123.18,0,4
O003694,2025-10-06,Electronics,62.25,0,4
O009823,2026-02-03,Electronics,90.93,0,4
O015663,2026-06-17,Apparel,71.32,0,5
O006142,2025-12-01,Apparel,66.4,1,3
O007477,2025-12-27,Home,99.54,0,3
O014832,2026-05-28,Home,81.54,0,2
O003196,2025-10-23,Apparel,42.02,0,2
O004368,2025-11-13,Apparel,85.25,0,5
O014585,2026-05-07,Electronics,137.68,1,2
O004307,2025-11-08,Apparel,61.38,1,4
O002751,2025-10-25,Apparel,61.7,0,2
O009116,2026-01-31,Home,131.83,0,4
O006376,2025-12-23,Apparel,10.6,0,4
O004370,2025-11-02,Apparel,52.86,0,4
O015001,2026-05-31,Home,28.06,0,2
O014693,2026-05-06,Electronics,110.29,0,3
O008146,2026-01-12,Apparel,143.9,0,3
O002571,2025-09-03,Home,67.98,0,4
O009319,2026-02-23,Apparel,87.96,0,3
O009633,2026-02-20,Apparel,52.57,1,2
O002893,2025-10-20,Apparel,12.18,0,5
O008598,2026-01-17,Electronics,159.78,0,3
O002031,2025-09-28,Electronics,123.62,0,3
O002519,2025-09-05,Home,42.97,0,5
O012404,2026-04-07,Apparel,40.8,0,2
O004465,2025-11-29,Apparel,73.42,0,2
O000200,2025-08-01,Apparel,77.33,0,4
O017164,2026-07-05,Apparel,82.7,0,1
O005757,2025-12-04,Apparel,79.77,0,5
O008173,2026-01-23,Apparel,46.77,0,4
O014582,2026-05-09,Electronics,45.98,0,3
O012646,2026-04-06,Apparel,49.58,0,2
O007650,2025-12-19,Home,137.0,0,2
O015588,2026-06-03,Apparel,72.89,0,2
O012449,2026-04-04,Apparel,76.74,0,6
O011319,2026-03-05,Electronics,155.04,0,4
O010768,2026-03-12,Apparel,29.06,1,3
O010034,2026-02-19,Electronics,80.53,0,3
O006521,2025-12-24,Electronics,193.06,0,4
O006557,2025-12-22,Electronics,106.48,0,3
O008452,2026-01-01,Electronics,84.17,0,2
O005167,2025-11-13,Electronics,166.02,0,4
O009120,2026-01-19,Home,100.45,0,2
O004091,2025-10-02,Home,101.87,0,3
O002767,2025-10-19,Apparel,61.34,0,3
O008779,2026-01-03,Electronics,109.8,0,1
O012406,2026-04-01,Apparel,61.22,0,5
O005751,2025-12-27,Apparel,104.5,1,2
O006304,2025-12-28,Apparel,114.09,0,2
O017248,2026-07-05,Apparel,102.46,0,3
O000687,2025-08-21,Electronics,156.06,0,3
O004534,2025-11-22,Apparel,52.96,0,2
O006237,2025-12-12,Apparel,127.99,1,3
O008158,2026-01-03,Apparel,74.82,0,4
O015435,2026-06-03,Apparel,10.47,0,3
O001601,2025-09-09,Apparel,36.11,0,3
O014503,2026-05-10,Electronics,188.06,0,4
O016348,2026-06-13,Electronics,160.8,0,3
O006372,2025-12-04,Apparel,8,0,4
O001755,2025-09-08,Apparel,44.76,0,5
O009384,2026-02-07,Apparel,52.19,1,3
O010777,2026-03-11,Apparel,89.78,1,4
O015699,2026-06-03,Apparel,55.18,0,2
O015975,2026-06-05,Electronics,52.06,0,2
O007691,2025-12-13,Home,94.77,0,4
O010582,2026-02-24,Home,58.06,0,2
O015667,2026-06-02,Apparel,48.81,0,5
O000364,2025-08-27,Apparel,64.55,0,3
O007574,2025-12-09,Home,37.99,0,3
O015107,2026-05-04,Home,154.79,0,2
O014427,2026-05-01,Electronics,220.84,0,2
O005202,2025-11-30,Electronics,249.95,0,4
O014734,2026-05-08,Electronics,175.66,0,3
O006434,2025-12-23,Apparel,58.65,0,2
O005611,2025-11-01,Home,73.5,0,1
O004953,2025-11-01,Electronics,166.4,0,2
O008571,2026-01-18,Electronics,76.91,0,2
O006379,2025-12-26,Apparel,54.44,0,1
O010145,2026-02-17,Electronics,228.09,0,3
O000466,2025-08-24,Apparel,74.64,0,3
O010251,2026-02-01,Electronics,127.67,0,4
O014804,2026-05-09,Electronics,294.12,0,5
O008270,2026-01-07,Apparel,53.92,1,3
O003637,2025-10-19,Electronics,8,0,3
O015216,2026-05-29,Home,79.55,0,2
O008389,2026-01-06,Electronics,82.24,0,3
O007003,2025-12-09,Electronics,8,0,3
O005774,2025-12-15,Apparel,88.64,1,2
O001053,2025-08-28,Home,91.4,0,4
O009307,2026-02-23,Apparel,94.21,0,3
O001614,2025-09-24,Apparel,63.07,1,3
O014366,2026-05-31,Electronics,75.47,0,5
O012858,2026-04-03,Electronics,69.98,0,4
O001903,2025-09-02,Electronics,179.33,1,1
O018409,2026-07-08,Home,73.29,0,3
O009786,2026-02-16,Apparel,89.08,1,2
O003547,2025-10-12,Electronics,237.68,0,4
O012138,2026-03-08,Home,81.22,0,1
O002598,2025-09-17,Home,66.14,0,3
O007021,2025-12-19,Electronics,141.97,0,2
O016815,2026-06-20,Home,126.75,0,3
O008110,2026-01-10,Apparel,71.05,0,5
O012351,2026-04-09,Apparel,62.8,0,3
O007911,2026-01-06,Apparel,24.86,0,3
O005475,2025-11-14,Home,33.73,0,2
O008700,2026-01-01,Electronics,152.12,0,3
O011497,2026-03-13,Electronics,146.08,0,4
O009348,2026-02-07,Apparel,44.62,0,4
O008899,2026-01-07,Home,72.48,0,4
O008256,2026-01-20,Apparel,120.7,0,3
O002092,2025-09-11,Electronics,202.55,0,4
O001984,2025-09-10,Electronics,189.36,0,5
O003574,2025-10-17,Electronics,150.67,0,5
O000900,2025-08-22,Electronics,133.46,0,3
O016675,2026-06-26,Home,34.92,0,3
O003440,2025-10-30,Electronics,237.67,0,3
O001089,2025-08-17,Home,58.21,0,2
O009835,2026-02-27,Electronics,79.62,0,2
O005409,2025-11-10,Home,33.76,0,2
O017703,2026-07-09,Electronics,156.84,0,3
O016321,2026-06-28,Electronics,80.68,0,3
O013955,2026-05-06,Apparel,59.39,0,3
O011564,2026-03-06,Electronics,141.25,0,4
O007972,2026-01-02,Apparel,118.22,0,2
O002037,2025-09-27,Electronics,129.8,0,5
O015629,2026-06-10,Apparel,67.61,0,2
O002284,2025-09-02,Electronics,203.93,0,3
O015426,2026-06-06,Apparel,70.67,1,2
O013367,2026-04-30,Home,65.89,0,3
O014815,2026-05-25,Home,110.62,0,1
O013353,2026-04-24,Home,147.16,0,4
O008495,2026-01-21,Electronics,221.64,0,2
O010229,2026-02-01,Electronics,8,0,4
O017777,2026-07-28,Electronics,154.26,0,4
O014263,2026-05-12,Apparel,69.25,0,5
O018219,2026-07-21,Home,102.96,1,4
O010389,2026-02-20,Home,54.74,0,2
O006113,2025-12-10,Apparel,104.94,1,2
O002958,2025-10-04,Apparel,81.08,1,3
O016489,2026-06-09,Home,112.06,0,2
O013425,2026-04-15,Home,134.83,0,4
O005975,2025-12-10,Apparel,40.82,0,1
O010302,2026-02-10,Home,100.46,0,5
O008736,2026-01-05,Electronics,130.26,0,4
O011590,2026-03-15,Electronics,68.77,1,3
O006755,2025-12-23,Electronics,157.61,0,1
O013031,2026-04-28,Electronics,94.77,0,2
O007506,2025-12-17,Home,112.88,0,5
O008373,2026-01-23,Electronics,188.2,0,4
O001523,2025-09-07,Apparel,48.34,0,3
O007168,2025-12-14,Electronics,216.12,0,3
O007502,2025-12-30,Home,39.93,0,4
O002756,2025-10-04,Apparel,8,0,4
O011929,2026-03-29,Home,102.4,0,4
O000448,2025-08-01,Apparel,11.85,0,5
O016008,2026-06-11,Electronics,54.9,0,2
O010185,2026-02-07,Electronics,207.36,0,2
O015995,2026-06-16,Electronics,8,0,3
O009499,2026-02-05,Apparel,36.21,0,2
O000961,2025-08-16,Home,140.31,0,4
O007280,2025-12-22,Home,97.92,0,3
O006473,2025-12-30,Apparel,55.02,0,4
O013070,2026-04-02,Electronics,135.58,0,4
O011133,2026-03-21,Apparel,66.89,1,4
O010159,2026-02-15,Electronics,168.54,0,4
O013288,2026-04-18,Home,64.92,0,3
O008628,2026-01-22,Electronics,132.13,0,4
O009001,2026-01-02,Home,60.17,0,5
O000387,2025-08-19,Apparel,54.29,0,4
O000099,2025-08-16,Apparel,84.11,0,4
O001418,2025-09-30,Apparel,100.43,0,3
O015348,2026-06-26,Apparel,116.74,1,2
O016981,2026-07-17,Apparel,86.57,0,6
O002698,2025-09-23,Home,92.39,0,1
O008096,2026-01-23,Apparel,40.17,0,3
O014898,2026-05-30,Home,119.19,0,3
O006802,2025-12-19,Electronics,215.51,0,5
O013351,2026-04-24,Home,133.72,0,2
O015495,2026-06-10,Apparel,78.2,0,5
O007314,2025-12-03,Home,46.57,0,5
O010564,2026-02-13,Home,87.02,1,1
O001736,2025-09-25,Apparel,82.48,0,2
O017956,2026-07-21,Electronics,230.63,0,4
O001642,2025-09-13,Apparel,55.97,0,3
O012388,2026-04-10,Apparel,14.3,0,4
O016560,2026-06-08,Home,159.55,0,3
O014078,2026-05-20,Apparel,45.32,0,2
O002165,2025-09-26,Electronics,218.22,0,5
O017766,2026-07-30,Electronics,136.87,0,4
O010823,2026-03-06,Apparel,55.86,0,2
O011080,2026-03-09,Apparel,32.2,1,4
O012484,2026-04-01,Apparel,106.52,0,3
O017408,2026-07-27,Apparel,72.55,0,3
O010882,2026-03-05,Apparel,54.08,0,3
O007535,2025-12-01,Home,9.61,0,3
O007282,2025-12-14,Home,63.73,0,3
O006020,2025-12-29,Apparel,8,0,4
O005841,2025-12-26,Apparel,124.56,0,4
O012066,2026-03-16,Home,161.68,0,2
O015051,2026-05-22,Home,118.91,0,4
O011588,2026-03-24,Electronics,85.95,0,4
O015459,2026-06-27,Apparel,84.43,0,5
O011995,2026-03-13,Home,83.96,0,2
O008108,2026-01-19,Apparel,69.16,0,4
O016145,2026-06-11,Electronics,193.04,0,3
O008084,2026-01-21,Apparel,106.86,0,5
O015097,2026-05-31,Home,44.98,0,1
O002953,2025-10-04,Apparel,51.15,0,5
O002380,2025-09-21,Home,150.75,0,5
O009516,2026-02-01,Apparel,8,0,1
O007975,2026-01-29,Apparel,71.44,0,4
O000368,2025-08-17,Apparel,36.84,0,3
O011442,2026-03-30,Electronics,90.63,0,5
O008404,2026-01-29,Electronics,156.19,0,4
O005184,2025-11-03,Electronics,67.15,1,4
O006463,2025-12-17,Apparel,112.56,0,4
O001754,2025-09-15,Apparel,60.97,0,4
O009883,2026-02-01,Electronics,133.76,0,3
O004632,2025-11-26,Apparel,42.32,0,2
O013021,2026-04-07,Electronics,191.93,0,4
O004675,2025-11-28,Apparel,71.72,0,4
O017375,2026-07-01,Apparel,96.85,0,3
O002013,2025-09-07,Electronics,209.62,0,3
O006333,2025-12-22,Apparel,69.33,0,4
O010083,2026-02-26,Electronics,231.34,1,1
O004287,2025-11-21,Apparel,127.98,0,2
O015316,2026-06-21,Apparel,94.57,0,2
O001932,2025-09-05,Electronics,177.16,0,4
O009613,2026-02-25,Apparel,83.81,0,3
O018368,2026-07-08,Home,53.75,0,3
O008924,2026-01-27,Home,81.18,0,3
O009247,2026-02-18,Apparel,35.8,0,4
O013177,2026-04-09,Electronics,163.75,0,5
O005278,2025-11-17,Electronics,224.71,1,3
O017219,2026-07-24,Apparel,77.9,0,2
O010066,2026-02-14,Electronics,99.74,0,3
O005354,2025-11-14,Home,93.3,1,2
O015365,2026-06-01,Apparel,17.22,0,3
O011827,2026-03-24,Home,68.07,0,3
O005349,2025-11-26,Home,120.78,0,5
O009742,2026-02-21,Apparel,93.71,0,3
O000717,2025-08-05,Electronics,132.66,0,3
O018042,2026-07-24,Home,146.35,0,4
O009657,2026-02-13,Apparel,99.91,0,4
O014619,2026-05-15,Electronics,71.34,0,2
O013181,2026-04-17,Electronics,198.15,1,4
O003544,2025-10-25,Electronics,130.04,0,5
O009358,2026-02-13,Apparel,64.85,0,1
O000553,2025-08-09,Electronics,202.84,0,4
O008776,2026-01-23,Electronics,66.04,0,1
O011174,2026-03-01,Apparel,101.28,0,3
O013496,2026-04-17,Home,72.58,0,2
O003861,2025-10-05,Home,47.73,0,3
O014912,2026-05-08,Home,92.52,0,2
O010221,2026-02-03,Electronics,122.19,0,1
O018405,2026-07-06,Home,59.65,0,3
O007547,2025-12-10,Home,75.67,0,3
O004860,2025-11-05,Electronics,15.24,0,3
O007199,2025-12-04,Electronics,206.84,1,3
O008615,2026-01-11,Electronics,131.06,0,4
O000138,2025-08-05,Apparel,61.27,0,3
O000521,2025-08-29,Electronics,104.2,0,4
O014523,2026-05-24,Electronics,201.51,0,2
O002664,2025-09-27,Home,65.83,0,3
O003090,2025-10-18,Apparel,82.26,1,5
O012059,2026-03-13,Home,70.82,0,2
O017355,2026-07-27,Apparel,85.28,0,4
O007922,2026-01-25,Apparel,48.76,0,3
O011163,2026-03-13,Apparel,91.91,1,3
O008866,2026-01-03,Home,71.14,0,4
O008958,2026-01-30,Home,8,0,3
O009783,2026-02-28,Apparel,92.83,0,4
O009917,2026-02-21,Electronics,235.42,0,4
O004081,2025-10-18,Home,41.6,0,3
O002783,2025-10-26,Apparel,62.01,1,3
O015392,2026-06-13,Apparel,82.25,1,4
O013891,2026-05-17,Apparel,47.64,0,2
O015489,2026-06-04,Apparel,36.87,0,2
O003646,2025-10-29,Electronics,201.92,0,4
O007646,2025-12-11,Home,128.84,0,2
O002124,2025-09-07,Electronics,207.01,0,2
O001784,2025-09-08,Apparel,108.38,0,4
O000236,2025-08-10,Apparel,97.64,0,3
O014006,2026-05-04,Apparel,90.45,0,4
O002705,2025-09-14,Home,84.05,1,2
O015439,2026-06-01,Apparel,46.02,0,3
O005390,2025-11-27,Home,148.48,0,1
O014216,2026-05-30,Apparel,94.54,0,2
O011808,2026-03-25,Home,68.27,0,1
O014032,2026-05-25,Apparel,53.6,0,4
O017485,2026-07-12,Apparel,56.23,0,3
O011429,2026-03-10,Electronics,113.78,0,4
O010623,2026-02-10,Home,59.52,0,4
O000342,2025-08-11,Apparel,41.68,0,2
O008320,2026-01-07,Apparel,53.66,0,4
O012544,2026-04-16,Apparel,64.67,0,1
O010101,2026-02-28,Electronics,149.56,0,4
O003018,2025-10-08,Apparel,56.02,0,4
O009690,2026-02-13,Apparel,70.37,0,4
O010735,2026-03-06,Apparel,29.36,0,2
O006362,2025-12-17,Apparel,80.99,0,3
O001440,2025-09-18,Apparel,47.47,1,4
O003676,2025-10-21,Electronics,135.05,0,3
O003624,2025-10-14,Electronics,11.41,0,2
O005522,2025-11-07,Home,75.36,0,5
O012916,2026-04-28,Electronics,128.07,1,3
O015513,2026-06-27,Apparel,80.28,0,2
O011116,2026-03-01,Apparel,85.05,1,4
O016231,2026-06-27,Electronics,31.94,0,5
O007695,2025-12-10,Home,55.11,0,4
O006610,2025-12-04,Electronics,209.63,0,4
O012703,2026-04-19,Apparel,27.37,0,3
O013143,2026-04-13,Electronics,179.27,0,4
O004374,2025-11-30,Apparel,22.38,0,3
O005026,2025-11-28,Electronics,177.12,0,3
O001566,2025-09-07,Apparel,166.62,1,5
O000195,2025-08-12,Apparel,62.28,0,4
O001678,2025-09-26,Apparel,21.32,0,3
O002357,2025-09-19,Home,122.7,0,2
O003565,2025-10-25,Electronics,153.08,0,4
O013771,2026-05-18,Apparel,94.6,1,2
O007573,2025-12-19,Home,60.44,0,5
O004631,2025-11-07,Apparel,70.86,0,2
O001473,2025-09-24,Apparel,59.74,0,3
O007360,2025-12-11,Home,105.64,0,2
O003378,2025-10-16,Electronics,53.6,0,4
O013683,2026-05-06,Apparel,69.81,0,6
O009777,2026-02-07,Apparel,39.23,0,3
O013340,2026-04-10,Home,112.78,0,3
O006696,2025-12-02,Electronics,266.67,0,2
O008337,2026-01-19,Electronics,163.2,0,3
O001907,2025-09-26,Electronics,196.72,1,3
O009766,2026-02-11,Apparel,72.69,1,3
O004649,2025-11-22,Apparel,67.72,0,4
O000595,2025-08-22,Electronics,43.7,0,3
O015129,2026-05-12,Home,110.22,0,3
O007725,2025-12-15,Home,106.92,0,3
O014334,2026-05-24,Electronics,52.3,0,4
O002635,2025-09-02,Home,152.02,0,3
O008834,2026-01-27,Home,38.42,0,6
O000976,2025-08-29,Home,110.94,0,3
O000410,2025-08-20,Apparel,20.05,1,3
O017290,2026-07-08,Apparel,45.85,0,1
O008094,2026-01-05,Apparel,86.28,0,3
O005598,2025-11-24,Home,83.6,0,7
O006757,2025-12-30,Electronics,132.76,0,5
O008157,2026-01-31,Apparel,105.52,0,2
O000282,2025-08-26,Apparel,64.38,1,6
O015404,2026-06-26,Apparel,42.24,0,3
O012091,2026-03-22,Home,38.52,0,3
O000795,2025-08-24,Electronics,229.06,1,3
O004145,2025-11-01,Apparel,49.77,0,5
O013392,2026-04-23,Home,81.43,0,2
O015305,2026-06-08,Apparel,108.5,0,3
O007798,2026-01-23,Apparel,105.34,0,2
O012774,2026-04-22,Apparel,56.19,0,4
O008626,2026-01-28,Electronics,75.37,0,3
O010393,2026-02-01,Home,98.91,0,3
O010377,2026-02-25,Home,86.25,0,3
O013063,2026-04-11,Electronics,155.65,0,3
O009665,2026-02-23,Apparel,31.01,0,4
O011697,2026-03-26,Electronics,84.12,0,4
O010214,2026-02-08,Electronics,204.63,0,5
O014109,2026-05-22,Apparel,42.37,0,3
O002690,2025-09-05,Home,115.79,0,3
O002747,2025-10-31,Apparel,77.13,0,3
O002961,2025-10-28,Apparel,49.14,0,2
O003244,2025-10-07,Apparel,88.52,0,2
O014729,2026-05-25,Electronics,170.69,0,1
O007571,2025-12-11,Home,117.75,0,3
O013836,2026-05-19,Apparel,129.19,0,3
O002081,2025-09-10,Electronics,199.69,0,3
O015063,2026-05-17,Home,81.54,0,3
O018063,2026-07-05,Home,35.67,1,1
O002924,2025-10-28,Apparel,147.48,0,4
O001768,2025-09-06,Apparel,92.67,1,5
O008192,2026-01-14,Apparel,106.74,1,2
O000314,2025-08-10,Apparel,56.71,0,5
O003509,2025-10-25,Electronics,154.47,0,3
O009541,2026-02-27,Apparel,78.3,0,2
O017425,2026-07-18,Apparel,16.45,1,3
O008957,2026-01-20,Home,134.32,0,5
O005731,2025-11-14,Home,79.32,0,4
O005793,2025-12-07,Apparel,77.36,0,3
O011125,2026-03-04,Apparel,70.04,0,3
O004111,2025-10-06,Home,73.67,0,2
O017717,2026-07-26,Electronics,205.6,0,1
O004697,2025-11-29,Apparel,59.42,0,2
O015955,2026-06-14,Electronics,49.08,0,4
O017449,2026-07-30,Apparel,65.17,0,3
O016935,2026-07-22,Apparel,109.65,1,3
O001764,2025-09-21,Apparel,49.24,0,3
O015654,2026-06-26,Apparel,58.89,1,3
O018346,2026-07-14,Home,69.44,0,3
O005145,2025-11-24,Electronics,176.55,0,4
O016956,2026-07-06,Apparel,77.04,0,5
O000511,2025-08-16,Apparel,77.31,0,4
O001288,2025-08-24,Home,133.2,0,5
O010680,2026-02-23,Home,110.73,0,2
O009488,2026-02-27,Apparel,40.27,0,3
O014113,2026-05-28,Apparel,51.26,0,4
O007804,2026-01-18,Apparel,55.38,0,4
O003601,2025-10-04,Electronics,124.93,0,4
O011732,2026-03-05,Electronics,184.44,0,3
O005942,2025-12-05,Apparel,58.58,1,3
O017384,2026-07-13,Apparel,18.8,0,4
O018296,2026-07-14,Home,107.19,0,3
O000113,2025-08-18,Apparel,27.05,0,2
O007348,2025-12-22,Home,34.39,0,2
O000760,2025-08-20,Electronics,195.2,0,3
O007111,2025-12-07,Electronics,20.08,0,5
O016536,2026-06-11,Home,108.83,0,3
O001674,2025-09-04,Apparel,90.01,0,2
O010244,2026-02-17,Electronics,213.49,0,2
O006520,2025-12-07,Electronics,102.65,0,2
O004392,2025-11-03,Apparel,87.43,1,6
O013314,2026-04-18,Home,8,0,3
O011489,2026-03-19,Electronics,235.71,0,4
O005197,2025-11-17,Electronics,23.36,0,4
O008582,2026-01-29,Electronics,94.98,0,2
O012678,2026-04-01,Apparel,50.98,1,3
O016153,2026-06-28,Electronics,176.01,0,4
O002758,2025-10-03,Apparel,42.45,0,3
O005363,2025-11-17,Home,98.73,0,4
O000379,2025-08-14,Apparel,65.81,1,5
O013244,2026-04-01,Electronics,158.38,0,4
O013952,2026-05-01,Apparel,103.97,1,4
O005706,2025-11-26,Home,134.59,0,5
O011323,2026-03-04,Electronics,216.18,0,1
O009531,2026-02-03,Apparel,15.56,0,4
O012687,2026-04-25,Apparel,66.18,0,3
O004887,2025-11-26,Electronics,87.0,0,4
O007148,2025-12-04,Electronics,109.82,0,3
O012928,2026-04-28,Electronics,84.4,0,4
O005782,2025-12-08,Apparel,93.69,0,3
O003195,2025-10-13,Apparel,96.51,1,5
O008305,2026-01-16,Apparel,57.26,0,3
O005284,2025-11-19,Electronics,127.07,0,4
O002864,2025-10-18,Apparel,56.82,0,3
O016506,2026-06-15,Home,117.83,1,3
O012518,2026-04-18,Apparel,80.05,0,2
O003190,2025-10-18,Apparel,54.71,0,4
O006804,2025-12-03,Electronics,72.19,1,4
O010042,2026-02-14,Electronics,59.38,1,3
O011996,2026-03-13,Home,87.37,0,4
O008883,2026-01-30,Home,169.32,0,2
O012207,2026-04-16,Apparel,87.48,0,3
O017101,2026-07-13,Apparel,59.1,0,2
O018269,2026-07-09,Home,88.01,0,3
O013704,2026-05-09,Apparel,71.13,0,2
O001734,2025-09-15,Apparel,103.91,0,2
O004629,2025-11-03,Apparel,100.28,1,5
O014319,2026-05-15,Apparel,77.6,0,5
O008023,2026-01-15,Apparel,33.46,0,3
O008197,2026-01-26,Apparel,27.96,1,4
O000907,2025-08-01,Electronics,100.15,0,4
O017255,2026-07-01,Apparel,88.98,0,3
O003231,2025-10-11,Apparel,25.01,0,4
O011034,2026-03-30,Apparel,91.21,0,3
O012617,2026-04-11,Apparel,58.86,0,1
O015761,2026-06-29,Apparel,25.66,0,4
O015949,2026-06-24,Electronics,99.09,1,1
O013407,2026-04-20,Home,85.29,0,5
O003576,2025-10-19,Electronics,275.85,0,4
O000570,2025-08-04,Electronics,123.54,0,2
O000340,2025-08-17,Apparel,65.14,0,2
O016515,2026-06-14,Home,77.16,0,3
O014677,2026-05-01,Electronics,184.77,0,2
O010259,2026-02-25,Electronics,190.79,0,2
O005426,2025-11-05,Home,23.33,0,2
O013246,2026-04-02,Electronics,78.65,0,3
O004961,2025-11-21,Electronics,173.05,0,2
O004882,2025-11-25,Electronics,224.21,1,4
O011468,2026-03-02,Electronics,81.75,0,2
O004230,2025-11-15,Apparel,63.15,0,4
O010069,2026-02-22,Electronics,208.92,0,3
O016000,2026-06-28,Electronics,144.0,0,2
O006096,2025-12-20,Apparel,65.6,0,1
O017919,2026-07-22,Electronics,118.4,0,1
O000507,2025-08-07,Apparel,94.37,0,4
O014600,2026-05-12,Electronics,156.23,0,3
O014426,2026-05-12,Electronics,137.0,1,1
O010521,2026-02-05,Home,83.06,0,3
O004908,2025-11-18,Electronics,186.33,1,4
O000332,2025-08-07,Apparel,84.81,0,2
O012336,2026-04-02,Apparel,85.7,0,2
O010255,2026-02-08,Electronics,212.47,1,3
O009909,2026-02-14,Electronics,141.93,0,2
O001785,2025-09-24,Apparel,28.38,0,3
O009048,2026-01-15,Home,77.96,0,4
O014079,2026-05-08,Apparel,8,0,3
O017421,2026-07-05,Apparel,21.3,0,1
O003285,2025-10-31,Electronics,95.51,0,4
O016460,2026-06-30,Home,143.99,0,2
O008900,2026-01-20,Home,64.01,0,2
O008091,2026-01-04,Apparel,29.31,0,5
O015590,2026-06-01,Apparel,40.86,0,3
O011455,2026-03-14,Electronics,115.0,0,2
O007875,2026-01-06,Apparel,53.02,0,3
O013604,2026-04-24,Home,172.62,0,3
O010368,2026-02-10,Home,87.57,0,2
O007363,2025-12-13,Home,154.9,0,4
O012894,2026-04-29,Electronics,61.33,0,3
O014593,2026-05-27,Electronics,206.21,0,3
O006375,2025-12-08,Apparel,32.92,0,3
O016052,2026-06-02,Electronics,121.54,0,3
O014168,2026-05-04,Apparel,69.23,0,4
O016422,2026-06-15,Home,44.41,0,4
O008252,2026-01-12,Apparel,120.66,0,2
O013267,2026-04-17,Home,87.07,1,3
O004609,2025-11-05,Apparel,25.79,1,1
O003690,2025-10-22,Electronics,151.77,0,3
O012332,2026-04-12,Apparel,81.78,1,3
O011992,2026-03-03,Home,87.2,0,3
O000790,2025-08-15,Electronics,179.7,0,2
O005085,2025-11-04,Electronics,65.34,0,7
O009431,2026-02-21,Apparel,77.47,0,2
O001291,2025-08-31,Home,40.66,0,2
O017075,2026-07-27,Apparel,17.79,0,3
O017120,2026-07-09,Apparel,87.49,0,1
O009989,2026-02-24,Electronics,168.97,1,3
O001088,2025-08-05,Home,95.93,0,2
O004614,2025-11-03,Apparel,17.01,0,3
O008792,2026-01-16,Electronics,96.36,0,5
O011655,2026-03-29,Electronics,139.86,0,1
O011840,2026-03-13,Home,112.52,0,5
O012441,2026-04-24,Apparel,16.61,1,3
O004154,2025-11-25,Apparel,65.11,0,4
O011546,2026-03-05,Electronics,175.06,0,2
O012736,2026-04-02,Apparel,68.35,0,3
O004344,2025-11-14,Apparel,66.85,0,3
O003340,2025-10-03,Electronics,50.86,0,5
O006075,2025-12-08,Apparel,82.2,0,5
O002684,2025-09-18,Home,105.56,0,3
O007187,2025-12-25,Electronics,200.37,0,3
O014793,2026-05-04,Electronics,41.5,0,3
O017522,2026-07-11,Electronics,130.06,0,3
O003429,2025-10-23,Electronics,32.59,0,2
O013971,2026-05-07,Apparel,16.73,0,3
O002299,2025-09-23,Electronics,96.01,0,4
O001570,2025-09-28,Apparel,53.47,0,4
O013587,2026-04-03,Home,57.43,0,4
O011685,2026-03-02,Electronics,293.26,0,2
O014356,2026-05-06,Electronics,174.2,0,3
O007567,2025-12-19,Home,176.86,0,1
O001174,2025-08-31,Home,121.77,0,3
O006785,2025-12-21,Electronics,102.99,0,3
O016317,2026-06-01,Electronics,208.65,0,3
O004142,2025-11-14,Apparel,42.91,0,2
O008578,2026-01-14,Electronics,76.11,0,4
O009882,2026-02-28,Electronics,124.74,0,2
O005336,2025-11-03,Home,78.25,0,4
O010158,2026-02-11,Electronics,172.61,0,3
O000699,2025-08-02,Electronics,175.5,0,4
O010433,2026-02-25,Home,123.64,0,4
O005567,2025-11-16,Home,72.85,0,3
O006043,2025-12-17,Apparel,73.62,0,3
O018213,2026-07-12,Home,170.01,0,3
O007004,2025-12-23,Electronics,134.7,0,3
O006582,2025-12-25,Electronics,16.94,0,4
O003506,2025-10-06,Electronics,163.91,0,5
O011297,2026-03-24,Electronics,186.13,0,3
O010542,2026-02-07,Home,139.11,0,1
O009955,2026-02-04,Electronics,192.62,0,2
O004220,2025-11-28,Apparel,56.48,1,4
O010196,2026-02-02,Electronics,141.61,0,2
O011002,2026-03-09,Apparel,94.55,0,2
O001122,2025-08-07,Home,72.07,0,5
O016900,2026-07-06,Apparel,77.68,0,3
O015944,2026-06-15,Electronics,44.13,0,2
O007120,2025-12-30,Electronics,81.6,0,3
O002177,2025-09-21,Electronics,91.1,0,3
O006676,2025-12-20,Electronics,172.64,0,3
O007186,2025-12-08,Electronics,201.6,0,4
O003275,2025-10-26,Apparel,59.27,1,3
O002216,2025-09-12,Electronics,43.15,0,3
O008112,2026-01-30,Apparel,90.62,0,3
O005856,2025-12-27,Apparel,23.63,0,5
O010029,2026-02-03,Electronics,147.25,0,3
O008671,2026-01-19,Electronics,175.02,0,4
O005177,2025-11-25,Electronics,171.77,0,3
O003615,2025-10-01,Electronics,160.54,0,3
O003089,2025-10-27,Apparel,67.29,0,4
O004920,2025-11-01,Electronics,86.42,0,4
O001486,2025-09-28,Apparel,74.14,0,2
O007472,2025-12-02,Home,144.06,0,4
O000695,2025-08-11,Electronics,135.89,0,5
O004970,2025-11-01,Electronics,153.91,0,3
O016634,2026-06-14,Home,19.69,0,3
O014834,2026-05-01,Home,58.08,0,2
O004790,2025-11-28,Electronics,63.36,0,4
O006589,2025-12-26,Electronics,211.89,0,2
O003189,2025-10-26,Apparel,61.86,0,3
O016920,2026-07-09,Apparel,30.64,0,5
O011376,2026-03-08,Electronics,138.59,0,3
O010314,2026-02-28,Home,136.81,0,2
O003539,2025-10-03,Electronics,131.59,0,3
O011076,2026-03-08,Apparel,99.42,1,5
O005090,2025-11-07,Electronics,108.28,0,2
O015337,2026-06-24,Apparel,75.87,0,4
O006913,2025-12-26,Electronics,148.33,0,4
O005777,2025-12-09,Apparel,77.23,0,3
O002018,2025-09-04,Electronics,49.79,1,3
O013432,2026-04-18,Home,77.53,0,3
O013552,2026-04-19,Home,91.38,0,4
O004704,2025-11-20,Apparel,74.91,1,2
O009905,2026-02-16,Electronics,32.99,0,3
O004569,2025-11-21,Apparel,27.67,0,1
O006346,2025-12-26,Apparel,92.78,0,4
O012750,2026-04-18,Apparel,105.82,1,3
O000180,2025-08-27,Apparel,96.3,0,2
O004956,2025-11-04,Electronics,359.79,0,4
O010019,2026-02-27,Electronics,22.15,0,3
O006144,2025-12-29,Apparel,50.16,0,5
O000153,2025-08-06,Apparel,76.91,0,3
O013508,2026-04-15,Home,158.42,0,2
O009367,2026-02-18,Apparel,77.34,0,2
O008880,2026-01-03,Home,23.9,0,4
O017692,2026-07-08,Electronics,191.21,0,3
O018280,2026-07-29,Home,101.73,0,2
O017176,2026-07-02,Apparel,34.12,0,2
O013258,2026-04-26,Electronics,217.0,0,2
O005159,2025-11-30,Electronics,92.44,1,3
O008257,2026-01-13,Apparel,72.38,0,4
O017436,2026-07-06,Apparel,73.31,0,3
O010492,2026-02-22,Home,80.65,0,3
O003259,2025-10-02,Apparel,58.7,0,3
O001528,2025-09-21,Apparel,97.04,0,4
O007301,2025-12-10,Home,60.58,0,2
O013946,2026-05-07,Apparel,80.5,0,1
O005319,2025-11-16,Home,35.3,0,2
O011148,2026-03-20,Apparel,42.6,0,4
O007968,2026-01-30,Apparel,47.57,0,2
O002206,2025-09-17,Electronics,85.48,0,2
O001916,2025-09-27,Electronics,167.62,0,3
O000060,2025-08-22,Apparel,66.99,0,4
O010079,2026-02-20,Electronics,146.05,0,1
O007834,2026-01-27,Apparel,63.58,0,5
O009421,2026-02-15,Apparel,8,0,3
O012083,2026-03-15,Home,21.21,0,4
O002056,2025-09-28,Electronics,103.85,0,2
O015308,2026-06-06,Apparel,89.92,0,3
O000395,2025-08-05,Apparel,16.92,1,5
O015464,2026-06-07,Apparel,68.84,0,3
O002243,2025-09-27,Electronics,59.29,0,4
O016434,2026-06-10,Home,139.25,0,3
O013241,2026-04-13,Electronics,115.47,0,3
O007993,2026-01-04,Apparel,63.45,0,4
O012339,2026-04-22,Apparel,66.31,0,4
O010408,2026-02-09,Home,8,0,2
O016964,2026-07-09,Apparel,23.9,0,2
O004098,2025-10-25,Home,113.69,0,3
O005907,2025-12-03,Apparel,49.24,0,3
O004444,2025-11-24,Apparel,54.62,1,4
O016640,2026-06-11,Home,123.31,1,4
O001042,2025-08-14,Home,117.71,0,3
O016792,2026-06-01,Home,95.1,0,4
O007541,2025-12-16,Home,64.99,0,2
O014162,2026-05-19,Apparel,87.87,1,5
O007557,2025-12-25,Home,118.76,0,4
O016320,2026-06-02,Electronics,143.18,0,3
O018336,2026-07-30,Home,89.43,0,5
O006255,2025-12-11,Apparel,28.04,1,1
O010206,2026-02-18,Electronics,139.95,0,2
O012185,2026-04-22,Apparel,8,0,2
O004580,2025-11-28,Apparel,101.27,0,4
O005721,2025-11-23,Home,65.05,0,3
O017298,2026-07-25,Apparel,53.17,0,3
O005896,2025-12-11,Apparel,68.83,0,3
O017595,2026-07-05,Electronics,229.84,0,3
O006059,2025-12-31,Apparel,16.32,0,4
O011665,2026-03-24,Electronics,45.93,0,2
O018195,2026-07-17,Home,78.76,0,1
O009691,2026-02-26,Apparel,94.24,0,3
O014612,2026-05-29,Electronics,90.38,1,4
O015028,2026-05-19,Home,99.7,0,2
O012387,2026-04-27,Apparel,49.21,0,3
O017360,2026-07-28,Apparel,69.78,0,3
O006586,2025-12-04,Electronics,180.31,0,1
O015846,2026-06-04,Apparel,23.63,0,2
O010917,2026-03-31,Apparel,91.27,0,4
O014772,2026-05-30,Electronics,227.62,0,3
O013522,2026-04-04,Home,81.46,0,2
O002902,2025-10-15,Apparel,69.82,0,4
O001557,2025-09-15,Apparel,37.74,0,3
O011111,2026-03-09,Apparel,53.39,1,3
O007913,2026-01-11,Apparel,50.07,0,2
O002498,2025-09-07,Home,74.72,0,3
O012136,2026-03-10,Home,16.9,0,3
O011586,2026-03-30,Electronics,126.24,0,4
O004123,2025-10-28,Home,94.39,0,4
O012184,2026-04-14,Apparel,24.89,1,2
O003848,2025-10-30,Home,117.4,1,4
O004046,2025-10-16,Home,58.09,0,5
O016209,2026-06-12,Electronics,134.55,1,1
O009291,2026-02-07,Apparel,76.26,0,3
O008402,2026-01-11,Electronics,171.79,0,4
O011043,2026-03-06,Apparel,27.12,0,3
O003172,2025-10-24,Apparel,94.21,0,1
O000599,2025-08-19,Electronics,127.22,0,1
O018107,2026-07-06,Home,84.47,0,3
O016689,2026-06-25,Home,63.51,0,3
O003216,2025-10-24,Apparel,47.69,0,3
O010566,2026-02-17,Home,78.89,0,6
O008800,2026-01-27,Electronics,94.07,0,1
O012912,2026-04-26,Electronics,137.44,0,2
O000950,2025-08-10,Electronics,300.27,1,3
O004617,2025-11-23,Apparel,30.86,0,3
O002032,2025-09-22,Electronics,89.04,0,2
O015769,2026-06-14,Apparel,45.56,1,1
O005375,2025-11-28,Home,109.95,0,5
O010829,2026-03-08,Apparel,19.27,1,5
O014412,2026-05-17,Electronics,183.44,0,2
O016472,2026-06-22,Home,102.49,0,4
O014090,2026-05-04,Apparel,38.58,0,3
O011770,2026-03-30,Home,60.25,0,4
O000499,2025-08-03,Apparel,102.83,0,5
O007373,2025-12-01,Home,146.3,0,2
O010156,2026-02-11,Electronics,74.68,0,3
O004074,2025-10-26,Home,48.95,0,5
O012003,2026-03-26,Home,80.33,0,4
O001020,2025-08-14,Home,68.61,0,4
O004449,2025-11-25,Apparel,89.7,1,4
O010482,2026-02-13,Home,23.52,0,4
O017344,2026-07-16,Apparel,101.73,0,3
O012758,2026-04-23,Apparel,93.4,0,2
O003448,2025-10-07,Electronics,168.54,0,3
O001912,2025-09-01,Electronics,81.55,0,2
O011603,2026-03-16,Electronics,133.23,1,3
O007122,2025-12-22,Electronics,111.61,0,3
O002738,2025-10-26,Apparel,121.56,0,5
O007594,2025-12-16,Home,24.18,0,3
O002522,2025-09-16,Home,37.63,0,4
O010660,2026-02-06,Home,40.29,0,4
O013529,2026-04-28,Home,66.67,0,4
O013245,2026-04-10,Electronics,164.83,0,1
O017130,2026-07-14,Apparel,67.75,0,2
O001354,2025-09-18,Apparel,94.71,0,3
O004652,2025-11-11,Apparel,99.74,1,4
O000867,2025-08-20,Electronics,124.87,0,3
O013452,2026-04-16,Home,69.46,0,4
O001113,2025-08-27,Home,94.77,0,3
O011516,2026-03-15,Electronics,62.79,0,2
O012193,2026-04-07,Apparel,95.13,0,4
O004509,2025-11-22,Apparel,87.12,0,4
O013557,2026-04-01,Home,30.02,0,2
O002618,2025-09-16,Home,56.13,0,4
O013012,2026-04-02,Electronics,170.04,0,3
O007272,2025-12-08,Home,139.23,0,2
O008480,2026-01-15,Electronics,206.69,0,3
O017106,2026-07-03,Apparel,69.27,0,3
O018201,2026-07-10,Home,46.21,0,6
O003098,2025-10-18,Apparel,89.44,0,4
O010317,2026-02-27,Home,35.39,0,3
O009196,2026-01-13,Home,142.01,0,3
O016402,2026-06-08,Home,104.74,0,4
O010679,2026-02-23,Home,97.55,0,2
O018203,2026-07-21,Home,107.8,0,1
O012871,2026-04-13,Electronics,160.83,0,1
O016425,2026-06-21,Home,66.51,0,4
O001798,2025-09-18,Apparel,83.33,0,1
O005741,2025-12-28,Apparel,70.1,0,3
O000125,2025-08-25,Apparel,72.43,1,2
O007755,2026-01-12,Apparel,44.24,1,3
O005830,2025-12-01,Apparel,47.37,0,4
O003581,2025-10-04,Electronics,196.34,0,4
O004338,2025-11-03,Apparel,15.48,1,4
O008896,2026-01-21,Home,94.37,0,4
O009301,2026-02-22,Apparel,80.29,0,3
O003519,2025-10-11,Electronics,238.88,0,6
O012949,2026-04-23,Electronics,188.79,0,3
O008250,2026-01-01,Apparel,59.52,0,4
O018124,2026-07-26,Home,39.83,0,2
O014524,2026-05-30,Electronics,285.23,0,2
O006248,2025-12-22,Apparel,52.07,0,2
O005401,2025-11-16,Home,101.77,0,4
O018061,2026-07-19,Home,69.65,0,3
O005081,2025-11-27,Electronics,168.93,1,4
O011073,2026-03-16,Apparel,19.25,0,4
O016357,2026-06-15,Electronics,222.69,0,2
O017170,2026-07-09,Apparel,76.01,0,4
O001897,2025-09-05,Electronics,196.92,0,4
O000978,2025-08-30,Home,68.51,0,2
O011844,2026-03-23,Home,122.77,0,4
O008741,2026-01-15,Electronics,157.22,1,3
O009492,2026-02-14,Apparel,93.94,0,4
O008913,2026-01-31,Home,96.78,0,5
O002331,2025-09-10,Home,116.01,0,3
O010783,2026-03-27,Apparel,8,1,5
O008852,2026-01-18,Home,80.39,0,4
O002638,2025-09-25,Home,86.29,0,4
O016395,2026-06-29,Home,85.26,0,3
O004591,2025-11-25,Apparel,31.28,0,2
O003015,2025-10-22,Apparel,75.25,0,4
O012993,2026-04-20,Electronics,81.01,0,1
O006839,2025-12-08,Electronics,175.17,0,4
O000769,2025-08-04,Electronics,40.76,1,2
O005871,2025-12-09,Apparel,66.93,1,4
O004711,2025-11-24,Apparel,42.16,0,5
O008436,2026-01-07,Electronics,112.34,0,4
O009393,2026-02-17,Apparel,88.83,0,1
O018176,2026-07-25,Home,130.38,0,4
O003585,2025-10-03,Electronics,172.97,0,2
O005537,2025-11-24,Home,132.03,0,2
O009950,2026-02-28,Electronics,198.15,0,3
O009228,2026-02-10,Apparel,91.25,1,4
O006178,2025-12-22,Apparel,100.62,0,3
O004997,2025-11-09,Electronics,125.92,0,4
O007222,2025-12-23,Home,117.31,0,3
O010247,2026-02-04,Electronics,33.37,0,1
O014429,2026-05-04,Electronics,85.88,0,4
O004422,2025-11-06,Apparel,79.34,0,4
O008518,2026-01-08,Electronics,173.4,0,3
O012187,2026-04-05,Apparel,102.09,0,1
O017433,2026-07-27,Apparel,70.35,0,2
O010734,2026-03-07,Apparel,78.67,0,4
O001565,2025-09-18,Apparel,75.49,0,5
O006352,2025-12-15,Apparel,77.22,0,3
O000979,2025-08-08,Home,79.38,0,3
O012751,2026-04-12,Apparel,80.36,0,3
O003800,2025-10-18,Home,114.66,0,3
O015389,2026-06-24,Apparel,60.45,0,3
O004052,2025-10-21,Home,74.47,0,5
O008018,2026-01-31,Apparel,89.24,0,3
O010004,2026-02-06,Electronics,66.85,0,4
O004635,2025-11-21,Apparel,69.39,0,2
O008141,2026-01-21,Apparel,51.12,0,4
O017689,2026-07-28,Electronics,232.05,0,4
O016234,2026-06-28,Electronics,92.1,1,1
O000020,2025-08-22,Apparel,93.13,0,3
O007413,2025-12-06,Home,43.02,0,4
O004460,2025-11-03,Apparel,57.98,0,4
O014040,2026-05-23,Apparel,45.4,0,2
O000535,2025-08-18,Electronics,104.76,0,4
O006044,2025-12-16,Apparel,90.12,0,4
O011058,2026-03-02,Apparel,85.92,1,1
O001323,2025-08-03,Home,55.47,0,3
O011472,2026-03-12,Electronics,89.79,0,3
O005464,2025-11-15,Home,120.63,0,2
O015804,2026-06-29,Apparel,65.9,1,2
O010494,2026-02-27,Home,15.55,0,4
O011592,2026-03-22,Electronics,100.3,0,6
O006936,2025-12-29,Electronics,161.55,0,4
O007180,2025-12-05,Electronics,258.47,0,4
O006050,2025-12-13,Apparel,53.16,0,5
O007215,2025-12-24,Electronics,197.62,0,3
O002536,2025-09-11,Home,153.05,0,3
O014807,2026-05-10,Electronics,119.79,0,2
O000436,2025-08-12,Apparel,90.55,1,3
O001560,2025-09-07,Apparel,81.43,0,5
O011717,2026-03-07,Electronics,92.62,0,1
O010938,2026-03-27,Apparel,97.55,0,2
O010708,2026-03-11,Apparel,86.0,0,4
O002892,2025-10-02,Apparel,8,0,4
O003711,2025-10-29,Electronics,112.87,0,2
O004219,2025-11-19,Apparel,45.55,1,3
O000477,2025-08-12,Apparel,86.81,0,4
O018180,2026-07-29,Home,44.1,0,2
O007431,2025-12-31,Home,87.48,0,3
O010056,2026-02-21,Electronics,123.84,0,3
O003370,2025-10-27,Electronics,80.19,1,4
O008128,2026-01-14,Apparel,33.61,1,3
O007250,2025-12-04,Home,84.16,0,4
O018004,2026-07-22,Electronics,105.17,0,4
O017444,2026-07-23,Apparel,94.53,0,3
O001826,2025-09-02,Apparel,8,0,3
O000140,2025-08-06,Apparel,45.94,0,4
O015556,2026-06-11,Apparel,88.92,0,3
O003221,2025-10-25,Apparel,47.9,0,2
O009098,2026-01-23,Home,40.07,1,2
O017693,2026-07-09,Electronics,266.69,0,2
O003592,2025-10-21,Electronics,181.74,0,2
O014414,2026-05-14,Electronics,25.66,1,1
O010563,2026-02-08,Home,94.31,0,4
O007654,2025-12-24,Home,54.88,0,2
O009469,2026-02-16,Apparel,51.98,1,3
O012626,2026-04-16,Apparel,48.93,0,4
O012314,2026-04-16,Apparel,90.04,0,3
O002673,2025-09-17,Home,49.47,0,4
O006710,2025-12-06,Electronics,118.77,0,3
O010915,2026-03-20,Apparel,39.52,0,3
O007479,2025-12-06,Home,138.21,0,2
O003621,2025-10-11,Electronics,221.03,0,3
O016469,2026-06-11,Home,101.61,0,1
O002718,2025-10-15,Apparel,117.66,0,3
O017119,2026-07-07,Apparel,41.68,0,1
O000916,2025-08-10,Electronics,130.31,0,4
O014650,2026-05-20,Electronics,127.56,0,3
O014882,2026-05-31,Home,81.5,0,3
O004894,2025-11-30,Electronics,175.2,0,3
O003007,2025-10-09,Apparel,86.76,0,5
O016455,2026-06-02,Home,145.61,0,4
O002610,2025-09-05,Home,129.39,0,4
O006198,2025-12-11,Apparel,41.69,0,3
O013756,2026-05-06,Apparel,55.4,0,1
O018250,2026-07-29,Home,91.99,1,1
O010187,2026-02-17,Electronics,220.05,0,6
O005209,2025-11-23,Electronics,119.08,0,3
O004288,2025-11-06,Apparel,67.48,0,3
O003071,2025-10-21,Apparel,89.48,0,3
O005243,2025-11-14,Electronics,189.76,0,4
O013795,2026-05-11,Apparel,74.81,0,4
O017437,2026-07-29,Apparel,85.74,0,6
O011563,2026-03-02,Electronics,25.17,0,2
O005723,2025-11-17,Home,62.21,0,2
O000609,2025-08-03,Electronics,128.71,0,2
O014598,2026-05-21,Electronics,94.47,1,2
O011916,2026-03-01,Home,42.67,0,3
O013304,2026-04-26,Home,75.0,0,4
O016440,2026-06-19,Home,124.87,1,4
O010733,2026-03-30,Apparel,33.17,1,3
O014247,2026-05-30,Apparel,31.79,0,3
O014977,2026-05-10,Home,67.7,0,4
O008805,2026-01-21,Electronics,232.22,1,2
O016142,2026-06-16,Electronics,108.18,0,4
O009768,2026-02-26,Apparel,73.54,0,5
O004811,2025-11-10,Electronics,127.32,0,2
O012878,2026-04-27,Electronics,196.01,0,3
O016250,2026-06-06,Electronics,128.89,0,2
O004670,2025-11-13,Apparel,74.83,1,2
O008398,2026-01-06,Electronics,153.73,0,5
O001926,2025-09-21,Electronics,191.55,0,2
O017791,2026-07-07,Electronics,96.83,0,2
O007354,2025-12-04,Home,51.66,0,4
O018006,2026-07-01,Home,31.76,0,4
O011213,2026-03-13,Apparel,97.92,0,2
O009294,2026-02-25,Apparel,41.65,0,3
O015785,2026-06-08,Apparel,24.71,0,2
O014275,2026-05-26,Apparel,38.37,0,4
O013478,2026-04-26,Home,92.51,0,2
O005279,2025-11-27,Electronics,210.9,0,2
O013322,2026-04-28,Home,8,0,2
O011084,2026-03-27,Apparel,75.2,1,5
O015522,2026-06-01,Apparel,54.39,0,4
O004011,2025-10-01,Home,121.48,0,2
O012208,2026-04-09,Apparel,97.11,0,4
O005824,2025-12-13,Apparel,80.14,0,4
O005953,2025-12-15,Apparel,42.87,1,2
O003689,2025-10-19,Electronics,256.6,0,5
O004533,2025-11-16,Apparel,22.74,0,2
O000908,2025-08-16,Electronics,169.8,0,5
O006768,2025-12-26,Electronics,181.65,0,3
O011219,2026-03-29,Apparel,54.99,1,4
O009664,2026-02-07,Apparel,79.05,1,2
O000110,2025-08-24,Apparel,38.15,1,5
O008919,2026-01-24,Home,149.92,0,2
O003710,2025-10-28,Electronics,192.73,0,5
O018418,2026-07-11,Home,11.89,0,2
O000398,2025-08-30,Apparel,60.99,0,4
O009450,2026-02-06,Apparel,8,0,3
O002488,2025-09-09,Home,91.37,1,4
O007728,2025-12-01,Home,26.91,0,3
O004269,2025-11-09,Apparel,9.35,1,3
O016322,2026-06-30,Electronics,221.88,0,4
O011854,2026-03-11,Home,139.52,0,4
O004596,2025-11-12,Apparel,110.66,0,4
O011884,2026-03-07,Home,89.47,0,3
O018329,2026-07-10,Home,143.34,0,3
O009667,2026-02-22,Apparel,74.23,0,1
O001182,2025-08-16,Home,48.04,0,3
O015572,2026-06-15,Apparel,44.85,0,2
O005561,2025-11-01,Home,143.41,0,4
O016206,2026-06-20,Electronics,203.62,0,3
O011423,2026-03-25,Electronics,8,0,1
O004292,2025-11-15,Apparel,41.31,0,4
O010920,2026-03-29,Apparel,11.22,0,3
O006226,2025-12-03,Apparel,73.03,1,4
O009193,2026-01-12,Home,62.02,0,4
O017389,2026-07-14,Apparel,76.77,0,2
O014355,2026-05-03,Electronics,114.54,0,2
O008650,2026-01-24,Electronics,150.76,0,2
O009251,2026-02-22,Apparel,50.2,0,4
O004822,2025-11-23,Electronics,191.05,0,2
O016758,2026-06-03,Home,107.29,0,2
O000322,2025-08-26,Apparel,81.51,1,5
O010023,2026-02-24,Electronics,145.13,0,3
O011206,2026-03-13,Apparel,89.72,0,3
O012882,2026-04-16,Electronics,86.75,0,3
O014033,2026-05-10,Apparel,77.82,0,2
O003678,2025-10-11,Electronics,204.87,1,4
O002824,2025-10-25,Apparel,30.12,0,2
O007457,2025-12-08,Home,48.17,0,4
O015170,2026-05-09,Home,54.06,0,3
O000975,2025-08-14,Home,124.75,0,4
O005820,2025-12-09,Apparel,54.15,1,1
O005376,2025-11-18,Home,93.81,0,2
O013530,2026-04-17,Home,8,0,5
O007465,2025-12-28,Home,73.1,0,5
O014899,2026-05-17,Home,56.02,0,4
O005607,2025-11-09,Home,102.04,1,3
O001393,2025-09-30,Apparel,28.71,0,4
O009904,2026-02-05,Electronics,127.55,1,3
O016730,2026-06-01,Home,93.52,1,2
O016432,2026-06-06,Home,54.63,0,4
O016448,2026-06-22,Home,98.61,0,4
O009352,2026-02-23,Apparel,63.31,0,6
O012455,2026-04-12,Apparel,83.5,0,3
O005852,2025-12-31,Apparel,69.98,1,2
O008064,2026-01-11,Apparel,96.14,0,3
O011958,2026-03-24,Home,116.39,0,4
O011004,2026-03-23,Apparel,48.96,0,4
O002394,2025-09-13,Home,144.59,0,2
O007387,2025-12-11,Home,79.14,0,3
O017321,2026-07-27,Apparel,39.81,0,3
O016235,2026-06-26,Electronics,108.6,1,2
O016734,2026-06-13,Home,134.0,0,4
O016878,2026-07-30,Apparel,78.55,0,2
O012322,2026-04-26,Apparel,78.76,0,4
O000508,2025-08-24,Apparel,84.54,0,4
O004174,2025-11-26,Apparel,25.99,0,6
O013009,2026-04-23,Electronics,8,0,3
O012457,2026-04-18,Apparel,83.12,0,3
O000863,2025-08-22,Electronics,65.06,0,3
O003692,2025-10-20,Electronics,128.18,0,4
O016546,2026-06-14,Home,80.05,0,1
O010036,2026-02-03,Electronics,142.8,0,1
O005389,2025-11-10,Home,50.11,0,2
O004776,2025-11-17,Electronics,124.3,0,3
O001520,2025-09-18,Apparel,62.0,0,3
O017935,2026-07-23,Electronics,130.32,0,3
O015117,2026-05-29,Home,46.8,0,4
O000800,2025-08-07,Electronics,264.35,0,4
O008604,2026-01-17,Electronics,122.18,0,4
O017091,2026-07-15,Apparel,65.5,0,4
O005992,2025-12-28,Apparel,105.9,0,2
O006810,2025-12-16,Electronics,67.78,0,4
O013284,2026-04-26,Home,13.48,0,4
O006570,2025-12-19,Electronics,139.73,0,2
O007453,2025-12-11,Home,49.54,0,2
O015742,2026-06-01,Apparel,8,0,3
O001860,2025-09-26,Apparel,26.25,0,4
O001184,2025-08-19,Home,71.4,0,3
O002967,2025-10-28,Apparel,45.83,0,4
O008763,2026-01-04,Electronics,161.35,0,5
O015229,2026-05-09,Home,34.97,0,3
O006931,2025-12-02,Electronics,179.46,0,4
O013195,2026-04-20,Electronics,135.22,0,3
O016544,2026-06-30,Home,84.45,0,4
O004388,2025-11-16,Apparel,80.71,0,3
O007370,2025-12-26,Home,140.76,0,1
O013937,2026-05-25,Apparel,31.93,0,3
O008004,2026-01-21,Apparel,60.04,0,4
O004752,2025-11-30,Apparel,69.91,0,2
O017516,2026-07-18,Electronics,112.2,0,3
O006127,2025-12-30,Apparel,56.88,0,6
O006542,2025-12-14,Electronics,178.79,0,4
O000355,2025-08-02,Apparel,79.76,0,3
O001207,2025-08-29,Home,91.82,1,3
O000854,2025-08-07,Electronics,34.71,0,4
O003193,2025-10-14,Apparel,70.42,0,4
O008057,2026-01-27,Apparel,44.43,0,4
O004101,2025-10-02,Home,145.37,0,5
O002193,2025-09-22,Electronics,141.84,0,2
O004577,2025-11-14,Apparel,95.72,0,1
O009097,2026-01-29,Home,55.82,0,2
O015458,2026-06-05,Apparel,21.71,0,2
O013079,2026-04-20,Electronics,115.08,0,3
O009366,2026-02-15,Apparel,38.19,0,3
O015641,2026-06-28,Apparel,40.75,0,1
O018427,2026-07-08,Home,87.09,0,4
O013078,2026-04-28,Electronics,172.22,0,3
O006421,2025-12-26,Apparel,76.18,0,3
O003640,2025-10-10,Electronics,112.1,0,5
O007970,2026-01-20,Apparel,26.44,0,4
O008710,2026-01-01,Electronics,100.83,0,5
O015417,2026-06-21,Apparel,35.74,0,3
O002583,2025-09-24,Home,101.98,1,3
O007930,2026-01-26,Apparel,141.46,0,2
O017382,2026-07-10,Apparel,55.82,0,3
O012806,2026-04-07,Electronics,165.58,0,4
O008981,2026-01-15,Home,8,0,4
O017288,2026-07-13,Apparel,57.69,0,2
O003337,2025-10-30,Electronics,152.8,0,2
O005212,2025-11-07,Electronics,96.29,0,3
O017758,2026-07-01,Electronics,91.54,0,3
O010738,2026-03-14,Apparel,35.37,1,2
O016313,2026-06-26,Electronics,213.36,0,3
O012717,2026-04-25,Apparel,65.29,0,3
O000071,2025-08-19,Apparel,56.94,0,4
O016937,2026-07-19,Apparel,8,0,4
O000452,2025-08-07,Apparel,40.61,0,2
O009761,2026-02-03,Apparel,57.32,0,6
O012413,2026-04-08,Apparel,55.31,0,2
O004424,2025-11-11,Apparel,65.8,0,2
O004856,2025-11-10,Electronics,190.74,0,5
O014194,2026-05-03,Apparel,56.67,0,3
O006301,2025-12-13,Apparel,47.06,0,4
O002029,2025-09-06,Electronics,102.52,1,4
O006540,2025-12-09,Electronics,178.55,0,1
O009806,2026-02-02,Electronics,114.04,0,1
O010382,2026-02-19,Home,61.99,0,4
O014098,2026-05-03,Apparel,85.05,0,3
O000872,2025-08-22,Electronics,212.44,1,4
O006484,2025-12-08,Apparel,66.37,0,2
O015101,2026-05-04,Home,72.2,0,4
O010538,2026-02-25,Home,23.83,0,2
O005010,2025-11-17,Electronics,150.99,0,3
O011135,2026-03-30,Apparel,46.59,0,5
O015630,2026-06-28,Apparel,75.3,1,2
O004064,2025-10-27,Home,42.41,0,2
O010496,2026-02-03,Home,103.08,0,3
O010535,2026-02-06,Home,110.81,0,4
O017881,2026-07-03,Electronics,253.96,0,3
O002952,2025-10-12,Apparel,47.29,0,4
O014096,2026-05-04,Apparel,98.89,0,5
O017085,2026-07-08,Apparel,99.1,0,2
O018265,2026-07-26,Home,78.63,0,2
O005428,2025-11-28,Home,88.33,0,4
O018044,2026-07-15,Home,79.82,0,3
O012530,2026-04-08,Apparel,8,0,3
O013673,2026-04-16,Home,62.15,0,2
O014960,2026-05-04,Home,103.01,0,2
O012355,2026-04-21,Apparel,15.86,0,1
O000270,2025-08-05,Apparel,48.03,0,4
O016654,2026-06-24,Home,73.55,0,4
O003718,2025-10-06,Electronics,210.29,0,4
O015152,2026-05-22,Home,110.52,0,3
O005733,2025-11-16,Home,50.65,0,5
O013053,2026-04-01,Electronics,80.95,0,1
O006675,2025-12-28,Electronics,194.81,0,2
O010916,2026-03-09,Apparel,49.71,0,2
O003908,2025-10-10,Home,71.57,0,2
O011039,2026-03-12,Apparel,20.31,1,3
O009293,2026-02-26,Apparel,44.47,0,2
O009972,2026-02-21,Electronics,85.29,0,3
O008941,2026-01-09,Home,84.66,0,3
O015401,2026-06-23,Apparel,93.96,0,3
O010181,2026-02-24,Electronics,179.3,0,3
O014997,2026-05-21,Home,9.06,0,2
O016133,2026-06-28,Electronics,254.8,0,2
O004700,2025-11-06,Apparel,50.27,1,5
O012757,2026-04-11,Apparel,85.05,0,3
O016719,2026-06-15,Home,131.28,1,3
O009159,2026-01-13,Home,103.77,0,4
O015485,2026-06-04,Apparel,32.65,0,4
O006284,2025-12-07,Apparel,80.0,0,2
O005331,2025-11-03,Home,98.71,0,6
O003265,2025-10-05,Apparel,113.0,0,3
O005915,2025-12-09,Apparel,99.96,0,6
O005903,2025-12-29,Apparel,59.21,1,3
O013026,2026-04-28,Electronics,92.57,0,3
O004785,2025-11-05,Electronics,202.44,1,4
O002799,2025-10-06,Apparel,70.46,1,3
O001535,2025-09-22,Apparel,70.7,0,3
O007055,2025-12-29,Electronics,77.93,0,3
O008343,2026-01-15,Electronics,173.32,0,3
O018108,2026-07-21,Home,66.71,0,1
O009669,2026-02-03,Apparel,52.88,1,3
O009337,2026-02-21,Apparel,33.56,0,3
O012014,2026-03-26,Home,62.22,0,2
O001143,2025-08-16,Home,91.84,0,3
O017136,2026-07-19,Apparel,56.83,1,2
O011382,2026-03-20,Electronics,117.36,0,3
O005203,2025-11-29,Electronics,224.07,0,1
O005875,2025-12-09,Apparel,82.03,0,5
O011520,2026-03-20,Electronics,73.53,0,4
O014348,2026-05-01,Electronics,130.5,0,4
O002858,2025-10-22,Apparel,57.07,1,4
O013309,2026-04-13,Home,76.28,0,2
O011730,2026-03-28,Electronics,186.12,0,4
O009687,2026-02-10,Apparel,66.08,0,4
O004404,2025-11-02,Apparel,71.0,0,3
O005155,2025-11-07,Electronics,215.9,0,2
O008942,2026-01-10,Home,65.51,0,4
O005756,2025-12-22,Apparel,39.87,0,4
O008840,2026-01-19,Home,30.84,0,3
O017148,2026-07-07,Apparel,129.57,0,4
O008298,2026-01-01,Apparel,52.94,1,2
O011829,2026-03-03,Home,112.88,0,1
O005286,2025-11-28,Electronics,143.61,0,4
O016044,2026-06-02,Electronics,125.55,0,4
O007423,2025-12-01,Home,71.4,0,4
O007427,2025-12-10,Home,85.99,0,3
O012773,2026-04-24,Apparel,86.0,0,4
O006685,2025-12-28,Electronics,279.07,0,3
O003536,2025-10-01,Electronics,232.62,0,5
O014692,2026-05-22,Electronics,101.75,0,3
O006921,2025-12-04,Electronics,190.96,0,4
O011825,2026-03-07,Home,12.48,0,1
O009750,2026-02-06,Apparel,16.52,0,5
O013645,2026-04-24,Home,93.64,0,1
O011042,2026-03-24,Apparel,71.11,1,5
O018326,2026-07-28,Home,119.9,0,2
O002196,2025-09-14,Electronics,168.07,0,3
O009612,2026-02-22,Apparel,58.78,1,3
O010567,2026-02-16,Home,195.18,0,3
O007396,2025-12-31,Home,141.18,0,3
O003781,2025-10-21,Home,126.79,0,4
O013118,2026-04-23,Electronics,264.52,0,3
O009397,2026-02-24,Apparel,93.5,1,2
O013678,2026-04-10,Home,29.27,0,6
O000209,2025-08-28,Apparel,17.82,0,4
O016980,2026-07-14,Apparel,97.84,0,3
O000899,2025-08-26,Electronics,110.75,0,4
O010941,2026-03-27,Apparel,93.0,1,2
O008584,2026-01-30,Electronics,83.48,0,4
O013832,2026-05-05,Apparel,67.3,0,3
O010415,2026-02-05,Home,75.13,1,3
O011947,2026-03-14,Home,133.08,0,1
O007256,2025-12-04,Home,58.08,0,5
O011333,2026-03-14,Electronics,90.81,0,6
O017174,2026-07-06,Apparel,42.85,0,2
O010779,2026-03-18,Apparel,8.5,0,2
O005525,2025-11-02,Home,42.3,0,6
O010621,2026-02-28,Home,146.81,0,2
O017647,2026-07-27,Electronics,242.57,0,3
O014290,2026-05-16,Apparel,102.03,1,4
O013939,2026-05-19,Apparel,9.4,0,4
O000638,2025-08-07,Electronics,283.53,0,4
O001234,2025-08-22,Home,113.2,0,2
O004876,2025-11-30,Electronics,270.86,0,4
O013992,2026-05-05,Apparel,50.43,0,5
O007454,2025-12-14,Home,151.72,1,4
O001953,2025-09-16,Electronics,144.39,0,2
O007107,2025-12-02,Electronics,32.28,0,6
O014895,2026-05-03,Home,69.96,0,1
O016344,2026-06-10,Electronics,173.39,0,2
O001683,2025-09-25,Apparel,8,0,3
O012197,2026-04-28,Apparel,53.63,0,4
O002103,2025-09-12,Electronics,126.35,0,4
O001615,2025-09-24,Apparel,106.49,0,3
O013192,2026-04-05,Electronics,186.93,1,2
O008558,2026-01-20,Electronics,174.4,0,3
O006944,2025-12-20,Electronics,100.36,0,3
O000627,2025-08-17,Electronics,155.16,0,5
O000096,2025-08-27,Apparel,56.72,0,2
O006993,2025-12-26,Electronics,82.28,0,3
O003101,2025-10-08,Apparel,83.5,0,3
O015062,2026-05-31,Home,59.02,0,4
O001269,2025-08-02,Home,105.86,0,5
O008782,2026-01-18,Electronics,118.6,0,4
O000152,2025-08-13,Apparel,22.53,0,3
O014488,2026-05-14,Electronics,225.36,0,4
O012016,2026-03-01,Home,84.28,0,4
O000276,2025-08-26,Apparel,73.53,0,2
O007829,2026-01-24,Apparel,72.49,0,4
O003270,2025-10-04,Apparel,68.84,0,2
O002202,2025-09-16,Electronics,175.23,0,2
O015100,2026-05-16,Home,8,0,3
O016774,2026-06-08,Home,122.64,0,2
O014442,2026-05-15,Electronics,131.76,1,2
O010954,2026-03-09,Apparel,23.51,0,4
O014732,2026-05-03,Electronics,229.16,0,2
O011142,2026-03-05,Apparel,72.57,1,4
O013616,2026-04-23,Home,139.57,0,4
O015834,2026-06-30,Apparel,74.28,0,2
O015852,2026-06-14,Apparel,72.68,1,3
O009548,2026-02-09,Apparel,58.47,0,3
O011660,2026-03-05,Electronics,131.63,0,2
O005325,2025-11-13,Home,68.11,0,3
O015567,2026-06-14,Apparel,58.64,0,4
O000217,2025-08-19,Apparel,66.29,0,4
O005415,2025-11-14,Home,108.16,0,2
O018020,2026-07-02,Home,8,0,1
O016431,2026-06-29,Home,59.72,0,3
O008903,2026-01-17,Home,128.64,0,2
O013652,2026-04-12,Home,102.96,0,3
O016157,2026-06-12,Electronics,140.06,0,2
O001781,2025-09-24,Apparel,32.75,0,3
O013970,2026-05-09,Apparel,53.5,0,2
O017311,2026-07-07,Apparel,80.21,0,3
O014635,2026-05-10,Electronics,196.39,0,3
O006674,2025-12-31,Electronics,105.24,0,2
O007658,2025-12-25,Home,50.48,0,2
O007635,2025-12-03,Home,122.41,0,3
O002060,2025-09-14,Electronics,205.02,0,5
O009505,2026-02-12,Apparel,98.85,0,4
O003728,2025-10-10,Electronics,37.12,0,2
O011548,2026-03-23,Electronics,65.24,0,2
O004554,2025-11-12,Apparel,78.88,0,3
O016797,2026-06-14,Home,86.03,0,3
O007349,2025-12-03,Home,40.02,0,3
O002396,2025-09-30,Home,24.8,0,2
O010724,2026-03-20,Apparel,19.39,0,3
O009907,2026-02-03,Electronics,214.29,0,4
O015898,2026-06-08,Electronics,26.05,0,2
O017208,2026-07-09,Apparel,109.44,0,4
O011083,2026-03-29,Apparel,66.83,0,3
O017559,2026-07-26,Electronics,154.63,0,3
O002601,2025-09-03,Home,66.43,0,4
O001047,2025-08-02,Home,85.09,0,1
O006999,2025-12-23,Electronics,118.93,0,4
O003955,2025-10-03,Home,103.69,0,2
O011259,2026-03-14,Apparel,23.11,0,3
O018134,2026-07-23,Home,93.23,0,4
O003091,2025-10-17,Apparel,69.57,0,3
O017957,2026-07-13,Electronics,157.67,0,4
O016893,2026-07-07,Apparel,58.22,0,5
O010997,2026-03-14,Apparel,71.65,1,3
O001596,2025-09-06,Apparel,68.43,0,2
O002491,2025-09-09,Home,58.23,0,3
O002280,2025-09-28,Electronics,161.78,0,3
O008074,2026-01-18,Apparel,75.29,0,6
O001619,2025-09-17,Apparel,57.35,1,2
O011982,2026-03-10,Home,69.09,0,4
O015739,2026-06-08,Apparel,53.88,0,3
O003325,2025-10-03,Electronics,201.25,0,3
O000056,2025-08-20,Apparel,102.18,1,4
O003642,2025-10-23,Electronics,156.77,0,4
O008078,2026-01-15,Apparel,71.09,0,4
O001469,2025-09-27,Apparel,110.3,0,4
O017617,2026-07-20,Electronics,81.99,0,3
O007845,2026-01-08,Apparel,93.07,0,2
O004261,2025-11-25,Apparel,85.51,0,4
O003367,2025-10-25,Electronics,253.38,0,4
O010995,2026-03-30,Apparel,89.22,0,1
O010102,2026-02-13,Electronics,93.46,0,1
O011164,2026-03-31,Apparel,47.18,1,2
O010134,2026-02-12,Electronics,278.54,0,3
O000808,2025-08-10,Electronics,187.17,0,4
O011656,2026-03-17,Electronics,146.79,0,3
O015536,2026-06-06,Apparel,66.36,1,4
O015529,2026-06-14,Apparel,71.3,0,3
O015000,2026-05-06,Home,14.81,0,3
O005999,2025-12-30,Apparel,55.88,1,4
O006969,2025-12-25,Electronics,160.62,0,2
O011012,2026-03-11,Apparel,100.21,0,2
O009931,2026-02-13,Electronics,186.99,0,3
O004780,2025-11-04,Electronics,224.47,0,2
O001249,2025-08-14,Home,13.63,0,4
O001219,2025-08-02,Home,78.61,0,5
O014709,2026-05-06,Electronics,186.9,0,4
O017695,2026-07-03,Electronics,138.36,0,3
O016443,2026-06-21,Home,8,0,2
O008411,2026-01-03,Electronics,142.33,0,4
O018397,2026-07-04,Home,33.02,0,5
O003371,2025-10-07,Electronics,99.82,0,4
O018350,2026-07-07,Home,86.75,0,1
O000727,2025-08-21,Electronics,127.29,0,3
O012225,2026-04-08,Apparel,68.5,0,2
O002164,2025-09-12,Electronics,103.39,0,3
O006893,2025-12-27,Electronics,68.89,0,3
O006268,2025-12-18,Apparel,48.11,1,2
O006105,2025-12-05,Apparel,54.95,0,3
O009970,2026-02-25,Electronics,228.92,0,2
O006733,2025-12-14,Electronics,201.98,0,3
O008939,2026-01-30,Home,46.49,0,4
O004755,2025-11-11,Apparel,29.42,1,4
O013349,2026-04-30,Home,59.98,0,4
O014237,2026-05-02,Apparel,43.75,1,3
O016334,2026-06-05,Electronics,166.51,0,3
O003682,2025-10-14,Electronics,111.78,0,3
O010814,2026-03-02,Apparel,73.47,0,5
O003290,2025-10-06,Electronics,175.45,0,2
O002727,2025-10-13,Apparel,105.75,0,2
O011150,2026-03-05,Apparel,34.28,0,4
O008204,2026-01-05,Apparel,18.62,0,2
O005439,2025-11-19,Home,49.74,0,2
O011667,2026-03-19,Electronics,93.97,0,5
O015653,2026-06-28,Apparel,53.47,0,3
O007179,2025-12-14,Electronics,255.67,0,1
O014480,2026-05-22,Electronics,65.74,1,3
O008817,2026-01-10,Home,54.76,0,1
O008005,2026-01-22,Apparel,24.69,0,4
O016587,2026-06-24,Home,97.48,0,4
O001272,2025-08-16,Home,96.2,0,4
O018068,2026-07-27,Home,86.03,0,3
O014652,2026-05-05,Electronics,192.17,0,2
O002911,2025-10-16,Apparel,57.32,0,4
O014070,2026-05-23,Apparel,82.15,1,4
O005295,2025-11-15,Electronics,173.77,0,2
O000870,2025-08-30,Electronics,116.77,0,6
O003319,2025-10-17,Electronics,179.53,0,2
O016089,2026-06-15,Electronics,192.73,0,3
O006948,2025-12-25,Electronics,167.06,0,3
O016451,2026-06-09,Home,55.75,0,4
O007596,2025-12-29,Home,76.64,0,5
O015856,2026-06-26,Apparel,112.94,0,3
O009117,2026-01-30,Home,112.29,1,2
O016283,2026-06-27,Electronics,88.19,0,2
O012144,2026-03-25,Home,71.24,0,3
O007826,2026-01-25,Apparel,19.94,1,3
O014538,2026-05-29,Electronics,121.39,0,3
O015142,2026-05-27,Home,43.3,1,2
O017304,2026-07-27,Apparel,98.09,0,4
O015599,2026-06-11,Apparel,69.46,0,5
O012714,2026-04-03,Apparel,62.21,0,2
O002477,2025-09-23,Home,86.34,0,2
O012327,2026-04-05,Apparel,61.72,0,3
O016677,2026-06-27,Home,87.65,0,1
O016225,2026-06-22,Electronics,182.61,0,2
O004433,2025-11-29,Apparel,8,0,3
O001257,2025-08-14,Home,28.56,0,3
O015238,2026-06-03,Apparel,37.34,0,2
O015441,2026-06-19,Apparel,51.51,0,3
O016906,2026-07-23,Apparel,94.0,0,5
O015913,2026-06-24,Electronics,55.49,0,4
O012503,2026-04-10,Apparel,44.08,0,1
O006718,2025-12-21,Electronics,109.17,0,1
O003700,2025-10-18,Electronics,175.5,0,2
O016108,2026-06-01,Electronics,257.11,0,3
O015558,2026-06-29,Apparel,49.86,0,2
O002225,2025-09-30,Electronics,136.11,1,3
O000011,2025-08-27,Apparel,44.91,0,7
O003992,2025-10-23,Home,121.66,0,5
O017569,2026-07-07,Electronics,175.17,0,4
O009847,2026-02-01,Electronics,105.38,0,3
O017447,2026-07-25,Apparel,92.06,0,2
O003937,2025-10-14,Home,66.68,0,1
O008532,2026-01-26,Electronics,290.51,0,5
O014723,2026-05-10,Electronics,8,0,4
O016063,2026-06-28,Electronics,55.19,0,4
O005617,2025-11-18,Home,135.8,0,4
O005517,2025-11-04,Home,18.14,0,3
O001474,2025-09-30,Apparel,85.98,0,5
O015116,2026-05-18,Home,84.32,0,3
O006679,2025-12-06,Electronics,127.83,0,4
O017688,2026-07-30,Electronics,185.97,0,4
O003549,2025-10-09,Electronics,200.09,0,2
O007016,2025-12-13,Electronics,175.61,0,3
O003131,2025-10-11,Apparel,75.58,0,2
O017461,2026-07-27,Apparel,96.53,0,1
O004312,2025-11-20,Apparel,53.32,0,3
O014262,2026-05-02,Apparel,137.67,0,3
O018155,2026-07-22,Home,83.29,0,2
O015079,2026-05-12,Home,18.99,0,3
O003185,2025-10-04,Apparel,8,0,4
O001148,2025-08-14,Home,74.53,0,2
O004497,2025-11-30,Apparel,52.32,0,5
O010820,2026-03-04,Apparel,81.73,0,4
O001825,2025-09-08,Apparel,46.32,0,2
O012330,2026-04-15,Apparel,89.67,0,2
O005941,2025-12-29,Apparel,49.55,0,3
O011156,2026-03-25,Apparel,52.62,0,2
O010715,2026-03-09,Apparel,36.54,0,3
O011627,2026-03-04,Electronics,146.49,0,1
O004462,2025-11-04,Apparel,122.15,1,2
O005017,2025-11-17,Electronics,191.89,0,3
O000682,2025-08-31,Electronics,143.55,0,3
O017855,2026-07-30,Electronics,170.25,0,1
O002223,2025-09-01,Electronics,161.95,0,4
O006081,2025-12-11,Apparel,61.09,0,2
O012548,2026-04-03,Apparel,79.48,0,1
O011688,2026-03-14,Electronics,49.86,0,3
O003200,2025-10-17,Apparel,100.28,0,4
O003299,2025-10-10,Electronics,191.59,0,3
O009887,2026-02-01,Electronics,216.12,0,4
O000357,2025-08-20,Apparel,72.65,0,2
O004583,2025-11-05,Apparel,33.57,0,2
O010495,2026-02-03,Home,65.94,0,3
O010182,2026-02-15,Electronics,224.79,0,4
O004110,2025-10-21,Home,51.84,0,2
O011518,2026-03-05,Electronics,145.72,0,4
O003382,2025-10-14,Electronics,89.09,0,4
O010434,2026-02-14,Home,69.5,0,2
O015258,2026-06-19,Apparel,58.84,0,4
O004797,2025-11-03,Electronics,125.28,0,2
O011798,2026-03-27,Home,94.23,0,3
O013949,2026-05-12,Apparel,54.54,1,3
O016584,2026-06-18,Home,104.73,0,3
O001936,2025-09-17,Electronics,103.58,0,1
O008812,2026-01-20,Electronics,80.73,0,2
O017369,2026-07-30,Apparel,67.5,0,3
O001813,2025-09-03,Apparel,8,0,3
O018189,2026-07-11,Home,47.7,0,2
O000226,2025-08-25,Apparel,84.77,0,1
O014550,2026-05-31,Electronics,158.45,0,4
O004218,2025-11-23,Apparel,84.92,0,4
O010384,2026-02-18,Home,55.22,0,5
O001022,2025-08-01,Home,99.58,0,5
O015483,2026-06-27,Apparel,66.74,0,2
O000647,2025-08-09,Electronics,177.04,0,2
O000883,2025-08-10,Electronics,183.43,0,3
O005939,2025-12-20,Apparel,32.06,1,2
O005799,2025-12-13,Apparel,56.34,0,4
O015597,2026-06-25,Apparel,18.87,0,2
O010203,2026-02-26,Electronics,162.8,0,3
O004194,2025-11-15,Apparel,74.88,0,5
O008617,2026-01-14,Electronics,129.01,0,2
O011768,2026-03-19,Home,130.09,0,4
O002926,2025-10-29,Apparel,63.76,0,3
O001407,2025-09-28,Apparel,68.02,0,4
O003510,2025-10-12,Electronics,81.82,0,3
O004164,2025-11-19,Apparel,22.15,0,3
O016112,2026-06-02,Electronics,160.53,0,3
O012657,2026-04-01,Apparel,96.0,0,3
O012329,2026-04-17,Apparel,68.18,1,5
O013881,2026-05-31,Apparel,72.31,1,4
O002006,2025-09-03,Electronics,120.43,0,3
O013622,2026-04-23,Home,30.23,0,2
O014465,2026-05-30,Electronics,213.42,0,3
O000161,2025-08-14,Apparel,72.24,0,3
O004820,2025-11-12,Electronics,88.3,0,4
O013020,2026-04-08,Electronics,117.05,0,2
O007446,2025-12-08,Home,124.24,0,5
O011572,2026-03-19,Electronics,124.44,0,2
O014181,2026-05-28,Apparel,34.19,0,2
O008868,2026-01-16,Home,26.41,0,3
O015747,2026-06-18,Apparel,8,1,3
O008015,2026-01-07,Apparel,87.54,0,1
O006961,2025-12-01,Electronics,186.31,0,3
O003722,2025-10-15,Electronics,264.36,0,4
O007165,2025-12-05,Electronics,184.92,0,2
O004934,2025-11-10,Electronics,85.75,0,4
O007671,2025-12-17,Home,52.27,0,3
O018406,2026-07-24,Home,101.59,1,3
O010639,2026-02-22,Home,87.94,0,3
O004271,2025-11-01,Apparel,12.18,0,4
O014629,2026-05-22,Electronics,148.88,0,5
O008986,2026-01-19,Home,94.96,0,1
O000861,2025-08-04,Electronics,49.13,0,2
O006699,2025-12-12,Electronics,136.33,0,5
O004099,2025-10-18,Home,110.78,0,4
O002444,2025-09-02,Home,87.81,0,5
O002520,2025-09-18,Home,138.81,0,3
O005456,2025-11-10,Home,148.26,0,4
O006408,2025-12-16,Apparel,12.17,0,2
O012848,2026-04-13,Electronics,52.12,1,3
O006100,2025-12-19,Apparel,93.15,0,4
O002832,2025-10-02,Apparel,42.46,0,5
O010106,2026-02-02,Electronics,298.76,0,2
O016947,2026-07-08,Apparel,53.54,0,1
O001689,2025-09-08,Apparel,109.49,0,4
O007436,2025-12-11,Home,140.76,0,3
O013497,2026-04-18,Home,58.19,0,3
O010632,2026-02-06,Home,60.49,0,3
O003130,2025-10-26,Apparel,79.63,1,3
O008050,2026-01-19,Apparel,67.07,1,2
O001162,2025-08-06,Home,69.88,0,3
O009213,2026-01-18,Home,100.99,0,4
O017722,2026-07-30,Electronics,157.83,0,2
O015911,2026-06-26,Electronics,181.73,0,3
O013702,2026-05-25,Apparel,14.63,0,3
O003824,2025-10-13,Home,74.78,0,4
O004485,2025-11-18,Apparel,73.83,0,3
O003631,2025-10-17,Electronics,183.89,0,4
O004598,2025-11-18,Apparel,55.53,1,5
O009714,2026-02-23,Apparel,49.99,0,2
O017645,2026-07-06,Electronics,229.19,0,2
O008102,2026-01-01,Apparel,66.97,0,4
O008747,2026-01-02,Electronics,86.65,0,1
O017277,2026-07-12,Apparel,59.8,0,4
O015817,2026-06-23,Apparel,86.88,0,2
O002176,2025-09-05,Electronics,175.82,0,5
O003582,2025-10-28,Electronics,245.88,0,3
O007298,2025-12-30,Home,114.42,0,2
O004369,2025-11-08,Apparel,107.17,0,3
O013670,2026-04-29,Home,85.53,0,5
O012384,2026-04-10,Apparel,83.66,1,4
O009549,2026-02-07,Apparel,55.27,1,3
O000325,2025-08-21,Apparel,44.43,0,3
O011220,2026-03-18,Apparel,25.98,0,6
O002766,2025-10-18,Apparel,65.29,0,3
O003600,2025-10-02,Electronics,174.89,0,4
O008642,2026-01-10,Electronics,222.5,0,5
O006151,2025-12-19,Apparel,51.2,0,4
O013542,2026-04-08,Home,85.09,0,3
O004210,2025-11-21,Apparel,44.21,0,4
O015887,2026-06-10,Apparel,32.08,0,3
O015969,2026-06-20,Electronics,89.77,0,3
O007011,2025-12-02,Electronics,169.61,0,5
O005144,2025-11-03,Electronics,117.48,0,1
O006486,2025-12-04,Apparel,8,0,3
O017499,2026-07-28,Electronics,102.57,0,3
O005962,2025-12-14,Apparel,73.5,0,1
O016585,2026-06-17,Home,8,0,4
O005402,2025-11-10,Home,79.59,0,1
O017315,2026-07-14,Apparel,26.75,0,4
O000905,2025-08-12,Electronics,150.72,0,3
O010522,2026-02-13,Home,125.63,0,3
O009278,2026-02-17,Apparel,55.13,0,1
O015692,2026-06-14,Apparel,66.75,0,3
O009553,2026-02-12,Apparel,56.26,1,3
O000565,2025-08-04,Electronics,66.51,0,4
O002969,2025-10-08,Apparel,45.03,0,4
O010841,2026-03-21,Apparel,75.71,0,2
O010061,2026-02-13,Electronics,79.7,0,4
O015396,2026-06-23,Apparel,107.57,0,3
O007723,2025-12-23,Home,52.22,0,2
O008916,2026-01-30,Home,82.52,0,4
O017351,2026-07-02,Apparel,55.15,0,4
O004180,2025-11-10,Apparel,74.57,0,4
O009652,2026-02-17,Apparel,33.64,0,3
O017875,2026-07-02,Electronics,46.97,0,3
O005047,2025-11-20,Electronics,206.2,0,3
O003559,2025-10-21,Electronics,73.41,0,2
O005241,2025-11-12,Electronics,249.87,0,3
O016635,2026-06-15,Home,117.62,0,3
O017014,2026-07-26,Apparel,60.15,0,3
O016367,2026-06-06,Electronics,195.22,0,4
O000895,2025-08-17,Electronics,148.39,0,4
O005338,2025-11-22,Home,103.03,0,4
O010911,2026-03-29,Apparel,31.39,1,4
O015257,2026-06-11,Apparel,74.97,0,2
O013124,2026-04-28,Electronics,147.39,1,2
O002026,2025-09-10,Electronics,116.87,0,2
O009926,2026-02-12,Electronics,63.84,0,3
O002256,2025-09-14,Electronics,243.51,0,3
O013468,2026-04-07,Home,125.57,0,3
O005283,2025-11-15,Electronics,83.56,0,1
O013842,2026-05-14,Apparel,63.68,0,5
O004777,2025-11-26,Electronics,47.77,0,2
O011430,2026-03-17,Electronics,177.86,0,4
O007398,2025-12-19,Home,68.25,0,2
O014970,2026-05-20,Home,20.71,0,3
O013865,2026-05-25,Apparel,67.74,0,3
O010211,2026-02-02,Electronics,164.96,0,3
O002922,2025-10-11,Apparel,25.3,1,5
O011961,2026-03-09,Home,8,0,2
O005193,2025-11-16,Electronics,122.61,0,3
O007232,2025-12-22,Home,82.62,0,5
O006975,2025-12-26,Electronics,75.64,0,2
O001189,2025-08-08,Home,90.97,0,5
O011046,2026-03-14,Apparel,48.97,0,3
O000455,2025-08-01,Apparel,78.15,0,4
O005897,2025-12-22,Apparel,27.96,0,3
O018084,2026-07-25,Home,65.86,1,3
O018334,2026-07-25,Home,84.73,0,4
O017784,2026-07-24,Electronics,204.59,0,3
O003218,2025-10-23,Apparel,42.65,0,5
O013114,2026-04-04,Electronics,61.29,0,4
O000043,2025-08-19,Apparel,102.5,0,3
O001348,2025-09-25,Apparel,11.81,0,3
O000891,2025-08-03,Electronics,254.25,0,2
O002236,2025-09-13,Electronics,217.27,0,3
O000506,2025-08-19,Apparel,33.86,0,5
O008372,2026-01-23,Electronics,203.45,0,3
O012481,2026-04-21,Apparel,51.05,1,1
O006894,2025-12-03,Electronics,187.54,1,3
O013576,2026-04-26,Home,121.5,0,4
O004246,2025-11-27,Apparel,39.78,0,2
O013876,2026-05-19,Apparel,48.9,0,1
O009386,2026-02-17,Apparel,21.7,1,4
O002667,2025-09-06,Home,108.88,0,3
O010018,2026-02-06,Electronics,8,0,2
O016505,2026-06-26,Home,80.79,0,3
O000133,2025-08-04,Apparel,18.82,0,5
O016059,2026-06-12,Electronics,77.83,0,3
O014851,2026-05-06,Home,90.74,0,2
O010934,2026-03-18,Apparel,53.99,0,3
O007164,2025-12-29,Electronics,132.02,0,4
O003735,2025-10-28,Electronics,157.71,0,2
O015693,2026-06-09,Apparel,54.8,1,2
O006437,2025-12-11,Apparel,68.13,0,2
O016014,2026-06-25,Electronics,155.28,0,3
O014512,2026-05-19,Electronics,143.79,0,3
O009963,2026-02-08,Electronics,172.16,1,3
O003988,2025-10-19,Home,111.96,0,4
O011024,2026-03-27,Apparel,60.83,0,3
O002872,2025-10-05,Apparel,34.85,0,3
O011051,2026-03-31,Apparel,73.33,0,4
O008985,2026-01-23,Home,28.44,0,3
O003926,2025-10-26,Home,37.51,0,3
O017458,2026-07-01,Apparel,46.85,0,1
O018009,2026-07-31,Home,97.92,0,2
O003396,2025-10-07,Electronics,85.33,0,4
O008460,2026-01-14,Electronics,165.37,0,3
O016315,2026-06-27,Electronics,240.7,0,4
O000518,2025-08-24,Apparel,82.14,0,5
O012914,2026-04-04,Electronics,231.04,0,2
O003011,2025-10-21,Apparel,45.11,1,2
O003249,2025-10-23,Apparel,23.28,0,3
O006167,2025-12-23,Apparel,30.53,0,5
O013247,2026-04-16,Electronics,60.32,0,3
O009079,2026-01-21,Home,63.63,0,3
O007193,2025-12-15,Electronics,143.61,0,2
O010440,2026-02-01,Home,131.01,0,3
O014473,2026-05-09,Electronics,246.18,0,3
O009363,2026-02-21,Apparel,49.06,1,3
O011029,2026-03-24,Apparel,100.64,0,2
O017615,2026-07-08,Electronics,8,0,1
O007969,2026-01-26,Apparel,13.57,1,5
O010749,2026-03-08,Apparel,105.49,0,5
O004320,2025-11-05,Apparel,46.6,0,4
O005147,2025-11-05,Electronics,125.01,0,3
O002752,2025-10-05,Apparel,76.74,0,5
O005833,2025-12-06,Apparel,73.5,0,4
O004781,2025-11-02,Electronics,116.83,0,5
O010100,2026-02-17,Electronics,125.14,0,3
O008780,2026-01-13,Electronics,14.67,0,4
O009487,2026-02-03,Apparel,73.61,0,2
O015448,2026-06-06,Apparel,16.33,1,4
O000584,2025-08-04,Electronics,255.93,0,3
O007653,2025-12-26,Home,145.2,0,5
O013719,2026-05-05,Apparel,79.19,0,2
O015150,2026-05-02,Home,23.34,0,3
O005873,2025-12-25,Apparel,85.57,1,4
O016323,2026-06-11,Electronics,265.13,0,4
O004663,2025-11-08,Apparel,38.85,0,4
O006888,2025-12-12,Electronics,168.41,0,4
O014838,2026-05-22,Home,108.74,0,2
O015031,2026-05-24,Home,90.44,0,4
O014391,2026-05-13,Electronics,214.03,0,3
O015707,2026-06-17,Apparel,92.55,1,3
O017259,2026-07-07,Apparel,48.52,0,2
O010391,2026-02-21,Home,143.94,1,3
O007404,2025-12-26,Home,51.62,0,3
O011190,2026-03-21,Apparel,69.29,0,2
O017778,2026-07-12,Electronics,189.81,0,3
O018100,2026-07-19,Home,139.1,0,3
O010174,2026-02-21,Electronics,115.19,0,3
O001676,2025-09-25,Apparel,61.6,0,4
O004031,2025-10-26,Home,175.22,0,3
O000983,2025-08-10,Home,38.1,0,3
O000828,2025-08-07,Electronics,129.28,0,3
O010227,2026-02-06,Electronics,193.38,0,4
O015794,2026-06-22,Apparel,49.98,0,3
O018041,2026-07-06,Home,66.8,0,5
O006763,2025-12-10,Electronics,172.2,0,3
O002436,2025-09-10,Home,85.26,0,3
O014036,2026-05-25,Apparel,84.41,0,4
O003622,2025-10-17,Electronics,83.75,0,4
O008001,2026-01-23,Apparel,72.04,0,4
O013729,2026-05-20,Apparel,33.29,0,4
O002020,2025-09-26,Electronics,139.04,0,4
O017333,2026-07-19,Apparel,21.07,0,2
O008058,2026-01-16,Apparel,59.5,1,1
O014431,2026-05-12,Electronics,86.05,0,2
O011536,2026-03-14,Electronics,175.83,0,5
O013150,2026-04-04,Electronics,126.97,0,2
O002946,2025-10-13,Apparel,43.87,0,4
O003647,2025-10-18,Electronics,134.59,0,4
O011668,2026-03-23,Electronics,147.93,0,4
O016173,2026-06-23,Electronics,247.58,0,5
O001260,2025-08-23,Home,56.54,0,3
O018181,2026-07-24,Home,152.94,0,4
O009572,2026-02-07,Apparel,28.37,0,1
O000233,2025-08-05,Apparel,70.21,0,4
O005660,2025-11-19,Home,21.84,0,3
O002057,2025-09-07,Electronics,95.49,0,5
O000728,2025-08-29,Electronics,201.32,0,3
O008573,2026-01-12,Electronics,8,0,4
O009203,2026-01-30,Home,156.13,0,4
O005850,2025-12-28,Apparel,77.28,0,4
O014118,2026-05-01,Apparel,92.61,0,2
O013606,2026-04-17,Home,103.24,0,2
O001543,2025-09-21,Apparel,64.02,0,2
O006672,2025-12-22,Electronics,9.6,1,4
O007483,2025-12-27,Home,101.06,0,3
O001220,2025-08-09,Home,54.21,0,5
O012020,2026-03-01,Home,126.12,0,2
O008397,2026-01-24,Electronics,230.51,0,1
O015521,2026-06-14,Apparel,61.09,0,4
O002763,2025-10-27,Apparel,55.73,1,4
O018411,2026-07-05,Home,39.16,0,4
O010499,2026-02-17,Home,112.62,0,2
O007135,2025-12-07,Electronics,135.75,0,5
O013262,2026-04-17,Electronics,58.67,0,2
O009653,2026-02-12,Apparel,52.55,0,4
O004028,2025-10-24,Home,111.19,0,5
O012186,2026-04-25,Apparel,79.38,0,1
O006411,2025-12-15,Apparel,34.49,0,4
O000805,2025-08-21,Electronics,218.53,0,2
O015388,2026-06-13,Apparel,92.42,0,4
O000188,2025-08-23,Apparel,39.37,0,6
O004438,2025-11-14,Apparel,87.9,0,3
O017132,2026-07-04,Apparel,52.48,0,2
O012415,2026-04-19,Apparel,39.94,0,1
O017490,2026-07-13,Apparel,49.82,0,3
O005487,2025-11-05,Home,76.65,0,1
O004759,2025-11-13,Apparel,59.29,0,1
O011719,2026-03-01,Electronics,201.04,0,2
O003537,2025-10-14,Electronics,191.61,1,5
O018113,2026-07-22,Home,41.86,0,3
O008449,2026-01-28,Electronics,114.83,0,3
O006852,2025-12-01,Electronics,238.28,0,3
O007971,2026-01-29,Apparel,73.07,0,5
O001417,2025-09-27,Apparel,27.99,0,3
O003154,2025-10-27,Apparel,41.14,0,4
O003087,2025-10-27,Apparel,62.44,0,4
O012730,2026-04-09,Apparel,69.32,0,2
O018415,2026-07-07,Home,122.43,0,3
O016944,2026-07-06,Apparel,17.51,0,2
O004001,2025-10-21,Home,125.31,0,4
O008187,2026-01-15,Apparel,79.29,0,4
O015545,2026-06-15,Apparel,54.24,1,1
O015870,2026-06-06,Apparel,46.24,0,2
O007682,2025-12-29,Home,92.89,0,4
O014694,2026-05-13,Electronics,163.43,0,3
O000770,2025-08-18,Electronics,21.31,0,5
O010770,2026-03-21,Apparel,72.93,0,2
O000397,2025-08-08,Apparel,77.73,0,3
O010966,2026-03-06,Apparel,60.72,0,2
O004579,2025-11-27,Apparel,49.73,0,2
O014869,2026-05-25,Home,70.99,0,2
O010493,2026-02-07,Home,47.92,0,5
O014469,2026-05-05,Electronics,277.74,0,2
O002242,2025-09-03,Electronics,115.83,0,3
O010340,2026-02-25,Home,46.54,0,2
O017191,2026-07-20,Apparel,64.14,0,2
O002933,2025-10-22,Apparel,78.63,0,4
O011321,2026-03-01,Electronics,146.83,0,3
O005353,2025-11-29,Home,72.78,0,3
O017680,2026-07-05,Electronics,207.33,1,2
O006104,2025-12-12,Apparel,62.41,1,3
O017484,2026-07-04,Apparel,30.95,0,4
O016429,2026-06-14,Home,125.69,0,4
O004387,2025-11-02,Apparel,60.41,1,2
O003330,2025-10-20,Electronics,142.44,0,4
O006720,2025-12-06,Electronics,189.32,0,3
O009514,2026-02-24,Apparel,8,0,4
O005815,2025-12-23,Apparel,26.34,1,2
O007871,2026-01-08,Apparel,52.1,1,4
O006277,2025-12-10,Apparel,50.61,0,3
O008470,2026-01-10,Electronics,113.85,0,3
O018333,2026-07-07,Home,124.33,0,2
O013098,2026-04-27,Electronics,225.94,0,3
O009089,2026-01-05,Home,70.84,0,2
O009610,2026-02-15,Apparel,44.15,0,4
O001403,2025-09-27,Apparel,71.22,0,4
O000107,2025-08-09,Apparel,84.58,1,4
O003252,2025-10-21,Apparel,52.72,1,5
O011260,2026-03-09,Apparel,22.79,0,4
O014935,2026-05-21,Home,98.34,0,2
O014730,2026-05-04,Electronics,119.93,0,5
O005208,2025-11-05,Electronics,110.35,0,3
O003400,2025-10-29,Electronics,99.6,0,4
O007208,2025-12-14,Electronics,87.08,0,3
O010741,2026-03-01,Apparel,39.74,1,3
O014800,2026-05-06,Electronics,138.15,0,3
O002921,2025-10-12,Apparel,26.18,0,3
O009859,2026-02-21,Electronics,117.7,0,4
O010780,2026-03-22,Apparel,39.63,0,4
O012019,2026-03-06,Home,68.23,0,3
O014180,2026-05-22,Apparel,75.74,0,2
O011950,2026-03-13,Home,54.01,0,2
O006112,2025-12-21,Apparel,54.39,0,5
O016743,2026-06-08,Home,57.98,1,3
O017553,2026-07-10,Electronics,109.04,0,1
O003073,2025-10-25,Apparel,57.35,0,3
O002352,2025-09-02,Home,32.49,0,3
O013898,2026-05-05,Apparel,31.71,0,3
O006525,2025-12-01,Electronics,93.2,0,1
O011261,2026-03-02,Apparel,50.02,0,4
O001472,2025-09-05,Apparel,138.84,0,2
O009099,2026-01-10,Home,68.67,0,2
O015273,2026-06-12,Apparel,110.41,0,2
O003643,2025-10-11,Electronics,204.26,0,3
O003419,2025-10-29,Electronics,166.06,0,2
O006506,2025-12-09,Apparel,51.33,0,3
O016858,2026-07-25,Apparel,80.11,0,2
O018023,2026-07-15,Home,56.7,0,2
O000772,2025-08-01,Electronics,257.28,0,4
O003791,2025-10-12,Home,138.35,0,3
O016256,2026-06-27,Electronics,234.41,0,4
O011367,2026-03-27,Electronics,223.56,0,4
O015206,2026-05-16,Home,94.37,1,3
O010128,2026-02-01,Electronics,191.7,0,2
O006635,2025-12-22,Electronics,82.6,0,2
O005192,2025-11-25,Electronics,119.14,0,2
O010118,2026-02-10,Electronics,189.7,0,3
O000329,2025-08-08,Apparel,65.11,0,3
O005296,2025-11-02,Electronics,270.65,0,4
O012454,2026-04-01,Apparel,44.72,0,3
O017284,2026-07-27,Apparel,45.3,0,2
O007668,2025-12-25,Home,152.16,0,3
O015053,2026-05-18,Home,54.25,0,3
O018080,2026-07-26,Home,80.12,0,2
O013592,2026-04-11,Home,64.27,0,4
O016215,2026-06-03,Electronics,314.88,0,2
O013674,2026-04-29,Home,67.59,0,5
O003067,2025-10-13,Apparel,73.95,0,4
O010607,2026-02-24,Home,161.1,0,5
O007736,2026-01-08,Apparel,43.28,1,4
O000408,2025-08-27,Apparel,57.52,0,1
O000775,2025-08-28,Electronics,103.88,0,3
O007852,2026-01-18,Apparel,60.02,0,2
O017211,2026-07-04,Apparel,92.74,0,4
O002837,2025-10-20,Apparel,75.06,0,3
O006468,2025-12-06,Apparel,66.45,0,3
O016210,2026-06-11,Electronics,257.07,0,3
O007868,2026-01-17,Apparel,30.77,0,4
O017914,2026-07-12,Electronics,119.66,1,2
O002867,2025-10-27,Apparel,18.9,0,3
O007563,2025-12-04,Home,55.27,0,4
O000144,2025-08-03,Apparel,68.03,0,4
O003994,2025-10-27,Home,8,0,3
O016366,2026-06-30,Electronics,254.15,0,2
O012930,2026-04-02,Electronics,134.88,0,3
O010311,2026-02-15,Home,65.82,1,4
O014425,2026-05-26,Electronics,120.89,0,4
O012879,2026-04-08,Electronics,121.15,0,3
O016753,2026-06-22,Home,74.52,0,3
O012114,2026-03-08,Home,38.78,0,4
O001044,2025-08-23,Home,12.61,0,3
O016830,2026-07-21,Apparel,74.23,0,3
O013919,2026-05-08,Apparel,78.3,0,3
O006019,2025-12-17,Apparel,67.42,0,5
O005311,2025-11-15,Home,69.98,0,4
O007741,2026-01-22,Apparel,53.11,0,2
O003562,2025-10-23,Electronics,310.45,0,3
O014656,2026-05-05,Electronics,270.07,0,1
O015777,2026-06-17,Apparel,75.17,0,3
O008361,2026-01-11,Electronics,180.31,0,3
O012140,2026-03-21,Home,79.66,0,3
O010752,2026-03-12,Apparel,44.42,0,6
O009831,2026-02-02,Electronics,264.24,0,3
O001278,2025-08-10,Home,78.93,0,3
O013977,2026-05-11,Apparel,71.6,0,4
O007152,2025-12-04,Electronics,8,0,3
O009136,2026-01-15,Home,112.31,0,5
O015159,2026-05-12,Home,184.89,0,3
O003948,2025-10-17,Home,66.53,0,4
O002383,2025-09-23,Home,108.89,0,3
O012508,2026-04-23,Apparel,83.35,1,5
O006056,2025-12-04,Apparel,32.77,0,1
O005014,2025-11-10,Electronics,8,0,4
O008065,2026-01-18,Apparel,37.21,0,4
O018193,2026-07-03,Home,135.37,0,3
O012791,2026-04-29,Electronics,230.67,0,4
O002209,2025-09-26,Electronics,176.76,0,4
O003078,2025-10-28,Apparel,44.73,0,2
O017552,2026-07-18,Electronics,82.66,0,3
O003173,2025-10-19,Apparel,70.24,0,2
O009846,2026-02-17,Electronics,147.93,0,2
O009898,2026-02-27,Electronics,307.33,0,3
O006047,2025-12-16,Apparel,8.47,1,3
O007038,2025-12-24,Electronics,115.0,0,2
O001024,2025-08-18,Home,38.06,0,3
O002663,2025-09-20,Home,65.79,0,5
O011471,2026-03-09,Electronics,198.4,0,2
O006341,2025-12-18,Apparel,45.28,0,3
O012560,2026-04-30,Apparel,84.05,0,3
O012566,2026-04-24,Apparel,27.39,0,2
O010098,2026-02-09,Electronics,188.53,0,4
O013931,2026-05-17,Apparel,79.39,0,2
O010586,2026-02-04,Home,120.08,0,3
O018434,2026-07-27,Home,117.89,0,1
O015591,2026-06-05,Apparel,61.12,0,3
O002789,2025-10-14,Apparel,59.06,1,4
O016493,2026-06-22,Home,8,0,3
O018408,2026-07-11,Home,78.44,0,2
O005986,2025-12-28,Apparel,72.62,0,4
O016632,2026-06-29,Home,113.95,0,3
O010205,2026-02-16,Electronics,152.71,0,1
O002122,2025-09-26,Electronics,94.83,0,4
O009625,2026-02-12,Apparel,58.05,0,1
O005885,2025-12-21,Apparel,78.17,1,4
O013978,2026-05-12,Apparel,39.11,0,2
O014326,2026-05-02,Electronics,27.8,0,4
O003084,2025-10-14,Apparel,46.47,0,4
O004215,2025-11-15,Apparel,51.95,0,2
O000441,2025-08-03,Apparel,78.73,1,4
O013293,2026-04-21,Home,42.73,0,4
O012673,2026-04-07,Apparel,51.66,0,4
O004146,2025-11-28,Apparel,56.46,0,4
O014964,2026-05-22,Home,203.98,0,1
O015723,2026-06-08,Apparel,53.94,0,3
O008991,2026-01-04,Home,95.9,1,2
O017467,2026-07-01,Apparel,55.17,0,3
O016087,2026-06-24,Electronics,158.28,0,4
O003147,2025-10-15,Apparel,51.48,0,5
O017652,2026-07-08,Electronics,80.87,0,2
O006791,2025-12-28,Electronics,127.45,0,5
O007499,2025-12-20,Home,126.79,0,4
O002188,2025-09-02,Electronics,163.08,0,3
O000129,2025-08-04,Apparel,90.0,1,5
O001531,2025-09-10,Apparel,77.51,0,2
O017624,2026-07-20,Electronics,199.71,0,4
O015754,2026-06-24,Apparel,51.47,0,4
O012677,2026-04-28,Apparel,87.87,1,4
O006499,2025-12-27,Apparel,48.81,0,4
O000205,2025-08-17,Apparel,62.56,0,4
O013375,2026-04-11,Home,112.26,0,5
O016109,2026-06-11,Electronics,182.27,0,3
O004718,2025-11-05,Apparel,91.65,0,3
O010319,2026-02-02,Home,100.27,0,2
O004563,2025-11-05,Apparel,73.33,0,5
O018432,2026-07-31,Home,114.01,0,3
O010367,2026-02-01,Home,31.74,0,1
O006645,2025-12-12,Electronics,199.82,0,3
O010572,2026-02-28,Home,58.73,0,2
O002413,2025-09-13,Home,85.72,0,6
O006312,2025-12-22,Apparel,93.99,0,3
O008610,2026-01-27,Electronics,79.73,0,1
O003477,2025-10-01,Electronics,111.55,0,5
O004891,2025-11-02,Electronics,263.75,0,3
O017218,2026-07-08,Apparel,74.98,0,4
O014124,2026-05-30,Apparel,37.33,0,2
O002182,2025-09-01,Electronics,63.7,0,2
O014403,2026-05-26,Electronics,151.5,0,3
O001239,2025-08-27,Home,107.97,0,2
O002376,2025-09-22,Home,151.1,0,2
O002369,2025-09-10,Home,49.9,0,4
O015925,2026-06-16,Electronics,113.74,0,4
O005093,2025-11-11,Electronics,153.74,0,4
O015171,2026-05-15,Home,21.98,0,4
O011380,2026-03-21,Electronics,223.07,1,2
O009916,2026-02-25,Electronics,267.44,0,3
O003327,2025-10-13,Electronics,119.23,0,3
O005057,2025-11-11,Electronics,208.88,0,4
O013569,2026-04-05,Home,27.02,0,3
O006382,2025-12-06,Apparel,105.84,0,4
O017487,2026-07-19,Apparel,80.95,0,3
O009145,2026-01-07,Home,93.0,0,3
O000747,2025-08-10,Electronics,80.9,1,3
O003054,2025-10-13,Apparel,85.15,0,3
O012952,2026-04-09,Electronics,99.53,0,2
O016517,2026-06-04,Home,102.64,1,5
O013386,2026-04-16,Home,103.71,0,1
O013222,2026-04-19,Electronics,174.05,0,2
O005574,2025-11-15,Home,114.73,0,2
O010024,2026-02-11,Electronics,151.1,0,5
O004366,2025-11-11,Apparel,31.85,1,2
O014985,2026-05-08,Home,79.24,0,1
O015909,2026-06-07,Electronics,116.8,0,2
O012840,2026-04-12,Electronics,101.99,1,3
O003957,2025-10-09,Home,38.45,0,5
O009210,2026-01-31,Home,129.07,0,3
O008432,2026-01-10,Electronics,95.71,0,2
O016902,2026-07-23,Apparel,21.07,0,2
O012226,2026-04-28,Apparel,40.82,0,4
O016942,2026-07-20,Apparel,28.39,1,1
O005905,2025-12-27,Apparel,8,0,3
O012668,2026-04-04,Apparel,24.25,0,1
O009134,2026-01-13,Home,132.57,0,5
O012424,2026-04-27,Apparel,116.29,0,3
O014891,2026-05-01,Home,53.44,0,3
O015151,2026-05-24,Home,163.37,0,3
O008723,2026-01-10,Electronics,275.64,0,5
O010925,2026-03-16,Apparel,33.4,0,2
O006545,2025-12-17,Electronics,105.23,0,5
O012985,2026-04-21,Electronics,147.59,1,3
O011090,2026-03-06,Apparel,71.83,1,5
O016957,2026-07-24,Apparel,19.53,0,2
O004939,2025-11-30,Electronics,47.49,1,3
O000146,2025-08-04,Apparel,82.45,0,4
O007980,2026-01-26,Apparel,8,0,5
O007588,2025-12-31,Home,125.68,0,2
O005827,2025-12-21,Apparel,33.56,0,2
O008595,2026-01-24,Electronics,191.81,0,2
O018401,2026-07-10,Home,122.96,0,2
O008987,2026-01-30,Home,98.39,0,2
O004041,2025-10-07,Home,72.03,0,4
O001592,2025-09-24,Apparel,78.42,0,3
O005524,2025-11-10,Home,110.69,0,2
O002070,2025-09-14,Electronics,243.5,0,4
O010051,2026-02-06,Electronics,281.46,0,5
O015110,2026-05-07,Home,91.97,0,2
O016796,2026-06-01,Home,134.95,0,3
O014398,2026-05-23,Electronics,179.3,0,4
O000619,2025-08-26,Electronics,60.94,0,3
O014336,2026-05-27,Electronics,323.48,0,2
O005571,2025-11-06,Home,15.73,0,5
O013894,2026-05-26,Apparel,49.46,0,4
O006512,2025-12-04,Apparel,80.22,1,5
O002279,2025-09-04,Electronics,227.68,0,4
O013382,2026-04-18,Home,129.36,0,3
O006669,2025-12-24,Electronics,171.8,0,5
O000742,2025-08-09,Electronics,99.45,0,5
O014820,2026-05-09,Home,50.65,0,4
O018194,2026-07-22,Home,69.55,0,2
O018285,2026-07-17,Home,114.71,0,4
O002929,2025-10-23,Apparel,61.12,0,2
O009253,2026-02-05,Apparel,139.89,1,2
O011721,2026-03-24,Electronics,64.37,0,2
O005434,2025-11-14,Home,145.4,0,4
O016412,2026-06-12,Home,68.17,0,1
O015364,2026-06-20,Apparel,25.66,0,3
O013363,2026-04-08,Home,60.37,0,3
O015140,2026-05-22,Home,107.83,0,2
O002620,2025-09-05,Home,65.39,0,3
O009834,2026-02-14,Electronics,155.08,0,3
O002800,2025-10-24,Apparel,39.52,0,3
O002641,2025-09-18,Home,84.62,0,4
O005629,2025-11-22,Home,120.47,0,3
O009312,2026-02-20,Apparel,45.3,0,2
O002616,2025-09-21,Home,137.0,0,4
O000063,2025-08-08,Apparel,62.54,0,3
O001654,2025-09-19,Apparel,15.76,0,2
O013822,2026-05-19,Apparel,122.11,0,3
O007627,2025-12-24,Home,153.63,1,3
O003859,2025-10-18,Home,119.65,0,2
O003107,2025-10-07,Apparel,47.05,0,2
O012655,2026-04-04,Apparel,49.64,0,2
O004025,2025-10-09,Home,103.71,0,3
O016354,2026-06-26,Electronics,15.38,0,2
O016933,2026-07-12,Apparel,37.83,0,2
O015645,2026-06-08,Apparel,82.78,0,2
O008243,2026-01-02,Apparel,143.95,0,5
O012942,2026-04-03,Electronics,274.64,0,2
O018299,2026-07-27,Home,69.47,0,2
O017029,2026-07-10,Apparel,122.17,0,1
O004850,2025-11-21,Electronics,303.9,0,3
O011556,2026-03-18,Electronics,258.26,0,3
O015352,2026-06-15,Apparel,56.46,0,3
O003315,2025-10-29,Electronics,196.83,1,5
O009818,2026-02-01,Electronics,197.23,0,2
O002245,2025-09-24,Electronics,235.95,0,5
O016284,2026-06-02,Electronics,282.14,0,4
O000231,2025-08-20,Apparel,84.9,0,2
O008427,2026-01-20,Electronics,194.37,0,3
O013800,2026-05-22,Apparel,81.37,0,3
O000990,2025-08-09,Home,117.52,0,2
O002409,2025-09-26,Home,81.66,0,3
O004827,2025-11-17,Electronics,39.59,0,4
O017401,2026-07-17,Apparel,48.16,0,4
O005496,2025-11-01,Home,98.46,0,2
O003358,2025-10-27,Electronics,164.82,0,4
O002569,2025-09-16,Home,157.83,0,3
O001605,2025-09-10,Apparel,39.95,0,3
O005800,2025-12-18,Apparel,43.29,0,3
O018022,2026-07-29,Home,128.93,0,3
O017943,2026-07-01,Electronics,221.53,0,2
O004105,2025-10-25,Home,91.12,0,2
O015479,2026-06-07,Apparel,82.72,0,2
O010412,2026-02-22,Home,45.94,0,1
O017793,2026-07-26,Electronics,191.22,0,6
O009015,2026-01-21,Home,93.32,1,2
O016674,2026-06-15,Home,41.88,0,5
O000633,2025-08-13,Electronics,57.15,0,5
O017472,2026-07-08,Apparel,29.6,0,5
O008926,2026-01-03,Home,154.31,0,1
O013718,2026-05-13,Apparel,47.44,0,1
O004182,2025-11-10,Apparel,63.12,0,3
O011110,2026-03-10,Apparel,12.05,1,2
O017459,2026-07-10,Apparel,80.69,0,5
O010506,2026-02-15,Home,8,0,4
O015593,2026-06-16,Apparel,91.58,0,1
O008818,2026-01-18,Home,118.0,0,4
O008765,2026-01-31,Electronics,143.28,0,3
O007097,2025-12-01,Electronics,197.65,0,3
O010718,2026-03-22,Apparel,73.07,1,5
O003548,2025-10-10,Electronics,243.87,0,4
O002285,2025-09-23,Electronics,148.91,0,3
O012087,2026-03-22,Home,115.69,0,2
O003152,2025-10-27,Apparel,89.38,1,2
O015677,2026-06-29,Apparel,11.8,0,5
O001679,2025-09-13,Apparel,8,0,3
O011307,2026-03-13,Electronics,115.35,0,3
O012054,2026-03-16,Home,116.68,0,2
O008592,2026-01-29,Electronics,267.55,0,1
O016974,2026-07-27,Apparel,8,0,2
O006654,2025-12-02,Electronics,117.62,0,3
O014644,2026-05-17,Electronics,102.54,0,2
O003685,2025-10-04,Electronics,182.51,0,3
O017274,2026-07-19,Apparel,84.02,0,4
O016558,2026-06-02,Home,122.21,0,3
O003066,2025-10-09,Apparel,26.4,0,4
O015684,2026-06-08,Apparel,41.0,0,4
O011649,2026-03-19,Electronics,115.42,0,3
O007582,2025-12-14,Home,66.64,0,3
O012960,2026-04-17,Electronics,189.63,0,2
O004256,2025-11-24,Apparel,61.08,0,3
O001508,2025-09-15,Apparel,88.33,0,3
O009398,2026-02-21,Apparel,50.1,0,2
O000156,2025-08-09,Apparel,48.89,0,5
O005224,2025-11-08,Electronics,76.77,0,3
O012295,2026-04-23,Apparel,108.47,0,2
O006766,2025-12-21,Electronics,70.99,1,2
O008325,2026-01-20,Apparel,60.89,0,3
O010813,2026-03-22,Apparel,52.54,1,4
O011093,2026-03-17,Apparel,59.23,0,2
O008614,2026-01-20,Electronics,164.62,0,1
O015012,2026-05-05,Home,54.52,0,4
O009455,2026-02-03,Apparel,86.25,0,2
O008798,2026-01-14,Electronics,154.34,0,5
O009383,2026-02-23,Apparel,56.96,0,2
O007621,2025-12-14,Home,138.5,0,2
O006026,2025-12-14,Apparel,28.31,1,1
O000048,2025-08-24,Apparel,56.33,0,4
O017988,2026-07-02,Electronics,214.92,0,2
O000219,2025-08-23,Apparel,69.81,0,4
O004763,2025-11-11,Apparel,82.67,0,5
O007640,2025-12-31,Home,135.68,0,5
O011909,2026-03-05,Home,103.73,0,4
O004851,2025-11-21,Electronics,187.08,0,4
O014746,2026-05-06,Electronics,134.1,1,1
O004156,2025-11-06,Apparel,76.98,1,1
O012744,2026-04-21,Apparel,8,1,5
O007332,2025-12-21,Home,89.73,0,3
O010186,2026-02-06,Electronics,203.01,0,3
O011625,2026-03-23,Electronics,149.92,0,4
O005738,2025-12-25,Apparel,47.85,0,2
O008139,2026-01-16,Apparel,27.1,1,5
O005125,2025-11-20,Electronics,171.34,0,4
O007599,2025-12-20,Home,83.21,0,3
O015114,2026-05-03,Home,145.28,0,3
O010176,2026-02-13,Electronics,169.38,0,4
O009525,2026-02-04,Apparel,35.94,1,2
O001161,2025-08-08,Home,118.42,0,5
O018058,2026-07-30,Home,56.87,0,1
O006955,2025-12-13,Electronics,296.93,0,4
O013103,2026-04-29,Electronics,38.54,0,3
O002416,2025-09-05,Home,72.44,0,4
O015014,2026-05-22,Home,88.53,0,1
O012688,2026-04-30,Apparel,29.44,0,2
O010337,2026-02-20,Home,165.5,0,3
O015321,2026-06-01,Apparel,64.11,0,2
O009897,2026-02-06,Electronics,154.55,0,2
O018224,2026-07-07,Home,35.41,0,3
O018290,2026-07-19,Home,32.23,0,4
O008477,2026-01-28,Electronics,104.53,0,4
O016966,2026-07-13,Apparel,79.73,0,3
O016971,2026-07-24,Apparel,8,0,6
O013562,2026-04-21,Home,77.43,0,1
O011322,2026-03-22,Electronics,217.48,0,3
O011511,2026-03-18,Electronics,165.78,0,2
O017787,2026-07-15,Electronics,177.66,0,4
O012466,2026-04-16,Apparel,18.68,0,4
O005512,2025-11-19,Home,141.01,0,3
O016637,2026-06-14,Home,46.06,0,4
O013863,2026-05-27,Apparel,72.3,0,2
O007449,2025-12-17,Home,102.13,0,3
O005982,2025-12-20,Apparel,70.75,0,4
O016400,2026-06-10,Home,88.95,0,4
O016602,2026-06-01,Home,63.54,0,3
O012746,2026-04-25,Apparel,66.0,1,3
O001397,2025-09-09,Apparel,74.26,0,2
O003097,2025-10-10,Apparel,8,0,2
O013320,2026-04-24,Home,8,0,4
O011234,2026-03-31,Apparel,39.25,0,2
O015939,2026-06-07,Electronics,141.92,0,2
O008100,2026-01-04,Apparel,67.1,0,3
O006288,2025-12-29,Apparel,109.01,0,4
O016705,2026-06-23,Home,82.29,0,3
O004104,2025-10-10,Home,79.18,0,5
O014208,2026-05-27,Apparel,88.7,0,2
O007361,2025-12-28,Home,94.69,0,3
O015790,2026-06-19,Apparel,101.72,0,2
O010603,2026-02-14,Home,153.79,0,4
O008500,2026-01-14,Electronics,127.85,0,2
O005697,2025-11-18,Home,79.51,0,2
O017775,2026-07-01,Electronics,136.88,0,3
O012077,2026-03-23,Home,115.1,0,2
O004623,2025-11-06,Apparel,95.63,0,2
O006029,2025-12-07,Apparel,34.95,0,2
O006728,2025-12-26,Electronics,115.12,0,4
O003801,2025-10-20,Home,104.36,0,3
O004270,2025-11-25,Apparel,76.91,0,4
O001121,2025-08-05,Home,102.68,0,2
O005305,2025-11-18,Electronics,150.63,1,4
O017456,2026-07-15,Apparel,99.01,0,4
O006179,2025-12-20,Apparel,34.62,0,2
O015527,2026-06-08,Apparel,86.75,0,3
O000469,2025-08-15,Apparel,54.89,0,3
O000889,2025-08-20,Electronics,186.1,0,5
O014068,2026-05-30,Apparel,48.51,1,2
O001451,2025-09-08,Apparel,105.97,0,2
O015190,2026-05-04,Home,47.79,0,6
O008007,2026-01-01,Apparel,61.84,0,2
O007345,2025-12-10,Home,107.45,0,4
O011907,2026-03-01,Home,53.03,0,2
O017664,2026-07-19,Electronics,305.85,0,2
O015309,2026-06-08,Apparel,53.69,0,3
O003854,2025-10-29,Home,41.84,0,2
O016450,2026-06-21,Home,86.7,1,3
O011853,2026-03-14,Home,81.71,0,2
O015415,2026-06-25,Apparel,50.88,0,4
O006175,2025-12-15,Apparel,72.77,0,4
O000437,2025-08-18,Apparel,71.82,1,2
O005518,2025-11-17,Home,47.09,0,5
O016281,2026-06-12,Electronics,98.71,0,3
O005788,2025-12-03,Apparel,28.97,0,5
O011246,2026-03-09,Apparel,107.65,0,1
O002485,2025-09-29,Home,60.56,0,4
O001073,2025-08-05,Home,65.56,0,3
O001082,2025-08-09,Home,87.4,0,1
O014103,2026-05-11,Apparel,81.6,0,3
O002463,2025-09-25,Home,79.93,0,2
O002816,2025-10-09,Apparel,81.33,0,3
O010772,2026-03-04,Apparel,82.8,0,4
O011407,2026-03-18,Electronics,125.64,1,1
O017455,2026-07-22,Apparel,56.38,0,2
O011847,2026-03-21,Home,8,0,2
O008933,2026-01-26,Home,107.76,0,1
O010436,2026-02-13,Home,102.4,0,5
O008649,2026-01-18,Electronics,104.37,0,4
O004922,2025-11-26,Electronics,114.03,0,2
O015840,2026-06-29,Apparel,75.92,0,2
O016840,2026-07-30,Apparel,64.37,0,4
O013684,2026-05-13,Apparel,84.18,0,3
O007602,2025-12-19,Home,51.47,0,4
O011967,2026-03-10,Home,95.29,0,2
O016823,2026-07-19,Apparel,83.41,0,3
O004618,2025-11-06,Apparel,51.54,0,1
O016177,2026-06-17,Electronics,122.04,0,5
O011677,2026-03-07,Electronics,110.96,0,2
O001244,2025-08-16,Home,81.9,0,3
O006607,2025-12-19,Electronics,71.68,0,4
O012564,2026-04-04,Apparel,59.33,1,3
O001227,2025-08-03,Home,69.54,0,4
O013216,2026-04-15,Electronics,128.21,0,4
O014279,2026-05-19,Apparel,54.23,0,3
O004340,2025-11-23,Apparel,59.68,0,3
O012198,2026-04-04,Apparel,50.1,1,4
O000591,2025-08-05,Electronics,146.76,0,4
O016889,2026-07-11,Apparel,78.88,0,3
O002923,2025-10-12,Apparel,63.2,0,3
O015262,2026-06-29,Apparel,52.42,1,5
O003661,2025-10-24,Electronics,190.25,0,5
O008823,2026-01-31,Home,91.35,0,2
O013290,2026-04-25,Home,19.77,0,3
O008670,2026-01-20,Electronics,220.93,0,3
O011611,2026-03-24,Electronics,109.2,0,4
O002400,2025-09-30,Home,65.7,0,3
O004029,2025-10-16,Home,8,0,4
O005055,2025-11-08,Electronics,186.86,1,3
O005957,2025-12-18,Apparel,55.2,1,4
O007893,2026-01-22,Apparel,56.77,0,4
O000602,2025-08-31,Electronics,146.43,0,3
O001959,2025-09-02,Electronics,8,0,7
O003137,2025-10-22,Apparel,47.04,0,4
O012373,2026-04-28,Apparel,76.58,0,2
O010149,2026-02-10,Electronics,160.83,0,3
O017723,2026-07-07,Electronics,155.42,0,2
O005350,2025-11-05,Home,125.29,1,5
O015234,2026-06-15,Apparel,26.98,0,3
O016223,2026-06-18,Electronics,144.65,0,2
O007625,2025-12-14,Home,121.17,0,4
O017229,2026-07-25,Apparel,65.64,0,2
O000315,2025-08-29,Apparel,68.78,0,2
O001801,2025-09-05,Apparel,87.4,0,3
O002465,2025-09-01,Home,149.69,0,4
O010971,2026-03-02,Apparel,61.37,1,3
O000613,2025-08-30,Electronics,292.28,0,3
O004932,2025-11-10,Electronics,186.59,0,3
O014864,2026-05-11,Home,156.44,0,3
O005024,2025-11-19,Electronics,289.3,0,4
O007610,2025-12-16,Home,72.45,0,2
O010831,2026-03-28,Apparel,71.98,0,3
O015037,2026-05-30,Home,162.7,0,3
O009065,2026-01-12,Home,92.08,0,2
O014858,2026-05-05,Home,105.28,0,4
O009622,2026-02-12,Apparel,70.57,0,5
O011647,2026-03-03,Electronics,156.12,0,4
O016638,2026-06-01,Home,48.04,0,4
O010710,2026-03-21,Apparel,69.97,0,4
O005753,2025-12-29,Apparel,45.1,0,4
O002992,2025-10-16,Apparel,41.81,1,3
O011436,2026-03-15,Electronics,221.89,0,3
O013441,2026-04-16,Home,103.76,0,6
O001211,2025-08-22,Home,14.34,0,3
O014482,2026-05-26,Electronics,218.82,0,3
O017812,2026-07-29,Electronics,154.12,0,6
O002586,2025-09-22,Home,93.6,0,4
O015970,2026-06-13,Electronics,167.03,0,2
O011917,2026-03-18,Home,78.1,0,4
O012090,2026-03-30,Home,95.69,0,5
O015277,2026-06-18,Apparel,82.96,0,3
O012060,2026-03-29,Home,66.67,0,3
O012964,2026-04-06,Electronics,154.04,0,2
O009868,2026-02-03,Electronics,153.7,0,5
O015989,2026-06-24,Electronics,164.35,0,2
O015967,2026-06-01,Electronics,135.79,0,3
O003939,2025-10-25,Home,155.62,0,3
O017765,2026-07-14,Electronics,111.95,0,3
O007425,2025-12-30,Home,100.78,0,2
O016978,2026-07-04,Apparel,103.59,0,5
O000538,2025-08-13,Electronics,76.52,0,3
O011534,2026-03-17,Electronics,314.92,0,2
O014164,2026-05-15,Apparel,67.74,0,4
O015617,2026-06-17,Apparel,37.29,0,3
O005046,2025-11-16,Electronics,137.07,0,2
O014634,2026-05-15,Electronics,80.29,0,2
O003220,2025-10-18,Apparel,41.9,0,1
O012458,2026-04-15,Apparel,70.71,0,2
O000250,2025-08-24,Apparel,29.85,0,6
O007482,2025-12-07,Home,95.52,0,4
O003422,2025-10-02,Electronics,195.86,1,4
O002660,2025-09-28,Home,102.52,0,5
O001618,2025-09-24,Apparel,126.63,0,2
O004195,2025-11-18,Apparel,67.81,1,3
O012495,2026-04-29,Apparel,53.89,1,2
O009718,2026-02-12,Apparel,56.94,0,4
O012153,2026-03-08,Home,54.74,0,4
O005379,2025-11-12,Home,99.87,0,3
O013100,2026-04-02,Electronics,58.4,1,4
O011519,2026-03-17,Electronics,303.63,0,4
O011816,2026-03-27,Home,140.39,0,4
O008419,2026-01-30,Electronics,221.67,0,4
O003687,2025-10-08,Electronics,157.72,0,3
O005234,2025-11-01,Electronics,172.12,0,4
O004018,2025-10-03,Home,27.37,0,3
O008127,2026-01-31,Apparel,41.21,0,6
O011569,2026-03-15,Electronics,133.13,0,5
O001398,2025-09-24,Apparel,76.64,0,2
O017739,2026-07-07,Electronics,168.37,0,3
O000792,2025-08-03,Electronics,126.37,0,3
O018197,2026-07-04,Home,159.85,0,4
O009992,2026-02-28,Electronics,28.96,0,3
O010396,2026-02-08,Home,79.55,0,4
O010250,2026-02-26,Electronics,95.12,0,1
O006956,2025-12-07,Electronics,264.53,0,2
O000799,2025-08-12,Electronics,161.67,0,3
O011086,2026-03-12,Apparel,71.21,0,3
O013760,2026-05-24,Apparel,105.37,0,5
O013753,2026-05-03,Apparel,122.55,0,3
O013668,2026-04-09,Home,147.49,0,4
O006598,2025-12-05,Electronics,91.18,0,3
O010189,2026-02-13,Electronics,264.69,1,3
O013126,2026-04-22,Electronics,197.17,0,4
O009683,2026-02-11,Apparel,65.39,0,2
O005959,2025-12-25,Apparel,62.65,0,4
O012043,2026-03-25,Home,85.12,0,4
O012141,2026-03-02,Home,95.74,1,3
O016948,2026-07-01,Apparel,80.44,0,4
O001361,2025-09-23,Apparel,82.68,0,5
O016084,2026-06-19,Electronics,251.69,0,1
O008719,2026-01-10,Electronics,164.24,0,3
O010183,2026-02-25,Electronics,22.19,0,4
O007690,2025-12-21,Home,80.27,0,4
O017678,2026-07-25,Electronics,173.2,0,2
O013929,2026-05-06,Apparel,33.13,1,4
O012562,2026-04-20,Apparel,76.86,0,2
O009223,2026-02-10,Apparel,60.67,0,1
O015049,2026-05-12,Home,73.86,0,2
O000004,2025-08-29,Apparel,47.43,0,4
O015413,2026-06-03,Apparel,80.33,1,2
O017427,2026-07-12,Apparel,32.47,0,3
O013116,2026-04-29,Electronics,144.49,0,3
O003794,2025-10-29,Home,109.33,0,4
O017922,2026-07-07,Electronics,8,0,2
O002421,2025-09-09,Home,117.62,0,4
O003759,2025-10-05,Home,73.21,0,3
O001232,2025-08-25,Home,49.09,0,3
O006585,2025-12-14,Electronics,123.18,0,4
O006515,2025-12-02,Apparel,8,1,2
O016233,2026-06-12,Electronics,204.48,0,2
O013595,2026-04-14,Home,24.07,0,2
O006574,2025-12-12,Electronics,25.86,1,3
O004828,2025-11-19,Electronics,171.63,0,3
O002089,2025-09-30,Electronics,204.49,0,4
O010921,2026-03-18,Apparel,75.83,0,3
O012011,2026-03-08,Home,116.07,0,3
O001155,2025-08-31,Home,99.97,0,3
O014950,2026-05-30,Home,120.36,0,5
O007057,2025-12-08,Electronics,214.1,0,3
O015722,2026-06-01,Apparel,78.65,1,3
O015701,2026-06-05,Apparel,91.71,0,3
O004741,2025-11-14,Apparel,102.03,0,5
O005934,2025-12-06,Apparel,53.2,0,3
O005678,2025-11-07,Home,135.78,0,4
O001807,2025-09-23,Apparel,70.7,0,3
O000896,2025-08-29,Electronics,61.55,0,2
O001097,2025-08-03,Home,58.38,0,4
O011507,2026-03-19,Electronics,91.06,0,4
O005309,2025-11-28,Home,111.77,0,3
O015519,2026-06-15,Apparel,58.6,0,3
O003351,2025-10-21,Electronics,73.05,0,3
O015977,2026-06-13,Electronics,130.76,0,2
O000541,2025-08-10,Electronics,112.32,0,3
O018305,2026-07-16,Home,95.72,0,1
O015127,2026-05-02,Home,116.91,0,2
O009888,2026-02-25,Electronics,238.28,0,2
O000509,2025-08-27,Apparel,25.61,0,2
O009146,2026-01-20,Home,69.0,0,4
O002802,2025-10-06,Apparel,44.22,0,3
O003902,2025-10-19,Home,120.18,0,3
O007323,2025-12-25,Home,62.75,0,3
O012381,2026-04-03,Apparel,93.2,0,4
O002925,2025-10-24,Apparel,60.26,0,4
O015017,2026-05-18,Home,112.9,0,2
O014049,2026-05-13,Apparel,105.99,0,2
O018230,2026-07-16,Home,48.81,0,3
O001777,2025-09-25,Apparel,74.6,0,4
O003436,2025-10-23,Electronics,33.58,0,3
O008552,2026-01-08,Electronics,238.5,0,3
O012771,2026-04-04,Apparel,110.21,1,3
O018183,2026-07-26,Home,37.94,0,3
O009254,2026-02-18,Apparel,57.55,0,4
O010238,2026-02-04,Electronics,123.81,0,4
O013637,2026-04-21,Home,127.15,0,3
O001702,2025-09-29,Apparel,22.32,0,3
O008730,2026-01-15,Electronics,54.9,0,1
O016201,2026-06-24,Electronics,128.45,0,3
O015081,2026-05-13,Home,62.55,0,4
O010690,2026-03-06,Apparel,86.69,0,3
O017950,2026-07-19,Electronics,243.8,0,3
O016355,2026-06-10,Electronics,159.08,0,3
O010784,2026-03-31,Apparel,52.62,0,4
O016275,2026-06-18,Electronics,212.94,0,6
O018089,2026-07-08,Home,65.85,0,1
O006442,2025-12-03,Apparel,68.92,0,4
O014002,2026-05-04,Apparel,26.57,0,2
O001562,2025-09-05,Apparel,53.77,0,4
O013864,2026-05-28,Apparel,77.79,0,3
O013203,2026-04-09,Electronics,26.43,0,5
O014200,2026-05-31,Apparel,46.97,0,6
O009557,2026-02-19,Apparel,53.15,0,4
O017783,2026-07-24,Electronics,221.04,0,2
O009519,2026-02-10,Apparel,11.58,0,3
O005470,2025-11-26,Home,78.3,1,4
O005834,2025-12-30,Apparel,93.67,0,2
O004131,2025-11-18,Apparel,55.4,0,3
O016129,2026-06-14,Electronics,241.16,0,1
O003211,2025-10-11,Apparel,8,0,2
O000926,2025-08-21,Electronics,185.96,0,3
O001231,2025-08-12,Home,40.69,0,4
O004892,2025-11-02,Electronics,180.92,0,3
O003747,2025-10-13,Home,107.81,0,4
O001404,2025-09-02,Apparel,87.43,1,5
O016213,2026-06-13,Electronics,118.61,1,2
O016128,2026-06-19,Electronics,49.42,0,1
O005341,2025-11-19,Home,107.2,0,5
O005365,2025-11-18,Home,93.03,0,4
O008082,2026-01-19,Apparel,43.63,0,2
O009684,2026-02-21,Apparel,49.59,0,2
O012696,2026-04-05,Apparel,107.99,0,4
O006731,2025-12-09,Electronics,278.57,0,4
O012372,2026-04-09,Apparel,41.98,0,3
O009045,2026-01-18,Home,127.49,0,1
O009194,2026-01-04,Home,8,0,4
O011355,2026-03-14,Electronics,109.25,0,2
O012496,2026-04-24,Apparel,66.21,0,5
O007536,2025-12-18,Home,146.74,0,3
O003457,2025-10-14,Electronics,169.87,0,5
O015184,2026-05-19,Home,56.4,0,3
O017046,2026-07-26,Apparel,62.38,0,1
O005360,2025-11-27,Home,96.42,0,5
O007820,2026-01-31,Apparel,83.18,0,2
O003610,2025-10-13,Electronics,168.36,0,4
O011035,2026-03-14,Apparel,71.17,0,3
O001906,2025-09-29,Electronics,81.5,0,4
O017960,2026-07-13,Electronics,8,0,4
O003385,2025-10-26,Electronics,253.45,0,3
O014863,2026-05-10,Home,91.5,0,3
O002123,2025-09-16,Electronics,146.55,0,3
O007613,2025-12-24,Home,8,0,5
O012492,2026-04-17,Apparel,8,1,2
O000155,2025-08-20,Apparel,89.45,0,3
O014752,2026-05-06,Electronics,69.7,0,5
O005540,2025-11-04,Home,44.34,0,6
O004504,2025-11-03,Apparel,50.83,1,1
O011496,2026-03-21,Electronics,132.33,0,3
O015548,2026-06-11,Apparel,32.79,0,1
O014522,2026-05-16,Electronics,85.38,1,2
O000212,2025-08-30,Apparel,75.44,0,3
O015697,2026-06-26,Apparel,38.13,0,1
O012859,2026-04-21,Electronics,79.54,0,3
O017162,2026-07-12,Apparel,42.55,1,4
O000422,2025-08-12,Apparel,118.44,0,3
O014369,2026-05-08,Electronics,174.18,0,2
O015280,2026-06-21,Apparel,123.02,1,1
O015876,2026-06-12,Apparel,50.93,0,2
O004295,2025-11-08,Apparel,31.92,0,2
O003473,2025-10-01,Electronics,113.54,0,3
O008565,2026-01-06,Electronics,69.28,0,2
O006546,2025-12-11,Electronics,77.78,0,3
O004335,2025-11-23,Apparel,80.03,0,3
O002542,2025-09-08,Home,93.23,0,4
O000457,2025-08-29,Apparel,8,0,3
O016995,2026-07-29,Apparel,71.11,0,3
O000459,2025-08-08,Apparel,91.5,0,3
O008077,2026-01-17,Apparel,93.04,1,4
O011138,2026-03-25,Apparel,60.71,0,1
O000463,2025-08-21,Apparel,85.65,0,5
O004252,2025-11-13,Apparel,8,0,3
O013703,2026-05-17,Apparel,44.66,0,4
O006227,2025-12-12,Apparel,37.85,1,5
O003895,2025-10-03,Home,51.51,1,3
O011393,2026-03-29,Electronics,149.16,0,2
O000258,2025-08-13,Apparel,47.92,1,4
O013804,2026-05-24,Apparel,44.68,0,5
O004831,2025-11-04,Electronics,34.95,0,4
O010429,2026-02-09,Home,84.24,0,2
O008125,2026-01-09,Apparel,90.54,0,1
O004557,2025-11-17,Apparel,35.35,1,2
O000030,2025-08-13,Apparel,17.0,1,2
O001804,2025-09-28,Apparel,87.57,0,4
O014080,2026-05-15,Apparel,42.01,0,3
O017913,2026-07-22,Electronics,266.53,0,6
O012348,2026-04-27,Apparel,56.57,0,3
O011235,2026-03-10,Apparel,32.36,0,3
O007492,2025-12-12,Home,75.4,0,2
O003803,2025-10-26,Home,69.97,0,4
O015816,2026-06-18,Apparel,80.98,0,3
O006653,2025-12-25,Electronics,115.09,0,3
O005423,2025-11-19,Home,8,0,4
O018316,2026-07-30,Home,142.66,0,3
O017283,2026-07-26,Apparel,58.44,0,4
O008734,2026-01-17,Electronics,182.27,0,6
O004308,2025-11-25,Apparel,79.09,0,3
O012905,2026-04-20,Electronics,184.49,0,4
O013802,2026-05-21,Apparel,13.7,0,3
O011377,2026-03-20,Electronics,177.93,0,2
O001575,2025-09-17,Apparel,93.88,0,4
O003618,2025-10-28,Electronics,58.87,0,4
O000583,2025-08-15,Electronics,189.6,0,4
O004858,2025-11-09,Electronics,197.87,0,1
O013099,2026-04-01,Electronics,307.48,1,4
O016651,2026-06-10,Home,47.63,0,3
O009391,2026-02-21,Apparel,74.05,0,1
O013642,2026-04-19,Home,38.57,0,4
O000700,2025-08-07,Electronics,39.54,0,4
O013146,2026-04-17,Electronics,182.46,0,2
O009205,2026-01-22,Home,127.49,0,3
O012692,2026-04-20,Apparel,21.95,0,1
O013653,2026-04-03,Home,73.11,0,2
O012235,2026-04-07,Apparel,104.24,0,4
O014504,2026-05-29,Electronics,170.83,0,2
O002675,2025-09-10,Home,102.46,0,4
O013409,2026-04-07,Home,124.53,0,5
O017627,2026-07-28,Electronics,152.45,0,3
O000148,2025-08-01,Apparel,14.8,0,3
O000529,2025-08-20,Electronics,201.06,0,5
O007579,2025-12-19,Home,52.54,0,2
O011066,2026-03-03,Apparel,54.87,0,3
O006108,2025-12-27,Apparel,42.18,1,5
O010790,2026-03-26,Apparel,54.89,0,4
O004413,2025-11-05,Apparel,66.31,0,6
O006465,2025-12-15,Apparel,59.93,0,3
O010815,2026-03-09,Apparel,84.73,0,1
O018093,2026-07-14,Home,19.49,0,3
O014388,2026-05-21,Electronics,214.15,1,3
O004354,2025-11-29,Apparel,60.3,0,6
O015208,2026-05-06,Home,47.8,0,3
O010114,2026-02-10,Electronics,288.03,0,3
O004761,2025-11-07,Apparel,102.54,0,3
O001071,2025-08-05,Home,108.15,1,3
O017567,2026-07-15,Electronics,176.87,0,3
O001800,2025-09-24,Apparel,81.23,0,2
O002201,2025-09-27,Electronics,41.53,0,2
O017687,2026-07-28,Electronics,178.4,0,3
O009867,2026-02-02,Electronics,99.23,0,2
O001096,2025-08-07,Home,47.84,0,3
O010370,2026-02-17,Home,141.17,0,3
O014560,2026-05-11,Electronics,258.78,0,4
O011704,2026-03-09,Electronics,318.25,0,2
O003386,2025-10-08,Electronics,213.4,0,2
O014628,2026-05-09,Electronics,154.17,1,5
O015857,2026-06-19,Apparel,80.14,1,4
O004170,2025-11-09,Apparel,74.32,1,4
O003005,2025-10-25,Apparel,25.99,0,3
O010485,2026-02-02,Home,85.37,0,4
O013162,2026-04-23,Electronics,173.49,0,3
O012182,2026-04-28,Apparel,91.02,0,3
O011447,2026-03-04,Electronics,249.86,0,3
O015583,2026-06-07,Apparel,83.37,0,5
O016499,2026-06-20,Home,109.39,0,4
O011137,2026-03-04,Apparel,71.44,0,3
O012931,2026-04-05,Electronics,146.34,0,3
O009389,2026-02-11,Apparel,54.59,1,3
O003035,2025-10-17,Apparel,27.54,1,2
O018212,2026-07-03,Home,55.17,0,3
O015345,2026-06-21,Apparel,74.7,0,1
O009857,2026-02-08,Electronics,150.29,0,4
O009760,2026-02-06,Apparel,51.65,0,4
O001078,2025-08-24,Home,102.41,0,3
O007778,2026-01-18,Apparel,44.64,1,3
O006700,2025-12-03,Electronics,198.19,0,4
O001717,2025-09-24,Apparel,8,0,1
O008348,2026-01-23,Electronics,158.19,1,1
O008961,2026-01-03,Home,30.2,0,5
O016358,2026-06-12,Electronics,125.38,0,4
O011013,2026-03-16,Apparel,72.34,0,2
O005878,2025-12-02,Apparel,50.14,0,3
O004981,2025-11-23,Electronics,56.74,0,4
O008784,2026-01-08,Electronics,303.83,0,4
O009078,2026-01-24,Home,113.12,0,4
O003492,2025-10-12,Electronics,50.41,0,3
O004397,2025-11-14,Apparel,67.02,0,1
O002740,2025-10-04,Apparel,18.41,1,5
O009678,2026-02-04,Apparel,74.9,0,2
O004259,2025-11-21,Apparel,36.07,0,4
O001441,2025-09-05,Apparel,69.15,1,4
O003993,2025-10-17,Home,8,0,6
O000077,2025-08-02,Apparel,51.57,0,2
O004510,2025-11-26,Apparel,79.49,0,5
O001350,2025-09-04,Apparel,51.77,0,4
O004993,2025-11-04,Electronics,151.31,0,3
O015881,2026-06-13,Apparel,34.62,0,4
O013747,2026-05-03,Apparel,54.91,0,2
O009912,2026-02-03,Electronics,234.12,0,3
O015740,2026-06-20,Apparel,38.59,0,2
O001889,2025-09-09,Electronics,227.91,0,3
O005009,2025-11-25,Electronics,164.82,0,4
O017407,2026-07-29,Apparel,39.59,0,4
O008668,2026-01-12,Electronics,198.42,0,3
O013065,2026-04-21,Electronics,178.06,0,2
O001068,2025-08-02,Home,42.25,0,5
O013701,2026-05-16,Apparel,63.67,0,4
O008911,2026-01-02,Home,63.68,0,4
O015436,2026-06-18,Apparel,44.95,0,3
O006387,2025-12-10,Apparel,57.11,0,3
O001979,2025-09-22,Electronics,190.23,0,3
O004378,2025-11-01,Apparel,83.05,0,5
O016859,2026-07-20,Apparel,90.82,0,3
O009819,2026-02-14,Electronics,189.9,1,5
O015342,2026-06-17,Apparel,44.58,0,2
O006656,2025-12-16,Electronics,181.25,0,3
O013268,2026-04-18,Home,80.3,0,4
O016301,2026-06-08,Electronics,108.09,0,2
O006253,2025-12-19,Apparel,39.47,1,3
O001040,2025-08-09,Home,111.59,0,2
O014323,2026-05-04,Electronics,97.36,0,2
O013225,2026-04-10,Electronics,86.75,0,4
O003587,2025-10-24,Electronics,22.13,0,1
O008872,2026-01-14,Home,153.66,1,4
O009707,2026-02-07,Apparel,64.64,0,3
O004022,2025-10-29,Home,110.48,0,4
O010548,2026-02-21,Home,147.29,0,3
O015710,2026-06-26,Apparel,45.61,0,4
O009219,2026-02-05,Apparel,106.91,0,2
O013183,2026-04-18,Electronics,207.86,0,2
O001748,2025-09-14,Apparel,55.48,1,2
O010982,2026-03-19,Apparel,98.14,0,1
O008931,2026-01-06,Home,139.08,0,3
O007589,2025-12-10,Home,76.46,0,4
O014351,2026-05-31,Electronics,149.28,0,3
O005818,2025-12-22,Apparel,121.09,1,2
O012057,2026-03-22,Home,24.58,0,5
O000316,2025-08-29,Apparel,87.1,0,4
O001660,2025-09-21,Apparel,94.69,1,3
O015847,2026-06-12,Apparel,99.49,0,4
O013657,2026-04-30,Home,56.86,0,3
O016745,2026-06-06,Home,124.79,0,5
O000104,2025-08-09,Apparel,8,0,5
O011781,2026-03-21,Home,94.71,0,5
O011678,2026-03-02,Electronics,162.57,0,2
O010800,2026-03-10,Apparel,23.17,0,2
O001063,2025-08-13,Home,78.5,0,5
O001415,2025-09-30,Apparel,52.62,0,2
O010592,2026-02-20,Home,113.26,0,3
O005526,2025-11-02,Home,114.59,0,4
O001517,2025-09-06,Apparel,8,0,4
O016492,2026-06-20,Home,79.75,0,2
O011449,2026-03-09,Electronics,127.37,0,2
O008531,2026-01-29,Electronics,105.16,0,2
O007864,2026-01-05,Apparel,50.97,0,3
O001874,2025-09-26,Apparel,63.1,0,4
O008541,2026-01-17,Electronics,199.07,0,2
O009809,2026-02-11,Electronics,182.38,0,3
O009587,2026-02-10,Apparel,8,1,2
O015988,2026-06-06,Electronics,89.63,0,2
O017857,2026-07-02,Electronics,89.07,0,2
O007945,2026-01-22,Apparel,107.51,0,2
O016594,2026-06-04,Home,44.16,0,2
O001927,2025-09-22,Electronics,166.38,1,4
O007639,2025-12-28,Home,69.12,0,2
O007395,2025-12-27,Home,98.95,0,2
O008493,2026-01-24,Electronics,176.64,0,1
O009563,2026-02-27,Apparel,64.29,0,2
O010705,2026-03-27,Apparel,48.67,0,1
O016028,2026-06-01,Electronics,210.85,0,3
O014868,2026-05-31,Home,112.22,0,4
O018051,2026-07-31,Home,73.45,0,3
O017893,2026-07-18,Electronics,144.4,0,5
O003012,2025-10-02,Apparel,60.87,1,4
O011099,2026-03-28,Apparel,31.28,0,2
O011072,2026-03-27,Apparel,33.66,0,2
O003553,2025-10-28,Electronics,119.57,0,6
O003614,2025-10-01,Electronics,168.29,0,3
O008523,2026-01-04,Electronics,144.16,0,2
O013122,2026-04-19,Electronics,133.07,0,3
O001183,2025-08-31,Home,55.17,0,3
O013641,2026-04-23,Home,111.43,0,4
O017817,2026-07-28,Electronics,108.71,0,3
O002775,2025-10-16,Apparel,108.33,0,4
O014271,2026-05-29,Apparel,30.35,0,3
O016163,2026-06-08,Electronics,167.99,0,2
O006907,2025-12-13,Electronics,142.99,0,4
O015621,2026-06-13,Apparel,91.22,0,3
O003780,2025-10-16,Home,62.14,0,4
O003164,2025-10-13,Apparel,65.87,1,2
O015787,2026-06-19,Apparel,62.84,0,3
O001578,2025-09-09,Apparel,18.46,0,4
O010218,2026-02-13,Electronics,226.33,1,5
O010962,2026-03-20,Apparel,55.28,0,5
O008383,2026-01-18,Electronics,39.46,0,2
O010469,2026-02-28,Home,184.18,0,5
O005722,2025-11-14,Home,78.33,0,4
O016197,2026-06-22,Electronics,102.02,0,3
O000857,2025-08-28,Electronics,193.59,0,2
O010991,2026-03-21,Apparel,42.71,0,3
O009335,2026-02-16,Apparel,8.52,0,4
O013384,2026-04-09,Home,14.41,0,3
O005427,2025-11-08,Home,140.85,0,3
O005459,2025-11-24,Home,68.33,0,2
O014345,2026-05-28,Electronics,149.55,0,3
O003745,2025-10-16,Home,53.95,0,3
O014463,2026-05-06,Electronics,155.58,0,3
O012021,2026-03-13,Home,68.67,0,4
O002805,2025-10-01,Apparel,64.86,0,4
O010576,2026-02-17,Home,128.27,0,3
O009375,2026-02-24,Apparel,112.6,0,2
O014186,2026-05-26,Apparel,103.31,0,4
O008706,2026-01-07,Electronics,167.73,0,2
O006430,2025-12-03,Apparel,59.73,0,3
O016844,2026-07-02,Apparel,58.84,0,1
O003907,2025-10-01,Home,44.71,0,3
O005060,2025-11-09,Electronics,185.12,0,2
O011700,2026-03-05,Electronics,145.84,0,1
O003629,2025-10-09,Electronics,143.79,0,2
O006912,2025-12-04,Electronics,191.46,0,4
O010172,2026-02-03,Electronics,160.2,0,1
O001049,2025-08-08,Home,16.06,0,1
O003883,2025-10-08,Home,65.0,0,2
O002533,2025-09-16,Home,99.51,0,4
O003657,2025-10-01,Electronics,140.43,0,5
O012722,2026-04-29,Apparel,122.8,0,3
O002172,2025-09-30,Electronics,183.25,0,2
O012627,2026-04-19,Apparel,116.18,0,2
O010153,2026-02-23,Electronics,128.83,0,3
O015948,2026-06-26,Electronics,156.75,0,1
O015943,2026-06-08,Electronics,32.31,0,1
O017896,2026-07-17,Electronics,107.86,0,3
O017230,2026-07-04,Apparel,81.24,0,3
O011589,2026-03-23,Electronics,137.35,0,4
O005935,2025-12-17,Apparel,55.55,0,4
O008971,2026-01-29,Home,36.16,0,2
O010170,2026-02-19,Electronics,180.29,0,2
O003207,2025-10-09,Apparel,53.66,0,2
O001470,2025-09-16,Apparel,72.59,0,4
O013215,2026-04-06,Electronics,156.76,0,2
O011549,2026-03-25,Electronics,232.05,1,5
O006537,2025-12-27,Electronics,114.28,0,4
O006601,2025-12-09,Electronics,212.48,0,3
O009070,2026-01-07,Home,71.43,0,4
O006829,2025-12-22,Electronics,251.89,0,5
O017327,2026-07-10,Apparel,53.93,0,3
O003734,2025-10-16,Electronics,17.62,0,4
O006611,2025-12-24,Electronics,77.39,1,2
O004411,2025-11-14,Apparel,53.96,0,1
O008450,2026-01-05,Electronics,129.43,0,4
O014995,2026-05-25,Home,77.61,0,3
O008228,2026-01-07,Apparel,53.92,0,3
O008386,2026-01-27,Electronics,309.93,0,1
O017837,2026-07-02,Electronics,101.84,0,3
O014365,2026-05-24,Electronics,114.61,1,3
O016511,2026-06-24,Home,62.42,0,2
O001005,2025-08-31,Home,146.73,0,2
O009935,2026-02-23,Electronics,155.96,0,2
O004571,2025-11-27,Apparel,64.15,1,4
O015932,2026-06-04,Electronics,162.18,0,3
O011214,2026-03-02,Apparel,52.97,0,3
O006092,2025-12-11,Apparel,47.12,0,2
O016551,2026-06-28,Home,72.83,0,3
O005641,2025-11-25,Home,60.67,0,5
O016068,2026-06-22,Electronics,238.34,0,5
O003844,2025-10-05,Home,120.33,0,3
O001466,2025-09-04,Apparel,68.1,1,5
O004962,2025-11-30,Electronics,246.22,0,4
O000027,2025-08-03,Apparel,65.54,0,2
O001533,2025-09-18,Apparel,8,0,2
O005808,2025-12-15,Apparel,74.47,0,3
O008008,2026-01-28,Apparel,27.28,0,4
O009649,2026-02-04,Apparel,71.11,1,4
O012946,2026-04-11,Electronics,107.09,1,4
O006549,2025-12-24,Electronics,50.56,0,3
O008346,2026-01-23,Electronics,83.26,0,3
O015462,2026-06-17,Apparel,17.49,0,3
O001608,2025-09-17,Apparel,67.54,1,2
O008844,2026-01-05,Home,8,0,3
O017457,2026-07-16,Apparel,8,0,2
O000259,2025-08-08,Apparel,43.51,0,3
O004527,2025-11-03,Apparel,23.08,0,2
O009875,2026-02-25,Electronics,105.61,0,3
O006448,2025-12-09,Apparel,33.96,0,2
O011065,2026-03-03,Apparel,109.79,0,3
O018245,2026-07-19,Home,45.52,0,4
O017785,2026-07-11,Electronics,83.87,0,2
O010981,2026-03-01,Apparel,42.0,0,6
O001753,2025-09-10,Apparel,20.08,0,7
O016124,2026-06-05,Electronics,184.68,0,3
O008101,2026-01-10,Apparel,46.43,1,5
O008654,2026-01-07,Electronics,21.73,0,3
O009023,2026-01-24,Home,64.88,0,3
O013095,2026-04-05,Electronics,124.02,0,1
O004673,2025-11-11,Apparel,35.22,1,1
O002309,2025-09-14,Electronics,141.74,0,4
O015042,2026-05-03,Home,150.0,0,2
O016583,2026-06-25,Home,110.39,0,4
O015452,2026-06-19,Apparel,82.95,0,3
O009333,2026-02-10,Apparel,65.48,1,2
O007081,2025-12-21,Electronics,8,0,2
O010980,2026-03-29,Apparel,42.71,0,3
O009522,2026-02-07,Apparel,25.18,0,3
O002481,2025-09-28,Home,72.15,0,2
O004015,2025-10-28,Home,8,0,1
O010094,2026-02-01,Electronics,150.8,0,3
O010426,2026-02-20,Home,8,0,1
O004733,2025-11-01,Apparel,96.79,0,3
O003248,2025-10-28,Apparel,95.15,0,1
O017654,2026-07-28,Electronics,211.51,0,3
O009503,2026-02-12,Apparel,62.64,0,3
O017264,2026-07-29,Apparel,44.11,0,2
O006631,2025-12-25,Electronics,122.58,0,1
O000281,2025-08-09,Apparel,46.38,0,3
O013649,2026-04-09,Home,39.54,0,3
O004486,2025-11-14,Apparel,32.48,1,3
O009527,2026-02-07,Apparel,89.29,0,1
O012869,2026-04-09,Electronics,114.41,0,3
O007981,2026-01-23,Apparel,63.1,0,3
O009317,2026-02-04,Apparel,59.48,0,3
O014695,2026-05-24,Electronics,106.99,0,2
O001442,2025-09-23,Apparel,47.22,1,4
O013682,2026-05-14,Apparel,107.8,0,3
O007786,2026-01-02,Apparel,47.41,0,4
O010175,2026-02-13,Electronics,326.9,1,4
O005902,2025-12-23,Apparel,30.6,0,6
O002261,2025-09-20,Electronics,101.92,0,5
O001594,2025-09-11,Apparel,54.98,0,2
O017657,2026-07-19,Electronics,181.83,0,4
O014911,2026-05-17,Home,108.03,0,5
O018139,2026-07-15,Home,55.47,1,4
O005761,2025-12-12,Apparel,84.38,0,3
O001478,2025-09-01,Apparel,8,0,2
O018351,2026-07-29,Home,91.96,0,4
O003840,2025-10-08,Home,66.51,0,2
O012375,2026-04-26,Apparel,65.1,1,1
O015669,2026-06-25,Apparel,12.88,0,3
O002090,2025-09-17,Electronics,209.84,0,1
O007833,2026-01-21,Apparel,88.36,0,3
O009720,2026-02-12,Apparel,62.18,0,2
O011210,2026-03-18,Apparel,14.91,0,4
O000298,2025-08-17,Apparel,49.42,1,4
O002136,2025-09-29,Electronics,69.48,0,5
O002759,2025-10-23,Apparel,81.61,0,2
O011398,2026-03-12,Electronics,90.84,0,3
O014252,2026-05-30,Apparel,65.03,0,4
O010964,2026-03-19,Apparel,70.16,0,2
O010464,2026-02-16,Home,95.98,0,5
O014494,2026-05-25,Electronics,202.6,0,4
O001930,2025-09-26,Electronics,62.02,0,3
O016812,2026-06-07,Home,108.29,0,1
O015950,2026-06-12,Electronics,223.19,0,4
O005843,2025-12-22,Apparel,62.57,0,4
O014313,2026-05-13,Apparel,63.14,1,4
O007810,2026-01-11,Apparel,73.42,0,4
O009133,2026-01-11,Home,100.74,0,3
O011766,2026-03-25,Home,130.17,0,2
O018328,2026-07-31,Home,91.51,0,1
O004243,2025-11-15,Apparel,61.9,1,1
O006880,2025-12-28,Electronics,86.22,0,5
O000866,2025-08-06,Electronics,193.73,0,2
O015468,2026-06-08,Apparel,39.75,0,2
O008459,2026-01-02,Electronics,127.22,0,3
O004455,2025-11-03,Apparel,33.12,0,3
O014268,2026-05-24,Apparel,88.34,1,3
O016017,2026-06-09,Electronics,118.32,0,3
O009574,2026-02-16,Apparel,52.64,0,4
O014004,2026-05-13,Apparel,66.34,0,2
O008085,2026-01-27,Apparel,60.82,0,4
O003602,2025-10-03,Electronics,225.79,0,3
O000924,2025-08-11,Electronics,84.79,0,2
O009721,2026-02-02,Apparel,31.25,0,3
O011490,2026-03-23,Electronics,67.29,0,3
O001035,2025-08-27,Home,149.34,0,2
O000902,2025-08-19,Electronics,188.39,0,3
O010219,2026-02-25,Electronics,207.07,1,4
O017588,2026-07-25,Electronics,185.56,0,2
O011334,2026-03-26,Electronics,100.27,0,4
O014241,2026-05-30,Apparel,91.16,1,4
O002986,2025-10-16,Apparel,85.54,0,4
O006822,2025-12-01,Electronics,113.01,0,2
O011922,2026-03-01,Home,90.58,0,3
O008049,2026-01-19,Apparel,22.93,0,3
O001949,2025-09-09,Electronics,83.1,0,3
O002539,2025-09-03,Home,77.15,0,2
O010503,2026-02-11,Home,90.34,0,1
O011580,2026-03-14,Electronics,252.44,0,4
O003636,2025-10-16,Electronics,8,0,4
O002102,2025-09-30,Electronics,190.8,0,4
O011441,2026-03-31,Electronics,121.11,0,4
O010012,2026-02-02,Electronics,194.05,1,4
O006847,2025-12-21,Electronics,110.22,0,2
O004325,2025-11-09,Apparel,115.13,1,3
O002761,2025-10-07,Apparel,28.75,0,5
O002366,2025-09-24,Home,110.83,0,4
O007733,2025-12-15,Home,89.01,0,2
O003971,2025-10-22,Home,103.4,0,4
O016383,2026-06-17,Electronics,80.09,0,1
O004642,2025-11-19,Apparel,36.45,0,4
O011544,2026-03-21,Electronics,172.53,0,1
O011598,2026-03-10,Electronics,112.35,0,3
O009177,2026-01-01,Home,24.14,0,4
O014854,2026-05-14,Home,17.32,0,4
O009175,2026-01-27,Home,58.24,0,4
O005964,2025-12-30,Apparel,55.87,0,1
O003818,2025-10-16,Home,48.08,0,3
O006862,2025-12-08,Electronics,160.16,0,3
O015992,2026-06-25,Electronics,225.0,0,3
O013879,2026-05-21,Apparel,50.41,0,2
O015175,2026-05-13,Home,85.23,0,2
O011911,2026-03-21,Home,73.75,0,4
O007341,2025-12-08,Home,79.46,0,2
O012505,2026-04-12,Apparel,67.28,0,2
O008405,2026-01-24,Electronics,105.3,0,5
O012008,2026-03-22,Home,66.84,0,1
O010046,2026-02-24,Electronics,197.49,0,3
O015646,2026-06-25,Apparel,57.43,0,2
O009630,2026-02-14,Apparel,72.92,0,5
O004042,2025-10-15,Home,108.44,0,2
O010022,2026-02-04,Electronics,179.28,0,2
O011102,2026-03-18,Apparel,101.23,0,1
O017649,2026-07-15,Electronics,340.23,0,3
O009105,2026-01-13,Home,105.84,0,4
O010923,2026-03-05,Apparel,75.32,0,2
O018025,2026-07-17,Home,75.28,0,4
O006926,2025-12-08,Electronics,82.83,0,2
O006920,2025-12-12,Electronics,201.36,0,5
O012999,2026-04-26,Electronics,131.57,0,2
O017104,2026-07-06,Apparel,14.43,0,3
O002195,2025-09-13,Electronics,94.37,1,5
O008030,2026-01-11,Apparel,111.68,0,3
O013056,2026-04-27,Electronics,117.79,0,3
O000427,2025-08-23,Apparel,69.57,0,1
O001351,2025-09-26,Apparel,60.16,0,4
O005794,2025-12-13,Apparel,12.36,0,2
O011880,2026-03-17,Home,47.16,0,3
O004192,2025-11-23,Apparel,74.77,1,2
O010599,2026-02-16,Home,124.4,0,3
O007925,2026-01-11,Apparel,14.87,0,3
O017233,2026-07-20,Apparel,40.24,0,5
O011064,2026-03-05,Apparel,90.61,1,1
O007333,2025-12-22,Home,146.26,1,3
O009710,2026-02-15,Apparel,48.55,0,2
O010228,2026-02-14,Electronics,117.31,0,2
O016567,2026-06-21,Home,57.02,0,4
O017057,2026-07-11,Apparel,120.07,0,2
O015123,2026-05-19,Home,99.88,0,2
O015569,2026-06-25,Apparel,41.98,0,2
O008760,2026-01-23,Electronics,76.93,0,4
O007023,2025-12-05,Electronics,70.05,0,2
O002377,2025-09-19,Home,157.33,0,4
O010084,2026-02-16,Electronics,150.96,0,2
O013019,2026-04-08,Electronics,53.43,0,5
O010245,2026-02-17,Electronics,233.85,0,3
O012152,2026-03-07,Home,47.66,0,4
O014025,2026-05-10,Apparel,45.18,0,3
O000830,2025-08-31,Electronics,91.36,0,3
O000771,2025-08-11,Electronics,133.98,0,5
O014614,2026-05-06,Electronics,61.39,0,3
O010903,2026-03-26,Apparel,8,0,6
O002051,2025-09-21,Electronics,30.83,0,4
O017670,2026-07-27,Electronics,36.54,0,3
O016658,2026-06-24,Home,73.56,0,3
O010275,2026-02-05,Electronics,98.35,0,3
O010672,2026-02-19,Home,89.62,0,4
O006606,2025-12-30,Electronics,189.68,0,4
O003671,2025-10-12,Electronics,31.74,0,2
O002199,2025-09-12,Electronics,146.35,0,4
O014298,2026-05-25,Apparel,112.1,0,3
O007134,2025-12-03,Electronics,213.43,1,3
O001791,2025-09-15,Apparel,55.1,0,3
O002143,2025-09-06,Electronics,112.36,0,3
O006949,2025-12-14,Electronics,198.24,0,4
O011265,2026-03-20,Apparel,64.89,0,3
O003550,2025-10-27,Electronics,38.12,0,2
O017341,2026-07-25,Apparel,60.03,0,4
O013690,2026-05-11,Apparel,72.03,0,3
O010912,2026-03-25,Apparel,84.14,1,3
O004694,2025-11-23,Apparel,113.52,0,2
O007385,2025-12-22,Home,79.56,0,2
O003343,2025-10-12,Electronics,106.32,0,4
O013911,2026-05-01,Apparel,71.87,0,2
O007947,2026-01-02,Apparel,75.66,0,4
O005836,2025-12-15,Apparel,46.33,0,5
O013151,2026-04-05,Electronics,217.53,0,3
O010331,2026-02-24,Home,37.43,0,4
O009334,2026-02-23,Apparel,58.12,1,4
O014466,2026-05-21,Electronics,8,0,2
O011408,2026-03-15,Electronics,245.58,0,2
O015046,2026-05-15,Home,89.52,0,3
O016476,2026-06-21,Home,105.17,0,3
O011317,2026-03-10,Electronics,145.29,0,3
O005504,2025-11-05,Home,8,0,2
O003617,2025-10-19,Electronics,114.72,0,5
O003321,2025-10-05,Electronics,218.27,0,3
O007113,2025-12-10,Electronics,84.31,0,3
O015043,2026-05-14,Home,8,0,3
O012986,2026-04-01,Electronics,161.44,0,3
O005437,2025-11-07,Home,113.84,0,4
O007631,2025-12-31,Home,40.64,0,4
O006338,2025-12-19,Apparel,46.58,0,4
O005035,2025-11-24,Electronics,108.1,0,4
O001330,2025-08-18,Home,102.65,0,4
O004633,2025-11-24,Apparel,69.55,0,5
O015844,2026-06-15,Apparel,73.57,0,3
O001569,2025-09-16,Apparel,48.45,0,2
O001964,2025-09-13,Electronics,149.85,0,4
O003305,2025-10-15,Electronics,134.42,0,3
O002820,2025-10-02,Apparel,91.88,1,3
O018215,2026-07-21,Home,129.09,0,2
O015329,2026-06-27,Apparel,62.0,0,3
O008724,2026-01-05,Electronics,182.12,0,2
O012555,2026-04-30,Apparel,49.33,0,4
O018167,2026-07-25,Home,103.02,0,4
O006348,2025-12-17,Apparel,8,0,2
O011673,2026-03-24,Electronics,63.48,1,3
O005486,2025-11-18,Home,121.38,0,6
O004655,2025-11-08,Apparel,80.74,0,4
O010989,2026-03-28,Apparel,93.53,1,2
O017726,2026-07-16,Electronics,79.26,0,3
O013365,2026-04-08,Home,108.2,0,3
O006762,2025-12-22,Electronics,76.46,0,2
O016961,2026-07-19,Apparel,90.74,0,3
O012438,2026-04-22,Apparel,22.8,0,3
O014370,2026-05-07,Electronics,137.0,0,3
O010039,2026-02-22,Electronics,8,0,3
O003653,2025-10-30,Electronics,205.23,0,4
O001939,2025-09-04,Electronics,298.49,0,3
O002730,2025-10-04,Apparel,87.23,0,3
O010028,2026-02-04,Electronics,194.54,0,3
O014015,2026-05-18,Apparel,84.5,0,3
O017476,2026-07-10,Apparel,60.53,0,2
O004732,2025-11-17,Apparel,73.54,0,4
O013777,2026-05-26,Apparel,38.2,0,4
O015044,2026-05-23,Home,102.52,0,5
O003928,2025-10-12,Home,52.78,0,4
O008853,2026-01-01,Home,68.73,0,2
O015862,2026-06-30,Apparel,38.32,0,4
O015538,2026-06-01,Apparel,46.14,0,2
O005602,2025-11-21,Home,158.02,0,2
O018141,2026-07-15,Home,88.78,0,3
O003714,2025-10-02,Electronics,172.76,1,6
O018204,2026-07-16,Home,64.38,0,3
O014044,2026-05-05,Apparel,50.12,0,6
O013829,2026-05-08,Apparel,72.64,0,4
O005779,2025-12-03,Apparel,123.62,0,5
O016735,2026-06-22,Home,84.92,0,4
O010422,2026-02-06,Home,89.73,0,2
O007709,2025-12-17,Home,50.63,0,3
O013263,2026-04-03,Electronics,298.81,0,4
O010303,2026-02-17,Home,60.56,0,4
O018209,2026-07-13,Home,85.67,0,3
O006922,2025-12-03,Electronics,271.67,0,3
O014260,2026-05-29,Apparel,88.55,0,3
O010809,2026-03-05,Apparel,40.68,0,2
O012865,2026-04-15,Electronics,189.83,0,3
O016984,2026-07-26,Apparel,8,0,5
O010969,2026-03-25,Apparel,74.57,0,4
O010983,2026-03-18,Apparel,74.53,1,3
O003744,2025-10-18,Home,138.03,0,5
O010277,2026-02-06,Home,104.2,0,3
O006748,2025-12-19,Electronics,196.36,0,3
O013256,2026-04-23,Electronics,230.71,0,1
O003947,2025-10-30,Home,110.99,0,3
O007288,2025-12-23,Home,67.69,0,3
O014958,2026-05-24,Home,141.7,0,4
O008188,2026-01-13,Apparel,74.57,1,3
O007923,2026-01-14,Apparel,46.62,0,3
O004561,2025-11-27,Apparel,79.36,0,3
O001342,2025-09-03,Apparel,70.28,0,4
O010731,2026-03-05,Apparel,98.31,0,4
O015067,2026-05-21,Home,55.98,0,3
O013556,2026-04-22,Home,95.56,0,2
O001634,2025-09-25,Apparel,20.97,0,2
O008522,2026-01-31,Electronics,52.22,0,5
O010184,2026-02-07,Electronics,102.41,0,5
O011233,2026-03-24,Apparel,82.16,0,4
O004918,2025-11-02,Electronics,193.61,0,4
O000166,2025-08-12,Apparel,78.85,0,3
O017815,2026-07-24,Electronics,108.1,1,3
O016542,2026-06-28,Home,60.19,0,5
O009900,2026-02-17,Electronics,234.09,1,2
O005061,2025-11-23,Electronics,111.59,0,6
O008940,2026-01-29,Home,67.03,1,4
O007816,2026-01-04,Apparel,74.0,1,4
O006042,2025-12-04,Apparel,8,0,1
O011204,2026-03-28,Apparel,42.76,0,4
O002564,2025-09-12,Home,154.16,0,2
O004996,2025-11-08,Electronics,146.51,0,4
O003952,2025-10-04,Home,125.23,0,4
O011415,2026-03-19,Electronics,152.21,0,3
O002510,2025-09-03,Home,61.06,0,4
O004691,2025-11-23,Apparel,68.61,0,2
O008728,2026-01-08,Electronics,81.15,0,5
O009967,2026-02-22,Electronics,121.67,0,3
O003799,2025-10-10,Home,155.65,0,3
O005682,2025-11-20,Home,86.25,0,4
O000168,2025-08-24,Apparel,35.0,0,2
O004865,2025-11-14,Electronics,97.49,0,5
O014273,2026-05-07,Apparel,58.81,0,2
O002518,2025-09-13,Home,154.05,0,3
O004088,2025-10-24,Home,74.56,0,4
O003374,2025-10-31,Electronics,161.88,0,3
O018078,2026-07-21,Home,135.54,0,1
O004809,2025-11-15,Electronics,164.66,0,3
O016538,2026-06-10,Home,84.87,0,1
O006480,2025-12-22,Apparel,95.76,0,5
O006943,2025-12-07,Electronics,151.45,0,4
O016630,2026-06-27,Home,27.49,0,3
O013930,2026-05-10,Apparel,54.69,0,2
O008738,2026-01-28,Electronics,233.95,0,2
O017279,2026-07-29,Apparel,90.73,0,4
O005735,2025-11-02,Home,72.91,0,4
O014192,2026-05-30,Apparel,41.12,0,2
O000257,2025-08-16,Apparel,66.36,0,4
O007721,2025-12-27,Home,190.95,0,4
O002711,2025-09-20,Home,8,0,2
O009554,2026-02-13,Apparel,55.18,0,3
O015811,2026-06-07,Apparel,68.06,1,3
O000962,2025-08-01,Home,88.79,0,3
O013232,2026-04-10,Electronics,135.56,0,3
O014507,2026-05-23,Electronics,174.01,0,3
O010448,2026-02-11,Home,131.95,0,3
O011702,2026-03-24,Electronics,117.73,0,3
O001043,2025-08-14,Home,52.97,0,5
O007355,2025-12-29,Home,37.36,0,3
O002916,2025-10-26,Apparel,64.3,0,2
O017887,2026-07-19,Electronics,154.79,0,4
O015746,2026-06-22,Apparel,69.13,0,3
O004925,2025-11-01,Electronics,48.12,0,2
O012086,2026-03-31,Home,63.05,0,5
O003453,2025-10-27,Electronics,89.34,0,4
O007014,2025-12-28,Electronics,349.12,0,4
O003361,2025-10-11,Electronics,165.76,0,2
O015987,2026-06-29,Electronics,119.03,0,2
O008297,2026-01-19,Apparel,65.69,0,5
O013518,2026-04-27,Home,53.74,0,3
O014330,2026-05-02,Electronics,178.94,0,3
O007248,2025-12-14,Home,78.43,0,4
O011728,2026-03-30,Electronics,208.13,0,2
O004885,2025-11-12,Electronics,118.44,0,2
O017554,2026-07-28,Electronics,90.72,0,3
O010300,2026-02-14,Home,42.5,0,5
O005529,2025-11-18,Home,126.98,0,2
O002231,2025-09-07,Electronics,189.1,0,2
O006640,2025-12-03,Electronics,79.79,0,1
O007866,2026-01-20,Apparel,47.61,0,3
O000260,2025-08-11,Apparel,41.57,1,2
O001353,2025-09-16,Apparel,40.19,1,4
O013170,2026-04-07,Electronics,134.26,0,4
O014244,2026-05-21,Apparel,57.39,0,1
O010397,2026-02-01,Home,81.68,0,3
O004768,2025-11-15,Electronics,220.21,0,3
O011597,2026-03-11,Electronics,151.94,0,4
O000169,2025-08-24,Apparel,8,0,3
O002169,2025-09-14,Electronics,204.88,0,3
O010653,2026-02-05,Home,99.77,0,2
O017440,2026-07-05,Apparel,39.39,0,3
O006530,2025-12-20,Electronics,98.51,0,2
O005938,2025-12-24,Apparel,36.61,0,2
O006850,2025-12-08,Electronics,52.41,0,2
O005570,2025-11-10,Home,99.57,0,4
O017367,2026-07-17,Apparel,41.57,0,4
O015180,2026-05-26,Home,85.94,0,5
O006781,2025-12-24,Electronics,220.77,0,4
O004089,2025-10-17,Home,76.19,0,4
O009308,2026-02-08,Apparel,137.33,1,3
O002648,2025-09-19,Home,115.5,0,4
O013590,2026-04-03,Home,121.77,0,5
O004161,2025-11-19,Apparel,73.08,0,4
O011786,2026-03-10,Home,107.31,0,3
O000274,2025-08-25,Apparel,104.4,0,3
O015197,2026-05-12,Home,79.32,0,3
O014324,2026-05-24,Electronics,126.0,0,3
O007064,2025-12-22,Electronics,150.42,0,2
O014437,2026-05-23,Electronics,82.01,0,4
O007321,2025-12-23,Home,84.71,0,4
O016252,2026-06-27,Electronics,166.41,0,3
O003709,2025-10-02,Electronics,152.31,0,3
O001030,2025-08-11,Home,44.95,0,4
O012213,2026-04-06,Apparel,53.19,1,5
O003739,2025-10-14,Home,134.56,0,3
O007039,2025-12-26,Electronics,171.76,0,4
O001430,2025-09-19,Apparel,75.71,1,1
O004187,2025-11-03,Apparel,31.36,0,3
O008546,2026-01-24,Electronics,198.91,0,5
O006274,2025-12-17,Apparel,64.67,0,4
O006491,2025-12-25,Apparel,34.49,1,2
O006788,2025-12-19,Electronics,53.01,0,3
O013307,2026-04-05,Home,58.7,0,4
O016025,2026-06-17,Electronics,69.49,0,4
O015713,2026-06-01,Apparel,17.97,0,4
O012595,2026-04-15,Apparel,60.56,0,5
O000390,2025-08-21,Apparel,46.98,0,5
O006937,2025-12-28,Electronics,72.26,0,4
O010129,2026-02-02,Electronics,28.49,0,4
O004823,2025-11-13,Electronics,177.45,0,3
O004222,2025-11-10,Apparel,60.99,0,5
O000934,2025-08-14,Electronics,65.62,0,3
O017246,2026-07-18,Apparel,63.31,0,5
O001868,2025-09-05,Apparel,86.39,0,3
O015334,2026-06-03,Apparel,18.91,0,3
O004294,2025-11-24,Apparel,67.55,1,4
O003206,2025-10-29,Apparel,40.61,0,2
O000464,2025-08-15,Apparel,98.32,0,4
O002451,2025-09-24,Home,75.9,0,5
O012365,2026-04-17,Apparel,74.27,0,3
O005914,2025-12-19,Apparel,25.34,1,3
O008456,2026-01-09,Electronics,72.03,0,3
O000402,2025-08-26,Apparel,60.85,1,4
O003860,2025-10-02,Home,114.31,0,4
O006689,2025-12-19,Electronics,133.27,0,4
O001357,2025-09-06,Apparel,40.24,0,4
O012582,2026-04-03,Apparel,41.22,0,4
O017735,2026-07-19,Electronics,174.41,0,2
O004185,2025-11-01,Apparel,8,0,4
O012748,2026-04-03,Apparel,56.53,1,3
O003605,2025-10-19,Electronics,126.97,0,4
O006203,2025-12-30,Apparel,51.29,0,4
O012971,2026-04-22,Electronics,127.5,0,2
O013233,2026-04-25,Electronics,132.35,0,3
O010444,2026-02-18,Home,47.77,0,5
O011910,2026-03-25,Home,38.98,0,2
O012359,2026-04-27,Apparel,62.39,0,3
O013650,2026-04-05,Home,75.0,0,2
O008990,2026-01-08,Home,94.11,0,4
O009957,2026-02-24,Electronics,101.89,0,4
O014486,2026-05-20,Electronics,137.48,0,3
O000089,2025-08-25,Apparel,88.11,0,4
O004607,2025-11-25,Apparel,87.63,0,3
O002447,2025-09-24,Home,71.59,0,2
O009221,2026-02-22,Apparel,57.86,0,5
O002210,2025-09-29,Electronics,210.94,0,4
O000361,2025-08-09,Apparel,61.17,0,4
O014932,2026-05-04,Home,73.96,0,4
O012172,2026-04-20,Apparel,76.29,0,5
O011181,2026-03-05,Apparel,62.76,0,5
O013612,2026-04-10,Home,37.41,0,2
O002623,2025-09-09,Home,83.68,0,4
O003774,2025-10-25,Home,12.73,0,1
O015198,2026-05-05,Home,124.44,0,3
O018395,2026-07-22,Home,130.09,0,4
O017571,2026-07-23,Electronics,66.81,0,5
O015168,2026-05-23,Home,97.81,0,4
O015867,2026-06-20,Apparel,79.86,0,3
O010111,2026-02-12,Electronics,89.67,0,3
O013001,2026-04-25,Electronics,174.53,0,3
O009725,2026-02-04,Apparel,98.75,0,5
O001968,2025-09-25,Electronics,218.61,1,4
O007118,2025-12-30,Electronics,264.17,0,2
O016088,2026-06-15,Electronics,69.31,1,3
O008634,2026-01-13,Electronics,52.07,0,3
O000741,2025-08-19,Electronics,156.3,0,4
O005171,2025-11-11,Electronics,171.9,0,4
O002370,2025-09-26,Home,81.24,0,3
O016363,2026-06-30,Electronics,174.49,0,3
O006533,2025-12-22,Electronics,182.62,0,2
O011799,2026-03-04,Home,74.29,0,3
O007106,2025-12-03,Electronics,276.24,0,4
O004679,2025-11-24,Apparel,82.94,1,5
O014828,2026-05-27,Home,122.0,0,3
O014038,2026-05-30,Apparel,54.45,0,4
O013914,2026-05-07,Apparel,66.81,1,2
O013180,2026-04-16,Electronics,196.81,0,2
O001023,2025-08-11,Home,45.19,0,3
O006945,2025-12-18,Electronics,229.44,0,4
O001711,2025-09-26,Apparel,38.59,0,1
O000192,2025-08-09,Apparel,12.17,0,2
O001849,2025-09-13,Apparel,26.36,0,3
O005369,2025-11-13,Home,86.47,0,1
O010246,2026-02-23,Electronics,128.18,0,4
O004390,2025-11-29,Apparel,72.57,0,3
O017773,2026-07-26,Electronics,185.47,0,1
O002978,2025-10-22,Apparel,79.19,0,3
O008451,2026-01-28,Electronics,159.22,0,3
O005045,2025-11-20,Electronics,123.34,0,3
O003437,2025-10-07,Electronics,113.24,0,2
O006063,2025-12-20,Apparel,44.36,0,2
O009681,2026-02-24,Apparel,61.75,1,3
O003086,2025-10-11,Apparel,52.0,0,3
O016261,2026-06-14,Electronics,198.16,0,4
O017911,2026-07-13,Electronics,48.79,0,2
O001399,2025-09-11,Apparel,41.58,0,4
O013345,2026-04-28,Home,162.83,0,4
O002348,2025-09-03,Home,53.79,1,4
O011001,2026-03-04,Apparel,66.67,0,4
O003644,2025-10-27,Electronics,94.53,0,4
O002947,2025-10-25,Apparel,57.93,0,2
O007815,2026-01-02,Apparel,125.48,0,1
O008377,2026-01-08,Electronics,164.35,0,3
O003149,2025-10-13,Apparel,102.26,0,3
O010834,2026-03-19,Apparel,63.38,1,3
O005906,2025-12-22,Apparel,53.16,1,4
O016997,2026-07-06,Apparel,51.59,0,3
O008043,2026-01-09,Apparel,114.84,0,3
O011775,2026-03-09,Home,61.18,0,6
O004355,2025-11-13,Apparel,46.64,0,3
O006078,2025-12-07,Apparel,62.37,0,2
O006202,2025-12-18,Apparel,19.48,0,4
O016259,2026-06-01,Electronics,226.57,0,3
O004730,2025-11-14,Apparel,118.28,0,4
O006272,2025-12-22,Apparel,102.72,1,3
O010802,2026-03-23,Apparel,50.94,0,5
O003064,2025-10-31,Apparel,110.31,0,2
O014402,2026-05-08,Electronics,219.76,0,4
O002024,2025-09-17,Electronics,160.93,0,3
O006568,2025-12-10,Electronics,227.32,0,4
O013838,2026-05-25,Apparel,34.45,0,3
O009132,2026-01-10,Home,116.19,0,2
O012855,2026-04-29,Electronics,58.39,0,2
O016993,2026-07-21,Apparel,8,0,2
O007670,2025-12-12,Home,99.67,0,3
O012689,2026-04-10,Apparel,51.59,0,2
O012847,2026-04-01,Electronics,60.82,0,3
O001878,2025-09-13,Apparel,98.11,0,3
O006400,2025-12-24,Apparel,38.66,0,3
O007811,2026-01-01,Apparel,87.13,0,2
O012795,2026-04-23,Electronics,39.94,0,3
O010136,2026-02-22,Electronics,98.71,0,3
O009758,2026-02-03,Apparel,70.69,0,3
O010958,2026-03-18,Apparel,76.5,1,4
O011280,2026-03-05,Apparel,44.16,0,3
O009084,2026-01-24,Home,104.65,0,2
O001331,2025-08-13,Home,46.07,0,3
O010897,2026-03-29,Apparel,85.67,0,4
O010015,2026-02-03,Electronics,215.29,0,4
O004403,2025-11-16,Apparel,94.16,1,5
O009306,2026-02-06,Apparel,14.6,0,1
O014758,2026-05-15,Electronics,194.27,0,3
O014586,2026-05-08,Electronics,124.44,1,2
O016449,2026-06-20,Home,201.32,0,3
O013610,2026-04-23,Home,104.47,0,2
O005223,2025-11-01,Electronics,86.08,0,3
O012630,2026-04-02,Apparel,134.89,1,3
O014740,2026-05-17,Electronics,145.81,0,4
O016475,2026-06-29,Home,89.51,0,2
O004826,2025-11-29,Electronics,208.99,0,3
O014295,2026-05-08,Apparel,60.1,0,3
O017092,2026-07-09,Apparel,104.45,0,2
O011119,2026-03-19,Apparel,81.64,0,3
O001366,2025-09-21,Apparel,72.35,0,6
O000815,2025-08-21,Electronics,150.87,0,4
O000533,2025-08-30,Electronics,98.13,0,3
O001387,2025-09-18,Apparel,81.47,1,4
O008435,2026-01-23,Electronics,46.83,0,4
O009323,2026-02-15,Apparel,8,0,3
O003529,2025-10-12,Electronics,100.62,0,3
O016497,2026-06-21,Home,55.76,0,3
O013300,2026-04-17,Home,64.67,0,3
O009174,2026-01-29,Home,23.12,0,3
O004525,2025-11-23,Apparel,112.0,0,2
O002364,2025-09-02,Home,119.99,0,5
O016986,2026-07-18,Apparel,40.59,0,2
O014624,2026-05-11,Electronics,192.47,1,4
O005725,2025-11-26,Home,14.68,0,4
O001202,2025-08-22,Home,122.65,0,2
O002665,2025-09-09,Home,122.34,0,2
O001098,2025-08-01,Home,111.02,0,1
O005220,2025-11-11,Electronics,155.61,0,3
O016345,2026-06-30,Electronics,222.27,0,3
O005970,2025-12-22,Apparel,50.1,0,4
O018021,2026-07-25,Home,52.16,0,3
O018196,2026-07-25,Home,53.4,0,3
O012344,2026-04-16,Apparel,63.98,0,3
O007235,2025-12-12,Home,68.82,0,4
O002268,2025-09-15,Electronics,202.54,0,5
O007760,2026-01-16,Apparel,22.35,0,3
O007702,2025-12-13,Home,63.69,0,4
O015130,2026-05-16,Home,41.57,0,3
O001761,2025-09-23,Apparel,80.18,0,5
O003974,2025-10-26,Home,101.09,0,4
O007518,2025-12-10,Home,150.68,0,2
O007666,2025-12-02,Home,86.95,0,3
O009157,2026-01-22,Home,33.9,0,3
O011691,2026-03-16,Electronics,114.14,1,2
O015616,2026-06-02,Apparel,42.54,0,2
O015288,2026-06-21,Apparel,66.59,0,2
O009288,2026-02-27,Apparel,85.77,1,3
O009781,2026-02-25,Apparel,55.42,0,4
O010872,2026-03-12,Apparel,75.57,0,4
O000042,2025-08-15,Apparel,74.1,1,3
O012829,2026-04-17,Electronics,59.82,0,4
O003825,2025-10-29,Home,121.43,0,4
O008274,2026-01-07,Apparel,22.09,0,1
O014974,2026-05-09,Home,82.41,0,3
O000641,2025-08-23,Electronics,139.67,0,4
O007223,2025-12-30,Home,92.75,0,1
O006066,2025-12-10,Apparel,40.47,0,2
O014257,2026-05-02,Apparel,104.18,1,2
O011353,2026-03-12,Electronics,106.27,0,3
O013847,2026-05-08,Apparel,23.72,1,2
O003599,2025-10-29,Electronics,125.53,0,5
O014019,2026-05-25,Apparel,88.59,0,3
O004671,2025-11-07,Apparel,71.9,0,1
O017088,2026-07-12,Apparel,36.38,0,1
O011581,2026-03-18,Electronics,154.4,0,4
O005247,2025-11-26,Electronics,221.16,0,3
O008789,2026-01-21,Electronics,180.61,0,3
O006709,2025-12-01,Electronics,44.3,0,3
O010306,2026-02-08,Home,116.57,0,6
O014993,2026-05-07,Home,67.87,0,6
O014335,2026-05-18,Electronics,240.74,0,1
O000782,2025-08-17,Electronics,136.72,0,3
O017319,2026-07-05,Apparel,97.04,0,2
O006901,2025-12-30,Electronics,188.33,0,3
O000753,2025-08-30,Electronics,113.32,1,3
O016311,2026-06-25,Electronics,36.31,0,2
O005705,2025-11-20,Home,124.32,1,4
O015222,2026-05-18,Home,40.28,0,3
O004057,2025-10-05,Home,42.05,0,6
O000170,2025-08-10,Apparel,84.04,0,4
O006749,2025-12-16,Electronics,145.99,0,4
O014066,2026-05-09,Apparel,64.28,0,5
O006823,2025-12-31,Electronics,149.3,0,5
O015795,2026-06-26,Apparel,100.8,0,3
O003159,2025-10-08,Apparel,41.95,0,1
O015002,2026-05-17,Home,59.99,0,2
O018179,2026-07-08,Home,39.78,0,1
O016303,2026-06-16,Electronics,77.26,0,4
O008352,2026-01-20,Electronics,172.02,0,4
O012697,2026-04-15,Apparel,99.05,0,2
O015336,2026-06-03,Apparel,28.23,0,4
O007029,2025-12-01,Electronics,193.05,0,3
O007285,2025-12-07,Home,154.65,0,5
O008358,2026-01-08,Electronics,35.28,0,5
O009049,2026-01-09,Home,122.14,0,2
O000375,2025-08-19,Apparel,68.02,0,3
O012081,2026-03-22,Home,93.64,0,5
O014578,2026-05-09,Electronics,132.01,0,1
O008137,2026-01-23,Apparel,46.35,0,3
O000264,2025-08-17,Apparel,90.84,0,3
O002525,2025-09-18,Home,118.18,1,6
O004630,2025-11-03,Apparel,18.01,0,2
O017069,2026-07-12,Apparel,70.79,0,3
O002527,2025-09-01,Home,138.66,0,4
O009382,2026-02-02,Apparel,48.79,0,4
O002812,2025-10-21,Apparel,88.36,0,4
O009573,2026-02-21,Apparel,74.42,1,4
O005968,2025-12-27,Apparel,11.55,0,3
O001901,2025-09-07,Electronics,133.71,0,5
O013872,2026-05-02,Apparel,54.25,1,1
O014250,2026-05-09,Apparel,102.67,0,3
O011531,2026-03-04,Electronics,129.5,0,3
O014664,2026-05-02,Electronics,130.21,0,3
O012921,2026-04-28,Electronics,226.98,0,6
O003353,2025-10-17,Electronics,171.14,0,3
O005435,2025-11-19,Home,120.11,1,2
O018013,2026-07-11,Home,74.01,0,3
O005709,2025-11-22,Home,145.86,0,3
O006614,2025-12-11,Electronics,184.82,0,2
O009536,2026-02-27,Apparel,26.26,0,4
O006981,2025-12-03,Electronics,32.24,0,5
O016224,2026-06-21,Electronics,172.79,0,3
O010294,2026-02-26,Home,8,0,2
O016557,2026-06-11,Home,41.12,0,4
O017525,2026-07-20,Electronics,176.41,0,4
O005563,2025-11-17,Home,77.14,0,4
O008575,2026-01-16,Electronics,207.99,0,4
O013984,2026-05-20,Apparel,8,0,4
O012265,2026-04-10,Apparel,74.32,0,4
O002997,2025-10-09,Apparel,72.31,0,2
O016072,2026-06-21,Electronics,229.34,0,2
O015855,2026-06-20,Apparel,79.21,0,2
O011984,2026-03-17,Home,24.2,0,3
O004410,2025-11-24,Apparel,34.29,0,6
O016548,2026-06-07,Home,78.1,0,1
O001638,2025-09-26,Apparel,71.37,0,3
O011806,2026-03-02,Home,85.88,1,4
O011747,2026-03-01,Electronics,114.59,0,3
O003228,2025-10-17,Apparel,47.44,0,4
O009866,2026-02-24,Electronics,184.98,0,3
O003896,2025-10-11,Home,108.19,0,4
O002874,2025-10-14,Apparel,38.22,0,3
O009854,2026-02-02,Electronics,156.31,0,3
O011153,2026-03-12,Apparel,76.54,0,3
O004637,2025-11-18,Apparel,108.7,0,3
O004696,2025-11-21,Apparel,61.91,1,3
O003117,2025-10-03,Apparel,67.78,0,3
O017463,2026-07-08,Apparel,32.88,0,5
O003976,2025-10-29,Home,119.22,0,2
O007516,2025-12-05,Home,146.16,0,3
O017776,2026-07-25,Electronics,115.39,1,3
O014931,2026-05-10,Home,218.51,0,3
O006879,2025-12-31,Electronics,48.83,0,2
O003128,2025-10-20,Apparel,84.01,0,5
O003880,2025-10-15,Home,115.92,0,4
O004268,2025-11-11,Apparel,73.43,0,3
O000886,2025-08-26,Electronics,102.28,0,5
O004798,2025-11-08,Electronics,110.1,0,3
O011710,2026-03-12,Electronics,204.57,0,4
O013523,2026-04-15,Home,79.58,0,3
O009124,2026-01-15,Home,130.74,0,4
O014543,2026-05-06,Electronics,115.61,0,4
O006934,2025-12-31,Electronics,239.56,0,4
O008033,2026-01-20,Apparel,51.83,0,5
O006505,2025-12-09,Apparel,56.86,0,2
O007451,2025-12-28,Home,109.65,0,5
O003122,2025-10-04,Apparel,55.05,0,3
O002168,2025-09-19,Electronics,155.25,0,2
O001950,2025-09-26,Electronics,25.86,0,2
O016573,2026-06-16,Home,56.05,0,4
O015931,2026-06-28,Electronics,145.17,0,5
O008210,2026-01-15,Apparel,84.99,0,2
O000327,2025-08-22,Apparel,29.07,0,3
O015475,2026-06-17,Apparel,64.73,0,2
O006307,2025-12-10,Apparel,71.53,0,4
O005225,2025-11-11,Electronics,182.25,0,5
O018214,2026-07-17,Home,102.67,1,1
O013415,2026-04-29,Home,119.64,0,4
O006968,2025-12-23,Electronics,88.93,0,2
O010634,2026-02-22,Home,46.95,0,4
O003906,2025-10-22,Home,102.51,0,2
O012526,2026-04-14,Apparel,99.64,0,4
O008807,2026-01-31,Electronics,81.46,0,5
O015162,2026-05-13,Home,92.15,0,3
O007230,2025-12-21,Home,144.41,0,5
O002260,2025-09-22,Electronics,196.4,0,3
O009012,2026-01-19,Home,85.18,0,3
O012563,2026-04-25,Apparel,90.29,0,2
O007944,2026-01-19,Apparel,64.39,0,2
O005831,2025-12-06,Apparel,60.36,0,2
O014009,2026-05-12,Apparel,95.79,0,3
O008795,2026-01-15,Electronics,219.0,0,4
O002181,2025-09-13,Electronics,218.03,0,2
O016411,2026-06-16,Home,78.74,0,4
O013139,2026-04-12,Electronics,180.88,0,4
O005469,2025-11-18,Home,140.21,0,4
O001179,2025-08-24,Home,39.03,0,4
O014245,2026-05-09,Apparel,54.65,0,1
O003454,2025-10-12,Electronics,191.93,0,3
O004678,2025-11-12,Apparel,8,0,3
O000530,2025-08-14,Electronics,46.71,0,2
O011714,2026-03-02,Electronics,175.89,0,2
O003677,2025-10-09,Electronics,249.07,0,3
O014623,2026-05-13,Electronics,126.57,0,4
O009464,2026-02-22,Apparel,49.13,0,4
O011366,2026-03-12,Electronics,144.65,0,1
O015758,2026-06-08,Apparel,83.29,0,2
O011044,2026-03-05,Apparel,27.47,0,3
O003936,2025-10-27,Home,79.98,0,3
O002587,2025-09-09,Home,90.18,0,3
O012965,2026-04-11,Electronics,227.44,0,3
O004574,2025-11-30,Apparel,73.53,0,3
O018094,2026-07-26,Home,93.13,0,3
O005995,2025-12-28,Apparel,37.8,0,2
O016480,2026-06-24,Home,103.0,0,3
O001358,2025-09-16,Apparel,41.47,0,3
O000527,2025-08-05,Electronics,113.5,0,3
O002551,2025-09-24,Home,132.53,0,5
O008501,2026-01-07,Electronics,89.96,0,2
O006106,2025-12-15,Apparel,100.72,1,1
O017663,2026-07-18,Electronics,168.04,0,4
O013419,2026-04-23,Home,152.0,0,1
O011657,2026-03-12,Electronics,78.56,0,3
O003577,2025-10-04,Electronics,110.12,0,3
O006706,2025-12-13,Electronics,155.01,0,3
O005495,2025-11-10,Home,131.07,0,2
O009403,2026-02-11,Apparel,46.8,0,5
O004576,2025-11-21,Apparel,99.35,0,5
O009004,2026-01-19,Home,78.8,0,4
O010059,2026-02-05,Electronics,198.55,0,3
O016248,2026-06-29,Electronics,90.42,0,3
O000724,2025-08-15,Electronics,142.5,0,5
O002329,2025-09-26,Electronics,66.93,0,2
O018394,2026-07-22,Home,60.38,0,3
O009841,2026-02-21,Electronics,16.57,0,2
O005377,2025-11-10,Home,150.27,0,3
O008764,2026-01-31,Electronics,159.19,0,2
O006111,2025-12-07,Apparel,36.02,0,3
O006115,2025-12-02,Apparel,92.44,1,4
O008870,2026-01-19,Home,107.85,0,4
O014536,2026-05-08,Electronics,72.07,0,2
O017022,2026-07-14,Apparel,42.18,0,1
O005771,2025-12-02,Apparel,114.76,1,3
O007060,2025-12-26,Electronics,174.3,0,5
O014671,2026-05-13,Electronics,206.66,0,4
O003593,2025-10-03,Electronics,186.6,0,6
O015537,2026-06-04,Apparel,37.74,0,3
O006459,2025-12-11,Apparel,85.39,0,2
O013073,2026-04-05,Electronics,98.47,0,3
O018243,2026-07-20,Home,76.91,0,2
O017454,2026-07-31,Apparel,75.48,0,2
O005506,2025-11-09,Home,65.59,0,4
O013560,2026-04-26,Home,60.15,0,4
O017951,2026-07-28,Electronics,204.89,0,4
O014125,2026-05-10,Apparel,69.75,0,2
O007326,2025-12-08,Home,60.12,0,4
O003522,2025-10-24,Electronics,137.57,0,3
O012706,2026-04-14,Apparel,61.64,0,3
O002105,2025-09-11,Electronics,93.17,0,4
O015268,2026-06-02,Apparel,69.21,0,2
O003235,2025-10-12,Apparel,112.9,0,4
O006619,2025-12-24,Electronics,74.0,0,3
O012433,2026-04-01,Apparel,82.56,0,2
O003951,2025-10-08,Home,63.89,0,4
O014682,2026-05-19,Electronics,92.27,0,4
O009161,2026-01-02,Home,36.53,0,5
O012969,2026-04-08,Electronics,227.33,0,5
O010266,2026-02-05,Electronics,204.72,0,4
O007493,2025-12-21,Home,126.73,0,4
O007220,2025-12-30,Home,108.73,0,3
O016086,2026-06-21,Electronics,163.3,0,2
O007858,2026-01-22,Apparel,85.01,1,4
O005173,2025-11-06,Electronics,131.49,0,3
O006351,2025-12-30,Apparel,103.58,1,2
O006658,2025-12-26,Electronics,195.84,0,3
O011763,2026-03-27,Home,121.09,0,2
O001774,2025-09-01,Apparel,60.68,1,3
O009025,2026-01-25,Home,78.84,0,2
O015346,2026-06-23,Apparel,59.67,0,3
O005998,2025-12-06,Apparel,99.28,0,4
O012311,2026-04-29,Apparel,23.68,0,3
O008714,2026-01-21,Electronics,215.46,1,2
O018323,2026-07-06,Home,95.11,0,3
O013867,2026-05-18,Apparel,57.85,0,3
O010894,2026-03-03,Apparel,57.06,0,3
O013943,2026-05-31,Apparel,10.87,0,4
O013317,2026-04-10,Home,115.33,0,3
O004266,2025-11-25,Apparel,45.61,0,5
O001731,2025-09-22,Apparel,72.7,0,3
O000749,2025-08-07,Electronics,109.25,0,3
O013594,2026-04-07,Home,99.43,0,2
O010856,2026-03-02,Apparel,90.1,1,4
O007687,2025-12-12,Home,110.88,0,5
O015376,2026-06-28,Apparel,104.31,0,3
O017145,2026-07-20,Apparel,43.91,0,3
O017167,2026-07-22,Apparel,64.67,1,1
O002002,2025-09-19,Electronics,199.24,0,2
O011769,2026-03-03,Home,179.54,0,3
O011281,2026-03-31,Electronics,207.72,0,6
O009602,2026-02-02,Apparel,74.74,0,5
O000970,2025-08-28,Home,141.47,0,2
O010076,2026-02-14,Electronics,104.12,0,3
O008292,2026-01-04,Apparel,114.9,0,5
O013893,2026-05-15,Apparel,113.76,0,4
O002459,2025-09-09,Home,123.73,0,3
O012581,2026-04-14,Apparel,54.32,0,2
O003563,2025-10-08,Electronics,250.45,0,2
O010944,2026-03-11,Apparel,85.38,1,4
O004207,2025-11-02,Apparel,24.74,0,4
O000688,2025-08-28,Electronics,223.72,1,5
O003944,2025-10-26,Home,115.26,0,5
O001032,2025-08-04,Home,110.93,1,2
O001835,2025-09-15,Apparel,47.05,1,5
O015708,2026-06-01,Apparel,85.15,0,4
O005076,2025-11-28,Electronics,215.49,0,2
O015553,2026-06-26,Apparel,30.52,0,6
O003927,2025-10-20,Home,85.7,0,5
O012064,2026-03-14,Home,123.9,0,4
O005889,2025-12-03,Apparel,78.91,1,2
O012799,2026-04-17,Electronics,283.25,0,4
O014744,2026-05-04,Electronics,215.09,0,2
O007318,2025-12-08,Home,136.73,0,2
O011146,2026-03-03,Apparel,59.31,0,3
O000664,2025-08-30,Electronics,177.26,0,3
O011431,2026-03-20,Electronics,83.71,0,4
O017278,2026-07-24,Apparel,33.05,0,2
O003810,2025-10-15,Home,49.87,0,5
O009417,2026-02-14,Apparel,55.25,0,3
O001704,2025-09-07,Apparel,41.46,0,2
O017730,2026-07-26,Electronics,242.88,0,3
O000136,2025-08-11,Apparel,30.84,0,4
O004947,2025-11-04,Electronics,180.34,1,3
O009504,2026-02-01,Apparel,76.95,0,3
O008514,2026-01-14,Electronics,205.29,0,4
O012729,2026-04-08,Apparel,106.34,0,3
O004915,2025-11-12,Electronics,160.11,0,3
O012264,2026-04-19,Apparel,8,0,3
O005430,2025-11-05,Home,74.9,0,5
O013274,2026-04-11,Home,84.85,0,3
O006412,2025-12-11,Apparel,71.54,0,2
O012835,2026-04-21,Electronics,234.67,0,4
O018099,2026-07-30,Home,107.71,0,1
O015192,2026-05-29,Home,94.28,0,2
O014291,2026-05-15,Apparel,54.71,1,4
O016881,2026-07-22,Apparel,95.9,0,3
O016015,2026-06-20,Electronics,122.46,0,3
O006642,2025-12-28,Electronics,36.66,0,4
O003136,2025-10-18,Apparel,63.46,0,2
O014105,2026-05-14,Apparel,100.45,0,2
O012089,2026-03-23,Home,8,0,5
O017892,2026-07-12,Electronics,114.73,0,1
O007511,2025-12-13,Home,67.33,0,2
O007861,2026-01-16,Apparel,80.32,0,1
O004351,2025-11-19,Apparel,71.83,1,4
O016267,2026-06-15,Electronics,157.82,0,3
O006692,2025-12-18,Electronics,49.09,0,5
O006784,2025-12-11,Electronics,195.94,1,2
O009722,2026-02-20,Apparel,63.66,0,4
O013296,2026-04-12,Home,29.44,0,3
O002558,2025-09-19,Home,84.92,0,5
O006232,2025-12-03,Apparel,102.3,0,3
O003645,2025-10-29,Electronics,144.63,0,4
O006507,2025-12-20,Apparel,61.08,0,2
O006090,2025-12-07,Apparel,117.72,0,3
O018077,2026-07-05,Home,67.96,0,1
O010048,2026-02-08,Electronics,133.87,0,4
O017073,2026-07-24,Apparel,88.58,0,2
O003655,2025-10-31,Electronics,27.96,0,2
O016970,2026-07-15,Apparel,52.67,0,1
O009998,2026-02-13,Electronics,156.0,0,2
O005929,2025-12-14,Apparel,30.44,0,2
O015082,2026-05-29,Home,73.38,0,2
O004264,2025-11-26,Apparel,9.85,0,3
O007346,2025-12-11,Home,37.99,0,4
O012664,2026-04-15,Apparel,92.48,0,3
O009369,2026-02-05,Apparel,54.19,0,5
O010826,2026-03-23,Apparel,34.26,0,1
O000194,2025-08-17,Apparel,75.15,0,6
O003476,2025-10-08,Electronics,200.99,0,5
O007156,2025-12-01,Electronics,49.88,0,4
O016094,2026-06-12,Electronics,168.69,0,1
O015627,2026-06-08,Apparel,41.1,1,3
O002555,2025-09-13,Home,22.29,0,3
O010248,2026-02-21,Electronics,150.03,0,4
O007673,2025-12-21,Home,133.92,0,2
O014649,2026-05-29,Electronics,181.34,0,3
O010407,2026-02-21,Home,117.95,0,2
O016628,2026-06-19,Home,77.11,0,4
O001052,2025-08-14,Home,107.68,0,3
O011011,2026-03-31,Apparel,8,0,3
O013212,2026-04-22,Electronics,167.87,0,4
O015453,2026-06-14,Apparel,68.38,0,5
O008392,2026-01-09,Electronics,137.1,0,3
O005813,2025-12-16,Apparel,87.57,0,3
O005532,2025-11-08,Home,76.24,0,2
O004540,2025-11-13,Apparel,52.23,0,2
O007045,2025-12-27,Electronics,117.22,0,1
O012600,2026-04-22,Apparel,39.42,0,2
O010657,2026-02-18,Home,74.03,0,4
O006030,2025-12-08,Apparel,56.31,0,5
O018253,2026-07-31,Home,30.13,0,3
O007887,2026-01-29,Apparel,66.4,0,4
O016498,2026-06-16,Home,56.98,0,2
O017133,2026-07-28,Apparel,19.49,0,5
O002058,2025-09-16,Electronics,186.14,0,3
O014554,2026-05-16,Electronics,70.5,0,2
O004047,2025-10-28,Home,137.56,0,4
O005168,2025-11-11,Electronics,60.57,0,3
O014802,2026-05-10,Electronics,203.36,0,2
O012989,2026-04-15,Electronics,178.15,0,3
O016189,2026-06-23,Electronics,69.61,0,4
O001965,2025-09-12,Electronics,164.44,1,3
O013313,2026-04-09,Home,51.47,0,2
O005887,2025-12-17,Apparel,52.96,0,1
O016532,2026-06-04,Home,96.32,0,3
O016526,2026-06-19,Home,98.56,0,2
O017868,2026-07-11,Electronics,120.7,0,4
O007251,2025-12-03,Home,66.43,0,4
O016270,2026-06-23,Electronics,241.12,0,3
O001842,2025-09-23,Apparel,36.41,0,2
O016058,2026-06-14,Electronics,98.26,0,4
O007394,2025-12-03,Home,65.52,0,4
O007317,2025-12-31,Home,52.05,0,3
O014126,2026-05-12,Apparel,8,0,2
O004784,2025-11-17,Electronics,173.26,0,3
O005647,2025-11-11,Home,88.0,0,2
O014976,2026-05-23,Home,109.3,0,5
O011805,2026-03-26,Home,35.37,0,2
O015442,2026-06-05,Apparel,93.14,0,3
O009024,2026-01-04,Home,93.13,0,3
O015007,2026-05-20,Home,119.88,0,3
O000480,2025-08-08,Apparel,15.82,0,3
O009884,2026-02-19,Electronics,281.05,0,5
O015922,2026-06-28,Electronics,216.91,0,2
O006550,2025-12-19,Electronics,295.15,0,3
O016555,2026-06-02,Home,66.29,0,5
O007629,2025-12-28,Home,98.64,0,4
O010796,2026-03-31,Apparel,84.81,0,4
O014177,2026-05-20,Apparel,13.94,1,3
O012358,2026-04-24,Apparel,90.26,0,4
O011063,2026-03-03,Apparel,36.23,1,4
O012009,2026-03-02,Home,84.62,0,5
O007872,2026-01-01,Apparel,79.99,0,4
O011989,2026-03-26,Home,74.04,0,4
O016114,2026-06-17,Electronics,235.46,0,5
O013028,2026-04-04,Electronics,87.43,0,1
O005640,2025-11-02,Home,33.69,0,2
O010171,2026-02-15,Electronics,48.03,0,3
O015956,2026-06-26,Electronics,152.1,0,1
O000032,2025-08-21,Apparel,27.52,0,2
O015098,2026-05-01,Home,136.69,0,3
O014572,2026-05-07,Electronics,207.79,0,4
O002303,2025-09-10,Electronics,181.11,0,3
O002350,2025-09-23,Home,74.69,0,2
O005384,2025-11-05,Home,62.89,0,3
O015833,2026-06-09,Apparel,22.44,0,4
O017134,2026-07-18,Apparel,52.37,0,4
O010642,2026-02-28,Home,38.96,0,3
O007720,2025-12-01,Home,104.15,0,5
O001837,2025-09-21,Apparel,32.58,0,2
O014956,2026-05-07,Home,58.79,0,4
O008661,2026-01-21,Electronics,107.52,0,5
O011344,2026-03-30,Electronics,155.91,0,1
O010009,2026-02-27,Electronics,66.18,1,3
O002110,2025-09-29,Electronics,123.75,0,4
O016918,2026-07-23,Apparel,84.75,0,3
O011027,2026-03-31,Apparel,24.89,1,4
O017293,2026-07-06,Apparel,54.5,0,3
O011347,2026-03-05,Electronics,183.2,0,4
O013240,2026-04-26,Electronics,244.67,0,5
O017067,2026-07-04,Apparel,63.49,0,5
O012573,2026-04-15,Apparel,61.74,0,2
O017325,2026-07-07,Apparel,68.06,0,3
O011071,2026-03-20,Apparel,47.01,1,3
O002361,2025-09-20,Home,118.96,0,1
O004342,2025-11-20,Apparel,36.97,1,3
O016116,2026-06-23,Electronics,227.65,0,3
O012166,2026-04-24,Apparel,61.76,0,1
O007862,2026-01-23,Apparel,75.88,1,2
O008011,2026-01-21,Apparel,61.16,0,2
O009640,2026-02-20,Apparel,54.52,0,1
O005698,2025-11-22,Home,108.56,0,3
O003500,2025-10-22,Electronics,275.58,0,3
O014936,2026-05-09,Home,95.55,0,3
O006778,2025-12-10,Electronics,175.74,0,5
O015826,2026-06-11,Apparel,60.22,0,5
O016616,2026-06-24,Home,66.91,0,3
O004073,2025-10-06,Home,64.77,0,2
O014493,2026-05-18,Electronics,202.73,0,4
O017254,2026-07-18,Apparel,50.93,0,3
O017512,2026-07-11,Electronics,109.12,1,3
O018175,2026-07-12,Home,97.29,0,4
O003080,2025-10-12,Apparel,84.23,0,2
O017010,2026-07-09,Apparel,59.44,0,2
O005230,2025-11-10,Electronics,156.09,0,3
O017968,2026-07-27,Electronics,44.53,0,3
O008905,2026-01-22,Home,126.44,0,2
O014952,2026-05-24,Home,29.0,0,3
O008977,2026-01-27,Home,140.71,0,3
O015422,2026-06-16,Apparel,51.8,0,3
O005746,2025-12-15,Apparel,72.13,0,2
O003393,2025-10-17,Electronics,189.23,0,3
O002094,2025-09-05,Electronics,178.39,0,4
O001445,2025-09-03,Apparel,14.24,0,4
O017606,2026-07-19,Electronics,80.4,0,4
O009038,2026-01-24,Home,99.24,1,1
O006007,2025-12-21,Apparel,75.1,0,4
O004498,2025-11-12,Apparel,44.63,0,4
O010354,2026-02-12,Home,8,1,2
O012645,2026-04-16,Apparel,73.94,0,3
O005316,2025-11-22,Home,101.33,0,4
O008002,2026-01-20,Apparel,57.41,0,5
O014703,2026-05-25,Electronics,102.1,0,5
O014384,2026-05-14,Electronics,159.13,0,2
O002757,2025-10-09,Apparel,84.53,0,3
O000199,2025-08-17,Apparel,78.62,1,3
O001167,2025-08-01,Home,95.19,1,3
O009723,2026-02-02,Apparel,21.46,0,2
O002552,2025-09-25,Home,84.12,0,4
O009137,2026-01-04,Home,140.61,0,1
O007247,2025-12-26,Home,92.02,0,3
O018315,2026-07-31,Home,129.29,0,2
O012300,2026-04-27,Apparel,35.23,1,2
O000526,2025-08-07,Electronics,150.29,0,5
O015126,2026-05-24,Home,72.59,0,4
O010737,2026-03-03,Apparel,48.59,0,4
O011386,2026-03-16,Electronics,83.11,0,6
O001240,2025-08-02,Home,63.52,0,2
O001009,2025-08-28,Home,61.56,0,3
O006767,2025-12-28,Electronics,97.48,0,4
O001172,2025-08-17,Home,87.32,0,3
O010848,2026-03-19,Apparel,65.57,0,1
O011899,2026-03-27,Home,83.31,0,2
O017081,2026-07-17,Apparel,8,0,3
O014879,2026-05-19,Home,154.78,0,1
O009617,2026-02-21,Apparel,35.61,1,3
O015251,2026-06-12,Apparel,28.64,0,3
O001893,2025-09-04,Electronics,135.17,0,3
O012559,2026-04-19,Apparel,23.19,0,2
O003962,2025-10-12,Home,170.14,0,5
O016194,2026-06-10,Electronics,191.08,0,2
O003808,2025-10-16,Home,97.63,0,3
O011098,2026-03-22,Apparel,21.76,0,4
O003571,2025-10-23,Electronics,197.37,0,4
O016151,2026-06-01,Electronics,105.04,0,1
O012127,2026-03-13,Home,115.3,0,3
O017050,2026-07-29,Apparel,139.75,0,3
O014792,2026-05-31,Electronics,136.47,0,1
O007420,2025-12-19,Home,89.83,0,4
O011274,2026-03-20,Apparel,38.12,0,3
O013825,2026-05-16,Apparel,124.96,1,2
O003322,2025-10-05,Electronics,169.44,1,5
O004883,2025-11-21,Electronics,186.55,0,4
O016484,2026-06-08,Home,142.3,0,2
O003292,2025-10-18,Electronics,115.62,0,4
O010643,2026-02-20,Home,8,0,3
O000055,2025-08-18,Apparel,51.39,0,2
O013676,2026-04-18,Home,57.22,0,4
O006579,2025-12-07,Electronics,91.7,0,3
O018416,2026-07-15,Home,93.7,0,4
O009994,2026-02-09,Electronics,141.67,0,1
O018029,2026-07-13,Home,128.71,0,3
O012017,2026-03-15,Home,87.47,0,6
O013252,2026-04-10,Electronics,284.28,0,5
O000492,2025-08-12,Apparel,83.77,0,4
O014736,2026-05-21,Electronics,92.98,0,3
O010671,2026-02-03,Home,47.6,0,3
O010870,2026-03-17,Apparel,104.96,0,3
O002549,2025-09-16,Home,40.24,0,3
O011748,2026-03-04,Electronics,185.39,0,3
O016804,2026-06-26,Home,85.28,1,3
O004077,2025-10-09,Home,26.26,0,3
O005062,2025-11-05,Electronics,171.64,0,3
O015821,2026-06-23,Apparel,53.22,1,2
O001641,2025-09-24,Apparel,76.68,0,3
O001265,2025-08-28,Home,77.51,0,5
O002702,2025-09-14,Home,74.95,0,3
O015581,2026-06-21,Apparel,44.51,0,3
O002238,2025-09-04,Electronics,29.86,0,4
O001159,2025-08-24,Home,49.06,0,3
O010082,2026-02-08,Electronics,123.23,0,3
O004958,2025-11-10,Electronics,131.67,0,5
O014459,2026-05-08,Electronics,92.42,0,2
O004183,2025-11-23,Apparel,34.19,1,1
O003483,2025-10-03,Electronics,207.29,0,3
O008881,2026-01-13,Home,129.24,1,3
O011124,2026-03-04,Apparel,73.77,1,1
O017792,2026-07-13,Electronics,117.34,0,3
O012777,2026-04-02,Apparel,54.71,0,2
O013966,2026-05-28,Apparel,30.71,0,4
O005297,2025-11-28,Electronics,132.0,0,3
O015314,2026-06-20,Apparel,59.22,0,2
O018259,2026-07-18,Home,88.04,0,1
O009096,2026-01-02,Home,42.67,0,4
O015250,2026-06-14,Apparel,49.6,0,3
O011819,2026-03-11,Home,97.3,0,4
O010517,2026-02-19,Home,58.96,0,3
O016111,2026-06-05,Electronics,201.33,0,3
O014294,2026-05-25,Apparel,38.25,0,3
O016329,2026-06-28,Electronics,183.75,0,3
O003222,2025-10-13,Apparel,52.79,0,3
O016931,2026-07-25,Apparel,49.14,0,3
O010914,2026-03-06,Apparel,67.94,0,2
O011605,2026-03-20,Electronics,167.63,0,3
O000858,2025-08-21,Electronics,229.91,1,1
O008729,2026-01-10,Electronics,169.98,0,4
O016272,2026-06-02,Electronics,198.35,0,4
O015215,2026-05-11,Home,72.61,0,3
O013731,2026-05-25,Apparel,82.91,0,3
O007101,2025-12-08,Electronics,133.59,0,1
O002072,2025-09-27,Electronics,157.97,0,3
O000929,2025-08-05,Electronics,143.44,0,5
O002734,2025-10-16,Apparel,38.61,0,3
O002917,2025-10-11,Apparel,8,0,4
O004743,2025-11-26,Apparel,34.5,0,5
O002629,2025-09-18,Home,134.25,0,4
O017202,2026-07-05,Apparel,111.43,0,3
O013611,2026-04-26,Home,75.22,1,1
O016138,2026-06-11,Electronics,121.57,0,4
O000498,2025-08-10,Apparel,56.13,0,3
O003798,2025-10-27,Home,105.91,0,3
O008756,2026-01-19,Electronics,98.5,0,3
O018150,2026-07-09,Home,49.81,0,3
O007863,2026-01-31,Apparel,35.98,0,1
O018231,2026-07-31,Home,81.6,0,4
O016415,2026-06-02,Home,119.55,0,4
O011720,2026-03-26,Electronics,128.24,0,4
O008296,2026-01-30,Apparel,19.68,1,4
O015030,2026-05-18,Home,49.34,0,3
O008471,2026-01-02,Electronics,59.64,0,2
O007549,2025-12-13,Home,58.84,0,4
O001756,2025-09-17,Apparel,64.55,0,3
O009918,2026-02-24,Electronics,19.86,0,4
O008681,2026-01-04,Electronics,113.39,0,4
O009170,2026-01-01,Home,115.8,0,4
O009929,2026-02-18,Electronics,251.01,0,1
O006440,2025-12-11,Apparel,59.26,1,3
O016391,2026-06-01,Home,87.63,0,2
O011648,2026-03-21,Electronics,123.09,0,4
O009399,2026-02-08,Apparel,53.81,0,1
O010451,2026-02-16,Home,84.05,0,2
O009189,2026-01-16,Home,43.81,0,4
O017111,2026-07-02,Apparel,84.74,0,3
O012745,2026-04-17,Apparel,36.4,0,5
O015643,2026-06-10,Apparel,75.07,0,2
O002116,2025-09-05,Electronics,68.08,0,3
O000787,2025-08-18,Electronics,89.14,0,3
O002851,2025-10-28,Apparel,48.27,0,5
O008026,2026-01-03,Apparel,65.99,0,3
O017568,2026-07-24,Electronics,181.71,0,1
O017442,2026-07-24,Apparel,84.85,0,3
O009440,2026-02-13,Apparel,84.27,0,3
O009672,2026-02-19,Apparel,69.61,1,4
O004106,2025-10-23,Home,83.81,0,3
O009486,2026-02-21,Apparel,76.84,0,3
O017880,2026-07-07,Electronics,45.81,0,2
O007409,2025-12-02,Home,81.17,0,3
O003082,2025-10-21,Apparel,23.94,0,2
O003451,2025-10-06,Electronics,95.87,0,3
O005551,2025-11-10,Home,79.43,0,3
O012554,2026-04-30,Apparel,15.56,0,2
O003736,2025-10-27,Home,80.83,0,4
O017453,2026-07-08,Apparel,73.37,0,3
O005674,2025-11-08,Home,121.19,0,3
O010420,2026-02-21,Home,46.49,0,2
O015307,2026-06-02,Apparel,92.11,0,2
O006158,2025-12-12,Apparel,82.91,0,5
O007299,2025-12-11,Home,61.65,1,1
O016665,2026-06-07,Home,48.21,0,4
O016427,2026-06-03,Home,86.45,0,3
O014901,2026-05-30,Home,97.24,0,2
O009298,2026-02-05,Apparel,50.95,0,4
O007520,2025-12-13,Home,53.2,0,2
O006356,2025-12-25,Apparel,67.83,0,4
O012095,2026-03-16,Home,47.91,0,4
O009952,2026-02-12,Electronics,141.58,0,3
O008761,2026-01-04,Electronics,110.23,0,1
O017471,2026-07-05,Apparel,48.07,0,4
O003055,2025-10-31,Apparel,27.49,0,3
O017748,2026-07-11,Electronics,133.57,0,2
O012082,2026-03-09,Home,78.88,0,2
O016945,2026-07-28,Apparel,102.26,0,3
O005595,2025-11-26,Home,8,0,3
O001987,2025-09-28,Electronics,230.8,0,2
O007429,2025-12-01,Home,92.93,0,2
O012486,2026-04-24,Apparel,43.9,0,3
O014333,2026-05-22,Electronics,83.47,0,1
O005065,2025-11-30,Electronics,160.94,0,3
O016835,2026-07-20,Apparel,112.13,0,3
O009964,2026-02-28,Electronics,104.66,0,3
O011639,2026-03-03,Electronics,205.08,0,3
O014274,2026-05-22,Apparel,39.34,0,3
O018382,2026-07-07,Home,112.57,0,2
O014725,2026-05-27,Electronics,93.18,0,5
O005318,2025-11-17,Home,58.22,0,5
O014541,2026-05-31,Electronics,209.82,0,4
O015541,2026-06-10,Apparel,44.79,0,4
O001621,2025-09-29,Apparel,89.9,1,3
O001217,2025-08-28,Home,118.61,0,3
O017839,2026-07-01,Electronics,38.57,1,3
O012809,2026-04-29,Electronics,188.84,0,3
O015456,2026-06-12,Apparel,56.27,0,3
O009999,2026-02-05,Electronics,140.6,1,5
O006890,2025-12-27,Electronics,53.82,0,5
O018157,2026-07-21,Home,98.9,0,2
O001490,2025-09-25,Apparel,69.27,0,3
O012975,2026-04-22,Electronics,215.64,0,4
O009895,2026-02-09,Electronics,91.43,0,2
O000163,2025-08-15,Apparel,8,0,3
O006129,2025-12-27,Apparel,68.9,0,3
O017819,2026-07-11,Electronics,75.23,0,2
O006815,2025-12-07,Electronics,97.86,0,4
O009974,2026-02-04,Electronics,70.41,0,3
O003836,2025-10-10,Home,28.49,0,4
O005460,2025-11-23,Home,38.08,0,2
O002062,2025-09-23,Electronics,181.37,0,4
O009285,2026-02-12,Apparel,79.37,1,3
O010088,2026-02-21,Electronics,190.25,0,2
O008022,2026-01-21,Apparel,65.03,0,3
O005364,2025-11-18,Home,71.36,0,4
O015072,2026-05-05,Home,67.23,0,4
O001690,2025-09-18,Apparel,13.06,0,1
O000135,2025-08-31,Apparel,93.1,0,2
O003110,2025-10-14,Apparel,17.76,0,5
O003056,2025-10-28,Apparel,25.58,0,4
O009482,2026-02-07,Apparel,79.07,0,4
O007059,2025-12-15,Electronics,180.35,0,3
O010180,2026-02-10,Electronics,100.72,0,4
O018410,2026-07-17,Home,97.74,0,3
O005849,2025-12-19,Apparel,56.72,0,3
O017217,2026-07-19,Apparel,96.2,0,3
O016237,2026-06-12,Electronics,17.53,0,3
O016238,2026-06-01,Electronics,102.21,0,1
O008086,2026-01-15,Apparel,71.65,0,3
O014371,2026-05-04,Electronics,169.64,0,3
O002478,2025-09-22,Home,94.39,0,2
O012249,2026-04-13,Apparel,24.4,0,3
O010272,2026-02-28,Electronics,224.05,0,4
O013527,2026-04-11,Home,76.6,0,3
O012494,2026-04-16,Apparel,66.44,0,2
O009729,2026-02-14,Apparel,49.0,0,2
O001002,2025-08-15,Home,133.05,0,2
O000394,2025-08-15,Apparel,71.67,0,4
O012852,2026-04-16,Electronics,168.8,0,4
O003493,2025-10-16,Electronics,158.54,0,5
O014346,2026-05-31,Electronics,208.15,0,3
O001724,2025-09-01,Apparel,40.05,0,1
O006736,2025-12-09,Electronics,80.06,0,3
O006795,2025-12-05,Electronics,206.42,0,4
O007771,2026-01-07,Apparel,99.28,0,2
O009051,2026-01-05,Home,51.53,0,4
O005985,2025-12-27,Apparel,76.36,0,2
O008458,2026-01-17,Electronics,274.84,0,3
O017462,2026-07-13,Apparel,55.07,0,3
O012654,2026-04-22,Apparel,66.54,0,3
O000563,2025-08-12,Electronics,130.33,0,1
O006234,2025-12-07,Apparel,57.31,0,6
O009235,2026-02-20,Apparel,11.52,1,4
O012666,2026-04-10,Apparel,42.46,0,4
O002222,2025-09-26,Electronics,180.13,0,5
O009030,2026-01-05,Home,46.52,0,3
O005769,2025-12-27,Apparel,115.0,0,2
O015900,2026-06-04,Electronics,218.61,0,4
O017697,2026-07-22,Electronics,148.54,0,2
O000624,2025-08-30,Electronics,86.52,0,3
O013412,2026-04-07,Home,80.81,0,3
O011454,2026-03-08,Electronics,150.0,0,5
O014755,2026-05-29,Electronics,131.24,0,3
O004620,2025-11-11,Apparel,27.82,0,3
O000373,2025-08-08,Apparel,39.16,0,4
O013002,2026-04-26,Electronics,194.65,0,2
O016171,2026-06-27,Electronics,123.44,0,2
O007461,2025-12-20,Home,73.33,0,3
O016165,2026-06-12,Electronics,175.54,0,1
O011175,2026-03-14,Apparel,42.28,1,6
O011068,2026-03-16,Apparel,70.26,0,4
O018276,2026-07-14,Home,40.75,0,2
O001824,2025-09-25,Apparel,8,0,4
O002615,2025-09-22,Home,95.19,0,2
O018026,2026-07-19,Home,98.48,0,3
O001168,2025-08-15,Home,93.84,0,4
O011279,2026-03-16,Apparel,78.94,1,3
O015362,2026-06-01,Apparel,106.39,0,3
O000490,2025-08-07,Apparel,100.55,0,3
O009003,2026-01-04,Home,42.83,0,2
O003978,2025-10-19,Home,111.53,0,5
O009426,2026-02-04,Apparel,45.74,0,2
O000864,2025-08-10,Electronics,90.58,0,3
O006392,2025-12-25,Apparel,25.65,0,3
O001210,2025-08-08,Home,150.57,0,2
O006808,2025-12-28,Electronics,176.41,0,4
O007919,2026-01-26,Apparel,91.32,0,4
O005293,2025-11-14,Electronics,8,0,2
O000349,2025-08-28,Apparel,44.23,1,3
O013712,2026-05-10,Apparel,81.15,1,3
O017192,2026-07-29,Apparel,61.96,0,4
O017810,2026-07-28,Electronics,231.78,0,4
O000446,2025-08-25,Apparel,21.49,0,3
O010803,2026-03-17,Apparel,35.17,1,3
O005797,2025-12-29,Apparel,97.09,1,3
O006615,2025-12-03,Electronics,128.71,0,3
O007982,2026-01-17,Apparel,74.44,1,4
O004899,2025-11-03,Electronics,98.42,0,3
O015936,2026-06-23,Electronics,255.41,1,2
O002515,2025-09-04,Home,69.32,0,4
O011783,2026-03-27,Home,115.66,0,4
O012122,2026-03-26,Home,108.29,0,3
O001166,2025-08-04,Home,63.91,0,3
O002959,2025-10-29,Apparel,112.56,0,6
O017536,2026-07-22,Electronics,148.07,0,3
O004616,2025-11-11,Apparel,41.29,0,2
O008593,2026-01-09,Electronics,286.76,0,4
O003790,2025-10-24,Home,111.86,0,5
O012972,2026-04-12,Electronics,70.25,0,2
O016453,2026-06-21,Home,75.41,0,4
O011860,2026-03-13,Home,37.57,0,3
O011843,2026-03-20,Home,56.66,0,2
O007415,2025-12-15,Home,127.21,0,3
O018352,2026-07-28,Home,30.31,0,3
O005465,2025-11-09,Home,99.05,0,4
O003144,2025-10-13,Apparel,50.63,1,3
O009082,2026-01-26,Home,73.61,0,2
O011079,2026-03-30,Apparel,56.39,0,2
O016023,2026-06-05,Electronics,100.74,0,3
O012125,2026-03-08,Home,55.65,0,2
O002353,2025-09-29,Home,29.79,0,4
O014894,2026-05-15,Home,27.11,0,3
O009476,2026-02-12,Apparel,22.58,1,5
O018106,2026-07-10,Home,62.28,0,3
O001526,2025-09-05,Apparel,55.37,0,5
O011723,2026-03-31,Electronics,13.4,0,2
O005221,2025-11-16,Electronics,184.01,0,4
O003187,2025-10-06,Apparel,34.6,0,5
O015041,2026-05-01,Home,129.05,0,2
O000471,2025-08-24,Apparel,80.13,0,4
O013524,2026-04-05,Home,97.42,0,2
O018304,2026-07-02,Home,80.77,0,3
O016904,2026-07-15,Apparel,84.61,0,2
O001309,2025-08-05,Home,82.51,0,3
O008347,2026-01-03,Electronics,152.6,0,3
O002803,2025-10-29,Apparel,112.35,1,2
O012704,2026-04-23,Apparel,84.73,0,2
O010216,2026-02-22,Electronics,98.17,0,2
O001511,2025-09-19,Apparel,46.31,0,2
O010864,2026-03-01,Apparel,86.46,0,2
O006560,2025-12-29,Electronics,110.45,0,3
O004802,2025-11-27,Electronics,91.48,0,5
O011925,2026-03-15,Home,73.31,0,3
O006217,2025-12-07,Apparel,63.77,1,4
O004764,2025-11-03,Apparel,94.86,0,5
O006555,2025-12-25,Electronics,169.01,0,3
O011491,2026-03-11,Electronics,131.8,1,3
O012432,2026-04-26,Apparel,23.22,0,2
O017326,2026-07-16,Apparel,80.3,0,4
O011269,2026-03-02,Apparel,77.51,0,4
O013123,2026-04-21,Electronics,236.02,0,5
O016239,2026-06-17,Electronics,46.83,0,2
O014300,2026-05-17,Apparel,24.87,0,3
O009000,2026-01-17,Home,106.31,0,3
O016308,2026-06-10,Electronics,168.91,0,3
O009071,2026-01-07,Home,110.12,0,3
O018069,2026-07-02,Home,58.4,0,2
O011019,2026-03-15,Apparel,76.43,1,4
O010930,2026-03-02,Apparel,33.55,0,4
O017189,2026-07-19,Apparel,51.14,0,4
O007933,2026-01-11,Apparel,40.35,1,4
O017529,2026-07-04,Electronics,171.94,0,3
O012403,2026-04-19,Apparel,55.06,1,3
O011562,2026-03-27,Electronics,203.48,0,4
O001422,2025-09-19,Apparel,102.06,0,2
O003934,2025-10-21,Home,98.49,0,4
O015444,2026-06-23,Apparel,58.1,0,2
O012445,2026-04-13,Apparel,73.66,0,3
O010782,2026-03-08,Apparel,48.06,0,2
O007657,2025-12-31,Home,116.37,1,4
O001282,2025-08-25,Home,61.35,0,2
O005146,2025-11-11,Electronics,104.85,0,4
O015623,2026-06-29,Apparel,102.17,0,4
O002628,2025-09-16,Home,118.58,0,3
O000102,2025-08-16,Apparel,21.33,0,5
O017656,2026-07-29,Electronics,218.84,0,3
O013474,2026-04-14,Home,41.14,0,3
O018018,2026-07-06,Home,82.33,0,3
O016037,2026-06-02,Electronics,200.13,0,4
O002619,2025-09-04,Home,100.62,0,4
O013954,2026-05-24,Apparel,78.25,0,3
O004945,2025-11-09,Electronics,108.35,0,4
O007239,2025-12-11,Home,57.92,0,3
O005038,2025-11-15,Electronics,125.0,0,5
O012932,2026-04-26,Electronics,198.64,0,2
O014756,2026-05-22,Electronics,128.92,0,4
O017900,2026-07-28,Electronics,192.97,0,3
O001197,2025-08-18,Home,68.85,0,3
O012529,2026-04-11,Apparel,72.32,0,3
O011141,2026-03-14,Apparel,97.83,1,3
O001038,2025-08-05,Home,75.19,0,2
O001325,2025-08-26,Home,60.53,0,3
O018302,2026-07-22,Home,101.92,0,2
O018255,2026-07-16,Home,126.99,1,1
O006740,2025-12-12,Electronics,126.75,0,3
O007069,2025-12-31,Electronics,140.07,0,6
O002878,2025-10-01,Apparel,40.39,1,4
O005292,2025-11-17,Electronics,134.24,0,3
O010873,2026-03-01,Apparel,70.19,0,3
O001144,2025-08-07,Home,59.34,0,4
O010811,2026-03-24,Apparel,83.9,0,2
O003475,2025-10-13,Electronics,166.85,0,4
O003139,2025-10-04,Apparel,48.04,0,4
O014917,2026-05-01,Home,109.69,0,2
O009695,2026-02-03,Apparel,83.16,0,6
O005448,2025-11-19,Home,107.91,0,2
O008038,2026-01-03,Apparel,40.49,0,4
O012541,2026-04-13,Apparel,81.4,0,3
O012569,2026-04-13,Apparel,48.6,0,3
O015443,2026-06-03,Apparel,50.69,0,3
O002594,2025-09-04,Home,104.44,0,4
O005458,2025-11-11,Home,103.89,0,4
O003982,2025-10-27,Home,82.8,0,2
O007593,2025-12-11,Home,123.82,0,3
O008418,2026-01-01,Electronics,332.39,0,4
O000645,2025-08-11,Electronics,132.63,0,2
O014110,2026-05-03,Apparel,72.6,0,1
O004636,2025-11-21,Apparel,58.41,0,3
O007217,2025-12-08,Home,77.21,0,2
O008417,2026-01-20,Electronics,161.33,0,4
O012796,2026-04-29,Electronics,169.1,0,2
O000182,2025-08-05,Apparel,61.53,0,2
O004844,2025-11-20,Electronics,56.95,0,3
O010665,2026-02-06,Home,91.62,0,5
O011568,2026-03-09,Electronics,107.42,0,3
O014410,2026-05-12,Electronics,216.99,0,4
O017866,2026-07-21,Electronics,221.37,0,3
O004327,2025-11-06,Apparel,23.77,1,2
O016757,2026-06-12,Home,124.97,0,5
O002079,2025-09-18,Electronics,222.26,0,3
O016039,2026-06-08,Electronics,146.06,0,4
O014532,2026-05-16,Electronics,100.45,0,5
O003898,2025-10-19,Home,43.02,0,4
O000629,2025-08-24,Electronics,154.29,0,4
O008707,2026-01-18,Electronics,172.63,1,4
O009980,2026-02-18,Electronics,195.8,0,5
O003261,2025-10-17,Apparel,90.58,0,2
O014591,2026-05-05,Electronics,185.46,0,3
O009804,2026-02-04,Apparel,57.5,0,1
O015503,2026-06-26,Apparel,41.9,0,3
O007962,2026-01-08,Apparel,81.46,0,4
O009106,2026-01-21,Home,97.27,0,1
O012967,2026-04-21,Electronics,127.05,0,3
O016919,2026-07-21,Apparel,49.8,0,1
O003924,2025-10-16,Home,8,0,1
O016864,2026-07-06,Apparel,25.09,0,1
O006998,2025-12-17,Electronics,162.66,0,2
O011931,2026-03-03,Home,56.3,0,4
O004297,2025-11-10,Apparel,23.01,1,4
O002406,2025-09-11,Home,32.93,0,2
O013272,2026-04-02,Home,105.34,0,5
O013348,2026-04-16,Home,58.19,0,4
O011363,2026-03-02,Electronics,172.41,0,2
O002974,2025-10-15,Apparel,101.16,0,3
O014421,2026-05-04,Electronics,171.94,0,6
O001127,2025-08-13,Home,8,0,4
O005451,2025-11-22,Home,100.3,0,4
O000721,2025-08-11,Electronics,254.66,0,2
O017908,2026-07-13,Electronics,144.06,0,2
O010514,2026-02-15,Home,102.66,0,3
O006342,2025-12-29,Apparel,53.1,0,5
O001806,2025-09-29,Apparel,80.95,0,6
O004835,2025-11-09,Electronics,196.32,0,4
O002118,2025-09-19,Electronics,154.24,0,2
O002833,2025-10-23,Apparel,91.53,0,6
O006208,2025-12-12,Apparel,50.19,0,3
O002321,2025-09-20,Electronics,138.9,0,5
O005631,2025-11-14,Home,68.2,1,2
O006095,2025-12-06,Apparel,61.76,0,1
O004775,2025-11-13,Electronics,187.85,0,3
O008503,2026-01-08,Electronics,82.51,0,5
O005865,2025-12-18,Apparel,23.63,1,1
O015476,2026-06-26,Apparel,60.32,0,3
O013796,2026-05-27,Apparel,74.69,0,2
O009184,2026-01-14,Home,51.91,0,2
O008322,2026-01-16,Apparel,96.16,0,4
O002157,2025-09-20,Electronics,191.27,0,4
O017997,2026-07-29,Electronics,120.31,0,2
O007478,2025-12-28,Home,49.56,0,3
O012790,2026-04-15,Electronics,139.81,0,4
O017287,2026-07-19,Apparel,16.64,0,4
O008226,2026-01-12,Apparel,100.55,1,5
O013509,2026-04-12,Home,87.93,0,2
O006315,2025-12-28,Apparel,88.12,0,3
O003357,2025-10-19,Electronics,208.73,0,2
O013692,2026-05-20,Apparel,32.83,0,2
O006657,2025-12-07,Electronics,231.35,0,3
O009711,2026-02-09,Apparel,100.04,1,3
O017109,2026-07-16,Apparel,59.7,0,4
O017419,2026-07-31,Apparel,91.0,0,1
O015705,2026-06-13,Apparel,67.62,0,2
O014165,2026-05-28,Apparel,122.27,1,4
O002205,2025-09-14,Electronics,113.83,0,3
O017349,2026-07-06,Apparel,26.3,0,3
O009575,2026-02-07,Apparel,58.33,1,2
O012889,2026-04-15,Electronics,188.04,0,4
O012828,2026-04-26,Electronics,212.02,0,3
O005762,2025-12-22,Apparel,39.77,1,3
O009961,2026-02-12,Electronics,140.56,0,3
O000426,2025-08-14,Apparel,50.29,0,3
O011974,2026-03-21,Home,134.36,0,4
O007435,2025-12-09,Home,146.39,0,6
O005752,2025-12-16,Apparel,51.21,0,3
O006215,2025-12-10,Apparel,38.4,0,3
O002561,2025-09-24,Home,46.46,0,4
O018178,2026-07-30,Home,84.04,0,3
O015319,2026-06-22,Apparel,68.76,0,3
O016793,2026-06-06,Home,62.07,1,1
O002474,2025-09-18,Home,112.55,0,5
O005880,2025-12-10,Apparel,98.05,0,4
O011906,2026-03-24,Home,102.53,0,6
O015897,2026-06-05,Electronics,130.29,0,3
O005290,2025-11-18,Electronics,135.05,0,4
O003731,2025-10-09,Electronics,115.73,0,2
O006637,2025-12-19,Electronics,96.44,0,3
O015430,2026-06-07,Apparel,42.07,0,4
O005312,2025-11-30,Home,99.59,0,3
O011640,2026-03-09,Electronics,140.98,0,4
O009192,2026-01-24,Home,38.75,0,4
O014517,2026-05-29,Electronics,100.56,1,4
O004079,2025-10-28,Home,94.04,0,2
O003813,2025-10-24,Home,52.77,0,4
O017808,2026-07-18,Electronics,30.48,0,4
O010551,2026-02-17,Home,107.48,0,4
O006337,2025-12-24,Apparel,80.28,0,4
O015734,2026-06-15,Apparel,63.01,0,2
O004964,2025-11-21,Electronics,63.13,0,2
O003656,2025-10-07,Electronics,173.89,0,5
O008437,2026-01-27,Electronics,180.47,1,5
O016809,2026-06-05,Home,98.74,0,3
O017962,2026-07-14,Electronics,197.69,0,2
O001468,2025-09-17,Apparel,39.59,0,2
O009016,2026-01-26,Home,75.1,0,5
O002356,2025-09-29,Home,55.71,0,4
O006835,2025-12-02,Electronics,236.53,0,4
O014242,2026-05-03,Apparel,81.6,0,2
O008429,2026-01-22,Electronics,184.24,0,3
O013197,2026-04-26,Electronics,76.17,0,3
O016819,2026-07-01,Apparel,75.03,0,4
O016814,2026-06-13,Home,123.52,0,1
O015774,2026-06-01,Apparel,100.64,0,2
O003663,2025-10-10,Electronics,169.48,0,4
O017252,2026-07-31,Apparel,40.0,0,4
O012316,2026-04-26,Apparel,83.91,0,4
O005922,2025-12-20,Apparel,73.1,0,4
O010413,2026-02-22,Home,123.28,0,2
O000991,2025-08-24,Home,143.07,0,3
O000892,2025-08-27,Electronics,170.0,0,4
O010758,2026-03-05,Apparel,70.58,0,2
O005676,2025-11-01,Home,63.42,0,2
O016049,2026-06-18,Electronics,140.03,0,2
O008014,2026-01-29,Apparel,68.7,0,2
O013585,2026-04-29,Home,87.37,0,4
O006371,2025-12-12,Apparel,34.92,0,4
O008702,2026-01-31,Electronics,19.31,0,4
O005271,2025-11-12,Electronics,141.22,0,5
O010594,2026-02-27,Home,63.53,1,5
O007139,2025-12-03,Electronics,198.02,0,1
O012772,2026-04-29,Apparel,53.79,1,2
O010139,2026-02-11,Electronics,89.09,0,3
O017532,2026-07-17,Electronics,162.28,0,4
O012176,2026-04-12,Apparel,73.08,0,4
O001396,2025-09-20,Apparel,43.3,0,4
O009303,2026-02-11,Apparel,29.77,0,3
O010595,2026-02-07,Home,109.76,1,3
O013165,2026-04-19,Electronics,84.67,1,3
O001380,2025-09-20,Apparel,63.63,0,4
O002022,2025-09-01,Electronics,183.45,0,3
O003335,2025-10-14,Electronics,187.4,1,3
O009948,2026-02-24,Electronics,87.32,0,3
O002390,2025-09-03,Home,53.18,0,4
O013579,2026-04-15,Home,146.11,1,3
O009009,2026-01-29,Home,109.22,0,3
O001048,2025-08-11,Home,8,0,4
O017393,2026-07-03,Apparel,71.73,0,2
O008810,2026-01-10,Electronics,170.24,0,2
O005080,2025-11-23,Electronics,71.46,0,4
O011956,2026-03-12,Home,37.56,0,4
O012943,2026-04-17,Electronics,106.49,0,3
O015681,2026-06-28,Apparel,77.65,1,1
O014743,2026-05-18,Electronics,95.6,0,2
O003862,2025-10-27,Home,51.7,0,3
O000074,2025-08-21,Apparel,99.6,0,4
O017637,2026-07-04,Electronics,117.57,0,3
O009104,2026-01-29,Home,96.13,0,3
O005672,2025-11-04,Home,95.72,0,5
O006018,2025-12-18,Apparel,28.79,0,4
O006687,2025-12-01,Electronics,179.83,0,5
O007372,2025-12-07,Home,125.07,0,1
O015027,2026-05-29,Home,113.17,0,4
O017026,2026-07-11,Apparel,30.74,0,3
O005703,2025-11-27,Home,89.06,0,4
O002780,2025-10-16,Apparel,109.27,1,3
O018370,2026-07-19,Home,56.13,0,3
O000972,2025-08-16,Home,16.67,1,2
O004456,2025-11-23,Apparel,41.54,0,5
O012814,2026-04-28,Electronics,187.57,0,4
O009864,2026-02-21,Electronics,264.62,1,1
O013050,2026-04-24,Electronics,206.33,0,5
O001200,2025-08-19,Home,40.02,0,4
O004094,2025-10-20,Home,82.57,0,2
O001728,2025-09-02,Apparel,66.88,0,4
O011127,2026-03-08,Apparel,57.15,0,2
O012165,2026-03-05,Home,99.39,0,5
O008209,2026-01-13,Apparel,44.48,1,5
O013538,2026-04-10,Home,26.74,0,4
O001149,2025-08-20,Home,8,0,3
O008579,2026-01-08,Electronics,152.64,0,4
O014979,2026-05-01,Home,61.79,0,3
O013874,2026-05-22,Apparel,53.64,1,2
O007825,2026-01-13,Apparel,42.97,0,1
O015172,2026-05-20,Home,51.46,0,3
O017423,2026-07-11,Apparel,16.88,0,2
O003389,2025-10-24,Electronics,90.83,0,5
O004414,2025-11-02,Apparel,48.54,1,5
O011309,2026-03-09,Electronics,135.62,0,3
O007459,2025-12-16,Home,22.6,0,2
O010907,2026-03-22,Apparel,48.2,0,4
O013319,2026-04-04,Home,72.84,0,3
O015505,2026-06-06,Apparel,41.59,0,3
O009239,2026-02-27,Apparel,66.47,0,4
O016362,2026-06-23,Electronics,172.54,0,2
O002642,2025-09-07,Home,97.36,0,3
O004608,2025-11-10,Apparel,41.06,0,3
O014456,2026-05-27,Electronics,120.3,0,3
O003444,2025-10-12,Electronics,123.93,0,4
O004087,2025-10-07,Home,33.17,0,3
O003363,2025-10-20,Electronics,67.87,0,2
O015383,2026-06-19,Apparel,48.46,0,2
O001132,2025-08-16,Home,114.42,1,2
O017265,2026-07-05,Apparel,42.12,0,5
O008995,2026-01-22,Home,106.15,0,3
O001437,2025-09-11,Apparel,123.18,0,3
O005254,2025-11-27,Electronics,178.24,0,6
O015145,2026-05-25,Home,8,0,2
O006187,2025-12-10,Apparel,69.44,0,4
O008975,2026-01-23,Home,65.08,0,2
O008434,2026-01-02,Electronics,96.83,0,1
O012625,2026-04-05,Apparel,60.06,0,4
O010461,2026-02-14,Home,88.72,0,4
O014880,2026-05-20,Home,47.81,0,4
O009812,2026-02-08,Electronics,203.63,0,2
O008379,2026-01-01,Electronics,256.75,0,3
O008648,2026-01-03,Electronics,133.29,0,3
O014855,2026-05-05,Home,85.22,0,1
O017366,2026-07-29,Apparel,41.18,0,3
O004054,2025-10-08,Home,125.3,0,4
O005347,2025-11-20,Home,89.46,0,2
O001969,2025-09-09,Electronics,93.61,0,3
O006148,2025-12-07,Apparel,41.54,0,3
O001751,2025-09-02,Apparel,76.81,0,4
O010123,2026-02-08,Electronics,58.95,0,2
O013989,2026-05-24,Apparel,36.74,0,5
O004978,2025-11-06,Electronics,62.72,0,2
O008583,2026-01-30,Electronics,148.7,0,3
O006773,2025-12-18,Electronics,180.53,0,4
O007836,2026-01-01,Apparel,49.85,0,3
O001707,2025-09-19,Apparel,54.48,0,3
O010716,2026-03-02,Apparel,71.5,0,3
O013758,2026-05-17,Apparel,57.58,0,3
O008890,2026-01-14,Home,16.95,0,3
O000616,2025-08-02,Electronics,217.02,0,4
O012753,2026-04-07,Apparel,73.78,0,3
O004229,2025-11-25,Apparel,67.42,0,2
O005416,2025-11-11,Home,93.77,0,3
O008201,2026-01-01,Apparel,91.53,1,4
O014645,2026-05-11,Electronics,154.17,0,2
O017932,2026-07-29,Electronics,213.99,0,5
O013379,2026-04-20,Home,56.15,0,1
O009813,2026-02-22,Electronics,27.61,0,3
O015859,2026-06-04,Apparel,28.18,0,6
O017740,2026-07-25,Electronics,150.02,0,1
O002335,2025-09-30,Home,42.36,0,3
O013337,2026-04-15,Home,41.55,0,3
O002448,2025-09-20,Home,62.01,0,5
O006245,2025-12-31,Apparel,65.76,0,4
O013614,2026-04-30,Home,67.96,0,1
O014795,2026-05-13,Electronics,115.52,0,2
O015772,2026-06-09,Apparel,8,0,2
O010742,2026-03-03,Apparel,44.81,0,2
O009394,2026-02-03,Apparel,64.26,0,2
O000065,2025-08-03,Apparel,26.91,1,5
O001886,2025-09-25,Electronics,57.7,0,3
O012996,2026-04-15,Electronics,150.55,0,3
O005413,2025-11-10,Home,122.65,0,1
O002622,2025-09-29,Home,63.29,0,3
O017520,2026-07-02,Electronics,89.02,1,4
O012605,2026-04-04,Apparel,54.94,0,2
O012754,2026-04-15,Apparel,45.92,0,1
O005750,2025-12-19,Apparel,65.41,0,3
O006719,2025-12-31,Electronics,150.04,1,3
O005031,2025-11-01,Electronics,138.35,0,2
O010125,2026-02-07,Electronics,57.21,0,3
O005222,2025-11-15,Electronics,25.67,1,2
O005481,2025-11-23,Home,108.24,0,4
O002156,2025-09-25,Electronics,148.27,0,3
O011198,2026-03-20,Apparel,67.26,0,4
O011145,2026-03-26,Apparel,70.12,0,4
O013339,2026-04-04,Home,121.11,0,3
O001899,2025-09-22,Electronics,220.14,0,4
O008910,2026-01-14,Home,69.72,0,5
O014719,2026-05-07,Electronics,167.59,0,4
O003168,2025-10-27,Apparel,57.93,0,4
O016091,2026-06-25,Electronics,184.96,0,1
O000348,2025-08-24,Apparel,103.44,0,3
O011129,2026-03-16,Apparel,103.03,0,5
O006897,2025-12-07,Electronics,198.5,0,3
O003042,2025-10-13,Apparel,28.99,0,4
O015683,2026-06-25,Apparel,70.73,0,3
O003989,2025-10-04,Home,91.77,0,6
O004664,2025-11-01,Apparel,46.47,1,3
O015958,2026-06-09,Electronics,68.36,0,3
O015850,2026-06-05,Apparel,93.13,0,3
O001958,2025-09-15,Electronics,230.9,0,4
O016444,2026-06-25,Home,114.6,0,2
O002435,2025-09-22,Home,96.67,0,3
O017854,2026-07-10,Electronics,68.59,0,3
O005445,2025-11-03,Home,8,1,2
O014922,2026-05-21,Home,62.26,0,3
O007647,2025-12-07,Home,58.62,0,5
O000462,2025-08-01,Apparel,97.57,0,2
O009977,2026-02-09,Electronics,169.22,0,3
O006924,2025-12-14,Electronics,134.97,0,5
O000536,2025-08-16,Electronics,261.95,0,5
O014443,2026-05-14,Electronics,38.95,0,2
O002262,2025-09-04,Electronics,117.22,0,3
O006825,2025-12-20,Electronics,159.54,0,1
O002768,2025-10-31,Apparel,64.65,0,3
O001230,2025-08-15,Home,54.02,0,3
O011980,2026-03-01,Home,116.52,0,5
O001971,2025-09-17,Electronics,236.87,0,5
O004529,2025-11-21,Apparel,87.62,0,4
O000296,2025-08-18,Apparel,55.2,0,1
O009289,2026-02-23,Apparel,58.11,0,3
O012780,2026-04-10,Apparel,57.79,0,3
O015797,2026-06-30,Apparel,107.01,0,3
O017885,2026-07-22,Electronics,273.72,0,1
O009517,2026-02-22,Apparel,51.25,0,2
O004333,2025-11-16,Apparel,79.93,0,3
O003634,2025-10-11,Electronics,216.17,0,3
O007611,2025-12-19,Home,106.01,1,3
O013137,2026-04-25,Electronics,245.15,0,3
O003233,2025-10-27,Apparel,54.68,0,2
O003021,2025-10-10,Apparel,129.35,0,3
O005898,2025-12-30,Apparel,32.31,0,4
O015154,2026-05-20,Home,65.34,0,2
O012363,2026-04-18,Apparel,101.66,0,2
O016389,2026-06-13,Electronics,211.0,0,4
O009448,2026-02-14,Apparel,50.11,0,3
O013997,2026-05-25,Apparel,85.46,0,3
O007622,2025-12-26,Home,55.41,0,1
O014224,2026-05-29,Apparel,78.04,0,3
O007796,2026-01-26,Apparel,82.31,0,3
O006014,2025-12-21,Apparel,28.42,0,2
O013845,2026-05-22,Apparel,22.42,0,1
O002584,2025-09-09,Home,68.95,0,3
O001821,2025-09-28,Apparel,33.3,0,3
O000358,2025-08-21,Apparel,38.53,0,4
O010116,2026-02-20,Electronics,124.25,1,1
O001664,2025-09-01,Apparel,68.99,0,5
O012631,2026-04-18,Apparel,30.01,0,4
O001640,2025-09-24,Apparel,53.55,0,4
O017786,2026-07-15,Electronics,132.54,0,2
O011356,2026-03-30,Electronics,266.81,1,3
O013426,2026-04-29,Home,103.68,0,3
O018228,2026-07-12,Home,88.98,0,4
O000762,2025-08-30,Electronics,82.22,0,4
O001401,2025-09-27,Apparel,63.62,0,4
O011932,2026-03-23,Home,97.77,0,2
O017077,2026-07-29,Apparel,76.16,0,3
O015878,2026-06-14,Apparel,57.54,0,3
O008283,2026-01-15,Apparel,60.06,0,4
O011924,2026-03-08,Home,124.92,0,3
O004442,2025-11-23,Apparel,84.43,1,4
O010254,2026-02-09,Electronics,124.48,0,4
O005530,2025-11-12,Home,163.88,0,3
O017317,2026-07-26,Apparel,74.1,0,2
O004723,2025-11-08,Apparel,49.23,1,3
O012174,2026-04-02,Apparel,91.04,0,6
O012695,2026-04-05,Apparel,79.04,0,1
O001760,2025-09-22,Apparel,81.87,0,3
O010038,2026-02-05,Electronics,198.26,0,1
O013356,2026-04-15,Home,38.24,0,3
O008762,2026-01-02,Electronics,196.42,0,3
O002553,2025-09-10,Home,97.74,0,3
O006299,2025-12-28,Apparel,51.59,0,3
O014968,2026-05-20,Home,67.7,0,2
O004796,2025-11-08,Electronics,94.9,0,4
O003724,2025-10-20,Electronics,100.2,0,4
O012258,2026-04-05,Apparel,105.41,0,4
O015263,2026-06-09,Apparel,89.31,0,4
O012188,2026-04-27,Apparel,8.04,1,2
O016390,2026-06-27,Electronics,167.92,0,3
O005339,2025-11-21,Home,123.83,0,4
O002582,2025-09-04,Home,70.99,0,3
O009158,2026-01-08,Home,74.22,0,4
O000697,2025-08-02,Electronics,98.54,0,3
O009273,2026-02-24,Apparel,76.59,0,5
O003741,2025-10-13,Home,78.39,0,3
O009956,2026-02-10,Electronics,124.24,0,2
O017235,2026-07-02,Apparel,84.08,0,2
O003243,2025-10-15,Apparel,46.92,0,4
O006177,2025-12-29,Apparel,25.8,0,2
O002936,2025-10-30,Apparel,29.74,0,3
O003815,2025-10-15,Home,90.54,0,3
O017628,2026-07-19,Electronics,177.52,0,3
O000009,2025-08-21,Apparel,12.07,0,4
O000384,2025-08-09,Apparel,104.11,0,2
O013903,2026-05-26,Apparel,140.93,0,2
O011634,2026-03-25,Electronics,39.9,0,4
O001735,2025-09-24,Apparel,147.1,0,3
O008849,2026-01-19,Home,73.14,0,3
O006420,2025-12-01,Apparel,82.59,0,2
O007614,2025-12-11,Home,165.82,0,1
O001701,2025-09-25,Apparel,37.03,0,4
O002235,2025-09-22,Electronics,90.23,0,4
O001356,2025-09-23,Apparel,74.09,0,5
O017089,2026-07-23,Apparel,19.1,0,3
O013672,2026-04-12,Home,52.44,0,3
O012499,2026-04-17,Apparel,41.45,1,4
O011085,2026-03-07,Apparel,84.27,0,1
O007749,2026-01-04,Apparel,44.19,0,2
O005664,2025-11-08,Home,86.56,0,3
O013942,2026-05-08,Apparel,40.69,0,2
O017813,2026-07-07,Electronics,155.07,1,4
O005447,2025-11-28,Home,151.59,0,2
O008468,2026-01-15,Electronics,83.4,0,4
O003802,2025-10-16,Home,51.05,0,1
O007561,2025-12-04,Home,38.26,0,3
O010160,2026-02-10,Electronics,86.63,0,3
O005097,2025-11-01,Electronics,184.16,0,3
O000581,2025-08-17,Electronics,184.14,0,5
O010163,2026-02-19,Electronics,139.7,0,3
O000076,2025-08-06,Apparel,54.56,0,3
O004453,2025-11-07,Apparel,34.99,1,4
O002694,2025-09-19,Home,105.62,0,4
O012368,2026-04-20,Apparel,31.15,0,1
O007501,2025-12-30,Home,52.2,0,2
O008107,2026-01-24,Apparel,33.38,0,3
O002246,2025-09-06,Electronics,203.3,0,4
O008441,2026-01-12,Electronics,8,0,3
O014900,2026-05-29,Home,90.72,0,3
O005497,2025-11-01,Home,70.37,0,2
O001305,2025-08-07,Home,8,0,4
O017058,2026-07-29,Apparel,83.15,0,2
O006261,2025-12-25,Apparel,26.52,1,4
O003970,2025-10-19,Home,113.36,0,4
O016398,2026-06-03,Home,70.84,0,3
O002689,2025-09-08,Home,57.3,0,5
O007662,2025-12-12,Home,111.42,0,2
O017677,2026-07-05,Electronics,19.37,0,2
O009135,2026-01-06,Home,44.68,0,5
O001010,2025-08-20,Home,49.1,0,1
O007357,2025-12-23,Home,22.68,0,3
O006513,2025-12-07,Apparel,75.76,0,4
O015200,2026-05-03,Home,36.0,0,1
O010013,2026-02-21,Electronics,192.88,0,3
O008895,2026-01-21,Home,124.34,0,3
O004346,2025-11-28,Apparel,77.05,0,3
O006216,2025-12-17,Apparel,82.72,0,4
O015560,2026-06-01,Apparel,18.22,0,4
O013434,2026-04-14,Home,45.74,0,3
O016409,2026-06-30,Home,153.75,0,2
O004878,2025-11-01,Electronics,83.62,0,3
O015086,2026-05-06,Home,101.77,0,1
O017658,2026-07-05,Electronics,29.04,0,3
O008918,2026-01-22,Home,111.04,0,2
O010441,2026-02-22,Home,107.37,0,6
O004316,2025-11-25,Apparel,49.13,0,2
O003754,2025-10-20,Home,39.12,0,4
O013239,2026-04-13,Electronics,41.47,0,2
O007172,2025-12-15,Electronics,252.54,1,5
O017511,2026-07-19,Electronics,136.87,0,5
O006327,2025-12-08,Apparel,38.95,0,4
O001439,2025-09-05,Apparel,105.25,0,4
O004668,2025-11-07,Apparel,72.15,0,4
O012201,2026-04-25,Apparel,8,0,4
O011726,2026-03-13,Electronics,59.59,0,2
O007643,2025-12-20,Home,103.06,0,3
O008771,2026-01-27,Electronics,85.07,0,3
O014992,2026-05-16,Home,56.5,0,3
O008581,2026-01-14,Electronics,308.01,0,3
O017600,2026-07-10,Electronics,210.1,0,4
O005978,2025-12-30,Apparel,92.57,0,2
O010898,2026-03-28,Apparel,78.35,0,4
O010618,2026-02-06,Home,123.04,0,3
O001295,2025-08-15,Home,85.37,0,3
O016081,2026-06-17,Electronics,149.35,0,2
O006397,2025-12-15,Apparel,37.77,0,3
O009061,2026-01-09,Home,101.0,0,3
O018372,2026-07-25,Home,115.23,0,3
O017441,2026-07-30,Apparel,78.45,0,3
O012779,2026-04-17,Apparel,86.66,0,3
O007495,2025-12-12,Home,51.82,0,2
O009816,2026-02-26,Electronics,123.07,0,4
O013310,2026-04-22,Home,58.3,0,3
O001109,2025-08-04,Home,85.21,0,4
O011771,2026-03-27,Home,61.21,1,4
O018293,2026-07-08,Home,77.52,0,4
O001111,2025-08-22,Home,66.21,0,4
O001416,2025-09-16,Apparel,51.86,0,2
O016642,2026-06-17,Home,51.77,0,1
O016606,2026-06-22,Home,106.73,0,3
O012489,2026-04-26,Apparel,56.04,0,2
O006964,2025-12-06,Electronics,88.54,0,4
O012667,2026-04-20,Apparel,57.68,0,4
O006070,2025-12-22,Apparel,76.2,0,4
O008330,2026-01-07,Apparel,94.02,1,4
O014284,2026-05-22,Apparel,70.95,0,2
O012131,2026-03-27,Home,90.77,1,2
O010888,2026-03-19,Apparel,77.74,0,3
O011508,2026-03-13,Electronics,8,0,3
O011033,2026-03-10,Apparel,99.94,0,3
O014988,2026-05-14,Home,124.51,0,1
O008163,2026-01-18,Apparel,45.93,0,2
O010121,2026-02-27,Electronics,206.18,0,4
O014965,2026-05-12,Home,77.05,0,2
O016775,2026-06-20,Home,68.99,0,3
O003184,2025-10-01,Apparel,33.94,0,3
O014786,2026-05-20,Electronics,239.11,0,4
O007607,2025-12-23,Home,60.56,0,3
O011559,2026-03-24,Electronics,99.96,0,3
O009091,2026-01-23,Home,128.12,0,4
O013679,2026-04-14,Home,79.8,0,3
O009112,2026-01-09,Home,61.82,0,4
O005484,2025-11-10,Home,120.72,0,4
O015748,2026-06-24,Apparel,104.61,0,4
O007310,2025-12-30,Home,109.07,0,1
O004567,2025-11-06,Apparel,50.67,1,3
O011764,2026-03-16,Home,175.17,0,2
O016424,2026-06-08,Home,91.48,0,3
O015302,2026-06-16,Apparel,54.28,1,4
O011049,2026-03-15,Apparel,110.1,0,3
O009960,2026-02-25,Electronics,254.85,0,3
O003695,2025-10-18,Electronics,176.5,0,1
O005136,2025-11-17,Electronics,47.22,0,2
O017779,2026-07-05,Electronics,163.16,1,2
O012490,2026-04-01,Apparel,79.36,0,3
O014721,2026-05-27,Electronics,85.7,0,4
O001101,2025-08-24,Home,56.68,0,3
O002433,2025-09-20,Home,106.67,0,4
O001856,2025-09-14,Apparel,36.26,0,4
O016442,2026-06-14,Home,98.34,0,3
O012471,2026-04-29,Apparel,14.53,0,3
O017448,2026-07-27,Apparel,70.34,0,1
O012104,2026-03-29,Home,136.85,0,3
O012833,2026-04-16,Electronics,79.94,0,2
O009250,2026-02-09,Apparel,43.08,0,3
O004254,2025-11-01,Apparel,44.48,0,3
O005652,2025-11-17,Home,41.73,0,2
O001455,2025-09-21,Apparel,127.78,0,3
O018373,2026-07-11,Home,169.51,0,3
O011243,2026-03-16,Apparel,104.58,0,4
O006503,2025-12-27,Apparel,27.79,0,2
O010204,2026-02-14,Electronics,140.29,0,5
O017636,2026-07-03,Electronics,150.78,0,6
O007031,2025-12-07,Electronics,158.27,0,3
O013037,2026-04-21,Electronics,127.22,0,1
O005482,2025-11-21,Home,100.29,0,4
O017829,2026-07-16,Electronics,79.01,0,3
O009036,2026-01-28,Home,97.8,0,3
O005092,2025-11-03,Electronics,83.43,0,1
O007902,2026-01-11,Apparel,43.93,0,2
O005421,2025-11-21,Home,105.63,0,3
O009540,2026-02-09,Apparel,116.92,0,4
O012649,2026-04-12,Apparel,104.36,0,2
O004102,2025-10-25,Home,69.25,0,2
O005920,2025-12-25,Apparel,61.84,1,4
O007174,2025-12-14,Electronics,143.49,0,3
O000474,2025-08-21,Apparel,41.65,0,3
O011848,2026-03-26,Home,122.6,0,3
O002896,2025-10-21,Apparel,30.4,0,2
O014544,2026-05-04,Electronics,269.96,0,1
O003903,2025-10-22,Home,102.37,0,3
O015815,2026-06-01,Apparel,67.5,1,3
O009737,2026-02-08,Apparel,69.89,0,3
O018170,2026-07-01,Home,140.9,0,2
O010879,2026-03-30,Apparel,13.2,0,2
O010636,2026-02-13,Home,60.69,0,2
O016299,2026-06-13,Electronics,250.78,0,1
O001858,2025-09-14,Apparel,54.34,0,3
O013111,2026-04-17,Electronics,21.46,0,2
O003870,2025-10-28,Home,158.81,0,3
O017030,2026-07-30,Apparel,8,0,5
O000684,2025-08-28,Electronics,117.6,0,2
O008651,2026-01-27,Electronics,8,0,3
O007312,2025-12-29,Home,102.48,0,4
O008311,2026-01-22,Apparel,72.87,0,2
O015700,2026-06-25,Apparel,81.08,0,3
O005925,2025-12-17,Apparel,62.94,0,5
O017353,2026-07-29,Apparel,73.33,0,4
O007200,2025-12-05,Electronics,173.29,0,3
O016101,2026-06-07,Electronics,160.2,0,4
O011869,2026-03-11,Home,27.98,0,2
O007519,2025-12-05,Home,79.56,0,4
O010993,2026-03-16,Apparel,44.66,0,2
O003100,2025-10-05,Apparel,73.15,0,1
O013785,2026-05-28,Apparel,60.75,0,3
O001996,2025-09-25,Electronics,146.26,0,4
O003499,2025-10-12,Electronics,299.66,0,1
O013243,2026-04-18,Electronics,340.29,0,1
O017538,2026-07-15,Electronics,129.36,0,2
O016655,2026-06-16,Home,23.85,0,4
O002769,2025-10-16,Apparel,57.36,0,3
O001551,2025-09-20,Apparel,72.96,0,3
O000708,2025-08-25,Electronics,229.57,0,3
O004419,2025-11-03,Apparel,92.65,1,3
O014918,2026-05-21,Home,48.81,0,3
O006454,2025-12-11,Apparel,80.38,0,5
O009436,2026-02-10,Apparel,51.3,0,3
O009562,2026-02-26,Apparel,27.48,0,2
O012787,2026-04-29,Electronics,153.31,1,4
O004722,2025-11-09,Apparel,78.72,0,3
O017151,2026-07-16,Apparel,9.88,0,3
O007783,2026-01-24,Apparel,118.28,0,2
O006663,2025-12-18,Electronics,264.55,0,3
O007915,2026-01-04,Apparel,32.57,0,2
O006388,2025-12-19,Apparel,27.24,0,3
O003120,2025-10-30,Apparel,15.91,0,3
O018266,2026-07-20,Home,137.29,0,3
O012550,2026-04-20,Apparel,82.84,0,2
O016458,2026-06-17,Home,70.92,0,3
O017635,2026-07-04,Electronics,131.86,0,4
O004701,2025-11-26,Apparel,36.84,1,3
O002742,2025-10-26,Apparel,78.02,0,4
O007369,2025-12-12,Home,19.38,0,4
O015347,2026-06-09,Apparel,39.7,0,4
O005729,2025-11-15,Home,84.63,0,3
O015034,2026-05-27,Home,76.57,0,3
O004467,2025-11-17,Apparel,97.67,0,3
O003303,2025-10-02,Electronics,80.88,1,4
O016625,2026-06-20,Home,101.64,0,3
O002813,2025-10-04,Apparel,49.96,1,6
O009792,2026-02-22,Apparel,34.49,0,4
O013045,2026-04-30,Electronics,173.13,0,2
O018354,2026-07-09,Home,133.94,1,3
O008017,2026-01-15,Apparel,73.4,0,3
O013547,2026-04-13,Home,123.04,0,4
O009949,2026-02-18,Electronics,118.94,0,2
O004226,2025-11-01,Apparel,69.48,0,2
O003294,2025-10-22,Electronics,149.75,0,3
O014269,2026-05-10,Apparel,53.79,0,4
O012506,2026-04-12,Apparel,65.54,0,4
O018263,2026-07-22,Home,50.79,0,1
O006713,2025-12-22,Electronics,8,0,4
O013221,2026-04-27,Electronics,224.18,0,2
O000656,2025-08-26,Electronics,151.17,0,4
O002668,2025-09-13,Home,54.8,1,2
O005166,2025-11-09,Electronics,293.16,0,2
O017392,2026-07-22,Apparel,111.1,0,5
O004928,2025-11-28,Electronics,46.76,0,4
O000779,2025-08-17,Electronics,87.22,0,4
O005132,2025-11-16,Electronics,107.2,0,3
O005281,2025-11-25,Electronics,77.23,0,2
O007766,2026-01-01,Apparel,8,0,4
O010399,2026-02-23,Home,105.48,0,3
O004204,2025-11-05,Apparel,69.4,1,3
O013424,2026-04-23,Home,135.43,0,5
O009341,2026-02-25,Apparel,26.8,1,2
O016122,2026-06-10,Electronics,101.92,0,2
O006146,2025-12-22,Apparel,71.0,0,1
O005474,2025-11-07,Home,155.27,0,6
O017952,2026-07-06,Electronics,56.22,0,3
O014526,2026-05-19,Electronics,126.79,1,1
O017700,2026-07-02,Electronics,74.02,0,2
O007550,2025-12-03,Home,46.54,0,2
O006089,2025-12-23,Apparel,61.75,0,4
O017110,2026-07-18,Apparel,97.1,0,1
O015008,2026-05-20,Home,99.5,0,4
O002890,2025-10-16,Apparel,43.21,0,5
O000350,2025-08-12,Apparel,63.62,0,5
O017809,2026-07-08,Electronics,265.74,0,2
O000796,2025-08-25,Electronics,122.41,1,3
O016861,2026-07-04,Apparel,52.73,0,5
O012511,2026-04-20,Apparel,74.91,0,5
O002506,2025-09-26,Home,106.61,0,3
O010375,2026-02-06,Home,110.37,0,2
O014438,2026-05-12,Electronics,175.73,0,4
O013793,2026-05-13,Apparel,117.33,0,5
O010693,2026-03-15,Apparel,83.17,0,3
O000631,2025-08-07,Electronics,247.59,0,4
O015446,2026-06-24,Apparel,164.13,0,4
O010688,2026-03-09,Apparel,60.73,0,3
O000167,2025-08-09,Apparel,23.22,0,4
O017661,2026-07-02,Electronics,140.11,0,2
O011078,2026-03-28,Apparel,40.52,0,2
O015724,2026-06-28,Apparel,85.04,0,2
O010289,2026-02-25,Home,98.09,0,3
O001827,2025-09-07,Apparel,69.95,0,3
O015090,2026-05-01,Home,128.68,0,2
O007762,2026-01-16,Apparel,8,0,2
O013710,2026-05-30,Apparel,51.07,1,2
O005455,2025-11-02,Home,115.31,0,3
O002333,2025-09-28,Home,38.15,0,3
O012402,2026-04-24,Apparel,77.25,0,4
O012108,2026-03-03,Home,8,0,6
O005050,2025-11-25,Electronics,339.53,0,4
O001866,2025-09-26,Apparel,18.14,0,3
O017639,2026-07-18,Electronics,165.15,0,3
O014811,2026-05-15,Home,60.47,0,3
O017378,2026-07-09,Apparel,78.65,0,3
O017493,2026-07-01,Apparel,76.97,0,1
O018359,2026-07-28,Home,44.33,0,6
O013805,2026-05-26,Apparel,56.41,0,2
O014308,2026-05-04,Apparel,53.91,0,1
O017216,2026-07-03,Apparel,102.05,0,3
O016604,2026-06-28,Home,104.71,0,3
O008374,2026-01-03,Electronics,120.88,0,4
O004071,2025-10-18,Home,123.43,0,3
O018234,2026-07-05,Home,74.52,0,1
O009774,2026-02-24,Apparel,45.12,0,3
O017479,2026-07-05,Apparel,31.96,0,3
O004917,2025-11-03,Electronics,181.71,0,2
O008180,2026-01-22,Apparel,69.16,1,2
O005204,2025-11-15,Electronics,154.28,0,4
O010713,2026-03-13,Apparel,8,0,2
O010140,2026-02-10,Electronics,182.66,0,4
O007320,2025-12-22,Home,82.4,0,5
O006297,2025-12-23,Apparel,83.91,1,3
O016892,2026-07-26,Apparel,45.57,0,4
O014673,2026-05-06,Electronics,151.19,0,3
O006482,2025-12-22,Apparel,35.95,0,1
O011258,2026-03-02,Apparel,30.99,1,2
O002795,2025-10-24,Apparel,83.57,1,3
O009021,2026-01-16,Home,131.55,1,4
O008921,2026-01-17,Home,8,0,3
O006896,2025-12-06,Electronics,175.27,1,3
O016768,2026-06-11,Home,81.76,0,5
O014647,2026-05-21,Electronics,60.57,0,3
O015854,2026-06-11,Apparel,67.35,0,2
O012959,2026-04-07,Electronics,236.74,0,1
O009214,2026-01-04,Home,48.43,0,3
O014405,2026-05-07,Electronics,199.52,0,2
O013849,2026-05-31,Apparel,50.08,0,4
O005579,2025-11-21,Home,51.65,0,2
O014604,2026-05-27,Electronics,129.06,0,1
O000621,2025-08-11,Electronics,272.58,0,3
O017055,2026-07-12,Apparel,54.72,0,3
O016404,2026-06-18,Home,136.5,0,4
O016720,2026-06-29,Home,87.43,0,1
O006036,2025-12-07,Apparel,24.33,1,4
O005398,2025-11-12,Home,114.07,0,4
O008524,2026-01-28,Electronics,233.75,0,3
O007093,2025-12-31,Electronics,124.51,0,3
O011510,2026-03-20,Electronics,207.28,0,3
O012784,2026-04-15,Apparel,95.21,0,3
O013383,2026-04-25,Home,89.58,0,3
O001957,2025-09-01,Electronics,219.54,0,4
O011037,2026-03-14,Apparel,52.99,0,4
O011101,2026-03-11,Apparel,59.17,0,4
O006813,2025-12-28,Electronics,8,0,5
O012377,2026-04-06,Apparel,30.33,0,3
O017742,2026-07-11,Electronics,38.9,0,3
O015848,2026-06-01,Apparel,70.67,0,3
O003003,2025-10-28,Apparel,24.33,1,4
O018081,2026-07-13,Home,63.42,1,2
O001544,2025-09-02,Apparel,65.2,0,3
O015502,2026-06-27,Apparel,84.43,0,1
O000372,2025-08-15,Apparel,100.61,0,2
O007637,2025-12-19,Home,106.1,0,2
O017306,2026-07-05,Apparel,18.38,0,2
O007677,2025-12-22,Home,95.78,0,6
O008122,2026-01-26,Apparel,74.02,0,2
O011835,2026-03-03,Home,79.23,0,4
O012461,2026-04-23,Apparel,51.19,0,4
O004375,2025-11-26,Apparel,64.68,0,3
O006265,2025-12-15,Apparel,25.0,0,4
O013807,2026-05-04,Apparel,68.43,0,5
O004832,2025-11-18,Electronics,249.07,0,3
O005479,2025-11-22,Home,44.07,0,4
O003768,2025-10-29,Home,128.31,0,3
O008797,2026-01-18,Electronics,134.06,0,5
O012762,2026-04-19,Apparel,62.5,0,3
O007940,2026-01-30,Apparel,51.85,0,3
O005732,2025-11-15,Home,17.75,1,4
O015671,2026-06-03,Apparel,55.3,0,1
O000041,2025-08-19,Apparel,78.14,0,4
O016100,2026-06-17,Electronics,190.41,0,1
O005740,2025-12-17,Apparel,85.25,0,3
O013584,2026-04-23,Home,75.58,0,2
O002048,2025-09-02,Electronics,226.93,0,4
O002082,2025-09-15,Electronics,227.42,0,1
O003417,2025-10-04,Electronics,129.5,0,3
O000576,2025-08-24,Electronics,132.24,0,3
O005649,2025-11-28,Home,43.37,0,3
O002069,2025-09-05,Electronics,207.5,0,6
O017066,2026-07-26,Apparel,111.97,0,2
O017334,2026-07-08,Apparel,38.46,0,3
O008052,2026-01-22,Apparel,58.48,1,4
O009141,2026-01-20,Home,143.19,1,4
O007133,2025-12-27,Electronics,148.9,0,3
O012215,2026-04-08,Apparel,64.81,0,5
O007412,2025-12-14,Home,38.09,0,2
O014064,2026-05-23,Apparel,27.81,0,3
O018400,2026-07-06,Home,115.03,1,2
O018172,2026-07-28,Home,31.71,0,2
O011537,2026-03-01,Electronics,113.9,0,4
O009263,2026-02-15,Apparel,38.39,0,4
O012838,2026-04-07,Electronics,125.48,0,4
O017524,2026-07-28,Electronics,256.99,0,3
O010555,2026-02-01,Home,54.1,0,2
O014432,2026-05-09,Electronics,233.83,0,2
O006628,2025-12-15,Electronics,221.4,0,3
O003099,2025-10-28,Apparel,37.11,0,2
O004201,2025-11-20,Apparel,38.04,0,3
O008678,2026-01-24,Electronics,77.61,0,4
O004409,2025-11-24,Apparel,40.78,0,2
O017362,2026-07-29,Apparel,74.34,1,3
O003543,2025-10-17,Electronics,77.31,0,5
O004069,2025-10-11,Home,59.37,1,4
O002971,2025-10-19,Apparel,62.41,0,4
O006925,2025-12-22,Electronics,188.07,0,3
O017299,2026-07-14,Apparel,60.77,0,3
O006396,2025-12-30,Apparel,37.2,1,5
O003355,2025-10-26,Electronics,76.12,0,5
O012487,2026-04-15,Apparel,8,0,2
O003273,2025-10-10,Apparel,58.54,0,3
O003611,2025-10-01,Electronics,155.82,0,4
O012539,2026-04-26,Apparel,102.0,0,3
O007719,2025-12-21,Home,38.01,1,3
O001937,2025-09-15,Electronics,72.81,0,3
O014782,2026-05-18,Electronics,142.43,1,3
O011419,2026-03-31,Electronics,85.35,0,3
O016784,2026-06-16,Home,51.34,0,2
O009631,2026-02-16,Apparel,45.32,0,2
O009686,2026-02-05,Apparel,89.17,0,3
O015355,2026-06-11,Apparel,38.58,0,3
O002928,2025-10-04,Apparel,46.53,0,3
O012434,2026-04-21,Apparel,51.94,0,4
O000481,2025-08-28,Apparel,91.39,1,4
O006068,2025-12-27,Apparel,50.86,1,4
O003257,2025-10-02,Apparel,97.71,1,2
O004867,2025-11-15,Electronics,177.46,0,4
O013080,2026-04-09,Electronics,178.0,0,4
O013346,2026-04-07,Home,92.84,0,4
O011134,2026-03-20,Apparel,62.95,1,3
O013214,2026-04-26,Electronics,128.71,0,4
O007565,2025-12-06,Home,124.79,0,1
O011878,2026-03-05,Home,48.95,0,2
O010298,2026-02-03,Home,44.39,0,3
O010816,2026-03-23,Apparel,78.35,1,2
O002904,2025-10-23,Apparel,34.35,0,4
O013017,2026-04-08,Electronics,178.32,0,3
O011532,2026-03-12,Electronics,207.27,0,4
O010730,2026-03-05,Apparel,105.44,0,3
O001193,2025-08-14,Home,52.04,0,2
O014238,2026-05-06,Apparel,64.46,0,2
O004169,2025-11-10,Apparel,46.27,0,4
O001972,2025-09-08,Electronics,169.46,0,5
O009265,2026-02-24,Apparel,62.07,0,4
O000411,2025-08-09,Apparel,99.6,1,2
O000759,2025-08-17,Electronics,249.89,0,2
O002440,2025-09-13,Home,107.94,0,4
O006182,2025-12-01,Apparel,41.78,0,2
O016609,2026-06-19,Home,8,0,3
O017587,2026-07-06,Electronics,56.93,0,4
O012205,2026-04-19,Apparel,69.05,0,4
O016036,2026-06-20,Electronics,144.1,0,5
O012132,2026-03-22,Home,63.07,1,3
O003851,2025-10-28,Home,107.36,0,6
O014528,2026-05-29,Electronics,91.53,0,4
O015173,2026-05-24,Home,125.76,0,2
O012968,2026-04-14,Electronics,160.16,0,4
O013431,2026-04-08,Home,81.06,0,2
O008053,2026-01-23,Apparel,36.63,0,4
O015983,2026-06-12,Electronics,8,1,2
O007711,2025-12-17,Home,87.5,0,5
O009449,2026-02-18,Apparel,48.09,0,1
O013287,2026-04-28,Home,97.93,0,3
O007684,2025-12-26,Home,114.09,0,3
O000176,2025-08-09,Apparel,69.66,0,3
O002033,2025-09-28,Electronics,129.45,0,5
O018074,2026-07-19,Home,40.25,0,3
O009275,2026-02-22,Apparel,75.11,1,5
O008950,2026-01-24,Home,11.97,0,1
O016724,2026-06-20,Home,56.81,0,2
O017542,2026-07-05,Electronics,134.9,0,5
O016611,2026-06-24,Home,108.15,0,3
O017620,2026-07-05,Electronics,161.68,0,3
O003764,2025-10-13,Home,58.22,0,3
O017357,2026-07-30,Apparel,65.16,0,2
O011946,2026-03-13,Home,94.24,0,2
O005393,2025-11-17,Home,128.54,0,4
O012951,2026-04-10,Electronics,8,0,3
O006644,2025-12-09,Electronics,75.78,1,2
O016910,2026-07-31,Apparel,35.97,0,3
O010664,2026-02-01,Home,10.56,0,3
O012810,2026-04-18,Electronics,118.84,0,3
O016064,2026-06-04,Electronics,169.72,0,3
O017044,2026-07-21,Apparel,56.21,0,2
O003667,2025-10-29,Electronics,126.91,0,3
O012933,2026-04-07,Electronics,203.13,0,1
O009138,2026-01-28,Home,61.69,0,3
O004923,2025-11-29,Electronics,203.27,0,3
O004019,2025-10-23,Home,159.67,0,4
O007087,2025-12-16,Electronics,189.3,1,4
O012312,2026-04-11,Apparel,89.43,0,3
O011734,2026-03-26,Electronics,156.24,0,4
O001031,2025-08-13,Home,54.15,0,3
O018344,2026-07-27,Home,29.86,0,2
O005668,2025-11-16,Home,33.61,0,2
O012907,2026-04-19,Electronics,162.83,0,4
O017222,2026-07-14,Apparel,27.01,0,2
O012927,2026-04-14,Electronics,8,1,5
O010996,2026-03-14,Apparel,46.41,0,3
O009437,2026-02-12,Apparel,53.28,0,4
O009041,2026-01-25,Home,86.05,0,5
O012396,2026-04-22,Apparel,139.8,1,3
O016593,2026-06-19,Home,49.87,0,2
O001376,2025-09-29,Apparel,61.58,0,2
O016349,2026-06-11,Electronics,201.28,0,5
O006703,2025-12-08,Electronics,198.79,0,6
O000244,2025-08-08,Apparel,89.07,0,3
O002342,2025-09-07,Home,67.34,0,3
O018062,2026-07-06,Home,94.2,1,1
O002289,2025-09-30,Electronics,166.4,0,4
O017506,2026-07-05,Electronics,265.95,0,4
O003556,2025-10-23,Electronics,198.19,0,1
O006246,2025-12-02,Apparel,39.91,0,6
O007642,2025-12-28,Home,93.3,0,4
O011886,2026-03-12,Home,127.54,0,3
O001909,2025-09-27,Electronics,247.96,0,4
O011406,2026-03-05,Electronics,146.07,0,2
O015884,2026-06-17,Apparel,90.83,1,3
O001429,2025-09-12,Apparel,24.42,0,3
O010374,2026-02-28,Home,94.6,0,2
O003052,2025-10-21,Apparel,24.87,0,1
O000562,2025-08-24,Electronics,117.22,0,4
O004744,2025-11-30,Apparel,66.21,0,5
O004196,2025-11-14,Apparel,78.41,0,3
O012025,2026-03-07,Home,129.2,0,3
O012636,2026-04-04,Apparel,54.0,0,3
O016310,2026-06-06,Electronics,161.14,0,1
O016741,2026-06-19,Home,36.33,0,2
O014742,2026-05-31,Electronics,41.01,0,6
O008864,2026-01-04,Home,89.66,1,3
O004550,2025-11-08,Apparel,109.57,0,4
O011061,2026-03-13,Apparel,82.09,0,4
O007959,2026-01-30,Apparel,100.65,1,4
O000648,2025-08-03,Electronics,173.96,0,3
O007548,2025-12-26,Home,94.67,0,4
O003079,2025-10-20,Apparel,53.52,0,4
O000235,2025-08-03,Apparel,8,0,3
O017221,2026-07-13,Apparel,16.73,0,1
O016212,2026-06-26,Electronics,68.53,0,4
O012739,2026-04-04,Apparel,73.14,0,1
O010322,2026-02-03,Home,101.84,0,5
O008978,2026-01-26,Home,104.32,0,5
O001855,2025-09-12,Apparel,81.47,0,3
O013361,2026-04-06,Home,69.4,0,4
O010590,2026-02-15,Home,52.87,0,5
O004821,2025-11-08,Electronics,132.89,0,3
O005549,2025-11-12,Home,134.63,0,6
O015539,2026-06-26,Apparel,99.2,0,1
O012671,2026-04-03,Apparel,51.56,0,4
O007583,2025-12-05,Home,119.39,0,5
O009560,2026-02-27,Apparel,100.61,0,4
O007920,2026-01-08,Apparel,36.08,1,5
O009968,2026-02-05,Electronics,112.13,0,5
O004049,2025-10-07,Home,8,0,3
O004868,2025-11-12,Electronics,249.49,0,3
O006083,2025-12-15,Apparel,51.98,1,2
O016776,2026-06-14,Home,81.89,0,1
O012160,2026-03-11,Home,131.09,0,2
O004122,2025-10-12,Home,95.39,0,4
O001765,2025-09-18,Apparel,51.51,0,4
O007754,2026-01-13,Apparel,54.37,0,2
O012428,2026-04-09,Apparel,93.89,0,2
O016871,2026-07-17,Apparel,47.82,0,3
O002760,2025-10-15,Apparel,36.84,0,2
O016663,2026-06-27,Home,136.64,0,3
O009282,2026-02-21,Apparel,32.7,1,3
O008600,2026-01-30,Electronics,131.27,0,3
O013634,2026-04-11,Home,150.04,0,2
O011756,2026-03-04,Home,138.07,0,5
O009648,2026-02-22,Apparel,48.51,0,3
O014892,2026-05-07,Home,38.32,0,4
O014945,2026-05-21,Home,35.66,0,3
O017665,2026-07-14,Electronics,8,0,3
O007195,2025-12-15,Electronics,18.06,0,3
O013329,2026-04-04,Home,84.87,0,5
O010950,2026-03-25,Apparel,65.78,0,4
O016461,2026-06-20,Home,49.11,0,5
O016989,2026-07-29,Apparel,27.77,0,2
O017201,2026-07-29,Apparel,8.24,0,3
O009429,2026-02-10,Apparel,71.18,0,3
O006137,2025-12-01,Apparel,62.49,1,2
O001289,2025-08-17,Home,41.85,0,2
O016863,2026-07-19,Apparel,65.06,0,3
O002981,2025-10-08,Apparel,58.81,0,3
O004302,2025-11-02,Apparel,55.95,0,3
O011040,2026-03-30,Apparel,88.37,0,4
O009532,2026-02-07,Apparel,8.43,0,2
O003635,2025-10-13,Electronics,123.43,0,3
O002359,2025-09-02,Home,93.94,0,4
O004937,2025-11-07,Electronics,169.6,0,5
O014108,2026-05-06,Apparel,67.86,0,2
O013553,2026-04-04,Home,68.16,1,5
O004508,2025-11-25,Apparel,121.36,1,5
O013006,2026-04-17,Electronics,175.41,1,2
O009019,2026-01-25,Home,196.41,0,6
O018301,2026-07-14,Home,45.33,0,2
O002517,2025-09-27,Home,131.33,0,3
O002184,2025-09-11,Electronics,173.67,0,4
O004228,2025-11-08,Apparel,69.85,0,4
O001446,2025-09-04,Apparel,40.72,0,4
O013350,2026-04-11,Home,82.06,0,2
O011254,2026-03-01,Apparel,116.79,0,2
O018095,2026-07-05,Home,82.38,0,4
O002163,2025-09-03,Electronics,97.54,0,4
O005651,2025-11-30,Home,114.75,0,3
O008577,2026-01-06,Electronics,153.93,0,4
O010919,2026-03-26,Apparel,43.68,0,4
O005859,2025-12-29,Apparel,43.22,0,2
O008055,2026-01-24,Apparel,81.75,0,2
O005322,2025-11-06,Home,144.3,0,2
O010722,2026-03-02,Apparel,18.81,0,3
O005471,2025-11-06,Home,164.0,0,2
O018087,2026-07-25,Home,128.9,0,4
O005681,2025-11-04,Home,95.62,0,3
O002794,2025-10-10,Apparel,71.46,0,3
O002565,2025-09-08,Home,91.31,1,4
O003821,2025-10-14,Home,107.68,0,5
O000625,2025-08-09,Electronics,178.51,0,3
O016795,2026-06-10,Home,46.46,0,2
O015183,2026-05-25,Home,73.04,0,4
O004653,2025-11-18,Apparel,85.04,0,3
O017537,2026-07-04,Electronics,176.19,0,2
O007072,2025-12-15,Electronics,191.65,0,3
O011337,2026-03-18,Electronics,76.48,0,2
O003996,2025-10-02,Home,116.95,0,2
O011812,2026-03-22,Home,82.01,0,5
O002796,2025-10-30,Apparel,39.92,0,3
O009642,2026-02-13,Apparel,8,0,1
O017276,2026-07-20,Apparel,53.86,0,2
O017995,2026-07-17,Electronics,99.59,0,2
O010280,2026-02-19,Home,62.82,0,5
O001103,2025-08-26,Home,107.57,1,5
O001988,2025-09-20,Electronics,208.5,0,3
O004603,2025-11-29,Apparel,73.29,0,5
O005767,2025-12-25,Apparel,8,0,3
O002067,2025-09-27,Electronics,8,0,5
O002273,2025-09-04,Electronics,99.54,0,3
O004720,2025-11-20,Apparel,74.0,1,3
O016992,2026-07-23,Apparel,123.72,1,4
O001453,2025-09-28,Apparel,97.33,0,2
O015563,2026-06-28,Apparel,86.39,0,4
O013036,2026-04-07,Electronics,145.02,0,5
O011291,2026-03-03,Electronics,46.5,0,6
O012477,2026-04-24,Apparel,49.34,1,2
O000797,2025-08-17,Electronics,132.42,0,4
O001991,2025-09-01,Electronics,127.8,0,2
O018431,2026-07-12,Home,91.1,0,3
O011087,2026-03-17,Apparel,66.49,0,2
O002625,2025-09-12,Home,105.73,0,4
O017671,2026-07-02,Electronics,182.16,0,1
O014836,2026-05-03,Home,49.17,0,4
O005140,2025-11-07,Electronics,238.42,0,4
O004298,2025-11-25,Apparel,82.46,0,4
O003246,2025-10-11,Apparel,46.3,0,4
O004774,2025-11-11,Electronics,266.75,0,3
O012935,2026-04-11,Electronics,185.96,1,4
O008170,2026-01-24,Apparel,76.22,0,4
O009346,2026-02-16,Apparel,8,0,4
O007831,2026-01-21,Apparel,94.09,0,4
O009700,2026-02-20,Apparel,48.64,1,3
O013888,2026-05-17,Apparel,53.13,0,5
O005095,2025-11-13,Electronics,174.01,0,5
O015770,2026-06-27,Apparel,56.44,0,2
O000933,2025-08-30,Electronics,196.82,0,5
O000835,2025-08-04,Electronics,45.79,0,5
O005521,2025-11-19,Home,43.65,0,4
O010267,2026-02-25,Electronics,202.41,0,2
O007761,2026-01-01,Apparel,70.89,1,3
O002378,2025-09-29,Home,80.49,0,3
O000273,2025-08-27,Apparel,77.58,1,2
O010353,2026-02-09,Home,15.65,0,3
O012068,2026-03-02,Home,61.81,0,2
O002297,2025-09-17,Electronics,189.26,0,4
O004474,2025-11-23,Apparel,76.15,0,3
O008963,2026-01-26,Home,80.59,0,5
O016643,2026-06-16,Home,101.82,0,3
O013312,2026-04-06,Home,72.09,0,2
O015830,2026-06-21,Apparel,8,1,2
O017977,2026-07-04,Electronics,200.97,0,2
O000223,2025-08-11,Apparel,58.17,0,6
O000569,2025-08-14,Electronics,179.88,0,5
O000494,2025-08-10,Apparel,45.67,0,2
O008473,2026-01-15,Electronics,121.05,0,2
O013499,2026-04-19,Home,19.29,0,3
O014380,2026-05-01,Electronics,174.07,0,3
O008326,2026-01-17,Apparel,92.36,0,3
O013809,2026-05-21,Apparel,107.57,0,4
O014781,2026-05-05,Electronics,211.0,0,2
O000875,2025-08-24,Electronics,123.56,0,4
O009292,2026-02-26,Apparel,121.51,0,1
O002322,2025-09-26,Electronics,137.72,0,4
O005606,2025-11-09,Home,24.06,0,3
O011658,2026-03-02,Electronics,128.67,0,2
O004024,2025-10-06,Home,89.05,0,3
O012304,2026-04-11,Apparel,46.51,0,3
O011416,2026-03-23,Electronics,203.74,0,2
O009920,2026-02-02,Electronics,164.88,0,2
O016120,2026-06-14,Electronics,109.76,0,2
O016572,2026-06-11,Home,27.78,0,4
O015762,2026-06-22,Apparel,51.04,0,4
O003276,2025-10-14,Electronics,195.39,0,5
O009255,2026-02-08,Apparel,47.65,0,2
O002241,2025-09-21,Electronics,72.88,0,3
O001663,2025-09-28,Apparel,68.6,0,4
O000675,2025-08-18,Electronics,212.62,0,3
O009896,2026-02-04,Electronics,172.78,0,4
O015917,2026-06-09,Electronics,161.01,0,4
O006276,2025-12-13,Apparel,30.23,0,4
O006355,2025-12-06,Apparel,71.39,0,3
O008632,2026-01-24,Electronics,112.16,0,2
O012157,2026-03-11,Home,102.47,0,3
O015916,2026-06-08,Electronics,194.61,0,4
O012535,2026-04-04,Apparel,8,0,2
O007244,2025-12-16,Home,81.88,0,5
O005392,2025-11-16,Home,111.89,0,4
O016652,2026-06-12,Home,103.68,0,4
O006000,2025-12-16,Apparel,8,0,5
O006072,2025-12-18,Apparel,8,0,4
O004745,2025-11-15,Apparel,75.47,1,2
O005033,2025-11-14,Electronics,136.25,0,2
O014102,2026-05-02,Apparel,19.43,0,3
O006940,2025-12-12,Electronics,105.04,0,2
O007846,2026-01-12,Apparel,112.87,0,3
O015428,2026-06-26,Apparel,67.43,0,3
O010107,2026-02-15,Electronics,211.67,0,4
O006222,2025-12-09,Apparel,71.31,0,3
O018207,2026-07-26,Home,92.73,0,3
O016728,2026-06-20,Home,103.58,0,4
O017940,2026-07-08,Electronics,79.23,0,2
O017634,2026-07-27,Electronics,174.09,0,2
O015214,2026-05-10,Home,77.99,0,5
O013890,2026-05-01,Apparel,37.57,0,4
O003526,2025-10-03,Electronics,120.22,0,4
O008360,2026-01-14,Electronics,78.18,0,4
O008315,2026-01-22,Apparel,49.07,0,2
O009618,2026-02-10,Apparel,99.45,0,4
O016041,2026-06-08,Electronics,133.63,0,2
O010263,2026-02-05,Electronics,85.32,0,5
O000025,2025-08-04,Apparel,18.88,0,5
O009815,2026-02-19,Electronics,193.19,0,1
O007112,2025-12-06,Electronics,212.05,1,3
O002107,2025-09-30,Electronics,186.47,0,3
O014799,2026-05-13,Electronics,210.89,0,2
O017143,2026-07-09,Apparel,43.71,0,1
O004666,2025-11-09,Apparel,14.13,0,2
O018235,2026-07-15,Home,80.31,0,4
O014034,2026-05-22,Apparel,49.03,0,2
O005621,2025-11-20,Home,28.06,0,4
O009271,2026-02-08,Apparel,88.7,0,2
O012405,2026-04-12,Apparel,65.54,0,3
O004605,2025-11-07,Apparel,66.28,0,3
O015997,2026-06-17,Electronics,95.32,0,2
O003853,2025-10-27,Home,26.43,0,2
O015241,2026-06-03,Apparel,80.75,0,2
O016898,2026-07-30,Apparel,74.5,0,4
O010388,2026-02-12,Home,109.65,0,2
O005160,2025-11-12,Electronics,188.3,0,3
O008962,2026-01-26,Home,64.17,0,4
O015132,2026-05-18,Home,77.62,0,3
O015799,2026-06-20,Apparel,58.72,0,2
O015626,2026-06-23,Apparel,110.04,1,3
O002111,2025-09-23,Electronics,69.57,0,4
O000079,2025-08-06,Apparel,93.05,0,3
O003783,2025-10-31,Home,73.05,1,5
O003972,2025-10-08,Home,105.7,0,4
O010502,2026-02-16,Home,192.09,0,3
O011251,2026-03-17,Apparel,55.54,0,4
O011231,2026-03-02,Apparel,67.4,0,3
O004874,2025-11-05,Electronics,127.63,0,3
O001322,2025-08-31,Home,119.04,0,4
O013510,2026-04-11,Home,155.35,0,2
O003379,2025-10-15,Electronics,108.76,0,5
O004682,2025-11-03,Apparel,53.77,1,5
O017961,2026-07-18,Electronics,124.04,0,2
O012470,2026-04-01,Apparel,73.23,1,4
O016325,2026-06-09,Electronics,185.04,0,4
O012804,2026-04-01,Electronics,188.96,0,3
O015580,2026-06-18,Apparel,75.9,0,1
O000936,2025-08-10,Electronics,228.02,0,1
O006609,2025-12-01,Electronics,262.09,0,2
O007987,2026-01-06,Apparel,91.28,0,1
O011425,2026-03-28,Electronics,254.16,0,1
O002189,2025-09-08,Electronics,154.69,0,3
O014172,2026-05-14,Apparel,40.09,0,4
O006591,2025-12-11,Electronics,182.58,1,2
O003199,2025-10-05,Apparel,105.44,1,4
O006374,2025-12-01,Apparel,33.36,1,1
O005013,2025-11-21,Electronics,46.41,0,4
O015141,2026-05-20,Home,41.51,0,6
O014065,2026-05-10,Apparel,57.36,0,4
O013484,2026-04-15,Home,126.99,0,4
O017727,2026-07-26,Electronics,146.24,0,3
O013178,2026-04-15,Electronics,80.46,1,2
O008759,2026-01-25,Electronics,80.89,0,3
O001737,2025-09-08,Apparel,27.16,0,4
O004190,2025-11-27,Apparel,39.11,0,4
O000313,2025-08-07,Apparel,66.0,0,4
O010405,2026-02-02,Home,79.99,0,4
O000116,2025-08-29,Apparel,66.99,0,5
O003708,2025-10-02,Electronics,320.55,0,3
O016226,2026-06-24,Electronics,227.63,0,3
O013783,2026-05-05,Apparel,57.92,0,2
O000500,2025-08-13,Apparel,48.34,0,2
O015406,2026-06-26,Apparel,46.47,0,4
O013157,2026-04-06,Electronics,226.0,0,2
O014733,2026-05-21,Electronics,158.6,0,3
O009529,2026-02-09,Apparel,78.57,0,4
O000628,2025-08-10,Electronics,70.36,1,3
O002458,2025-09-28,Home,126.29,0,3
O011005,2026-03-08,Apparel,112.04,0,5
O017099,2026-07-09,Apparel,55.77,0,2
O017540,2026-07-26,Electronics,150.79,0,2
O014014,2026-05-20,Apparel,51.64,0,4
O007628,2025-12-30,Home,8,0,1
O011693,2026-03-21,Electronics,124.82,0,3
O000164,2025-08-23,Apparel,105.6,0,6
O007693,2025-12-04,Home,72.66,1,4
O006450,2025-12-10,Apparel,38.17,0,2
O015356,2026-06-02,Apparel,110.2,0,2
O001224,2025-08-14,Home,81.77,0,2
O008897,2026-01-18,Home,54.88,0,1
O003281,2025-10-20,Electronics,96.36,0,4
O017907,2026-07-10,Electronics,101.71,0,2
O007572,2025-12-01,Home,13.97,0,4
O007795,2026-01-29,Apparel,8,0,3
O012604,2026-04-13,Apparel,74.95,0,4
O004645,2025-11-15,Apparel,98.7,0,4
O003712,2025-10-25,Electronics,69.18,0,2
O007907,2026-01-23,Apparel,94.8,0,3
O012156,2026-03-10,Home,126.3,0,3
O007652,2025-12-09,Home,39.92,0,3
O014151,2026-05-15,Apparel,63.77,0,5
O012395,2026-04-09,Apparel,92.18,0,2
O017732,2026-07-26,Electronics,191.69,0,3
O007400,2025-12-22,Home,49.12,0,3
O000512,2025-08-01,Apparel,43.85,0,2
O008234,2026-01-10,Apparel,51.52,0,4
O013741,2026-05-18,Apparel,30.33,0,3
O013618,2026-04-14,Home,86.08,0,4
O007129,2025-12-12,Electronics,146.87,0,3
O006627,2025-12-15,Electronics,148.36,0,4
O001505,2025-09-11,Apparel,51.65,0,3
O010164,2026-02-18,Electronics,146.36,1,3
O006443,2025-12-17,Apparel,51.06,0,3
O005397,2025-11-25,Home,74.34,0,2
O013035,2026-04-01,Electronics,209.75,0,3
O012460,2026-04-04,Apparel,40.22,1,2
O011032,2026-03-25,Apparel,124.71,0,3
O005670,2025-11-09,Home,129.44,0,2
O010417,2026-02-14,Home,54.58,0,3
O014753,2026-05-23,Electronics,150.42,0,3
O015382,2026-06-09,Apparel,49.91,0,3
O001626,2025-09-20,Apparel,31.99,0,5
O016191,2026-06-07,Electronics,115.7,0,4
O002528,2025-09-23,Home,73.97,0,3
O015445,2026-06-30,Apparel,73.23,0,3
O017686,2026-07-08,Electronics,99.05,0,1
O016246,2026-06-04,Electronics,137.9,0,2
O013218,2026-04-08,Electronics,105.6,0,3
O010072,2026-02-20,Electronics,143.76,0,3
O004224,2025-11-09,Apparel,79.72,1,4
O008925,2026-01-24,Home,135.45,0,4
O007942,2026-01-20,Apparel,85.39,0,2
O002706,2025-09-29,Home,105.4,0,2
O007956,2026-01-27,Apparel,17.92,1,4
O010445,2026-02-09,Home,116.51,0,3
O006389,2025-12-31,Apparel,62.7,0,2
O011833,2026-03-11,Home,71.93,0,1
O018116,2026-07-17,Home,77.06,0,2
O000827,2025-08-01,Electronics,68.38,0,5
O010033,2026-02-09,Electronics,139.57,0,4
O013791,2026-05-28,Apparel,41.48,0,5
O012177,2026-04-19,Apparel,8,1,3
O003140,2025-10-20,Apparel,31.06,0,5
O014632,2026-05-06,Electronics,223.0,1,3
O002846,2025-10-08,Apparel,40.73,1,2
O002982,2025-10-23,Apparel,28.95,0,3
O004027,2025-10-27,Home,130.74,0,2
O002160,2025-09-15,Electronics,148.89,0,3
O005883,2025-12-16,Apparel,75.04,1,2
O017623,2026-07-04,Electronics,72.12,0,3
O012183,2026-04-24,Apparel,85.68,0,3
O016703,2026-06-15,Home,8,0,5
O013762,2026-05-08,Apparel,91.22,1,2
O006458,2025-12-24,Apparel,54.27,0,5
O018321,2026-07-19,Home,79.69,0,2
O016695,2026-06-20,Home,124.83,0,5
O003043,2025-10-22,Apparel,131.12,0,4
O009280,2026-02-02,Apparel,94.49,1,2
O015678,2026-06-19,Apparel,54.74,0,3
O007514,2025-12-25,Home,77.96,0,2
O003411,2025-10-04,Electronics,84.27,0,5
O004176,2025-11-05,Apparel,32.06,1,3
O014923,2026-05-19,Home,123.86,0,3
O008680,2026-01-04,Electronics,243.83,0,2
O017480,2026-07-25,Apparel,42.07,0,3
O004778,2025-11-09,Electronics,145.14,0,4
O003449,2025-10-02,Electronics,94.58,0,4
O001512,2025-09-29,Apparel,71.23,0,5
O005071,2025-11-20,Electronics,72.39,0,4
O005257,2025-11-22,Electronics,152.83,0,5
O000580,2025-08-08,Electronics,209.94,0,3
O007729,2025-12-02,Home,127.88,0,3
O016435,2026-06-14,Home,145.09,0,2
O006828,2025-12-07,Electronics,199.83,0,2
O006159,2025-12-24,Apparel,54.48,0,2
O001500,2025-09-27,Apparel,78.23,0,3
O016760,2026-06-09,Home,76.42,0,2
O001844,2025-09-01,Apparel,68.24,0,2
O017009,2026-07-07,Apparel,44.1,0,2
O014994,2026-05-25,Home,127.87,0,4
O001651,2025-09-04,Apparel,14.16,0,3
O013275,2026-04-16,Home,129.46,0,4
O012151,2026-03-08,Home,113.53,0,4
O018435,2026-07-22,Home,33.81,0,4
O011169,2026-03-24,Apparel,122.14,0,2
O005267,2025-11-29,Electronics,16.25,0,5
O018242,2026-07-16,Home,96.07,0,1
O004547,2025-11-18,Apparel,28.93,0,2
O013736,2026-05-16,Apparel,31.04,0,4
O016022,2026-06-18,Electronics,245.45,0,2
O003956,2025-10-22,Home,37.16,0,4
O012189,2026-04-09,Apparel,78.17,1,5
O003194,2025-10-30,Apparel,26.84,1,5
O011575,2026-03-19,Electronics,138.22,1,4
O015702,2026-06-11,Apparel,46.7,0,2
O013449,2026-04-12,Home,70.57,0,1
O006345,2025-12-29,Apparel,81.86,0,4
O008768,2026-01-18,Electronics,170.62,0,2
O001918,2025-09-16,Electronics,204.92,0,2
O011385,2026-03-25,Electronics,39.1,0,3
O015228,2026-05-13,Home,169.67,0,2
O008833,2026-01-02,Home,81.84,0,4
O012270,2026-04-19,Apparel,9.63,0,3
O003153,2025-10-19,Apparel,32.88,0,1
O014317,2026-05-30,Apparel,34.78,0,3
O004457,2025-11-10,Apparel,89.29,0,4
O014227,2026-05-02,Apparel,47.88,0,5
O008813,2026-01-12,Electronics,175.29,0,4
O005923,2025-12-09,Apparel,95.66,0,2
O000596,2025-08-10,Electronics,122.0,0,2
O003175,2025-10-24,Apparel,113.03,0,2
O002254,2025-09-05,Electronics,215.55,0,2
O008887,2026-01-01,Home,112.52,0,4
O004505,2025-11-16,Apparel,78.11,0,4
O012698,2026-04-20,Apparel,75.58,0,4
O008814,2026-01-16,Electronics,138.06,0,3
O008597,2026-01-19,Electronics,326.67,0,4
O012521,2026-04-19,Apparel,114.51,0,4
O016211,2026-06-13,Electronics,75.49,0,3
O007070,2025-12-20,Electronics,143.47,0,2
O003202,2025-10-24,Apparel,8,1,4
O012504,2026-04-01,Apparel,26.36,0,3
O009822,2026-02-01,Electronics,147.12,0,2
O016659,2026-06-08,Home,110.21,0,3
O016856,2026-07-02,Apparel,63.09,0,2
O000330,2025-08-23,Apparel,44.76,0,2
O008767,2026-01-16,Electronics,192.13,0,2
O013333,2026-04-26,Home,37.12,0,3
O012818,2026-04-22,Electronics,275.6,0,2
O003964,2025-10-13,Home,70.33,0,5
O001509,2025-09-17,Apparel,53.56,0,2
O014292,2026-05-18,Apparel,97.51,0,1
O007790,2026-01-11,Apparel,30.99,1,3
O012342,2026-04-11,Apparel,40.15,0,2
O002007,2025-09-27,Electronics,220.91,1,4
O017019,2026-07-11,Apparel,74.21,0,2
O010091,2026-02-18,Electronics,172.35,0,3
O015099,2026-05-09,Home,39.49,0,1
O002686,2025-09-18,Home,89.38,0,2
O006508,2025-12-29,Apparel,78.47,0,5
O011166,2026-03-11,Apparel,42.6,0,2
O005103,2025-11-09,Electronics,250.43,0,5
O005776,2025-12-13,Apparel,58.49,0,4
O010235,2026-02-26,Electronics,194.33,0,3
O001188,2025-08-15,Home,106.74,0,5
O005556,2025-11-20,Home,85.48,0,4
O004309,2025-11-25,Apparel,68.47,1,4
O015429,2026-06-21,Apparel,90.7,0,3
O007042,2025-12-14,Electronics,59.14,0,4
O004555,2025-11-06,Apparel,22.34,0,2
O008516,2026-01-28,Electronics,114.24,1,3
O012500,2026-04-22,Apparel,80.11,0,3
O000635,2025-08-10,Electronics,86.07,0,5
O013824,2026-05-25,Apparel,50.61,0,4
O014845,2026-05-06,Home,54.77,0,3
O011463,2026-03-14,Electronics,157.75,0,3
O008690,2026-01-27,Electronics,133.53,0,3
O001198,2025-08-06,Home,51.49,0,4
O009479,2026-02-18,Apparel,70.54,0,2
O014000,2026-05-25,Apparel,64.24,0,3
O015775,2026-06-28,Apparel,92.48,0,2
O000109,2025-08-24,Apparel,64.41,0,4
O005864,2025-12-20,Apparel,8,1,5
O007916,2026-01-04,Apparel,54.56,0,5
O018291,2026-07-16,Home,77.83,0,1
O000710,2025-08-09,Electronics,168.43,0,2
O013354,2026-04-21,Home,73.26,0,2
O017985,2026-07-30,Electronics,8,0,2
O009580,2026-02-05,Apparel,67.03,0,4
O002422,2025-09-23,Home,145.03,0,3
O000487,2025-08-24,Apparel,72.55,0,5
O001802,2025-09-10,Apparel,22.15,0,4
O015515,2026-06-21,Apparel,29.42,0,3
O012759,2026-04-18,Apparel,78.65,0,3
O017100,2026-07-14,Apparel,75.24,0,1
O006643,2025-12-01,Electronics,243.77,1,3
O013548,2026-04-03,Home,154.16,0,2
O004008,2025-10-21,Home,78.46,0,3
O011202,2026-03-04,Apparel,30.69,0,4
O017555,2026-07-25,Electronics,188.05,0,4
O009528,2026-02-15,Apparel,23.41,0,3
O010633,2026-02-06,Home,145.14,0,3
O001186,2025-08-10,Home,83.97,0,3
O001277,2025-08-24,Home,78.86,0,4
O016178,2026-06-03,Electronics,181.21,0,3
O008893,2026-01-19,Home,115.33,0,3
O007063,2025-12-02,Electronics,256.09,1,2
O008773,2026-01-17,Electronics,200.63,0,2
O004690,2025-11-19,Apparel,44.79,0,4
O014685,2026-05-16,Electronics,128.6,0,4
O017295,2026-07-18,Apparel,65.38,0,2
O010505,2026-02-06,Home,54.78,0,2
O008602,2026-01-21,Electronics,215.81,1,2
O014141,2026-05-14,Apparel,91.86,0,4
O010518,2026-02-03,Home,40.26,1,3
O016516,2026-06-15,Home,87.37,0,4
O003867,2025-10-07,Home,129.73,0,4
O000798,2025-08-27,Electronics,224.23,0,4
O017157,2026-07-28,Apparel,8,0,3
O007085,2025-12-25,Electronics,168.88,0,4
O010352,2026-02-24,Home,71.18,0,4
O013956,2026-05-12,Apparel,130.96,0,5
O007040,2025-12-11,Electronics,97.2,1,3
O001805,2025-09-16,Apparel,83.22,0,4
O013730,2026-05-13,Apparel,63.79,0,2
O001169,2025-08-18,Home,64.22,0,4
O001409,2025-09-24,Apparel,64.15,0,7
O002341,2025-09-14,Home,69.98,0,3
O003674,2025-10-19,Electronics,93.07,0,5
O009795,2026-02-27,Apparel,43.17,0,2
O012570,2026-04-06,Apparel,37.29,1,1
O011263,2026-03-31,Apparel,27.71,0,4
O003126,2025-10-03,Apparel,8,0,4
O007484,2025-12-16,Home,112.25,0,2
O012583,2026-04-08,Apparel,104.08,0,3
O008732,2026-01-10,Electronics,162.75,0,3
O017420,2026-07-26,Apparel,57.31,0,2
O004080,2025-10-26,Home,89.86,0,2
O015755,2026-06-30,Apparel,35.44,0,3
O012148,2026-03-02,Home,83.97,0,4
O015111,2026-05-24,Home,98.07,0,2
O014561,2026-05-08,Electronics,237.16,0,1
O005536,2025-11-16,Home,43.19,0,4
O012786,2026-04-20,Electronics,182.38,0,4
O004328,2025-11-23,Apparel,70.42,0,3
O017473,2026-07-08,Apparel,13.08,0,2
O004162,2025-11-24,Apparel,58.04,0,3
O001749,2025-09-07,Apparel,27.91,0,4
O017863,2026-07-01,Electronics,103.25,0,3
O009248,2026-02-22,Apparel,80.34,0,4
O013401,2026-04-16,Home,26.15,0,3
O005759,2025-12-05,Apparel,54.32,0,3
O008087,2026-01-12,Apparel,47.07,0,5
O013121,2026-04-16,Electronics,74.28,0,3
O009581,2026-02-26,Apparel,55.6,0,4
O014077,2026-05-08,Apparel,85.59,0,4
O002604,2025-09-10,Home,112.85,0,4
O011594,2026-03-19,Electronics,85.77,0,3
O013273,2026-04-14,Home,73.37,0,3
O012200,2026-04-15,Apparel,46.3,0,5
O013397,2026-04-11,Home,56.35,0,3
O005183,2025-11-25,Electronics,91.69,0,3
O013185,2026-04-09,Electronics,161.0,0,3
O015474,2026-06-09,Apparel,39.55,0,2
O006941,2025-12-12,Electronics,204.12,0,5
O011706,2026-03-10,Electronics,161.74,0,2
O002725,2025-10-29,Apparel,65.63,0,1
O007529,2025-12-23,Home,74.02,0,3
O016857,2026-07-17,Apparel,37.03,0,3
O005088,2025-11-27,Electronics,71.79,0,4
O011438,2026-03-28,Electronics,43.6,0,3
O000489,2025-08-21,Apparel,87.3,0,3
O009679,2026-02-27,Apparel,16.76,1,3
O003387,2025-10-13,Electronics,159.03,0,3
O000419,2025-08-23,Apparel,131.01,1,2
O014133,2026-05-16,Apparel,51.74,0,3
O015227,2026-05-25,Home,85.68,0,2
O017719,2026-07-28,Electronics,38.44,0,4
O012206,2026-04-08,Apparel,38.01,0,2
O009759,2026-02-04,Apparel,37.0,1,2
O001532,2025-09-11,Apparel,71.41,0,3
O002305,2025-09-20,Electronics,194.61,1,3
O000473,2025-08-29,Apparel,16.19,1,5
O003058,2025-10-31,Apparel,50.75,0,3
O011103,2026-03-16,Apparel,62.94,0,3
O003812,2025-10-29,Home,99.16,1,3
O000331,2025-08-08,Apparel,67.23,0,3
O012690,2026-04-02,Apparel,62.26,0,3
O015221,2026-05-01,Home,76.48,0,3
O012766,2026-04-30,Apparel,53.27,0,4
O011762,2026-03-18,Home,60.34,0,3
O013482,2026-04-12,Home,68.68,0,4
O008679,2026-01-12,Electronics,130.89,0,4
O013779,2026-05-15,Apparel,14.56,0,4
O013543,2026-04-23,Home,112.26,0,3
O000108,2025-08-07,Apparel,95.32,1,5
O016649,2026-06-16,Home,24.14,0,2
O010070,2026-02-27,Electronics,152.99,0,4
O005450,2025-11-01,Home,102.75,0,5
O013564,2026-04-18,Home,89.82,0,3
O002741,2025-10-02,Apparel,68.55,1,4
O000111,2025-08-23,Apparel,14.59,0,2
O003104,2025-10-09,Apparel,23.58,1,4
O016229,2026-06-15,Electronics,89.93,0,4
O004343,2025-11-12,Apparel,70.88,1,2
O000755,2025-08-22,Electronics,170.73,0,3
O016399,2026-06-11,Home,124.3,0,3
O002993,2025-10-09,Apparel,8,0,3
O004545,2025-11-13,Apparel,29.55,0,4
O011601,2026-03-30,Electronics,178.9,0,3
O007203,2025-12-31,Electronics,250.45,0,3
O013775,2026-05-15,Apparel,74.13,0,1
O017621,2026-07-16,Electronics,193.02,0,3
O006130,2025-12-24,Apparel,87.63,0,3
O009028,2026-01-13,Home,58.6,0,2
O008037,2026-01-27,Apparel,8,1,3
O001462,2025-09-02,Apparel,67.29,0,3
O010827,2026-03-06,Apparel,82.85,0,2
O001502,2025-09-08,Apparel,21.13,0,5
O010668,2026-02-16,Home,86.73,0,4
O016754,2026-06-07,Home,57.11,0,3
O002581,2025-09-23,Home,45.45,0,6
O008421,2026-01-01,Electronics,143.82,0,5
O006123,2025-12-26,Apparel,63.3,1,4
O005142,2025-11-01,Electronics,157.46,0,4
O000003,2025-08-04,Apparel,22.77,0,3
O009148,2026-01-11,Home,115.92,0,3
O013423,2026-04-17,Home,77.47,0,3
O005547,2025-11-06,Home,105.07,0,3
O010237,2026-02-12,Electronics,202.14,0,4
O008415,2026-01-29,Electronics,170.32,0,5
O013575,2026-04-14,Home,102.4,0,3
O017953,2026-07-13,Electronics,343.1,0,3
O013163,2026-04-03,Electronics,126.03,0,4
O010849,2026-03-11,Apparel,57.88,0,3
O010885,2026-03-28,Apparel,60.34,0,3
O015632,2026-06-28,Apparel,45.87,1,1
O014138,2026-05-26,Apparel,8.18,0,3
O004357,2025-11-12,Apparel,33.67,0,1
O010787,2026-03-19,Apparel,28.22,0,2
O017228,2026-07-01,Apparel,79.56,0,4
O009313,2026-02-27,Apparel,59.63,0,4
O002966,2025-10-27,Apparel,37.71,0,3
O007880,2026-01-08,Apparel,45.24,0,5
O012572,2026-04-03,Apparel,82.97,0,4
O006128,2025-12-03,Apparel,84.01,1,4
O010329,2026-02-28,Home,84.29,0,3
O005370,2025-11-27,Home,172.84,0,2
O014847,2026-05-22,Home,49.73,0,3
O017622,2026-07-29,Electronics,277.35,0,3
O002989,2025-10-06,Apparel,43.68,0,5
O015386,2026-06-29,Apparel,69.3,1,3
O005108,2025-11-29,Electronics,64.61,0,2
O015187,2026-05-28,Home,8,0,3
O011160,2026-03-01,Apparel,47.44,1,2
O004859,2025-11-23,Electronics,52.29,0,4
O002704,2025-09-11,Home,50.87,0,3
O007964,2026-01-20,Apparel,109.84,0,4
O004735,2025-11-20,Apparel,38.01,0,2
O009877,2026-02-20,Electronics,63.89,0,3
O001857,2025-09-10,Apparel,52.0,0,4
O014441,2026-05-14,Electronics,237.2,0,3
O002724,2025-10-12,Apparel,76.1,1,3
O011000,2026-03-03,Apparel,17.87,1,3
O002731,2025-10-29,Apparel,53.55,0,2
O006548,2025-12-11,Electronics,111.59,0,3
O005613,2025-11-28,Home,120.86,0,4
O010622,2026-02-14,Home,12.24,0,4
O008997,2026-01-27,Home,131.38,0,5
O007685,2025-12-24,Home,103.19,0,4
O004511,2025-11-11,Apparel,79.49,0,3
O010463,2026-02-27,Home,41.21,1,4
O000370,2025-08-18,Apparel,19.45,0,4
O007378,2025-12-10,Home,22.15,0,5
O010055,2026-02-08,Electronics,113.56,0,5
O017478,2026-07-06,Apparel,48.36,0,4
O016922,2026-07-09,Apparel,65.82,0,2
O002381,2025-09-19,Home,66.92,0,5
O015664,2026-06-02,Apparel,25.05,0,3
O002317,2025-09-03,Electronics,150.36,1,3
O004983,2025-11-16,Electronics,268.01,0,3
O002513,2025-09-14,Home,45.06,0,3
O008633,2026-01-25,Electronics,58.67,0,2
O001459,2025-09-15,Apparel,83.71,0,4
O013713,2026-05-31,Apparel,35.79,0,1
O012210,2026-04-15,Apparel,81.32,0,2
O017781,2026-07-30,Electronics,160.0,0,1
O003886,2025-10-08,Home,23.14,0,3
O008704,2026-01-25,Electronics,130.28,0,3
O008608,2026-01-12,Electronics,152.07,0,3
O017377,2026-07-20,Apparel,21.94,0,4
O003855,2025-10-28,Home,89.48,0,3
O015266,2026-06-25,Apparel,59.71,0,3
O007336,2025-12-23,Home,72.8,0,3
O001072,2025-08-27,Home,49.72,0,4
O017297,2026-07-21,Apparel,52.05,0,2
O008521,2026-01-03,Electronics,146.44,0,3
O013291,2026-04-30,Home,86.68,0,4
O003806,2025-10-23,Home,63.73,1,4
O004881,2025-11-24,Electronics,123.55,0,3
O011346,2026-03-09,Electronics,211.93,0,4
O002790,2025-10-13,Apparel,64.08,0,4
O010661,2026-02-15,Home,113.64,0,3
O000600,2025-08-18,Electronics,127.71,1,1
O010256,2026-02-12,Electronics,149.3,0,2
O000592,2025-08-26,Electronics,145.91,1,4
O006074,2025-12-17,Apparel,67.69,1,2
O000850,2025-08-08,Electronics,123.3,0,3
O005973,2025-12-17,Apparel,111.14,0,3
O011528,2026-03-20,Electronics,124.08,0,4
O005853,2025-12-13,Apparel,69.75,1,3
O010135,2026-02-11,Electronics,284.32,0,4
O016481,2026-06-08,Home,148.45,0,3
O003933,2025-10-27,Home,98.8,0,3
O016279,2026-06-01,Electronics,171.74,0,1
O017543,2026-07-13,Electronics,43.67,0,2
O011716,2026-03-21,Electronics,178.5,1,5
O015066,2026-05-09,Home,115.23,0,2
O001067,2025-08-23,Home,74.6,0,5
O003899,2025-10-14,Home,75.92,0,3
O013306,2026-04-12,Home,159.73,0,3
O018065,2026-07-02,Home,92.93,0,3
O000019,2025-08-04,Apparel,62.71,0,3
O016547,2026-06-01,Home,64.56,0,2
O011159,2026-03-31,Apparel,73.67,1,3
O002307,2025-09-24,Electronics,76.76,0,4
O015013,2026-05-15,Home,86.65,0,2
O017753,2026-07-19,Electronics,173.21,0,4
O003659,2025-10-09,Electronics,182.48,0,2
O009087,2026-01-30,Home,48.47,0,4
O012301,2026-04-24,Apparel,45.51,0,1
O015789,2026-06-01,Apparel,21.84,0,4
O015473,2026-06-06,Apparel,101.23,0,4
O015379,2026-06-30,Apparel,25.6,1,2
O015405,2026-06-07,Apparel,79.51,0,3
O014861,2026-05-02,Home,88.76,1,3
O017527,2026-07-10,Electronics,211.95,0,4
O013717,2026-05-01,Apparel,51.77,0,1
O010525,2026-02-02,Home,177.57,0,3
O000804,2025-08-13,Electronics,166.29,0,3
O017034,2026-07-27,Apparel,52.81,1,2
O005958,2025-12-23,Apparel,84.74,0,3
O008572,2026-01-13,Electronics,108.48,0,3
O001433,2025-09-04,Apparel,8,0,2
O012382,2026-04-22,Apparel,76.51,0,3
O009081,2026-01-30,Home,79.49,0,3
O017966,2026-07-10,Electronics,114.27,0,3
O009827,2026-02-12,Electronics,32.6,0,2
O016042,2026-06-06,Electronics,156.34,0,3
O015226,2026-05-05,Home,102.82,0,5
O002503,2025-09-16,Home,125.75,0,3
O005258,2025-11-08,Electronics,133.15,0,3
O016576,2026-06-01,Home,49.37,0,4
O010844,2026-03-04,Apparel,69.11,0,3
O007480,2025-12-09,Home,113.53,0,2
O016816,2026-07-15,Apparel,77.54,0,3
O007309,2025-12-06,Home,50.38,0,1
O011118,2026-03-28,Apparel,139.37,1,2
O018169,2026-07-21,Home,145.79,0,2
O005604,2025-11-25,Home,91.27,0,2
O012468,2026-04-12,Apparel,74.39,0,5
O006145,2025-12-22,Apparel,76.06,0,4
O000157,2025-08-10,Apparel,40.85,0,3
O006125,2025-12-30,Apparel,57.97,1,2
O001963,2025-09-30,Electronics,203.74,0,4
O010047,2026-02-05,Electronics,101.72,0,1
O000868,2025-08-24,Electronics,128.06,0,4
O002755,2025-10-26,Apparel,71.57,1,3
O011383,2026-03-16,Electronics,114.13,0,4
O006865,2025-12-06,Electronics,45.43,0,2
O001092,2025-08-19,Home,100.34,0,4
O008519,2026-01-19,Electronics,37.02,0,2
O010085,2026-02-27,Electronics,166.33,0,5
O008117,2026-01-13,Apparel,25.85,0,3
O012850,2026-04-18,Electronics,217.52,0,5
O010097,2026-02-07,Electronics,59.81,0,2
O015247,2026-06-10,Apparel,93.52,0,2
O014941,2026-05-31,Home,31.82,0,4
O015798,2026-06-02,Apparel,72.55,0,4
O006191,2025-12-19,Apparel,46.86,0,3
O014489,2026-05-21,Electronics,65.84,0,1
O007183,2025-12-19,Electronics,102.46,0,2
O016293,2026-06-17,Electronics,176.04,0,4
O000620,2025-08-07,Electronics,203.62,0,4
O010372,2026-02-15,Home,133.1,0,3
O015440,2026-06-10,Apparel,60.22,0,4
O007873,2026-01-07,Apparel,46.7,0,4
O009220,2026-02-06,Apparel,63.93,0,4
O013230,2026-04-15,Electronics,158.59,0,1
O001235,2025-08-19,Home,59.68,0,5
O009962,2026-02-09,Electronics,194.65,0,2
O010545,2026-02-28,Home,113.93,0,5
O009628,2026-02-03,Apparel,25.57,1,1
O007305,2025-12-27,Home,172.08,0,3
O016045,2026-06-20,Electronics,97.0,0,3
O009922,2026-02-20,Electronics,233.56,0,3
O011905,2026-03-14,Home,122.92,0,4
O004838,2025-11-14,Electronics,197.65,0,2
O012147,2026-03-09,Home,69.63,0,3
O003061,2025-10-29,Apparel,59.9,1,4
O007422,2025-12-26,Home,117.03,0,5
O011863,2026-03-03,Home,106.4,0,2
O017905,2026-07-14,Electronics,278.76,0,4
O016143,2026-06-12,Electronics,50.99,0,2
O013918,2026-05-10,Apparel,75.91,1,3
O006978,2025-12-04,Electronics,98.49,0,3
O007803,2026-01-21,Apparel,64.91,0,1
O006903,2025-12-25,Electronics,76.3,0,2
O011761,2026-03-12,Home,84.94,0,4
O005791,2025-12-15,Apparel,54.16,0,4
O012501,2026-04-29,Apparel,60.26,0,3
O011811,2026-03-23,Home,106.09,0,1
O010998,2026-03-04,Apparel,44.91,0,2
O011861,2026-03-21,Home,59.13,0,4
O007997,2026-01-17,Apparel,45.91,0,3
O014213,2026-05-31,Apparel,51.09,0,2
O013093,2026-04-21,Electronics,233.39,0,3
O003965,2025-10-17,Home,100.51,0,5
O011631,2026-03-04,Electronics,107.83,0,3
O015207,2026-05-04,Home,200.62,0,1
O012328,2026-04-14,Apparel,99.27,0,3
O001287,2025-08-30,Home,149.79,0,4
O000853,2025-08-02,Electronics,174.84,0,5
O013127,2026-04-23,Electronics,197.69,0,3
O010146,2026-02-07,Electronics,60.9,0,4
O007855,2026-01-16,Apparel,62.92,0,4
O008796,2026-01-31,Electronics,190.91,0,4
O004946,2025-11-01,Electronics,199.2,0,4
O011636,2026-03-09,Electronics,198.15,0,1
O015760,2026-06-27,Apparel,46.18,0,5
O008220,2026-01-13,Apparel,101.49,0,4
O014737,2026-05-19,Electronics,119.52,0,2
O006593,2025-12-24,Electronics,418.08,0,5
O017039,2026-07-17,Apparel,8,0,2
O010612,2026-02-16,Home,95.06,0,2
O001176,2025-08-11,Home,80.66,0,5
O006891,2025-12-02,Electronics,103.07,0,5
O004225,2025-11-07,Apparel,108.26,0,2
O010549,2026-02-20,Home,109.0,0,2
O001250,2025-08-16,Home,24.96,0,3
O007287,2025-12-03,Home,136.5,0,4
O000112,2025-08-13,Apparel,73.06,0,5
O018208,2026-07-09,Home,65.91,0,5
O006902,2025-12-26,Electronics,133.59,0,5
O012392,2026-04-17,Apparel,40.65,0,2
O011283,2026-03-08,Electronics,142.95,0,3
O013856,2026-05-24,Apparel,86.38,0,4
O015757,2026-06-12,Apparel,64.61,0,5
O014479,2026-05-12,Electronics,187.59,0,4
O014587,2026-05-01,Electronics,53.59,0,1
O003317,2025-10-27,Electronics,170.0,0,6
O000130,2025-08-14,Apparel,47.47,0,4
O004242,2025-11-06,Apparel,76.66,0,3
O002019,2025-09-10,Electronics,236.86,0,3
O005207,2025-11-07,Electronics,200.34,0,3
O004966,2025-11-02,Electronics,241.36,0,2
O018252,2026-07-25,Home,118.61,0,3
O008368,2026-01-09,Electronics,247.58,0,2
O016916,2026-07-28,Apparel,42.28,0,3
O014081,2026-05-01,Apparel,51.33,0,3
O004852,2025-11-08,Electronics,89.62,0,3
O001034,2025-08-07,Home,143.29,0,1
O010313,2026-02-10,Home,54.12,0,3
O013068,2026-04-14,Electronics,147.14,0,4
O009050,2026-01-11,Home,134.93,0,1
O009054,2026-01-06,Home,69.33,0,4
O005306,2025-11-16,Home,119.59,0,4
O010863,2026-03-24,Apparel,47.92,0,4
O001840,2025-09-08,Apparel,91.5,0,4
O011104,2026-03-19,Apparel,96.32,0,3
O017830,2026-07-26,Electronics,176.93,0,4
O003025,2025-10-02,Apparel,51.37,0,4
O002021,2025-09-29,Electronics,65.81,0,3
O010933,2026-03-08,Apparel,108.69,0,4
O010458,2026-02-11,Home,84.34,0,1
O003209,2025-10-04,Apparel,81.17,0,3
O008116,2026-01-18,Apparel,67.71,0,3
O014458,2026-05-11,Electronics,120.92,0,4
O005974,2025-12-31,Apparel,16.78,0,3
O011262,2026-03-08,Apparel,75.78,0,3
O013460,2026-04-18,Home,125.1,0,1
O008946,2026-01-10,Home,44.65,0,3
O008504,2026-01-04,Electronics,228.0,1,1
O015631,2026-06-28,Apparel,8,0,4
O000416,2025-08-06,Apparel,94.28,0,5
O012594,2026-04-13,Apparel,70.56,0,2
O007598,2025-12-03,Home,63.04,0,4
O007277,2025-12-25,Home,93.19,0,3
O018331,2026-07-23,Home,137.19,0,5
O009396,2026-02-07,Apparel,46.22,0,2
O018262,2026-07-09,Home,66.0,0,2
O017814,2026-07-20,Electronics,286.03,0,4
O012027,2026-03-03,Home,69.08,0,1
O014896,2026-05-07,Home,59.48,0,5
O007485,2025-12-06,Home,78.42,0,3
O011348,2026-03-06,Electronics,148.66,1,3
O011741,2026-03-20,Electronics,173.26,0,4
O016102,2026-06-28,Electronics,188.59,1,3
O016746,2026-06-01,Home,89.45,0,2
O016586,2026-06-07,Home,101.34,0,5
O016633,2026-06-29,Home,40.24,0,3
O014082,2026-05-01,Apparel,28.22,0,2
O016104,2026-06-24,Electronics,113.64,0,4
O000996,2025-08-11,Home,72.32,0,2
O017175,2026-07-13,Apparel,109.02,1,3
O016070,2026-06-25,Electronics,145.66,0,3
O003705,2025-10-27,Electronics,118.57,0,4
O000773,2025-08-10,Electronics,109.16,0,4
O008218,2026-01-17,Apparel,63.85,0,1
O012851,2026-04-21,Electronics,86.88,0,4
O014076,2026-05-03,Apparel,47.17,0,5
O001865,2025-09-18,Apparel,23.37,1,4
O014383,2026-05-21,Electronics,30.08,0,3
O009814,2026-02-24,Electronics,238.7,0,2
O017924,2026-07-31,Electronics,208.49,0,3
O001045,2025-08-12,Home,110.85,0,3
O000793,2025-08-07,Electronics,8.62,0,4
O013315,2026-04-24,Home,8,0,2
O010978,2026-03-27,Apparel,16.11,0,2
O005513,2025-11-22,Home,115.75,0,6
O015586,2026-06-11,Apparel,106.7,0,2
O010846,2026-03-03,Apparel,103.88,0,2
O011372,2026-03-05,Electronics,185.28,0,1
O015455,2026-06-24,Apparel,94.88,0,4
O010926,2026-03-07,Apparel,25.77,0,3
O002573,2025-09-28,Home,104.81,0,2
O015601,2026-06-25,Apparel,42.24,0,4
O016711,2026-06-24,Home,44.4,0,4
O010956,2026-03-22,Apparel,58.98,0,1
O010725,2026-03-24,Apparel,32.94,0,3
O016670,2026-06-17,Home,53.87,0,2
O004814,2025-11-30,Electronics,66.6,0,3
O012367,2026-04-04,Apparel,80.78,1,1
O007033,2025-12-07,Electronics,42.22,0,4
O012514,2026-04-03,Apparel,21.8,0,2
O008176,2026-01-09,Apparel,40.8,0,4
O006037,2025-12-28,Apparel,67.96,1,4
O012765,2026-04-28,Apparel,98.52,0,3
O007417,2025-12-27,Home,105.14,0,3
O016276,2026-06-03,Electronics,47.55,0,3
O000308,2025-08-08,Apparel,50.51,0,2
O002338,2025-09-27,Home,81.39,0,3
O008258,2026-01-07,Apparel,33.91,0,3
O002255,2025-09-12,Electronics,153.94,0,2
O000031,2025-08-27,Apparel,68.61,0,4
O002884,2025-10-08,Apparel,70.57,0,3
O009328,2026-02-02,Apparel,16.26,1,4
O010528,2026-02-16,Home,91.49,0,3
O014173,2026-05-07,Apparel,56.23,1,4
O015469,2026-06-06,Apparel,89.24,0,5
O003262,2025-10-04,Apparel,37.89,1,3
O005712,2025-11-08,Home,19.0,0,2
O015284,2026-06-06,Apparel,44.64,0,2
O008677,2026-01-01,Electronics,164.33,0,1
O003438,2025-10-14,Electronics,126.7,0,4
O013015,2026-04-05,Electronics,119.71,0,2
O003833,2025-10-07,Home,63.42,0,2
O004318,2025-11-04,Apparel,21.39,0,5
O010878,2026-03-08,Apparel,99.06,0,3
O015368,2026-06-01,Apparel,106.02,0,3
O012723,2026-04-14,Apparel,46.51,0,3
O008894,2026-01-10,Home,92.04,0,4
O013493,2026-04-03,Home,88.78,0,4
O001537,2025-09-30,Apparel,50.56,0,2
O018381,2026-07-23,Home,40.6,0,1
O002566,2025-09-02,Home,87.97,0,2
O016384,2026-06-15,Electronics,166.41,0,2
O015024,2026-05-06,Home,85.84,0,5
O018306,2026-07-27,Home,48.37,0,4
O013439,2026-04-28,Home,89.77,0,3
O008161,2026-01-15,Apparel,51.07,0,4
O003931,2025-10-23,Home,90.21,0,3
O015507,2026-06-30,Apparel,69.16,0,4
O010295,2026-02-17,Home,128.54,0,2
O015431,2026-06-30,Apparel,63.54,1,2
O000568,2025-08-13,Electronics,131.44,0,3
O010686,2026-03-23,Apparel,44.02,1,2
O005502,2025-11-27,Home,45.4,1,3
O004804,2025-11-28,Electronics,142.63,0,4
O003161,2025-10-08,Apparel,93.34,0,3
O001412,2025-09-21,Apparel,79.37,0,4
O014654,2026-05-06,Electronics,158.55,0,3
O011801,2026-03-03,Home,112.42,0,3
O000347,2025-08-03,Apparel,43.64,0,4
O001882,2025-09-21,Electronics,188.15,0,3
O017679,2026-07-23,Electronics,77.77,0,3
O007735,2025-12-13,Home,77.54,0,4
O007886,2026-01-01,Apparel,64.05,0,5
O000679,2025-08-22,Electronics,208.93,0,1
O016994,2026-07-18,Apparel,44.05,1,3
O003309,2025-10-02,Electronics,182.9,0,4
O017095,2026-07-15,Apparel,54.1,0,1
O010511,2026-02-15,Home,144.04,0,2
O017465,2026-07-22,Apparel,97.34,0,2
O006532,2025-12-12,Electronics,78.26,0,4
O001691,2025-09-18,Apparel,113.65,1,4
O009007,2026-01-26,Home,61.92,0,5
O005940,2025-12-25,Apparel,107.42,0,2
O009811,2026-02-17,Electronics,172.45,0,4
O010883,2026-03-15,Apparel,133.13,0,4
O007630,2025-12-30,Home,104.06,0,3
O000957,2025-08-08,Electronics,46.09,1,2
O001658,2025-09-26,Apparel,69.16,0,4
O011972,2026-03-03,Home,79.18,0,4
O010476,2026-02-04,Home,107.69,0,4
O003868,2025-10-02,Home,94.3,0,1
O009773,2026-02-21,Apparel,91.04,0,4
O011271,2026-03-29,Apparel,29.07,0,3
O012922,2026-04-14,Electronics,131.36,0,5
O010937,2026-03-25,Apparel,69.18,0,3
O002405,2025-09-08,Home,119.82,0,3
O011903,2026-03-10,Home,136.29,1,4
O013778,2026-05-17,Apparel,47.72,0,3
O005269,2025-11-30,Electronics,125.27,0,2
O006900,2025-12-23,Electronics,37.15,0,6
O010288,2026-02-15,Home,129.03,0,1
O011955,2026-03-27,Home,87.78,0,3
O006538,2025-12-06,Electronics,151.39,0,4
O013559,2026-04-01,Home,124.36,0,1
O015357,2026-06-27,Apparel,77.32,0,6
O013503,2026-04-07,Home,83.93,1,4
O001346,2025-09-16,Apparel,62.22,0,4
O017023,2026-07-08,Apparel,34.42,0,2
O014167,2026-05-02,Apparel,54.69,0,2
O010381,2026-02-09,Home,30.39,0,2
O008307,2026-01-09,Apparel,82.01,0,2
O006162,2025-12-07,Apparel,15.35,0,4
O010455,2026-02-14,Home,114.88,0,3
O016193,2026-06-25,Electronics,86.24,0,4
O009985,2026-02-02,Electronics,157.3,0,5
O014971,2026-05-18,Home,83.7,0,2
O003748,2025-10-02,Home,63.1,0,4
O001013,2025-08-12,Home,65.5,0,3
O009626,2026-02-28,Apparel,77.95,0,5
O018247,2026-07-08,Home,76.42,0,1
O008967,2026-01-11,Home,74.86,0,3
O002386,2025-09-14,Home,48.28,0,4
O003675,2025-10-10,Electronics,255.26,0,3
O008313,2026-01-15,Apparel,124.03,0,4
O007824,2026-01-06,Apparel,27.55,0,2
O000807,2025-08-03,Electronics,103.5,0,3
O005342,2025-11-07,Home,8.24,0,5
O008227,2026-01-31,Apparel,63.82,0,3
O001413,2025-09-20,Apparel,70.48,0,3
O012288,2026-04-23,Apparel,51.88,1,4
O010683,2026-03-09,Apparel,114.16,0,2
O007025,2025-12-22,Electronics,115.03,0,3
O000010,2025-08-21,Apparel,61.27,1,4
O008640,2026-01-10,Electronics,179.36,0,3
O008476,2026-01-31,Electronics,202.24,0,3
O015354,2026-06-21,Apparel,81.98,0,2
O009871,2026-02-19,Electronics,111.01,0,3
O015297,2026-06-30,Apparel,24.41,0,2
O009885,2026-02-19,Electronics,99.17,0,4
O006753,2025-12-05,Electronics,210.26,0,3
O010719,2026-03-27,Apparel,24.27,0,3
O003789,2025-10-19,Home,78.33,0,3
O016340,2026-06-18,Electronics,89.91,0,4
O004026,2025-10-14,Home,136.56,0,3
O001481,2025-09-15,Apparel,68.36,0,1
O017182,2026-07-29,Apparel,51.07,0,4
O008140,2026-01-29,Apparel,48.18,0,6
O014092,2026-05-28,Apparel,98.44,0,3
O002130,2025-09-22,Electronics,168.74,1,1
O016979,2026-07-29,Apparel,22.55,0,2
O014852,2026-05-08,Home,65.17,0,4
O000034,2025-08-04,Apparel,50.79,1,3
O004737,2025-11-21,Apparel,37.32,0,5
O014531,2026-05-03,Electronics,213.77,0,4
O001488,2025-09-27,Apparel,20.26,0,3
O013077,2026-04-24,Electronics,192.46,0,3
O007927,2026-01-20,Apparel,71.95,0,3
O017734,2026-07-29,Electronics,127.34,0,2
O011365,2026-03-07,Electronics,125.52,0,3
O007917,2026-01-14,Apparel,73.81,0,3
O001706,2025-09-30,Apparel,61.53,0,3
O008466,2026-01-07,Electronics,116.29,0,5
O003050,2025-10-07,Apparel,89.85,0,4
O005944,2025-12-02,Apparel,78.85,1,4
O003096,2025-10-07,Apparel,58.52,0,4
O014973,2026-05-04,Home,94.41,0,4
O008663,2026-01-29,Electronics,167.46,0,4
O005063,2025-11-11,Electronics,148.86,0,3
O008660,2026-01-23,Electronics,272.22,0,5
O012598,2026-04-11,Apparel,42.39,0,3
O014698,2026-05-10,Electronics,213.89,0,4
O003837,2025-10-12,Home,125.46,0,4
O002646,2025-09-09,Home,78.87,0,5
O012633,2026-04-15,Apparel,44.89,1,1
O008231,2026-01-06,Apparel,77.97,0,6
O007456,2025-12-23,Home,38.67,0,4
O010222,2026-02-08,Electronics,61.86,0,3
O003170,2025-10-15,Apparel,80.07,0,5
O010611,2026-02-06,Home,8,0,2
O010148,2026-02-01,Electronics,122.41,0,2
O002949,2025-10-03,Apparel,67.63,0,5
O008835,2026-01-10,Home,152.91,0,4
O017388,2026-07-16,Apparel,84.52,0,5
O009509,2026-02-01,Apparel,56.07,0,2
O005701,2025-11-15,Home,121.0,0,3
O016950,2026-07-29,Apparel,66.68,0,2
O001639,2025-09-12,Apparel,74.41,0,3
O009829,2026-02-12,Electronics,154.85,0,3
O017028,2026-07-09,Apparel,39.49,0,3
O005890,2025-12-26,Apparel,74.79,0,4
O009477,2026-02-03,Apparel,40.37,0,5
O016661,2026-06-07,Home,99.95,0,3
O011587,2026-03-21,Electronics,200.05,0,4
O009879,2026-02-16,Electronics,162.12,0,2
O000306,2025-08-28,Apparel,58.56,0,3
O013759,2026-05-25,Apparel,107.73,0,3
O017399,2026-07-27,Apparel,40.7,0,3
O013210,2026-04-08,Electronics,171.97,0,5
O014961,2026-05-11,Home,158.14,0,4
O011622,2026-03-18,Electronics,67.35,0,4
O013764,2026-05-09,Apparel,91.15,0,1
O011008,2026-03-30,Apparel,19.12,0,3
O010946,2026-03-04,Apparel,85.43,0,1
O007140,2025-12-08,Electronics,93.61,0,4
O005175,2025-11-10,Electronics,157.18,0,5
O012502,2026-04-21,Apparel,79.1,0,4
O001076,2025-08-21,Home,47.57,0,4
O015514,2026-06-19,Apparel,49.7,0,1
O001352,2025-09-24,Apparel,75.59,0,2
O002838,2025-10-27,Apparel,27.56,0,3
O012167,2026-04-30,Apparel,71.56,0,3
O001665,2025-09-28,Apparel,107.13,0,2
O007884,2026-01-07,Apparel,66.21,0,3
O003048,2025-10-17,Apparel,38.8,0,4
O004800,2025-11-16,Electronics,113.23,1,4
O013308,2026-04-25,Home,80.53,0,4
O008590,2026-01-24,Electronics,104.67,0,3
O002860,2025-10-21,Apparel,59.05,0,4
O005584,2025-11-20,Home,71.32,1,3
O013810,2026-05-24,Apparel,64.35,0,2
O002639,2025-09-19,Home,101.01,0,3
O016907,2026-07-12,Apparel,36.35,0,2
O012202,2026-04-15,Apparel,75.67,0,3
O008149,2026-01-13,Apparel,77.85,0,3
O013390,2026-04-22,Home,142.21,0,1
O009186,2026-01-11,Home,89.48,0,3
O007243,2025-12-13,Home,75.36,0,4
O017005,2026-07-19,Apparel,87.77,0,3
O006992,2025-12-09,Electronics,173.56,0,3
O007210,2025-12-24,Electronics,177.99,0,1
O017158,2026-07-16,Apparel,34.3,1,2
O007099,2025-12-13,Electronics,67.06,1,3
O009763,2026-02-19,Apparel,101.18,0,4
O008269,2026-01-01,Apparel,46.97,1,3
O017644,2026-07-12,Electronics,8,0,3
O010789,2026-03-23,Apparel,53.02,0,2
O011879,2026-03-31,Home,141.5,0,3
O016709,2026-06-22,Home,64.21,0,4
O014589,2026-05-21,Electronics,119.97,0,2
O002818,2025-10-08,Apparel,61.26,0,3
O015618,2026-06-25,Apparel,8,0,3
O004758,2025-11-30,Apparel,72.78,1,3
O004541,2025-11-02,Apparel,84.55,0,4
O010808,2026-03-15,Apparel,77.18,1,4
O006069,2025-12-24,Apparel,44.06,0,3
O007096,2025-12-28,Electronics,61.94,0,5
O002853,2025-10-14,Apparel,69.99,0,4
O004300,2025-11-23,Apparel,73.88,1,1
O006559,2025-12-04,Electronics,288.49,0,2
O013207,2026-04-21,Electronics,97.81,0,1
O002144,2025-09-12,Electronics,229.93,0,3
O012337,2026-04-12,Apparel,102.02,0,5
O010893,2026-03-15,Apparel,80.26,0,1
O017398,2026-07-10,Apparel,19.71,0,2
O007294,2025-12-30,Home,90.86,1,3
O001792,2025-09-06,Apparel,63.91,0,3
O006417,2025-12-11,Apparel,82.17,0,2
O007084,2025-12-27,Electronics,67.46,0,2
O003410,2025-10-20,Electronics,22.04,0,4
O003308,2025-10-09,Electronics,124.6,0,3
O005006,2025-11-06,Electronics,164.5,0,4
O016759,2026-06-21,Home,111.48,0,2
O009485,2026-02-07,Apparel,8,0,2
O000475,2025-08-04,Apparel,65.84,1,3
O015625,2026-06-14,Apparel,70.55,0,2
O003129,2025-10-11,Apparel,90.24,0,2
O006192,2025-12-21,Apparel,12.84,1,5
O017492,2026-07-28,Apparel,79.07,0,4
O004898,2025-11-01,Electronics,154.78,0,4
O007080,2025-12-26,Electronics,111.32,1,2
O006140,2025-12-08,Apparel,17.31,0,2
O014236,2026-05-16,Apparel,46.66,1,3
O014681,2026-05-24,Electronics,116.78,0,3
O007347,2025-12-06,Home,128.31,0,3
O013600,2026-04-01,Home,74.32,0,3
O014749,2026-05-19,Electronics,244.57,0,2
O001541,2025-09-19,Apparel,55.69,0,4
O008051,2026-01-20,Apparel,42.5,0,4
O003772,2025-10-23,Home,30.0,1,3
O002811,2025-10-14,Apparel,46.4,1,3
O014163,2026-05-02,Apparel,52.53,0,1
O012749,2026-04-02,Apparel,26.3,0,3
O016834,2026-07-30,Apparel,42.3,0,2
O006859,2025-12-08,Electronics,324.04,0,3
O004153,2025-11-23,Apparel,58.22,0,6
O006898,2025-12-31,Electronics,75.24,0,3
O009330,2026-02-22,Apparel,63.84,1,3
O016491,2026-06-03,Home,95.08,0,2
O009111,2026-01-31,Home,75.93,0,3
O006311,2025-12-12,Apparel,9.24,1,5
O002287,2025-09-21,Electronics,197.32,0,2
O013120,2026-04-22,Electronics,129.95,0,2
O009062,2026-01-19,Home,78.61,0,2
O002785,2025-10-27,Apparel,67.11,0,3
O003750,2025-10-18,Home,55.6,0,4
O018423,2026-07-31,Home,87.8,0,2
O008205,2026-01-29,Apparel,71.29,0,2
O014735,2026-05-11,Electronics,273.94,1,2
O012613,2026-04-20,Apparel,83.93,0,2
O017938,2026-07-29,Electronics,8,0,2
O014189,2026-05-31,Apparel,76.11,0,5
O005232,2025-11-11,Electronics,124.33,0,3
O004819,2025-11-28,Electronics,220.23,0,4
O003727,2025-10-26,Electronics,163.07,0,4
O017751,2026-07-11,Electronics,219.6,0,3
O000012,2025-08-17,Apparel,80.51,0,4
O009593,2026-02-24,Apparel,35.39,0,2
O002345,2025-09-17,Home,78.66,0,4
O016483,2026-06-03,Home,127.51,0,3
O006141,2025-12-10,Apparel,28.87,0,3
O012839,2026-04-05,Electronics,143.19,0,2
O006600,2025-12-11,Electronics,260.36,0,3
O001315,2025-08-10,Home,101.49,0,5
O014267,2026-05-15,Apparel,103.8,0,2
O007433,2025-12-08,Home,112.65,0,2
O013664,2026-04-25,Home,117.31,0,2
O002266,2025-09-02,Electronics,283.82,0,2
O012447,2026-04-02,Apparel,107.2,0,5
O013740,2026-05-10,Apparel,63.17,0,5
O018098,2026-07-14,Home,97.88,0,3
O002301,2025-09-30,Electronics,213.14,0,2
O001254,2025-08-15,Home,58.78,0,5
O009240,2026-02-25,Apparel,74.84,0,4
O011939,2026-03-31,Home,150.04,0,1
O000052,2025-08-01,Apparel,102.94,0,4
O003157,2025-10-01,Apparel,34.81,0,4
O006336,2025-12-01,Apparel,53.73,0,2
O006646,2025-12-24,Electronics,235.57,0,4
O013250,2026-04-10,Electronics,159.76,0,5
O003726,2025-10-20,Electronics,185.21,0,2
O005847,2025-12-17,Apparel,37.92,0,2
O014451,2026-05-08,Electronics,263.54,0,4
O012586,2026-04-07,Apparel,70.71,0,2
O009493,2026-02-16,Apparel,8,1,3
O011664,2026-03-04,Electronics,117.14,0,4
O009629,2026-02-15,Apparel,46.61,0,3
O003652,2025-10-11,Electronics,118.11,0,1
O008060,2026-01-24,Apparel,40.39,0,4
O006714,2025-12-18,Electronics,126.25,0,3
O004911,2025-11-04,Electronics,134.29,0,4
O013700,2026-05-18,Apparel,104.72,0,2
O000307,2025-08-29,Apparel,42.79,0,4
O016766,2026-06-25,Home,93.54,0,3
O006584,2025-12-13,Electronics,251.14,0,2
O006517,2025-12-29,Electronics,216.48,0,5
O013853,2026-05-22,Apparel,52.29,0,4
O017869,2026-07-06,Electronics,191.99,0,3
O016686,2026-06-09,Home,103.85,0,3
O009676,2026-02-21,Apparel,56.78,1,2
O008557,2026-01-08,Electronics,211.46,0,5
O012297,2026-04-01,Apparel,59.11,0,2
O016342,2026-06-22,Electronics,160.4,0,3
O016821,2026-07-29,Apparel,94.86,0,3
O003874,2025-10-28,Home,116.62,0,4
O004139,2025-11-06,Apparel,90.25,0,4
O014910,2026-05-25,Home,48.0,0,3
O010031,2026-02-27,Electronics,48.62,0,4
O008251,2026-01-23,Apparel,60.65,0,3
O007364,2025-12-06,Home,115.6,0,4
O006630,2025-12-29,Electronics,108.36,0,2
O007705,2025-12-25,Home,54.87,0,4
O011876,2026-03-14,Home,11.89,0,5
O009309,2026-02-28,Apparel,60.72,0,5
O006053,2025-12-04,Apparel,107.03,0,4
O000505,2025-08-09,Apparel,15.38,0,2
O002792,2025-10-21,Apparel,43.12,0,4
O010860,2026-03-22,Apparel,52.83,0,2
O005507,2025-11-05,Home,87.31,0,2
O004975,2025-11-22,Electronics,114.95,0,3
O000663,2025-08-29,Electronics,47.93,0,3
O000433,2025-08-03,Apparel,47.61,1,4
O017239,2026-07-26,Apparel,56.25,0,1
O010008,2026-02-25,Electronics,143.97,0,1
O015083,2026-05-04,Home,47.62,1,3
O012259,2026-04-06,Apparel,66.22,0,5
O000178,2025-08-12,Apparel,69.54,0,6
O005219,2025-11-09,Electronics,195.31,0,2
O015544,2026-06-30,Apparel,19.5,0,3
O001733,2025-09-06,Apparel,88.01,0,4
O014823,2026-05-04,Home,57.38,0,2
O014230,2026-05-25,Apparel,33.44,0,4
O007092,2025-12-20,Electronics,227.9,0,3
O013988,2026-05-09,Apparel,22.38,0,3
O011165,2026-03-31,Apparel,81.09,1,3
O017194,2026-07-12,Apparel,50.19,0,3
O009779,2026-02-04,Apparel,90.57,1,4
O015414,2026-06-17,Apparel,70.78,0,3
O004503,2025-11-12,Apparel,93.86,0,1
O004938,2025-11-07,Electronics,13.88,0,2
O010188,2026-02-05,Electronics,8,0,2
O013728,2026-05-01,Apparel,44.12,0,2
O016510,2026-06-30,Home,20.96,0,3
O000667,2025-08-12,Electronics,141.62,0,4
O014633,2026-05-13,Electronics,168.43,0,3
O000221,2025-08-10,Apparel,58.67,0,4
O005352,2025-11-29,Home,57.04,0,3
O011370,2026-03-19,Electronics,197.97,0,4
O010309,2026-02-25,Home,70.82,0,4
O002166,2025-09-20,Electronics,127.55,0,4
O004273,2025-11-04,Apparel,87.57,0,2
O000256,2025-08-21,Apparel,87.86,0,3
O011987,2026-03-28,Home,100.94,0,2
O000046,2025-08-10,Apparel,53.03,1,3
O015946,2026-06-15,Electronics,103.03,0,2
O006741,2025-12-27,Electronics,237.34,0,1
O001879,2025-09-29,Apparel,50.69,0,3
O008285,2026-01-18,Apparel,59.03,0,4
O002358,2025-09-26,Home,53.13,0,4
O012551,2026-04-08,Apparel,58.67,0,2
O004748,2025-11-22,Apparel,102.7,0,3
O007212,2025-12-04,Electronics,211.17,0,5
O004109,2025-10-03,Home,104.9,0,2
O002479,2025-09-17,Home,132.32,0,2
O008535,2026-01-23,Electronics,220.31,0,3
O016408,2026-06-24,Home,100.95,0,1
O008381,2026-01-23,Electronics,185.04,0,2
O010325,2026-02-28,Home,57.25,0,5
O012836,2026-04-21,Electronics,102.12,0,2
O018188,2026-07-13,Home,91.88,0,2
O005264,2025-11-04,Electronics,201.66,0,3
O017930,2026-07-08,Electronics,190.05,0,4
O008345,2026-01-13,Electronics,85.89,0,1
O008659,2026-01-24,Electronics,8,0,3
O008912,2026-01-13,Home,78.23,0,4
O001192,2025-08-14,Home,68.47,0,5
O012459,2026-04-11,Apparel,87.22,0,4
O014140,2026-05-17,Apparel,9.87,0,2
O010806,2026-03-04,Apparel,57.82,0,3
O001644,2025-09-09,Apparel,56.6,0,1
O003399,2025-10-12,Electronics,91.17,0,3
O004746,2025-11-08,Apparel,22.57,0,4
O005391,2025-11-05,Home,96.9,0,4
O006569,2025-12-20,Electronics,215.56,1,4
O012350,2026-04-10,Apparel,88.39,1,3
O013260,2026-04-19,Electronics,116.16,0,3
O009425,2026-02-04,Apparel,43.16,1,4
O000497,2025-08-17,Apparel,71.56,1,4
O000540,2025-08-12,Electronics,100.41,0,4
O007434,2025-12-04,Home,65.82,0,3
O011823,2026-03-08,Home,41.65,0,3
O001745,2025-09-07,Apparel,96.8,0,2
O002697,2025-09-15,Home,101.2,0,3
O004172,2025-11-07,Apparel,8,0,3
O005862,2025-12-31,Apparel,70.15,1,3
O014534,2026-05-22,Electronics,76.61,0,3
O016952,2026-07-25,Apparel,81.59,0,4
O003769,2025-10-23,Home,45.86,0,4
O002848,2025-10-04,Apparel,51.44,0,4
O015161,2026-05-10,Home,151.41,0,3
O013817,2026-05-19,Apparel,79.69,0,2
O014166,2026-05-12,Apparel,77.23,1,2
O016428,2026-06-15,Home,136.11,0,5
O009661,2026-02-21,Apparel,73.6,0,4
O011314,2026-03-07,Electronics,264.03,0,3
O018017,2026-07-08,Home,89.73,0,2
O010378,2026-02-19,Home,185.29,0,6
O009031,2026-01-01,Home,76.26,0,4
O015877,2026-06-29,Apparel,64.27,0,1
O012451,2026-04-08,Apparel,74.24,0,3
O001915,2025-09-01,Electronics,145.17,0,3
O005420,2025-11-22,Home,101.83,0,3
O002843,2025-10-12,Apparel,48.56,1,4
O001296,2025-08-30,Home,155.25,0,3
O010296,2026-02-06,Home,72.88,0,3
O010427,2026-02-17,Home,103.8,0,3
O011109,2026-03-05,Apparel,111.46,0,1
O006501,2025-12-02,Apparel,73.67,0,2
O005176,2025-11-03,Electronics,22.06,0,3
O009259,2026-02-13,Apparel,25.76,0,4
O002240,2025-09-14,Electronics,201.41,0,5
O016009,2026-06-15,Electronics,33.93,0,1
O004193,2025-11-12,Apparel,49.39,1,3
O010243,2026-02-16,Electronics,134.08,0,4
O016561,2026-06-06,Home,64.16,0,4
O016860,2026-07-31,Apparel,93.57,0,1
O017925,2026-07-29,Electronics,92.66,0,3
O011285,2026-03-18,Electronics,131.86,0,4
O009615,2026-02-17,Apparel,56.24,0,1
O002653,2025-09-14,Home,63.95,0,3
O009086,2026-01-30,Home,89.27,0,3
O001564,2025-09-06,Apparel,23.25,0,5
O004055,2025-10-16,Home,65.19,0,2
O016436,2026-06-08,Home,101.9,0,3
O011945,2026-03-18,Home,135.41,0,3
O003484,2025-10-07,Electronics,175.98,0,4
O017789,2026-07-20,Electronics,110.1,0,3
O003843,2025-10-09,Home,90.1,0,3
O011712,2026-03-21,Electronics,278.38,0,6
O002606,2025-09-06,Home,79.38,0,4
O004305,2025-11-23,Apparel,64.57,0,4
O009338,2026-02-01,Apparel,42.93,0,2
O004676,2025-11-04,Apparel,51.44,0,1
O008319,2026-01-02,Apparel,8,0,4
O002991,2025-10-11,Apparel,63.83,0,4
O000517,2025-08-01,Apparel,49.53,0,3
O001102,2025-08-12,Home,122.82,0,2
O003683,2025-10-06,Electronics,282.83,0,4
O009800,2026-02-17,Apparel,91.87,0,1
O000952,2025-08-08,Electronics,183.64,0,3
O018398,2026-07-16,Home,52.91,0,3
O016700,2026-06-25,Home,104.84,1,4
O005976,2025-12-07,Apparel,8,0,2
O014017,2026-05-11,Apparel,10.61,0,1
O015587,2026-06-09,Apparel,52.28,0,3
O011201,2026-03-15,Apparel,96.25,1,3
O004685,2025-11-25,Apparel,87.86,0,4
O006471,2025-12-08,Apparel,80.19,0,4
O011953,2026-03-04,Home,92.75,0,4
O007352,2025-12-29,Home,54.17,0,4
O015803,2026-06-25,Apparel,67.55,0,3
O015971,2026-06-09,Electronics,167.55,1,3
O012158,2026-03-11,Home,116.15,0,3
O014299,2026-05-05,Apparel,122.17,0,2
O000650,2025-08-19,Electronics,108.64,0,3
O017852,2026-07-08,Electronics,255.67,0,3
O003329,2025-10-20,Electronics,139.99,0,4
O008982,2026-01-28,Home,62.14,0,4
O004647,2025-11-08,Apparel,91.59,0,3
O005803,2025-12-10,Apparel,104.28,0,4
O011203,2026-03-04,Apparel,47.69,0,2
O003935,2025-10-20,Home,155.01,0,4
O010276,2026-02-18,Home,84.09,0,4
O010062,2026-02-26,Electronics,83.89,0,3
O002076,2025-09-13,Electronics,256.3,0,3
O006133,2025-12-22,Apparel,14.31,0,4
O000121,2025-08-26,Apparel,56.77,0,3
O003326,2025-10-30,Electronics,137.78,0,3
O017342,2026-07-17,Apparel,54.08,0,4
O008528,2026-01-11,Electronics,67.73,0,3
O000911,2025-08-14,Electronics,100.45,1,3
O015766,2026-06-10,Apparel,10.86,0,2
O007699,2025-12-19,Home,106.68,1,3
O008959,2026-01-11,Home,63.72,0,4
O012291,2026-04-19,Apparel,72.89,0,1
O004186,2025-11-18,Apparel,36.22,1,4
O008562,2026-01-24,Electronics,212.97,0,3
O006441,2025-12-17,Apparel,87.41,0,2
O000546,2025-08-19,Electronics,8,1,5
O017889,2026-07-07,Electronics,236.24,1,3
O000826,2025-08-05,Electronics,188.35,0,5
O001602,2025-09-09,Apparel,104.35,0,2
O006207,2025-12-15,Apparel,77.8,0,3
O016973,2026-07-28,Apparel,50.54,0,2
O014207,2026-05-02,Apparel,120.51,0,4
O005596,2025-11-12,Home,78.62,0,3
O015620,2026-06-15,Apparel,97.72,0,3
O008901,2026-01-12,Home,110.75,0,3
O014533,2026-05-14,Electronics,184.98,0,2
O013107,2026-04-18,Electronics,109.38,0,3
O012143,2026-03-12,Home,104.61,0,1
O012665,2026-04-19,Apparel,36.59,0,2
O008505,2026-01-28,Electronics,155.59,0,4
O014616,2026-05-12,Electronics,65.58,1,2
O012169,2026-04-21,Apparel,81.39,0,5
O015349,2026-06-23,Apparel,65.39,0,2
O003318,2025-10-01,Electronics,189.31,0,3
O011006,2026-03-25,Apparel,35.51,0,4
O016527,2026-06-14,Home,65.3,0,2
O016534,2026-06-05,Home,8,0,4
O003095,2025-10-20,Apparel,65.55,0,4
O007410,2025-12-19,Home,61.84,0,4
O014955,2026-05-24,Home,106.75,0,5
O002912,2025-10-27,Apparel,63.29,0,2
O002671,2025-09-15,Home,98.73,0,6
O018251,2026-07-13,Home,63.07,0,3
O011885,2026-03-16,Home,13.37,0,4
O013085,2026-04-12,Electronics,123.37,0,1
O011894,2026-03-24,Home,47.79,0,4
O014258,2026-05-16,Apparel,37.82,0,2
O010804,2026-03-15,Apparel,76.65,1,3
O010096,2026-02-23,Electronics,153.66,0,2
O011352,2026-03-20,Electronics,207.13,0,2
O013605,2026-04-07,Home,134.43,0,4
O017708,2026-07-28,Electronics,206.22,0,4
O009164,2026-01-22,Home,74.32,0,4
O008718,2026-01-17,Electronics,266.12,1,5
O004006,2025-10-14,Home,51.91,0,1
O007844,2026-01-16,Apparel,94.33,0,3
O012106,2026-03-30,Home,181.96,0,3
O002863,2025-10-02,Apparel,88.52,0,4
O000418,2025-08-23,Apparel,18.51,0,1
O000579,2025-08-14,Electronics,168.5,0,3
O001522,2025-09-12,Apparel,22.92,0,3
O014478,2026-05-02,Electronics,102.98,1,5
O008364,2026-01-10,Electronics,145.34,0,3
O004406,2025-11-17,Apparel,69.84,0,4
O004280,2025-11-07,Apparel,49.73,0,4
O003777,2025-10-21,Home,44.62,0,3
O006247,2025-12-29,Apparel,65.41,0,2
O003702,2025-10-02,Electronics,171.57,0,4
O003150,2025-10-16,Apparel,85.86,0,4
O015409,2026-06-07,Apparel,109.89,0,3
O000757,2025-08-29,Electronics,109.95,0,4
O018377,2026-07-17,Home,110.17,0,3
O005102,2025-11-26,Electronics,264.47,0,1
O013463,2026-04-30,Home,51.94,0,1
O014057,2026-05-05,Apparel,87.44,0,5
O017894,2026-07-31,Electronics,165.33,0,3
O017126,2026-07-08,Apparel,57.12,0,2
O018229,2026-07-26,Home,79.09,0,3
O010868,2026-03-11,Apparel,83.42,0,5
O003135,2025-10-18,Apparel,59.26,0,2
O001037,2025-08-23,Home,158.83,0,5
O012571,2026-04-22,Apparel,85.27,0,3
O011683,2026-03-04,Electronics,117.56,0,3
O012162,2026-03-02,Home,80.36,0,3
O007342,2025-12-22,Home,61.3,0,4
O006292,2025-12-07,Apparel,121.88,0,2
O002600,2025-09-17,Home,54.73,0,2
O000193,2025-08-11,Apparel,15.47,0,4
O001947,2025-09-03,Electronics,207.63,0,4
O012606,2026-04-15,Apparel,71.63,0,2
O001783,2025-09-08,Apparel,82.89,0,2
O010242,2026-02-16,Electronics,132.08,0,5
O007403,2025-12-16,Home,51.23,0,1
O005008,2025-11-03,Electronics,277.04,0,4
O008712,2026-01-30,Electronics,132.84,0,4
O010701,2026-03-21,Apparel,59.2,0,5
O015416,2026-06-11,Apparel,66.79,0,2
O005417,2025-11-17,Home,65.56,0,3
O006820,2025-12-05,Electronics,134.5,0,2
O017215,2026-07-11,Apparel,38.21,1,3
O015358,2026-06-09,Apparel,52.52,0,3
O008232,2026-01-31,Apparel,36.25,0,5
O015559,2026-06-28,Apparel,46.79,0,1
O003260,2025-10-04,Apparel,116.9,0,2
O011941,2026-03-17,Home,86.51,0,3
O016913,2026-07-05,Apparel,31.82,0,3
O002748,2025-10-03,Apparel,47.72,1,4
O008525,2026-01-18,Electronics,169.35,0,2
O016875,2026-07-16,Apparel,49.86,0,3
O015743,2026-06-23,Apparel,87.95,1,3
O004408,2025-11-23,Apparel,36.54,1,1
O015745,2026-06-27,Apparel,66.09,1,2
O006572,2025-12-03,Electronics,58.42,0,4
O000823,2025-08-19,Electronics,39.0,0,6
O007448,2025-12-29,Home,61.34,0,5
O009510,2026-02-23,Apparel,53.47,0,4
O017258,2026-07-20,Apparel,128.17,0,4
O001258,2025-08-29,Home,99.01,0,2
O007046,2025-12-14,Electronics,139.89,0,3
O004003,2025-10-09,Home,102.66,0,1
O015831,2026-06-26,Apparel,44.66,0,3
O006354,2025-12-24,Apparel,85.67,0,4
O003498,2025-10-03,Electronics,82.36,0,2
O018027,2026-07-10,Home,37.4,0,3
O006878,2025-12-24,Electronics,175.94,1,2
O012271,2026-04-25,Apparel,34.63,1,3
O017583,2026-07-10,Electronics,196.55,0,4
O012923,2026-04-05,Electronics,96.75,0,3
O017982,2026-07-16,Electronics,130.75,0,2
O011960,2026-03-17,Home,46.62,0,4
O016265,2026-06-29,Electronics,81.37,0,1
O007254,2025-12-06,Home,37.65,0,4
O001131,2025-08-03,Home,30.51,0,3
O002797,2025-10-07,Apparel,74.23,1,3
O000965,2025-08-01,Home,57.85,0,4
O005214,2025-11-15,Electronics,63.34,0,3
O004586,2025-11-02,Apparel,53.35,0,4
O005704,2025-11-26,Home,119.1,0,3
O007929,2026-01-12,Apparel,65.34,0,3
O011294,2026-03-20,Electronics,57.85,0,2
O002877,2025-10-17,Apparel,66.64,0,3
O004253,2025-11-20,Apparel,95.4,0,5
O014824,2026-05-04,Home,170.41,0,4
O002415,2025-09-14,Home,121.99,0,4
O015773,2026-06-29,Apparel,83.22,0,3
O016890,2026-07-06,Apparel,16.27,0,3
O002593,2025-09-15,Home,99.01,0,1
O000676,2025-08-05,Electronics,172.13,0,4
O006638,2025-12-03,Electronics,307.94,0,4
O010756,2026-03-18,Apparel,59.41,0,3
O003546,2025-10-12,Electronics,64.08,0,1
O012335,2026-04-19,Apparel,56.81,0,2
O005749,2025-12-04,Apparel,100.99,0,1
O015517,2026-06-15,Apparel,75.18,1,4
O009951,2026-02-09,Electronics,195.51,0,3
O013190,2026-04-14,Electronics,232.79,0,3
O000255,2025-08-11,Apparel,91.67,0,3
O008499,2026-01-29,Electronics,242.96,1,5
O000948,2025-08-02,Electronics,119.49,0,3
O012898,2026-04-24,Electronics,198.86,0,2
O013455,2026-04-22,Home,98.26,0,3
O005277,2025-11-23,Electronics,176.67,0,3
O008413,2026-01-20,Electronics,8,0,2
O008716,2026-01-13,Electronics,139.55,0,3
O011750,2026-03-05,Electronics,151.79,0,5
O003405,2025-10-20,Electronics,163.62,0,4
O000837,2025-08-29,Electronics,89.18,0,5
O006084,2025-12-19,Apparel,87.21,0,5
O012596,2026-04-04,Apparel,75.71,0,4
O014959,2026-05-27,Home,14.34,0,4
O015088,2026-05-12,Home,101.93,0,3
O002939,2025-10-23,Apparel,80.26,0,2
O014051,2026-05-25,Apparel,72.4,0,3
O008308,2026-01-10,Apparel,96.25,0,2
O009478,2026-02-07,Apparel,88.65,0,4
O002389,2025-09-30,Home,86.62,0,4
O016870,2026-07-06,Apparel,117.02,0,3
O007147,2025-12-23,Electronics,47.65,0,2
O009550,2026-02-21,Apparel,75.02,0,2
O014387,2026-05-03,Electronics,227.14,0,3
O007393,2025-12-20,Home,50.0,0,5
O007366,2025-12-04,Home,151.45,0,2
O013459,2026-04-20,Home,49.8,0,3
O000062,2025-08-26,Apparel,52.64,0,3
O009349,2026-02-16,Apparel,10.0,1,5
O013316,2026-04-14,Home,39.57,0,3
O004991,2025-11-26,Electronics,194.03,0,1
O014127,2026-05-24,Apparel,49.03,1,6
O012683,2026-04-29,Apparel,52.3,0,5
O002577,2025-09-28,Home,97.48,0,5
O008799,2026-01-22,Electronics,298.52,0,2
O011296,2026-03-12,Electronics,178.38,0,2
O013438,2026-04-21,Home,28.02,0,2
O010918,2026-03-04,Apparel,47.76,1,4
O012463,2026-04-10,Apparel,38.89,0,1
O011981,2026-03-21,Home,25.04,0,4
O007753,2026-01-27,Apparel,83.21,0,3
O016752,2026-06-02,Home,72.14,0,5
O012191,2026-04-15,Apparel,20.03,0,3
O013648,2026-04-14,Home,106.92,0,5
O009984,2026-02-13,Electronics,160.44,0,2
O000987,2025-08-07,Home,81.14,0,4
O006157,2025-12-13,Apparel,54.49,1,2
O000953,2025-08-27,Electronics,188.93,0,4
O015814,2026-06-17,Apparel,118.71,0,4
O000268,2025-08-23,Apparel,80.1,0,4
O004888,2025-11-19,Electronics,156.7,0,2
O001283,2025-08-07,Home,121.74,0,2
O015236,2026-06-26,Apparel,47.21,0,3
O008554,2026-01-30,Electronics,108.14,0,3
O014338,2026-05-12,Electronics,266.89,0,3
O002886,2025-10-20,Apparel,89.74,0,3
O000240,2025-08-10,Apparel,52.94,1,4
O004329,2025-11-13,Apparel,48.05,0,2
O006495,2025-12-05,Apparel,66.3,0,6
O008123,2026-01-20,Apparel,95.5,1,4
O003521,2025-10-18,Electronics,10.23,0,2
O014668,2026-05-29,Electronics,155.95,0,3
O011897,2026-03-06,Home,142.9,0,3
O011687,2026-03-09,Electronics,151.52,0,3
O018303,2026-07-08,Home,153.99,0,5
O018246,2026-07-21,Home,117.25,0,2
O013266,2026-04-08,Home,165.35,0,3
O003210,2025-10-19,Apparel,123.29,0,3
O011896,2026-03-17,Home,131.35,1,3
O005100,2025-11-14,Electronics,186.43,0,3
O008605,2026-01-20,Electronics,249.68,0,4
O009354,2026-02-23,Apparel,73.45,0,3
O006928,2025-12-21,Electronics,195.83,0,4
O013781,2026-05-26,Apparel,97.24,0,3
O010249,2026-02-09,Electronics,80.69,0,4
O001627,2025-09-27,Apparel,33.19,0,5
O006395,2025-12-29,Apparel,62.76,0,3
O017750,2026-07-21,Electronics,134.93,0,3
O010068,2026-02-11,Electronics,218.15,0,2
O006061,2025-12-10,Apparel,88.35,0,3
O000247,2025-08-24,Apparel,84.63,0,5
O018064,2026-07-18,Home,62.69,0,3
O009011,2026-01-17,Home,77.13,0,3
O004092,2025-10-07,Home,101.15,0,2
O018070,2026-07-08,Home,96.67,0,4
O017502,2026-07-18,Electronics,173.74,1,4
O014137,2026-05-30,Apparel,39.46,0,3
O014569,2026-05-21,Electronics,99.97,0,4
O015574,2026-06-04,Apparel,27.69,1,3
O006858,2025-12-03,Electronics,151.01,0,3
O001729,2025-09-17,Apparel,54.91,0,4
O006008,2025-12-29,Apparel,71.28,0,3
O004526,2025-11-10,Apparel,50.27,0,4
O017946,2026-07-12,Electronics,201.71,0,1
O006929,2025-12-13,Electronics,171.94,0,3
O001990,2025-09-28,Electronics,169.44,0,3
O017655,2026-07-24,Electronics,150.61,1,1
O010459,2026-02-20,Home,102.51,0,4
O015420,2026-06-17,Apparel,60.54,0,2
O014867,2026-05-09,Home,8,0,4
O004551,2025-11-29,Apparel,45.31,0,4
O002700,2025-09-16,Home,89.26,0,5
O008264,2026-01-09,Apparel,78.02,0,3
O010318,2026-02-20,Home,111.87,0,1
O003310,2025-10-12,Electronics,175.23,0,3
O009281,2026-02-06,Apparel,67.92,1,1
O012906,2026-04-15,Electronics,131.56,1,2
O005137,2025-11-11,Electronics,95.44,1,4
O000680,2025-08-10,Electronics,150.15,0,5
O005395,2025-11-18,Home,61.77,0,4
O013541,2026-04-26,Home,126.09,0,2
O015845,2026-06-19,Apparel,73.4,0,1
O004189,2025-11-22,Apparel,105.83,1,2
O015036,2026-05-27,Home,124.35,0,3
O006877,2025-12-11,Electronics,202.61,0,4
O017798,2026-07-15,Electronics,181.02,1,3
O013004,2026-04-02,Electronics,195.15,0,3
O005151,2025-11-08,Electronics,105.18,0,5
O016590,2026-06-20,Home,136.54,0,4
O011582,2026-03-28,Electronics,301.64,0,6
O006154,2025-12-09,Apparel,56.34,1,4
O012727,2026-04-10,Apparel,75.45,1,2
O015979,2026-06-19,Electronics,150.2,0,3
O014061,2026-05-22,Apparel,66.82,1,4
O009542,2026-02-14,Apparel,45.5,1,4
O000758,2025-08-15,Electronics,162.89,0,5
O005765,2025-12-01,Apparel,64.61,0,4
O007681,2025-12-02,Home,66.4,0,3
O006286,2025-12-10,Apparel,97.97,0,5
O017764,2026-07-05,Electronics,163.48,0,5
O003841,2025-10-10,Home,122.91,0,3
O016494,2026-06-16,Home,66.73,0,4
O008772,2026-01-11,Electronics,37.77,1,1
O004699,2025-11-26,Apparel,121.68,0,4
O013506,2026-04-05,Home,93.41,0,3
O012130,2026-03-08,Home,42.47,0,5
O009606,2026-02-07,Apparel,74.65,0,4
O015930,2026-06-02,Electronics,207.11,0,3
O014392,2026-05-12,Electronics,211.79,1,3
O005004,2025-11-29,Electronics,162.55,0,4
O006407,2025-12-03,Apparel,77.12,0,3
O012102,2026-03-21,Home,54.59,0,2
O005357,2025-11-01,Home,20.31,0,3
O014389,2026-05-29,Electronics,121.46,1,3
O014337,2026-05-19,Electronics,187.16,0,4
O010001,2026-02-16,Electronics,212.53,0,3
O012088,2026-03-12,Home,90.82,0,2
O005948,2025-12-26,Apparel,73.61,0,2
O011171,2026-03-31,Apparel,36.76,0,4
O011839,2026-03-03,Home,86.53,0,3
O009604,2026-02-13,Apparel,32.53,1,2
O014310,2026-05-26,Apparel,18.61,1,4
O013602,2026-04-14,Home,60.12,0,3
O001750,2025-09-18,Apparel,76.49,0,4
O009339,2026-02-17,Apparel,35.63,0,3
O010613,2026-02-27,Home,167.85,0,1
O013041,2026-04-15,Electronics,132.22,0,2
O003435,2025-10-27,Electronics,114.19,0,3
O004488,2025-11-21,Apparel,56.08,0,5
O001603,2025-09-04,Apparel,57.65,0,4
O006594,2025-12-19,Electronics,133.74,0,2
O012939,2026-04-02,Electronics,158.92,0,4
O003696,2025-10-06,Electronics,253.36,0,4
O003060,2025-10-14,Apparel,87.14,0,2
O016727,2026-06-10,Home,73.72,0,3
O018419,2026-07-05,Home,55.72,0,3
O002972,2025-10-04,Apparel,63.01,0,4
O004004,2025-10-17,Home,13.76,0,3
O005255,2025-11-27,Electronics,204.27,0,2
O009863,2026-02-06,Electronics,43.54,0,3
O008639,2026-01-03,Electronics,181.33,0,4
O015871,2026-06-15,Apparel,16.49,0,4
O005960,2025-12-05,Apparel,54.2,0,3
O017816,2026-07-21,Electronics,198.34,0,2
O006682,2025-12-18,Electronics,172.93,0,3
O016849,2026-07-29,Apparel,62.28,0,1
O003849,2025-10-14,Home,33.81,0,3
O009316,2026-02-10,Apparel,36.98,0,5
O005874,2025-12-06,Apparel,95.43,1,4
O016370,2026-06-07,Electronics,167.69,0,4
O009734,2026-02-15,Apparel,47.73,0,3
O006469,2025-12-09,Apparel,74.39,0,3
O001758,2025-09-01,Apparel,62.81,0,5
O009222,2026-02-08,Apparel,133.66,0,5
O000414,2025-08-19,Apparel,84.26,0,5
O016629,2026-06-26,Home,53.67,0,3
O005643,2025-11-13,Home,73.3,0,5
O003463,2025-10-23,Electronics,169.38,0,4
O005161,2025-11-12,Electronics,167.04,0,4
O010449,2026-02-16,Home,154.09,0,4
O004471,2025-11-08,Apparel,53.94,0,4
O009837,2026-02-24,Electronics,260.8,0,5
O006415,2025-12-07,Apparel,72.02,0,3
O011757,2026-03-05,Home,108.77,0,4
O007439,2025-12-26,Home,130.3,0,4
O012846,2026-04-15,Electronics,79.08,0,3
O013965,2026-05-31,Apparel,34.98,0,4
O003368,2025-10-29,Electronics,185.18,0,3
O016801,2026-06-11,Home,54.64,0,3
O016134,2026-06-17,Electronics,266.14,0,5
O009988,2026-02-22,Electronics,196.86,0,4
O005372,2025-11-15,Home,150.83,1,6
O014434,2026-05-06,Electronics,127.68,0,1
O012590,2026-04-27,Apparel,46.61,0,2
O017114,2026-07-13,Apparel,120.72,0,4
O012821,2026-04-28,Electronics,15.44,0,3
O000918,2025-08-17,Electronics,186.73,0,4
O014253,2026-05-27,Apparel,43.5,0,4
O001206,2025-08-03,Home,19.58,0,3
O010557,2026-02-06,Home,8,0,2
O009515,2026-02-11,Apparel,17.35,0,3
O004484,2025-11-15,Apparel,33.58,0,4
O011533,2026-03-20,Electronics,120.24,0,2
O017630,2026-07-13,Electronics,152.5,0,2
O014816,2026-05-14,Home,80.72,0,3
O000824,2025-08-04,Electronics,189.61,0,4
O016639,2026-06-06,Home,73.54,0,2
O012049,2026-03-28,Home,182.76,0,3
O014857,2026-05-24,Home,114.75,0,4
O013091,2026-04-23,Electronics,175.56,0,4
O012248,2026-04-19,Apparel,60.69,0,4
O002460,2025-09-14,Home,86.82,0,1
O009583,2026-02-09,Apparel,73.63,0,4
O007458,2025-12-04,Home,134.87,1,5
O003998,2025-10-04,Home,24.31,0,2
O014996,2026-05-01,Home,104.33,0,3
O017993,2026-07-14,Electronics,73.78,0,3
O001485,2025-09-18,Apparel,43.56,0,2
O016376,2026-06-30,Electronics,257.72,0,4
O011654,2026-03-09,Electronics,186.95,0,2
O011993,2026-03-16,Home,50.03,0,3
O003512,2025-10-11,Electronics,221.43,0,2
O017980,2026-07-12,Electronics,206.32,0,3
O018082,2026-07-26,Home,102.91,0,5
O004846,2025-11-19,Electronics,117.13,0,3
O010788,2026-03-10,Apparel,77.62,0,3
O009696,2026-02-11,Apparel,44.05,1,3
O017853,2026-07-20,Electronics,146.34,0,4
O005545,2025-11-07,Home,103.36,0,3
O008879,2026-01-12,Home,54.43,0,2
O012034,2026-03-31,Home,153.6,0,3
O001039,2025-08-16,Home,157.21,0,4
O002869,2025-10-17,Apparel,8,0,2
O013228,2026-04-22,Electronics,88.19,0,2
O003795,2025-10-15,Home,8,1,6
O004262,2025-11-24,Apparel,56.86,0,3
O008731,2026-01-06,Electronics,191.57,1,2
O018363,2026-07-02,Home,84.4,0,3
O001171,2025-08-01,Home,84.0,0,2
O012976,2026-04-28,Electronics,103.32,0,4
O010363,2026-02-04,Home,91.38,0,4
O001328,2025-08-07,Home,31.18,0,5
O004570,2025-11-24,Apparel,126.59,0,5
O003108,2025-10-22,Apparel,51.05,0,3
O005245,2025-11-30,Electronics,126.19,1,3
O018177,2026-07-24,Home,51.97,0,3
O003819,2025-10-12,Home,68.08,0,2
O001585,2025-09-18,Apparel,72.45,0,4
O015119,2026-05-29,Home,13.42,0,3
O012609,2026-04-16,Apparel,64.54,0,4
O008321,2026-01-21,Apparel,44.93,0,3
O014510,2026-05-01,Electronics,177.01,0,3
O001817,2025-09-04,Apparel,81.77,0,5
O011752,2026-03-10,Electronics,231.38,0,4
O010631,2026-02-04,Home,83.18,0,2
O017226,2026-07-06,Apparel,89.33,0,3
O017883,2026-07-14,Electronics,69.11,0,1
O011060,2026-03-15,Apparel,84.68,0,2
O003513,2025-10-01,Electronics,173.47,0,1
O012558,2026-04-12,Apparel,38.11,1,4
O017195,2026-07-12,Apparel,60.42,0,2
O017474,2026-07-05,Apparel,47.68,0,4
O015328,2026-06-08,Apparel,67.08,0,2
O010315,2026-02-18,Home,71.39,0,1
O012663,2026-04-01,Apparel,42.28,1,3
O003289,2025-10-09,Electronics,151.78,0,2
O000251,2025-08-04,Apparel,42.69,0,2
O011921,2026-03-27,Home,121.56,0,2
O017412,2026-07-12,Apparel,88.3,0,4
O014874,2026-05-12,Home,23.14,0,2
O008433,2026-01-28,Electronics,192.27,0,3
O001803,2025-09-15,Apparel,84.16,0,4
O010597,2026-02-27,Home,51.1,0,2
O000862,2025-08-14,Electronics,80.72,0,5
O015059,2026-05-31,Home,143.78,0,3
O009943,2026-02-08,Electronics,217.67,0,4
O012284,2026-04-12,Apparel,70.71,0,2
O006155,2025-12-05,Apparel,30.57,0,4
O000995,2025-08-30,Home,98.24,0,6
O000227,2025-08-08,Apparel,48.96,0,7
O003995,2025-10-20,Home,49.65,0,3
O001668,2025-09-09,Apparel,75.85,1,2
O006504,2025-12-21,Apparel,71.2,0,4
O012737,2026-04-18,Apparel,39.15,0,2
O008275,2026-01-02,Apparel,77.58,0,5
O008255,2026-01-23,Apparel,118.1,0,3
O016962,2026-07-11,Apparel,46.65,0,2
O018132,2026-07-08,Home,57.92,0,3
O018210,2026-07-03,Home,116.19,0,5
O015421,2026-06-01,Apparel,19.04,0,1
O000525,2025-08-25,Electronics,215.81,0,4
O000615,2025-08-06,Electronics,19.69,0,2
O004536,2025-11-10,Apparel,8,0,4
O004907,2025-11-18,Electronics,53.55,0,3
O007462,2025-12-29,Home,81.95,0,3
O001238,2025-08-03,Home,29.07,0,3
O006662,2025-12-28,Electronics,148.36,0,3
O003278,2025-10-20,Electronics,161.74,0,3
O007974,2026-01-31,Apparel,70.07,0,1
O015696,2026-06-25,Apparel,129.82,0,4
O010151,2026-02-12,Electronics,104.52,0,3
O005138,2025-11-04,Electronics,178.46,0,5
O015385,2026-06-23,Apparel,72.36,1,3
O006413,2025-12-27,Apparel,84.35,0,4
O016195,2026-06-25,Electronics,201.06,0,1
O010745,2026-03-31,Apparel,86.51,0,4
O013667,2026-04-08,Home,64.68,0,5
O000179,2025-08-27,Apparel,68.27,0,4
O016406,2026-06-22,Home,37.29,1,5
O007784,2026-01-12,Apparel,49.39,0,3
O012611,2026-04-05,Apparel,32.16,0,3
O010475,2026-02-06,Home,22.97,0,2
O004897,2025-11-21,Electronics,179.87,0,6
O016731,2026-06-18,Home,59.61,0,3
O012983,2026-04-29,Electronics,130.8,0,5
O017788,2026-07-03,Electronics,106.53,1,3
O004779,2025-11-04,Electronics,147.65,0,3
O000768,2025-08-16,Electronics,164.56,0,4
O004843,2025-11-27,Electronics,180.81,0,3
O015504,2026-06-30,Apparel,29.93,0,1
O013589,2026-04-11,Home,101.75,0,3
O008425,2026-01-23,Electronics,46.42,0,2
O014621,2026-05-28,Electronics,32.81,0,3
O016578,2026-06-07,Home,92.99,0,4
O015087,2026-05-17,Home,49.15,0,3
O006811,2025-12-20,Electronics,128.9,0,3
O000801,2025-08-21,Electronics,75.35,0,2
O013722,2026-05-13,Apparel,18.35,1,4
O011335,2026-03-19,Electronics,8,0,3
O012853,2026-04-21,Electronics,141.75,0,2
O000890,2025-08-14,Electronics,143.58,0,2
O016182,2026-06-11,Electronics,163.32,0,3
O009262,2026-02-22,Apparel,25.82,1,1
O000598,2025-08-12,Electronics,74.43,0,3
O002011,2025-09-14,Electronics,8,0,4
O002344,2025-09-23,Home,142.07,0,4
O004942,2025-11-11,Electronics,79.23,0,5
O009588,2026-02-21,Apparel,80.19,1,3
O002106,2025-09-25,Electronics,129.57,0,1
O010877,2026-03-31,Apparel,29.83,0,2
O008185,2026-01-01,Apparel,59.56,0,3
O014306,2026-05-09,Apparel,17.04,0,5
O007839,2026-01-24,Apparel,72.2,1,2
O010936,2026-03-17,Apparel,47.84,0,4
O005048,2025-11-08,Electronics,165.32,0,4
O005115,2025-11-24,Electronics,110.42,0,3
O014418,2026-05-10,Electronics,179.19,0,2
O004446,2025-11-23,Apparel,72.21,0,4
O001722,2025-09-18,Apparel,26.0,0,3
O017141,2026-07-17,Apparel,8,0,6
O015864,2026-06-12,Apparel,94.59,0,3
O005639,2025-11-21,Home,8,0,3
O013014,2026-04-14,Electronics,114.13,0,1
O009919,2026-02-22,Electronics,88.19,0,2
O001191,2025-08-07,Home,60.13,0,3
O016936,2026-07-29,Apparel,94.14,0,2
O014045,2026-05-13,Apparel,68.84,0,2
O014984,2026-05-29,Home,47.27,0,2
O011920,2026-03-18,Home,68.2,0,2
O017206,2026-07-07,Apparel,19.39,0,4
O003204,2025-10-05,Apparel,105.93,0,3
O006651,2025-12-05,Electronics,148.0,0,2
O003679,2025-10-26,Electronics,271.14,0,4
O017358,2026-07-30,Apparel,54.46,0,3
O003224,2025-10-16,Apparel,88.18,0,5
O002859,2025-10-01,Apparel,8,0,4
O013755,2026-05-09,Apparel,74.7,0,3
O004313,2025-11-04,Apparel,58.78,0,4
O007597,2025-12-15,Home,117.47,0,2
O006989,2025-12-12,Electronics,106.29,0,4
O010723,2026-03-08,Apparel,96.23,0,2
O006103,2025-12-17,Apparel,47.13,0,3
O017564,2026-07-09,Electronics,114.82,0,3
O016613,2026-06-04,Home,104.27,0,3
O016824,2026-07-11,Apparel,73.88,0,1
O005835,2025-12-13,Apparel,37.35,0,1
O015786,2026-06-13,Apparel,57.62,1,2
O015240,2026-06-29,Apparel,68.42,0,5
O007908,2026-01-08,Apparel,33.48,0,1
O002649,2025-09-24,Home,73.87,0,4
O008970,2026-01-26,Home,62.1,0,4
O005299,2025-11-02,Electronics,74.33,0,3
O003981,2025-10-26,Home,123.88,0,2
O002544,2025-09-15,Home,57.81,0,2
O014037,2026-05-29,Apparel,114.32,0,1
O006807,2025-12-23,Electronics,127.31,0,2
O017381,2026-07-19,Apparel,27.17,0,4
O012070,2026-03-12,Home,117.94,0,1
O000105,2025-08-29,Apparel,62.76,0,5
O011247,2026-03-13,Apparel,56.07,0,2
O006939,2025-12-13,Electronics,33.77,0,4
O014222,2026-05-28,Apparel,57.36,0,3
O000047,2025-08-18,Apparel,17.12,1,7
O000789,2025-08-05,Electronics,335.38,1,5
O006435,2025-12-24,Apparel,38.06,0,4
O011743,2026-03-07,Electronics,22.97,1,1
O016438,2026-06-05,Home,130.03,0,5
O008104,2026-01-09,Apparel,36.45,0,2
O000486,2025-08-21,Apparel,17.43,1,2
O017018,2026-07-31,Apparel,12.93,0,3
O004813,2025-11-24,Electronics,208.05,0,4
O010005,2026-02-15,Electronics,152.92,0,3
O016656,2026-06-12,Home,119.26,0,2
O004674,2025-11-13,Apparel,50.36,1,5
O014332,2026-05-28,Electronics,269.37,0,5
O000171,2025-08-09,Apparel,70.36,0,2
O014594,2026-05-16,Electronics,35.26,0,2
O002657,2025-09-08,Home,50.21,1,5
O005083,2025-11-21,Electronics,65.08,0,3
O017822,2026-07-28,Electronics,219.47,0,4
O004324,2025-11-20,Apparel,64.08,1,5
O003496,2025-10-11,Electronics,163.4,0,7
O012044,2026-03-15,Home,115.28,0,2
O014860,2026-05-18,Home,68.35,0,3
O002437,2025-09-26,Home,98.61,0,2
O000493,2025-08-03,Apparel,41.78,0,3
O012954,2026-04-02,Electronics,162.51,0,4
O007772,2026-01-24,Apparel,58.33,1,3
O008349,2026-01-15,Electronics,200.39,0,3
O002894,2025-10-14,Apparel,62.2,0,4
O014609,2026-05-02,Electronics,81.32,0,2
O009460,2026-02-19,Apparel,71.96,0,3
O013142,2026-04-11,Electronics,85.11,0,4
O004321,2025-11-30,Apparel,18.11,0,3
O013358,2026-04-08,Home,93.61,1,2
O014420,2026-05-11,Electronics,139.61,0,3
O006500,2025-12-15,Apparel,90.25,0,3
O016502,2026-06-06,Home,92.9,0,4
O001057,2025-08-12,Home,125.82,1,3
O014982,2026-05-05,Home,109.94,0,4
O014717,2026-05-15,Electronics,260.59,0,2
O000817,2025-08-05,Electronics,228.3,0,4
O011374,2026-03-30,Electronics,215.17,0,3
O016928,2026-07-20,Apparel,89.84,0,2
O017541,2026-07-26,Electronics,223.57,0,3
O011966,2026-03-23,Home,89.54,0,4
O014046,2026-05-15,Apparel,27.87,0,3
O002071,2025-09-10,Electronics,301.19,1,3
O015532,2026-06-30,Apparel,82.33,0,1
O006620,2025-12-02,Electronics,73.43,1,3
O002489,2025-09-07,Home,44.92,0,3
O002852,2025-10-20,Apparel,39.4,1,2
O017897,2026-07-16,Electronics,174.26,0,4
O004588,2025-11-13,Apparel,49.46,0,3
O015883,2026-06-09,Apparel,78.36,0,5
O015287,2026-06-14,Apparel,76.35,0,4
O003733,2025-10-09,Electronics,159.31,0,2
O014618,2026-05-20,Electronics,142.06,0,3
O003201,2025-10-15,Apparel,79.83,0,5
O004490,2025-11-03,Apparel,43.47,0,6
O004126,2025-11-12,Apparel,74.69,0,5
O004452,2025-11-26,Apparel,48.4,0,2
O007170,2025-12-09,Electronics,95.36,0,1
O012385,2026-04-08,Apparel,59.55,0,2
O011915,2026-03-30,Home,75.37,0,4
O013373,2026-04-19,Home,140.42,0,1
O013138,2026-04-03,Electronics,246.0,0,2
O009833,2026-02-07,Electronics,106.33,0,3
O015730,2026-06-21,Apparel,38.83,0,4
O014401,2026-05-25,Electronics,115.57,0,2
O007161,2025-12-26,Electronics,212.37,0,6
O004705,2025-11-16,Apparel,96.27,0,3
O008003,2026-01-15,Apparel,73.22,1,3
O009582,2026-02-15,Apparel,79.02,0,1
O013323,2026-04-16,Home,85.24,1,3
O004376,2025-11-29,Apparel,43.24,0,3
O017112,2026-07-12,Apparel,27.74,0,3
O000791,2025-08-25,Electronics,8,0,2
O010952,2026-03-01,Apparel,78.74,0,1
O013289,2026-04-20,Home,171.1,1,2
O009798,2026-02-26,Apparel,43.4,0,4
O002712,2025-09-14,Home,67.26,0,3
O010527,2026-02-23,Home,108.45,1,4
O006319,2025-12-02,Apparel,55.82,0,4
O018202,2026-07-21,Home,82.7,0,1
O012987,2026-04-23,Electronics,150.52,0,2
O004208,2025-11-13,Apparel,101.76,0,1
O016626,2026-06-04,Home,114.78,0,3
O011420,2026-03-23,Electronics,200.13,0,3
O004960,2025-11-30,Electronics,135.16,1,5
O010732,2026-03-04,Apparel,54.0,0,3
O010236,2026-02-05,Electronics,136.71,0,1
O017984,2026-07-26,Electronics,193.6,0,3
O006712,2025-12-01,Electronics,165.23,0,3
O017236,2026-07-09,Apparel,85.62,0,5
O008725,2026-01-17,Electronics,146.97,0,3
O014053,2026-05-29,Apparel,79.05,0,3
O003991,2025-10-24,Home,57.5,0,3
O012845,2026-04-27,Electronics,230.23,0,2
O003583,2025-10-20,Electronics,127.99,0,2
O016687,2026-06-10,Home,83.19,0,2
O011690,2026-03-01,Electronics,248.81,0,3
O006935,2025-12-29,Electronics,30.09,0,3
O006120,2025-12-30,Apparel,72.05,0,1
O011232,2026-03-24,Apparel,79.98,1,4
O008097,2026-01-26,Apparel,37.41,0,4
O015324,2026-06-18,Apparel,63.46,0,1
O010975,2026-03-05,Apparel,53.17,0,3
O007176,2025-12-07,Electronics,232.33,0,3
O011645,2026-03-08,Electronics,92.63,0,4
O001247,2025-08-21,Home,108.09,0,4
O009230,2026-02-03,Apparel,26.8,0,3
O016983,2026-07-09,Apparel,66.45,0,3
O017920,2026-07-24,Electronics,238.35,0,4
O012317,2026-04-17,Apparel,105.73,0,4
O000083,2025-08-27,Apparel,23.41,0,3
O004578,2025-11-28,Apparel,56.35,0,4
O017500,2026-07-07,Electronics,141.1,1,3
O016596,2026-06-18,Home,44.68,0,3
O002784,2025-10-27,Apparel,37.56,0,4
O011742,2026-03-31,Electronics,208.95,0,3
O005557,2025-11-29,Home,103.98,0,2
O003751,2025-10-14,Home,66.46,0,2
O012024,2026-03-06,Home,82.76,0,1
O007812,2026-01-26,Apparel,101.57,0,4
O009242,2026-02-19,Apparel,50.56,0,3
O007876,2026-01-06,Apparel,8,1,2
O003967,2025-10-08,Home,79.59,0,2
O014843,2026-05-09,Home,124.42,0,5
O004532,2025-11-18,Apparel,85.41,0,3
O001902,2025-09-27,Electronics,118.86,1,2
O002397,2025-09-25,Home,86.7,0,4
O002621,2025-09-08,Home,51.97,0,3
O000143,2025-08-11,Apparel,69.53,0,6
O005068,2025-11-21,Electronics,133.11,0,4
O011212,2026-03-25,Apparel,96.27,1,2
O002351,2025-09-12,Home,57.11,0,3
O006849,2025-12-30,Electronics,174.08,0,4
O016791,2026-06-09,Home,68.3,0,4
O010479,2026-02-02,Home,44.55,0,4
O005587,2025-11-22,Home,111.26,0,3
O005107,2025-11-09,Electronics,204.03,0,3
O000337,2025-08-08,Apparel,30.29,0,3
O004501,2025-11-27,Apparel,30.66,0,3
O009310,2026-02-19,Apparel,50.94,0,4
O001546,2025-09-10,Apparel,48.67,0,2
O010002,2026-02-12,Electronics,141.51,0,2
O000694,2025-08-21,Electronics,126.59,0,4
O013884,2026-05-14,Apparel,59.07,0,3
O016055,2026-06-07,Electronics,182.75,0,4
O016397,2026-06-08,Home,87.46,0,1
O013204,2026-04-30,Electronics,65.28,0,4
O017589,2026-07-12,Electronics,83.19,0,1
O012175,2026-04-30,Apparel,83.27,0,3
O001494,2025-09-15,Apparel,51.29,0,2
O006238,2025-12-08,Apparel,103.42,0,4
O013694,2026-05-04,Apparel,14.84,0,1
O012857,2026-04-16,Electronics,84.95,0,2
O004688,2025-11-28,Apparel,57.14,0,3
O014603,2026-05-01,Electronics,243.45,0,3
O006321,2025-12-16,Apparel,54.95,0,4
O015434,2026-06-05,Apparel,71.81,1,4
O008478,2026-01-20,Electronics,210.03,0,3
O012099,2026-03-09,Home,87.95,0,1
O011413,2026-03-10,Electronics,189.67,0,4
O015500,2026-06-08,Apparel,53.8,0,2
O011451,2026-03-23,Electronics,156.12,0,3
O000024,2025-08-06,Apparel,8,1,1
O014871,2026-05-03,Home,71.43,0,3
O002888,2025-10-04,Apparel,8,1,5
O008697,2026-01-26,Electronics,264.32,0,2
O009407,2026-02-27,Apparel,42.68,1,4
O012648,2026-04-20,Apparel,52.09,0,2
O003421,2025-10-19,Electronics,91.98,0,5
O016247,2026-06-12,Electronics,244.11,0,3
O015293,2026-06-08,Apparel,117.4,0,2
O013578,2026-04-17,Home,90.87,0,4
O016884,2026-07-10,Apparel,88.26,0,2
O014702,2026-05-31,Electronics,170.8,0,4
O017619,2026-07-11,Electronics,128.5,0,2
O003969,2025-10-24,Home,27.42,0,2
O003822,2025-10-08,Home,74.38,0,2
O000780,2025-08-28,Electronics,8,0,2
O012981,2026-04-30,Electronics,115.97,0,1
O008944,2026-01-13,Home,119.42,0,4
O004481,2025-11-03,Apparel,71.42,0,4
O015600,2026-06-04,Apparel,58.84,1,2
O013040,2026-04-28,Electronics,176.29,0,1
O017807,2026-07-09,Electronics,133.74,0,5
O000072,2025-08-01,Apparel,76.97,0,3
O012953,2026-04-01,Electronics,189.21,0,3
O006228,2025-12-20,Apparel,41.63,0,3
O016631,2026-06-13,Home,121.93,0,3
O002487,2025-09-21,Home,120.0,0,4
O001056,2025-08-04,Home,71.41,0,5
O016883,2026-07-24,Apparel,31.82,0,3
O001630,2025-09-05,Apparel,27.03,0,3
O001281,2025-08-28,Home,92.12,0,4
O006982,2025-12-21,Electronics,129.47,0,4
O015634,2026-06-01,Apparel,26.97,0,3
O014083,2026-05-31,Apparel,100.7,0,4
O005231,2025-11-21,Electronics,80.03,1,3
O010891,2026-03-31,Apparel,46.58,1,4
O008917,2026-01-05,Home,70.84,0,4
O016668,2026-06-27,Home,21.57,0,1
O008968,2026-01-30,Home,123.93,1,4
O005442,2025-11-05,Home,94.37,0,3
O004639,2025-11-29,Apparel,26.38,0,3
O004125,2025-10-10,Home,99.23,0,3
O009224,2026-02-10,Apparel,71.82,0,4
O000351,2025-08-07,Apparel,37.63,0,6
O008856,2026-01-12,Home,122.52,0,4
O007696,2025-12-19,Home,11.42,0,4
O000424,2025-08-06,Apparel,105.59,0,2
O018237,2026-07-02,Home,105.0,0,3
O007231,2025-12-02,Home,90.88,0,4
O011552,2026-03-02,Electronics,156.56,1,2
O008353,2026-01-29,Electronics,193.86,0,5
O005446,2025-11-30,Home,84.74,0,5
O018125,2026-07-07,Home,89.7,0,5
O008831,2026-01-21,Home,115.24,0,5
O001870,2025-09-22,Apparel,69.58,0,4
O005405,2025-11-06,Home,111.81,0,3
O000300,2025-08-01,Apparel,39.62,0,4
O013714,2026-05-06,Apparel,27.17,0,3
O018308,2026-07-23,Home,68.0,0,1
O007955,2026-01-15,Apparel,93.86,0,1
O006214,2025-12-22,Apparel,37.39,0,3
O013219,2026-04-29,Electronics,89.98,0,5
O008378,2026-01-30,Electronics,75.34,0,3
O006908,2025-12-17,Electronics,8,1,3
O003336,2025-10-21,Electronics,171.51,0,2
O011674,2026-03-05,Electronics,90.62,0,4
O000610,2025-08-29,Electronics,142.33,0,3
O015796,2026-06-26,Apparel,28.49,0,5
O015360,2026-06-06,Apparel,109.67,0,2
O011565,2026-03-18,Electronics,103.95,0,4
O010628,2026-02-09,Home,128.55,0,3
O015891,2026-06-22,Electronics,13.96,0,3
O015374,2026-06-18,Apparel,33.84,0,2
O011200,2026-03-28,Apparel,65.55,0,4
O012171,2026-04-29,Apparel,42.37,0,3
O016232,2026-06-28,Electronics,97.16,0,5
O004020,2025-10-05,Home,175.8,0,2
O011504,2026-03-05,Electronics,240.25,1,5
O010714,2026-03-18,Apparel,41.42,0,3
O001718,2025-09-06,Apparel,46.16,0,3
O003680,2025-10-03,Electronics,58.64,1,2
O012269,2026-04-07,Apparel,64.94,0,2
O010544,2026-02-10,Home,108.37,0,2
O012113,2026-03-15,Home,152.4,0,2
O010927,2026-03-24,Apparel,74.3,0,3
O003809,2025-10-11,Home,8,0,4
O009936,2026-02-03,Electronics,151.07,0,3
O005819,2025-12-15,Apparel,54.85,0,3
O017860,2026-07-07,Electronics,76.87,0,2
O003706,2025-10-17,Electronics,50.05,0,4
O006335,2025-12-02,Apparel,74.44,0,3
O016330,2026-06-16,Electronics,163.19,0,2
O005690,2025-11-11,Home,68.39,0,3
O009726,2026-02-27,Apparel,74.97,0,4
O013336,2026-04-12,Home,54.94,0,3
O012281,2026-04-09,Apparel,62.4,0,1
O009880,2026-02-03,Electronics,76.34,0,4
O013198,2026-04-08,Electronics,105.35,0,5
O005714,2025-11-26,Home,83.55,0,3
O001338,2025-08-28,Home,84.6,0,4
O009150,2026-01-10,Home,128.37,0,2
O001421,2025-09-25,Apparel,52.13,0,3
O000901,2025-08-04,Electronics,116.36,0,3
O016938,2026-07-15,Apparel,58.35,0,2
O013896,2026-05-18,Apparel,41.34,0,1
O013769,2026-05-28,Apparel,106.68,0,3
O016240,2026-06-20,Electronics,221.84,0,3
O013096,2026-04-04,Electronics,228.95,0,3
O016027,2026-06-23,Electronics,196.66,0,3
O017731,2026-07-29,Electronics,185.78,0,5
O011850,2026-03-08,Home,23.99,0,3
O018067,2026-07-01,Home,87.86,0,3
O005805,2025-12-26,Apparel,81.56,0,3
O000249,2025-08-04,Apparel,77.42,0,4
O011831,2026-03-05,Home,55.07,0,3
O012662,2026-04-25,Apparel,36.87,0,1
O008947,2026-01-05,Home,137.76,0,4
O004402,2025-11-27,Apparel,63.79,1,4
O009644,2026-02-06,Apparel,39.7,0,3
O007537,2025-12-12,Home,110.6,0,3
O014462,2026-05-22,Electronics,140.12,0,5
O002511,2025-09-19,Home,85.57,0,4
O002030,2025-09-01,Electronics,156.72,0,2
O000421,2025-08-23,Apparel,138.41,1,2
O011530,2026-03-09,Electronics,192.04,0,3
O002509,2025-09-20,Home,118.84,0,2
O001871,2025-09-08,Apparel,88.41,0,2
O008873,2026-01-20,Home,76.67,0,3
O007918,2026-01-13,Apparel,54.56,1,3
O007605,2025-12-06,Home,28.45,0,4
O016817,2026-07-05,Apparel,28.49,0,2
O015793,2026-06-12,Apparel,27.48,0,2
O015959,2026-06-08,Electronics,175.49,0,2
O015767,2026-06-24,Apparel,90.79,0,1
O001087,2025-08-31,Home,51.65,0,4
O012452,2026-04-25,Apparel,32.23,0,2
O011392,2026-03-03,Electronics,46.65,0,4
O005931,2025-12-05,Apparel,16.16,0,2
O001995,2025-09-29,Electronics,246.28,0,1
O007290,2025-12-29,Home,37.08,1,1
O013280,2026-04-23,Home,106.89,0,2
O010021,2026-02-22,Electronics,212.18,0,2
O008294,2026-01-01,Apparel,57.14,0,3
O004067,2025-10-24,Home,71.72,0,4
O007849,2026-01-22,Apparel,71.85,0,3
O015102,2026-05-07,Home,82.37,0,2
O012801,2026-04-24,Electronics,186.26,0,1
O009839,2026-02-16,Electronics,172.19,0,2
O007322,2025-12-23,Home,35.95,0,4
O003753,2025-10-06,Home,25.7,0,2
O007994,2026-01-12,Apparel,59.64,0,4
O014978,2026-05-30,Home,96.86,0,3
O017185,2026-07-07,Apparel,117.79,0,3
O018073,2026-07-13,Home,86.57,0,4
O015986,2026-06-24,Electronics,98.22,0,4
O002907,2025-10-10,Apparel,82.79,1,2
O006666,2025-12-23,Electronics,121.79,0,4
O016581,2026-06-27,Home,76.64,0,4
O013813,2026-05-18,Apparel,49.1,0,2
O005870,2025-12-25,Apparel,57.0,0,1
O006414,2025-12-25,Apparel,61.99,0,3
O002980,2025-10-29,Apparel,89.83,1,4
O016679,2026-06-25,Home,62.13,0,4
O002634,2025-09-26,Home,117.61,0,2
O000777,2025-08-22,Electronics,232.63,0,2
O011793,2026-03-08,Home,131.68,0,2
O015465,2026-06-02,Apparel,70.49,0,2
O005500,2025-11-05,Home,162.82,0,2
O011100,2026-03-11,Apparel,106.23,0,4
O004059,2025-10-15,Home,242.49,0,3
O012485,2026-04-29,Apparel,58.61,1,3
O016148,2026-06-11,Electronics,199.03,0,3
O014626,2026-05-17,Electronics,202.05,0,3
O017350,2026-07-31,Apparel,72.15,0,3
O016990,2026-07-06,Apparel,69.12,0,5
O000430,2025-08-29,Apparel,83.72,0,3
O002570,2025-09-28,Home,42.55,0,2
O010795,2026-03-28,Apparel,25.78,1,4
O001710,2025-09-05,Apparel,72.51,0,4
O016140,2026-06-18,Electronics,218.57,0,4
O005945,2025-12-24,Apparel,73.49,1,2
O017625,2026-07-20,Electronics,267.59,0,4
O012718,2026-04-06,Apparel,70.85,1,3
O000284,2025-08-29,Apparel,49.02,0,3
O016783,2026-06-25,Home,136.91,0,3
O015851,2026-06-11,Apparel,108.61,0,4
O016170,2026-06-26,Electronics,208.92,0,3
O007489,2025-12-22,Home,112.11,1,5
O018364,2026-07-19,Home,79.75,0,5
O010593,2026-02-25,Home,104.3,0,4
O015275,2026-06-01,Apparel,65.56,1,2
O000302,2025-08-08,Apparel,46.88,0,3
O016855,2026-07-28,Apparel,55.55,0,4
O008431,2026-01-28,Electronics,213.3,0,3
O003020,2025-10-01,Apparel,88.81,1,4
O005308,2025-11-07,Home,84.46,0,4
O001150,2025-08-13,Home,77.07,0,6
O013369,2026-04-25,Home,112.2,0,2
O010619,2026-02-02,Home,35.42,0,3
O014615,2026-05-03,Electronics,83.74,0,4
O006176,2025-12-04,Apparel,97.63,0,2
O008976,2026-01-13,Home,77.88,0,3
O006526,2025-12-18,Electronics,268.87,0,2
O000642,2025-08-31,Electronics,87.92,0,1
O004349,2025-11-01,Apparel,85.35,0,3
O001891,2025-09-17,Electronics,157.24,0,3
O015242,2026-06-16,Apparel,63.0,0,1
O016764,2026-06-19,Home,112.89,0,3
O005630,2025-11-26,Home,104.71,0,2
O014089,2026-05-11,Apparel,75.31,0,1
O017848,2026-07-27,Electronics,233.73,0,4
O004568,2025-11-24,Apparel,27.65,0,4
O007726,2025-12-05,Home,86.7,0,3
O010945,2026-03-23,Apparel,19.04,0,2
O009284,2026-02-25,Apparel,73.39,0,3
O001598,2025-09-07,Apparel,80.58,0,4
O001925,2025-09-09,Electronics,265.82,0,1
O008293,2026-01-18,Apparel,90.52,0,3
O001388,2025-09-21,Apparel,66.68,0,3
O016040,2026-06-09,Electronics,98.95,0,2
O006280,2025-12-20,Apparel,63.49,0,3
O013967,2026-05-18,Apparel,55.41,1,3
O010007,2026-02-10,Electronics,215.9,0,2
O013858,2026-05-21,Apparel,34.44,0,3
O006076,2025-12-03,Apparel,48.99,0,4
O014097,2026-05-02,Apparel,20.91,0,5
O016579,2026-06-08,Home,80.75,0,4
O004824,2025-11-22,Electronics,170.74,0,4
O013663,2026-04-04,Home,11.4,0,3
O015509,2026-06-18,Apparel,61.06,0,3
O012523,2026-04-06,Apparel,59.1,0,2
O011551,2026-03-31,Electronics,248.52,0,3
O003237,2025-10-28,Apparel,113.58,1,3
O015320,2026-06-20,Apparel,45.91,0,2
O015991,2026-06-11,Electronics,136.33,0,6
O012362,2026-04-06,Apparel,30.83,0,3
O007777,2026-01-21,Apparel,94.09,0,3
O003458,2025-10-15,Electronics,189.37,0,5
O000438,2025-08-07,Apparel,23.16,0,2
O006432,2025-12-19,Apparel,49.5,1,3
O012142,2026-03-01,Home,104.51,0,4
O004707,2025-11-09,Apparel,39.82,0,3
O001493,2025-09-14,Apparel,21.86,1,3
O016482,2026-06-22,Home,22.94,0,3
O005310,2025-11-25,Home,123.04,0,2
O000878,2025-08-15,Electronics,239.8,0,4
O011485,2026-03-17,Electronics,161.1,1,3
O000057,2025-08-04,Apparel,67.05,0,4
O006098,2025-12-06,Apparel,58.69,0,3
O015861,2026-06-27,Apparel,108.35,0,3
O009694,2026-02-02,Apparel,39.61,0,1
O013961,2026-05-13,Apparel,75.18,0,1
O010924,2026-03-24,Apparel,62.09,0,1
O001475,2025-09-18,Apparel,8,1,3
O005543,2025-11-10,Home,43.22,0,5
O002547,2025-09-24,Home,99.3,0,3
O012107,2026-03-19,Home,96.28,0,2
O011192,2026-03-29,Apparel,52.26,0,4
O004199,2025-11-11,Apparel,39.38,0,3
O000230,2025-08-30,Apparel,20.59,0,4
O008198,2026-01-20,Apparel,64.2,1,1
O015264,2026-06-25,Apparel,58.78,0,3
O018182,2026-07-07,Home,76.22,0,1
O013297,2026-04-16,Home,12.21,0,5
O009982,2026-02-03,Electronics,102.17,0,3
O013658,2026-04-30,Home,89.11,0,4
O004677,2025-11-25,Apparel,113.86,0,5
O014265,2026-05-08,Apparel,97.93,0,3
O009371,2026-02-05,Apparel,61.54,0,1
O009121,2026-01-06,Home,141.12,0,3
O015676,2026-06-29,Apparel,66.1,1,3
O010065,2026-02-23,Electronics,198.19,0,5
O014859,2026-05-06,Home,55.69,0,3
O006576,2025-12-22,Electronics,118.1,0,2
O015860,2026-06-07,Apparel,24.79,0,4
O015865,2026-06-07,Apparel,8,0,2
O011593,2026-03-13,Electronics,112.85,0,2
O002192,2025-09-03,Electronics,58.31,0,2
O000068,2025-08-27,Apparel,39.08,0,2
O017314,2026-07-19,Apparel,31.51,0,5
O008576,2026-01-30,Electronics,80.98,1,2
O011529,2026-03-04,Electronics,44.93,1,3
O000301,2025-08-27,Apparel,57.46,0,4
O005139,2025-11-27,Electronics,183.09,0,4
O014361,2026-05-24,Electronics,249.55,0,1
O011867,2026-03-20,Home,79.37,0,4
O015801,2026-06-30,Apparel,17.72,0,4
O001657,2025-09-06,Apparel,47.87,0,2
O008302,2026-01-30,Apparel,125.63,0,4
O007034,2025-12-24,Electronics,125.34,0,3
O004323,2025-11-23,Apparel,101.18,0,3
O017451,2026-07-23,Apparel,54.75,0,2
O008098,2026-01-03,Apparel,96.37,0,3
O003850,2025-10-24,Home,67.49,0,4
O009670,2026-02-21,Apparel,45.16,1,4
O014129,2026-05-18,Apparel,68.29,0,4
O017070,2026-07-17,Apparel,63.55,0,3
O018199,2026-07-11,Home,99.99,0,3
O000623,2025-08-11,Electronics,141.19,0,5
O016078,2026-06-30,Electronics,113.19,0,4
O007198,2025-12-26,Electronics,117.34,0,3
O000098,2025-08-28,Apparel,95.77,0,1
O004100,2025-10-01,Home,96.26,0,3
O013551,2026-04-23,Home,8.8,1,3
O001438,2025-09-14,Apparel,57.3,1,2
O015562,2026-06-28,Apparel,14.83,0,4
O008109,2026-01-16,Apparel,36.54,0,5
O010562,2026-02-27,Home,162.12,0,3
O007580,2025-12-23,Home,104.7,0,3
O014870,2026-05-25,Home,113.71,0,2
O007374,2025-12-24,Home,84.45,0,4
O017214,2026-07-22,Apparel,69.72,0,3
O001371,2025-09-06,Apparel,58.53,1,2
O011139,2026-03-04,Apparel,58.22,0,5
O003304,2025-10-27,Electronics,241.39,1,6
O014114,2026-05-12,Apparel,8,0,2
O011517,2026-03-22,Electronics,69.19,0,3
O009578,2026-02-06,Apparel,107.83,1,3
O018227,2026-07-31,Home,128.35,0,5
O016378,2026-06-12,Electronics,167.37,0,3
O015246,2026-06-16,Apparel,57.11,0,2
O007769,2026-01-22,Apparel,24.32,0,2
O017774,2026-07-21,Electronics,152.28,0,3
O012353,2026-04-04,Apparel,43.97,1,4
O009706,2026-02-02,Apparel,14.57,1,5
O013973,2026-05-15,Apparel,76.13,0,1
O007739,2026-01-19,Apparel,80.82,1,3
O009162,2026-01-12,Home,115.23,0,4
O016053,2026-06-14,Electronics,132.05,0,2
O007835,2026-01-09,Apparel,75.48,0,3
O010508,2026-02-08,Home,103.21,0,1
O009654,2026-02-13,Apparel,58.32,0,4
O001579,2025-09-09,Apparel,14.54,0,3
O005586,2025-11-02,Home,103.98,0,4
O003049,2025-10-29,Apparel,75.94,0,2
O018288,2026-07-22,Home,92.15,0,2
O013515,2026-04-30,Home,38.89,0,3
O016333,2026-06-18,Electronics,28.14,0,3
O017539,2026-07-02,Electronics,76.13,0,4
O006256,2025-12-16,Apparel,25.21,0,4
O017579,2026-07-06,Electronics,118.19,0,2
O008394,2026-01-04,Electronics,185.62,0,3
O005380,2025-11-27,Home,42.15,0,4
O011168,2026-03-30,Apparel,51.33,0,5
O003298,2025-10-28,Electronics,144.77,0,3
O006567,2025-12-22,Electronics,224.51,0,3
O004619,2025-11-06,Apparel,79.84,1,3
O013577,2026-04-08,Home,79.86,0,1
O002276,2025-09-16,Electronics,148.84,0,5
O014193,2026-05-12,Apparel,82.39,0,4
O015344,2026-06-29,Apparel,49.72,0,3
O009995,2026-02-26,Electronics,18.64,0,1
O007896,2026-01-08,Apparel,45.56,0,2
O017757,2026-07-19,Electronics,155.63,0,2
O000267,2025-08-25,Apparel,56.08,0,3
O009958,2026-02-22,Electronics,170.75,0,4
O014942,2026-05-29,Home,86.33,0,3
O018390,2026-07-04,Home,102.83,0,3
O018187,2026-07-23,Home,76.76,0,5
O015315,2026-06-21,Apparel,8,0,3
O005273,2025-11-06,Electronics,126.49,0,4
O013279,2026-04-26,Home,68.98,0,2
O011256,2026-03-24,Apparel,71.59,1,2
O016350,2026-06-28,Electronics,183.82,0,4
O018404,2026-07-15,Home,86.2,0,5
O001252,2025-08-26,Home,79.4,0,3
O006172,2025-12-20,Apparel,27.61,1,4
O005523,2025-11-05,Home,83.97,0,3
O001379,2025-09-26,Apparel,72.68,0,4
O016843,2026-07-06,Apparel,49.69,0,3
O016580,2026-06-30,Home,113.89,0,4
O008464,2026-01-07,Electronics,106.6,0,2
O016800,2026-06-09,Home,144.93,0,3
O015106,2026-05-25,Home,161.35,1,2
O000670,2025-08-19,Electronics,84.51,0,4
O010387,2026-02-20,Home,83.89,0,4
O006837,2025-12-24,Electronics,175.25,0,1
O010553,2026-02-28,Home,109.69,0,2
O009655,2026-02-10,Apparel,47.56,0,3
O003047,2025-10-17,Apparel,44.36,0,2
O013061,2026-04-18,Electronics,147.94,0,4
O015003,2026-05-28,Home,66.58,0,4
O014844,2026-05-29,Home,47.53,0,2
O017937,2026-07-28,Electronics,161.96,0,1
O005919,2025-12-22,Apparel,26.81,0,3
O013507,2026-04-20,Home,99.78,0,4
O014111,2026-05-27,Apparel,60.18,0,3
O010344,2026-02-18,Home,122.41,0,2
O009122,2026-01-04,Home,22.84,0,5
O012880,2026-04-09,Electronics,224.73,0,3
O009765,2026-02-05,Apparel,70.13,0,4
O012005,2026-03-08,Home,49.48,0,2
O000554,2025-08-26,Electronics,120.55,0,4
O014008,2026-05-20,Apparel,98.12,0,3
O000729,2025-08-29,Electronics,28.45,0,3
O000982,2025-08-14,Home,75.45,0,3
O014349,2026-05-09,Electronics,109.52,0,3
O013450,2026-04-07,Home,88.01,0,2
O015137,2026-05-30,Home,125.42,0,3
O010040,2026-02-26,Electronics,223.59,0,3
O009368,2026-02-28,Apparel,69.78,0,4
O005237,2025-11-02,Electronics,282.44,0,2
O009757,2026-02-07,Apparel,8,1,2
O007892,2026-01-22,Apparel,91.52,0,2
O014897,2026-05-19,Home,65.23,0,2
O005564,2025-11-16,Home,108.05,0,4
O016149,2026-06-25,Electronics,143.41,0,3
O008238,2026-01-06,Apparel,59.2,0,2
O003141,2025-10-03,Apparel,39.08,1,3
O005933,2025-12-26,Apparel,126.51,1,2
O000607,2025-08-17,Electronics,220.1,0,4
O017676,2026-07-23,Electronics,207.77,0,4
O000070,2025-08-23,Apparel,117.56,1,4
O001588,2025-09-21,Apparel,39.69,0,3
O000413,2025-08-11,Apparel,57.49,0,3
O008299,2026-01-30,Apparel,26.57,0,1
O008652,2026-01-10,Electronics,293.16,0,1
O008559,2026-01-29,Electronics,196.92,0,3
O017845,2026-07-29,Electronics,122.9,0,5
O006475,2025-12-17,Apparel,93.3,0,4
O015577,2026-06-03,Apparel,72.87,0,3
O013715,2026-05-28,Apparel,108.24,1,3
O002098,2025-09-22,Electronics,238.18,0,3
O004181,2025-11-27,Apparel,62.59,0,5
O000222,2025-08-28,Apparel,15.44,0,2
O013469,2026-04-22,Home,110.23,0,4
O017508,2026-07-26,Electronics,183.12,0,3
O002290,2025-09-28,Electronics,218.48,0,2
O007818,2026-01-15,Apparel,110.83,0,2
O007240,2025-12-28,Home,63.03,0,5
O008035,2026-01-04,Apparel,29.8,0,4
O000285,2025-08-25,Apparel,31.61,0,2
O002956,2025-10-25,Apparel,69.73,0,4
O010104,2026-02-17,Electronics,161.1,0,3
O006836,2025-12-28,Electronics,74.35,0,3
O009889,2026-02-09,Electronics,184.68,0,2
O000050,2025-08-28,Apparel,89.2,1,4
O010414,2026-02-15,Home,105.17,0,2
O006003,2025-12-01,Apparel,71.57,0,4
O003953,2025-10-20,Home,95.16,0,1
O016462,2026-06-27,Home,121.27,0,2
O012524,2026-04-16,Apparel,66.1,1,4
O002047,2025-09-05,Electronics,211.48,0,2
O008463,2026-01-03,Electronics,227.99,0,2
O004712,2025-11-30,Apparel,25.78,0,2
O010144,2026-02-10,Electronics,232.23,0,2
O008291,2026-01-11,Apparel,86.97,0,3
O010747,2026-03-03,Apparel,8,1,4
O013003,2026-04-16,Electronics,203.5,0,3
O008662,2026-01-26,Electronics,146.29,0,5
O001616,2025-09-25,Apparel,35.36,0,2
O015523,2026-06-06,Apparel,49.73,0,3
O018140,2026-07-16,Home,75.87,0,4
O005980,2025-12-19,Apparel,27.4,0,3
O006188,2025-12-19,Apparel,76.08,1,5
O000149,2025-08-18,Apparel,79.28,0,4
O007105,2025-12-04,Electronics,105.92,0,1
O010953,2026-03-03,Apparel,84.45,0,4
O013974,2026-05-11,Apparel,50.64,0,2
O007697,2025-12-30,Home,98.06,1,3
O006262,2025-12-30,Apparel,71.46,0,6
O000761,2025-08-26,Electronics,107.33,0,5
O013152,2026-04-12,Electronics,84.93,0,2
O001643,2025-09-14,Apparel,43.52,0,4
O016650,2026-06-02,Home,86.03,1,1
O006797,2025-12-27,Electronics,83.61,0,4
O016865,2026-07-28,Apparel,83.43,0,1
O002050,2025-09-21,Electronics,163.67,0,2
O009506,2026-02-04,Apparel,79.21,0,4
O017309,2026-07-04,Apparel,75.36,0,4
O013067,2026-04-01,Electronics,293.56,1,2
O011711,2026-03-04,Electronics,153.54,0,2
O005069,2025-11-16,Electronics,148.87,0,3
O006536,2025-12-07,Electronics,175.94,0,3
O011927,2026-03-04,Home,64.09,1,4
O012323,2026-04-06,Apparel,80.98,0,5
O017443,2026-07-12,Apparel,25.16,0,4
O005618,2025-11-05,Home,137.11,0,3
O009420,2026-02-12,Apparel,103.04,1,4
O008324,2026-01-14,Apparel,137.14,0,3
O016507,2026-06-14,Home,122.75,0,3
O015211,2026-05-01,Home,81.5,0,2
O000909,2025-08-26,Electronics,160.09,1,4
O000981,2025-08-18,Home,17.36,0,4
O012078,2026-03-09,Home,106.67,1,2
O004236,2025-11-22,Apparel,90.37,0,3
O013985,2026-05-04,Apparel,29.51,0,5
O005566,2025-11-26,Home,107.6,0,3
O002373,2025-09-15,Home,99.63,0,5
O012037,2026-03-15,Home,99.18,0,4
O006967,2025-12-30,Electronics,209.43,1,4
O015933,2026-06-18,Electronics,91.54,0,4
O007141,2025-12-09,Electronics,154.39,0,3
O008070,2026-01-14,Apparel,64.3,0,5
O014381,2026-05-15,Electronics,145.1,0,1
O018148,2026-07-19,Home,165.24,0,1
O016645,2026-06-18,Home,161.7,0,2
O006173,2025-12-27,Apparel,123.76,0,3
O015255,2026-06-01,Apparel,67.91,1,3
O008536,2026-01-22,Electronics,143.9,0,3
O006744,2025-12-17,Electronics,169.59,0,5
O001196,2025-08-03,Home,122.35,0,3
O011132,2026-03-01,Apparel,69.01,0,3
O008664,2026-01-21,Electronics,233.91,0,3
O004233,2025-11-26,Apparel,81.47,0,1
O009533,2026-02-01,Apparel,51.41,0,3
O007471,2025-12-20,Home,133.93,0,2
O009836,2026-02-11,Electronics,351.16,0,2
O017701,2026-07-06,Electronics,166.19,0,2
O009408,2026-02-14,Apparel,72.05,0,3
O015903,2026-06-27,Electronics,90.95,0,1
O004469,2025-11-07,Apparel,41.77,0,4
O006868,2025-12-12,Electronics,161.13,0,1
O006664,2025-12-28,Electronics,140.02,0,6
O016365,2026-06-18,Electronics,213.76,0,3
O004520,2025-11-26,Apparel,34.97,0,3
O000175,2025-08-14,Apparel,71.58,0,3
O002253,2025-09-09,Electronics,119.96,0,3
O005075,2025-11-24,Electronics,163.05,0,2
O017886,2026-07-29,Electronics,113.59,0,3
O004513,2025-11-17,Apparel,86.71,0,4
O002494,2025-09-09,Home,58.87,0,3
O005270,2025-11-08,Electronics,136.99,0,3
O002372,2025-09-04,Home,82.78,0,4
O016282,2026-06-16,Electronics,206.67,0,4
O014143,2026-05-27,Apparel,80.11,0,4
O018200,2026-07-05,Home,145.08,0,3
O010109,2026-02-04,Electronics,40.73,0,3
O008637,2026-01-06,Electronics,213.37,0,3
O005582,2025-11-04,Home,139.06,0,3
O010540,2026-02-17,Home,59.33,0,2
O000703,2025-08-07,Electronics,231.6,0,2
O015791,2026-06-11,Apparel,37.37,0,4
O010675,2026-02-07,Home,26.09,0,4
O004358,2025-11-08,Apparel,44.02,0,4
O008770,2026-01-21,Electronics,157.32,0,1
O015369,2026-06-03,Apparel,22.63,0,2
O010142,2026-02-24,Electronics,69.51,1,3
O011052,2026-03-26,Apparel,88.43,1,4
O016976,2026-07-07,Apparel,50.78,0,2
O001854,2025-09-09,Apparel,23.46,0,3
O014814,2026-05-13,Home,151.64,0,3
O007153,2025-12-13,Electronics,200.37,1,2
O010343,2026-02-17,Home,53.25,0,3
O017959,2026-07-21,Electronics,169.55,0,3
O006210,2025-12-29,Apparel,64.37,0,4
O009029,2026-01-02,Home,132.89,0,1
O007814,2026-01-16,Apparel,25.99,0,3
O015472,2026-06-22,Apparel,57.25,0,4
O008537,2026-01-16,Electronics,97.87,0,3
O014204,2026-05-19,Apparel,72.7,0,4
O015064,2026-05-19,Home,186.75,0,4
O018388,2026-07-01,Home,57.44,0,2
O015921,2026-06-22,Electronics,150.0,0,3
O014916,2026-05-13,Home,68.37,0,2
O014558,2026-05-15,Electronics,115.92,0,4
O014967,2026-05-02,Home,80.56,0,5
O017446,2026-07-12,Apparel,96.13,0,3
O018338,2026-07-18,Home,129.02,0,2
O001697,2025-09-23,Apparel,70.21,0,4
O008219,2026-01-06,Apparel,47.87,0,3
O017890,2026-07-30,Electronics,76.88,1,3
O016503,2026-06-14,Home,35.74,0,4
O007447,2025-12-05,Home,108.85,0,4
O006817,2025-12-17,Electronics,79.94,1,4
O003364,2025-10-23,Electronics,368.25,0,1
O009776,2026-02-24,Apparel,22.38,1,3
O014908,2026-05-22,Home,45.84,0,4
O009745,2026-02-06,Apparel,61.97,0,1
O014251,2026-05-03,Apparel,35.17,0,4
O007508,2025-12-05,Home,76.17,1,3
O009076,2026-01-17,Home,76.16,0,4
O000243,2025-08-15,Apparel,60.97,1,1
O009674,2026-02-07,Apparel,23.22,0,2
O011613,2026-03-29,Electronics,244.17,0,4
O001667,2025-09-02,Apparel,84.7,0,5
O000393,2025-08-14,Apparel,34.93,0,2
O011096,2026-03-10,Apparel,47.01,0,3
O014886,2026-05-10,Home,14.82,0,3
O014540,2026-05-21,Electronics,134.31,0,2
O003093,2025-10-08,Apparel,69.3,0,3
O015397,2026-06-07,Apparel,112.09,0,2
O013707,2026-05-11,Apparel,42.86,0,4
O007794,2026-01-04,Apparel,107.9,0,2
O002492,2025-09-03,Home,83.39,0,3
O014497,2026-05-08,Electronics,186.88,0,3
O000653,2025-08-22,Electronics,184.49,0,4
O015178,2026-05-28,Home,72.07,0,3
O015715,2026-06-15,Apparel,83.06,0,3
O007638,2025-12-26,Home,58.29,0,2
O010871,2026-03-21,Apparel,64.31,0,4
O004177,2025-11-03,Apparel,69.1,0,3
O003029,2025-10-25,Apparel,89.49,0,4
O014641,2026-05-21,Electronics,180.49,0,2
O015613,2026-06-06,Apparel,42.04,0,3
O015438,2026-06-29,Apparel,73.55,0,1
O008790,2026-01-19,Electronics,82.07,0,3
O014765,2026-05-25,Electronics,189.83,0,4
O011417,2026-03-03,Electronics,147.47,0,4
O006131,2025-12-11,Apparel,51.08,0,2
O000662,2025-08-30,Electronics,76.37,0,3
O014474,2026-05-14,Electronics,172.75,0,1
O004395,2025-11-10,Apparel,72.77,0,2
O014382,2026-05-15,Electronics,133.16,0,3
O006339,2025-12-14,Apparel,43.11,1,6
O006470,2025-12-10,Apparel,55.2,0,1
O011834,2026-03-06,Home,25.57,0,1
O017736,2026-07-25,Electronics,192.22,0,4
O009380,2026-02-09,Apparel,33.42,1,3
O007788,2026-01-05,Apparel,73.62,0,3
O015327,2026-06-06,Apparel,35.24,0,3
O004992,2025-11-25,Electronics,191.66,0,4
O009401,2026-02-11,Apparel,115.84,0,5
O013566,2026-04-15,Home,82.57,0,3
O012622,2026-04-28,Apparel,107.06,0,3
O013131,2026-04-09,Electronics,161.72,0,2
O009559,2026-02-21,Apparel,70.98,1,3
O009910,2026-02-27,Electronics,118.03,0,3
O010753,2026-03-22,Apparel,114.82,0,2
O011311,2026-03-05,Electronics,238.3,0,2
O012872,2026-04-11,Electronics,147.41,0,4
O006805,2025-12-22,Electronics,104.31,0,2
O003352,2025-10-07,Electronics,218.55,0,2
O014444,2026-05-24,Electronics,58.3,0,3
O006523,2025-12-06,Electronics,14.28,0,2
O013408,2026-04-27,Home,110.76,0,3
O013385,2026-04-21,Home,131.03,0,1
O015070,2026-05-11,Home,150.91,0,3
O017370,2026-07-02,Apparel,8,0,4
O005190,2025-11-04,Electronics,70.47,0,4
O008696,2026-01-21,Electronics,251.83,0,3
O017387,2026-07-07,Apparel,55.29,0,2
O000206,2025-08-26,Apparel,45.73,0,4
O009181,2026-01-14,Home,100.01,0,3
O013827,2026-05-19,Apparel,9.45,0,4
O003182,2025-10-03,Apparel,52.17,0,4
O006213,2025-12-31,Apparel,68.99,0,3
O014661,2026-05-18,Electronics,97.46,0,2
O014559,2026-05-03,Electronics,34.03,0,3
O005851,2025-12-05,Apparel,88.67,1,3
O016738,2026-06-17,Home,98.36,0,3
O008669,2026-01-14,Electronics,88.06,0,5
O000658,2025-08-02,Electronics,152.79,0,4
O001461,2025-09-20,Apparel,69.01,0,2
O002537,2025-09-29,Home,59.26,1,2
O008142,2026-01-15,Apparel,49.03,0,4
O001567,2025-09-28,Apparel,85.44,0,4
O010053,2026-02-16,Electronics,119.29,0,5
O005199,2025-11-28,Electronics,265.15,0,2
O016818,2026-07-14,Apparel,71.69,0,1
O008999,2026-01-03,Home,53.2,0,4
O005770,2025-12-31,Apparel,86.8,0,3
O015644,2026-06-01,Apparel,39.06,1,4
O017631,2026-07-23,Electronics,70.46,0,2
O002034,2025-09-09,Electronics,28.87,0,2
O017596,2026-07-17,Electronics,232.73,0,2
O006080,2025-12-18,Apparel,72.73,0,3
O005804,2025-12-02,Apparel,96.02,1,3
O004910,2025-11-09,Electronics,60.72,0,3
O010071,2026-02-15,Electronics,131.73,0,4
O002467,2025-09-13,Home,76.54,0,4
O007665,2025-12-25,Home,127.17,0,3
O015322,2026-06-01,Apparel,39.01,0,3
O010740,2026-03-24,Apparel,36.63,0,4
O016243,2026-06-19,Electronics,138.13,0,1
O006295,2025-12-09,Apparel,35.8,1,1
O014288,2026-05-01,Apparel,77.45,0,3
O001645,2025-09-18,Apparel,87.67,0,3
O007353,2025-12-22,Home,83.1,0,3
O005954,2025-12-22,Apparel,73.68,1,4
O007052,2025-12-12,Electronics,265.35,0,2
O009947,2026-02-15,Electronics,259.07,0,3
O004957,2025-11-19,Electronics,64.08,0,4
O001555,2025-09-30,Apparel,27.71,0,4
O008300,2026-01-25,Apparel,8,0,4
O015244,2026-06-23,Apparel,85.42,0,6
O007010,2025-12-02,Electronics,99.7,0,2
O008698,2026-01-18,Electronics,304.92,0,2
O001933,2025-09-21,Electronics,23.73,1,3
O000660,2025-08-12,Electronics,56.2,0,4
O012410,2026-04-01,Apparel,54.44,0,2
O011075,2026-03-03,Apparel,48.55,0,1
O015637,2026-06-25,Apparel,33.75,0,4
O003250,2025-10-06,Apparel,84.86,0,1
O009400,2026-02-05,Apparel,87.17,1,5
O002644,2025-09-18,Home,105.47,0,3
O009825,2026-02-16,Electronics,65.56,1,3
O006915,2025-12-24,Electronics,251.73,0,4
O010152,2026-02-12,Electronics,113.36,0,3
O010858,2026-03-09,Apparel,55.7,0,3
O004188,2025-11-23,Apparel,94.41,0,3
O008391,2026-01-22,Electronics,165.31,0,3
O016833,2026-07-15,Apparel,34.02,0,5
O006693,2025-12-18,Electronics,147.88,0,2
O012268,2026-04-27,Apparel,60.14,0,1
O017603,2026-07-05,Electronics,234.2,0,2
O017955,2026-07-20,Electronics,134.23,0,4
O016158,2026-06-09,Electronics,89.22,0,3
O006428,2025-12-26,Apparel,29.12,0,5
O014084,2026-05-05,Apparel,59.95,0,5
O001775,2025-09-08,Apparel,37.72,0,3
O006952,2025-12-23,Electronics,216.26,0,3
O018341,2026-07-02,Home,50.65,0,5
O016048,2026-06-16,Electronics,122.41,0,2
O009671,2026-02-08,Apparel,95.03,0,3
O011057,2026-03-08,Apparel,111.15,0,3
O014043,2026-05-24,Apparel,75.3,0,3
O016394,2026-06-04,Home,36.08,0,1
O015237,2026-06-26,Apparel,8,0,2
O004044,2025-10-06,Home,54.72,0,2
O018072,2026-07-26,Home,27.55,1,2
O008165,2026-01-17,Apparel,88.3,1,2
O010963,2026-03-29,Apparel,47.92,0,4
O011686,2026-03-07,Electronics,167.05,0,4
O008908,2026-01-23,Home,80.56,0,4
O005489,2025-11-11,Home,69.6,0,3
O017672,2026-07-13,Electronics,141.92,0,3
O002636,2025-09-11,Home,77.76,0,5
O000080,2025-08-03,Apparel,23.22,0,5
O004615,2025-11-08,Apparel,60.16,0,4
O001782,2025-09-26,Apparel,8,0,2
O003990,2025-10-07,Home,87.06,0,4
O005466,2025-11-24,Home,40.47,0,4
O015018,2026-05-20,Home,87.66,0,3
O013904,2026-05-06,Apparel,76.92,0,3
O012261,2026-04-16,Apparel,72.23,0,2
O013772,2026-05-08,Apparel,40.31,0,2
O011106,2026-03-22,Apparel,60.63,0,3
O003286,2025-10-05,Electronics,146.68,0,2
O012357,2026-04-23,Apparel,39.53,1,3
O004927,2025-11-02,Electronics,184.63,0,4
O013133,2026-04-17,Electronics,263.73,1,2
O013761,2026-05-21,Apparel,54.44,0,3
O001425,2025-09-09,Apparel,49.57,0,2
O011395,2026-03-04,Electronics,187.81,0,5
O005665,2025-11-20,Home,34.84,1,3
O013861,2026-05-16,Apparel,88.51,0,3
O002801,2025-10-25,Apparel,84.38,0,3
O001951,2025-09-18,Electronics,83.71,0,2
O015666,2026-06-14,Apparel,73.01,0,3
O004786,2025-11-16,Electronics,105.76,0,4
O014496,2026-05-25,Electronics,150.11,0,3
O000100,2025-08-20,Apparel,72.48,0,5
O010490,2026-02-16,Home,133.03,0,4
O006156,2025-12-01,Apparel,23.89,0,3
O017139,2026-07-13,Apparel,52.38,0,2
O005972,2025-12-23,Apparel,94.28,1,3
O016525,2026-06-03,Home,95.82,0,1
O011414,2026-03-05,Electronics,217.06,1,2
O002578,2025-09-15,Home,75.43,0,3
O014107,2026-05-02,Apparel,88.27,0,2
O011855,2026-03-28,Home,59.86,1,4
O008811,2026-01-01,Electronics,51.67,0,4
O000754,2025-08-09,Electronics,249.64,0,4
O005330,2025-11-16,Home,100.13,0,3
O000949,2025-08-26,Electronics,88.45,0,4
O002035,2025-09-13,Electronics,156.64,1,4
O013599,2026-04-11,Home,112.92,0,4
O010744,2026-03-04,Apparel,39.02,0,2
O013364,2026-04-23,Home,133.57,0,3
O005012,2025-11-07,Electronics,265.87,0,3
O004538,2025-11-03,Apparel,63.54,0,3
O002729,2025-10-27,Apparel,74.38,0,3
O003269,2025-10-20,Apparel,69.16,0,3
O011177,2026-03-07,Apparel,38.85,0,5
O004237,2025-11-23,Apparel,56.58,0,4
O010457,2026-02-25,Home,92.17,0,2
O003669,2025-10-17,Electronics,162.9,0,4
O011487,2026-03-10,Electronics,171.47,0,2
O018046,2026-07-04,Home,92.24,0,4
O016756,2026-06-17,Home,86.2,0,2
O008384,2026-01-31,Electronics,164.4,0,4
O011794,2026-03-03,Home,40.11,0,4
O009940,2026-02-14,Electronics,96.6,0,4
O013427,2026-04-13,Home,53.74,0,4
O006447,2025-12-12,Apparel,30.85,0,2
O017037,2026-07-12,Apparel,48.62,0,4
O002715,2025-09-04,Home,59.79,0,4
O010411,2026-02-17,Home,73.31,0,4
O008674,2026-01-10,Electronics,192.52,0,4
O002179,2025-09-09,Electronics,121.54,0,1
O000928,2025-08-02,Electronics,102.09,0,5
O011182,2026-03-15,Apparel,97.34,0,3
O015270,2026-06-28,Apparel,8,0,2
O013132,2026-04-22,Electronics,169.23,0,4
O007538,2025-12-04,Home,115.27,0,5
O011045,2026-03-14,Apparel,59.31,0,2
O002308,2025-09-02,Electronics,234.94,1,2
O001738,2025-09-01,Apparel,78.36,0,4
O014060,2026-05-20,Apparel,60.97,0,3
O003347,2025-10-19,Electronics,159.62,0,4
O002247,2025-09-19,Electronics,193.03,0,4
O006366,2025-12-02,Apparel,50.65,0,3
O008891,2026-01-25,Home,27.72,1,5
O003857,2025-10-02,Home,60.1,0,3
O001259,2025-08-16,Home,53.5,0,5
O008553,2026-01-26,Electronics,73.04,0,2
O000994,2025-08-06,Home,103.11,0,4
O006686,2025-12-26,Electronics,195.64,0,5
O015668,2026-06-10,Apparel,80.54,0,3
O016925,2026-07-22,Apparel,83.84,0,3
O010213,2026-02-21,Electronics,45.85,1,3
O017227,2026-07-28,Apparel,36.75,0,3
O000087,2025-08-11,Apparel,96.27,0,3
O004155,2025-11-06,Apparel,89.88,0,2
O015091,2026-05-01,Home,54.99,0,4
O012937,2026-04-07,Electronics,95.63,0,3
O012498,2026-04-29,Apparel,74.05,0,4
O009344,2026-02-17,Apparel,73.86,0,2
O017999,2026-07-17,Electronics,165.14,0,2
O015533,2026-06-03,Apparel,55.71,0,2
O007558,2025-12-05,Home,56.79,0,4
O009381,2026-02-04,Apparel,76.51,0,1
O017611,2026-07-08,Electronics,267.24,0,4
O012962,2026-04-06,Electronics,178.54,0,3
O001622,2025-09-20,Apparel,52.93,1,3
O015954,2026-06-03,Electronics,146.26,0,3
O002108,2025-09-10,Electronics,181.6,0,4
O017941,2026-07-02,Electronics,117.15,0,2
O005569,2025-11-27,Home,82.51,0,3
O017755,2026-07-25,Electronics,259.91,0,4
O000207,2025-08-18,Apparel,102.86,0,3
O013167,2026-04-09,Electronics,149.99,0,1
O008134,2026-01-20,Apparel,58.17,0,3
O001666,2025-09-13,Apparel,58.94,0,3
O002687,2025-09-05,Home,105.15,0,5
O006282,2025-12-22,Apparel,81.89,0,2
O012713,2026-04-06,Apparel,101.14,0,3
O011338,2026-03-25,Electronics,73.33,0,2
O009740,2026-02-14,Apparel,68.22,0,5
O005809,2025-12-21,Apparel,82.9,0,3
O005148,2025-11-02,Electronics,110.99,0,2
O004535,2025-11-11,Apparel,62.36,0,4
O001694,2025-09-08,Apparel,44.68,0,3
O013609,2026-04-05,Home,46.94,0,2
O018173,2026-07-24,Home,67.23,0,4
O011944,2026-03-26,Home,62.96,0,2
O011287,2026-03-31,Electronics,178.56,0,2
O009474,2026-02-18,Apparel,36.92,0,2
O003423,2025-10-24,Electronics,239.82,0,4
O012585,2026-04-02,Apparel,61.67,0,3
O006874,2025-12-10,Electronics,168.95,0,3
O002826,2025-10-19,Apparel,31.75,0,2
O009444,2026-02-05,Apparel,49.94,0,4
O012056,2026-03-19,Home,109.24,0,5
O016953,2026-07-20,Apparel,51.97,0,2
O015133,2026-05-07,Home,61.18,0,3
O017291,2026-07-16,Apparel,39.84,0,5
O009443,2026-02-21,Apparel,36.77,1,4
O011394,2026-03-14,Electronics,152.72,0,4
O001747,2025-09-09,Apparel,34.43,0,1
O004036,2025-10-24,Home,60.26,0,5
O013926,2026-05-25,Apparel,67.3,0,2
O012874,2026-04-24,Electronics,117.79,0,3
O000923,2025-08-09,Electronics,78.88,0,4
O015843,2026-06-23,Apparel,85.72,0,4
O001432,2025-09-11,Apparel,100.14,0,2
O007261,2025-12-13,Home,133.16,0,3
O008638,2026-01-10,Electronics,208.56,0,3
O016851,2026-07-31,Apparel,21.77,1,2
O006132,2025-12-21,Apparel,45.96,0,3
O012272,2026-04-11,Apparel,82.87,0,2
O005196,2025-11-27,Electronics,162.32,0,2
O007659,2025-12-30,Home,42.08,0,4
O009599,2026-02-09,Apparel,109.83,0,3
O005089,2025-11-05,Electronics,231.3,0,5
O017747,2026-07-26,Electronics,41.02,0,3
O000594,2025-08-03,Electronics,184.47,0,2
O004988,2025-11-14,Electronics,181.18,0,2
O015499,2026-06-19,Apparel,66.67,1,1
O016468,2026-06-22,Home,78.41,0,3
O017818,2026-07-16,Electronics,254.45,0,5
O009507,2026-02-17,Apparel,63.5,1,2
O004130,2025-11-30,Apparel,73.04,1,3
O018010,2026-07-27,Home,72.86,0,4
O014731,2026-05-23,Electronics,202.75,0,1
O009534,2026-02-22,Apparel,81.26,0,5
O015252,2026-06-08,Apparel,34.5,0,5
O017336,2026-07-11,Apparel,87.31,0,4
O001373,2025-09-27,Apparel,69.07,0,4
O017224,2026-07-18,Apparel,20.18,0,3
O005711,2025-11-20,Home,148.09,1,3
O014774,2026-05-28,Electronics,102.61,0,2
O002842,2025-10-10,Apparel,72.86,0,4
O007881,2026-01-02,Apparel,126.98,0,3
O005362,2025-11-11,Home,108.8,0,2
O003145,2025-10-19,Apparel,95.61,0,3
O016518,2026-06-17,Home,43.24,0,5
O001195,2025-08-23,Home,154.63,0,3
O016570,2026-06-25,Home,8,0,4
O014610,2026-05-31,Electronics,101.28,0,3
O000239,2025-08-31,Apparel,34.16,0,4
O015433,2026-06-28,Apparel,22.25,1,2
O005419,2025-11-19,Home,126.56,1,4
O004987,2025-11-13,Electronics,89.57,0,5
O005707,2025-11-01,Home,67.53,0,2
O006980,2025-12-18,Electronics,88.72,0,1
O000778,2025-08-27,Electronics,48.47,0,4
O002219,2025-09-26,Electronics,43.74,0,4
O008312,2026-01-05,Apparel,92.97,1,4
O002950,2025-10-08,Apparel,74.66,1,3
O011680,2026-03-13,Electronics,47.37,1,4
O002597,2025-09-10,Home,130.04,0,3
O010558,2026-02-15,Home,112.04,0,3
O017497,2026-07-06,Electronics,158.83,0,3
O011709,2026-03-21,Electronics,63.45,1,3
O006275,2025-12-29,Apparel,84.56,0,3
O013654,2026-04-04,Home,8,0,4
O008138,2026-01-06,Apparel,20.88,1,3
O014155,2026-05-15,Apparel,68.58,0,3
O001061,2025-08-18,Home,42.72,0,2
O003377,2025-10-15,Electronics,50.31,0,4
O011187,2026-03-04,Apparel,61.19,0,1
O012755,2026-04-06,Apparel,40.6,0,3
O006410,2025-12-25,Apparel,79.18,1,3
O007075,2025-12-24,Electronics,151.81,0,3
O000732,2025-08-25,Electronics,58.99,0,4
O008235,2026-01-03,Apparel,26.32,1,2
O015818,2026-06-08,Apparel,68.66,1,2
O017245,2026-07-12,Apparel,35.17,0,2
O003627,2025-10-20,Electronics,169.88,0,4
O002078,2025-09-21,Electronics,168.37,1,4
O010681,2026-03-10,Apparel,18.73,0,3
O004480,2025-11-29,Apparel,62.78,0,4
O009660,2026-02-13,Apparel,88.64,0,4
O006204,2025-12-09,Apparel,102.65,1,4
O012450,2026-04-02,Apparel,74.51,0,2
O012170,2026-04-27,Apparel,17.64,0,3
O016150,2026-06-28,Electronics,159.83,0,1
O011591,2026-03-22,Electronics,264.21,0,2
O002055,2025-09-07,Electronics,48.53,0,6
O018057,2026-07-19,Home,141.3,1,2
O014229,2026-05-05,Apparel,52.88,1,3
O017912,2026-07-22,Electronics,127.44,0,3
O007271,2025-12-10,Home,48.15,0,2
O002643,2025-09-27,Home,88.79,0,4
O002568,2025-09-15,Home,172.24,0,2
O004930,2025-11-06,Electronics,181.86,0,1
O002114,2025-09-13,Electronics,169.34,0,5
O006264,2025-12-21,Apparel,73.15,0,5
O010852,2026-03-10,Apparel,85.43,0,3
O004439,2025-11-21,Apparel,16.96,1,2
O005812,2025-12-18,Apparel,33.01,0,2
O017580,2026-07-28,Electronics,90.19,0,2
O010600,2026-02-03,Home,62.39,0,5
O004315,2025-11-16,Apparel,33.53,0,4
O007051,2025-12-06,Electronics,260.95,1,3
O007228,2025-12-05,Home,89.7,0,4
O001094,2025-08-31,Home,96.47,0,5
O007595,2025-12-14,Home,81.37,0,3
O013868,2026-05-23,Apparel,56.96,0,4
O008876,2026-01-13,Home,127.73,0,2
O004709,2025-11-08,Apparel,117.91,0,4
O005955,2025-12-05,Apparel,81.07,0,1
O011162,2026-03-05,Apparel,47.87,1,4
O009435,2026-02-17,Apparel,83.18,1,3
O011313,2026-03-16,Electronics,213.25,0,4
O004326,2025-11-17,Apparel,59.11,1,4
O008159,2026-01-10,Apparel,92.7,0,3
O004249,2025-11-16,Apparel,68.75,0,3
O000848,2025-08-26,Electronics,217.73,0,4
O015160,2026-05-29,Home,32.42,0,3
O011396,2026-03-01,Electronics,120.36,0,4
O017770,2026-07-11,Electronics,57.11,0,4
O015853,2026-06-23,Apparel,30.03,0,2
O016508,2026-06-17,Home,89.2,0,3
O003877,2025-10-16,Home,24.75,0,3
O002434,2025-09-11,Home,8,0,3
O017749,2026-07-29,Electronics,123.16,0,2
O012588,2026-04-20,Apparel,85.19,0,4
O000304,2025-08-25,Apparel,55.01,0,4
O013226,2026-04-03,Electronics,310.23,0,2
O010390,2026-02-14,Home,29.61,0,2
O002778,2025-10-18,Apparel,72.77,0,2
O013828,2026-05-15,Apparel,8,0,2
O003847,2025-10-11,Home,102.65,0,3
O012516,2026-04-29,Apparel,46.5,1,2
O016895,2026-07-29,Apparel,46.3,0,5
O017682,2026-07-08,Electronics,206.45,0,5
O013471,2026-04-28,Home,106.15,0,5
O013074,2026-04-13,Electronics,74.44,0,3
O014658,2026-05-08,Electronics,190.04,0,3
O014545,2026-05-07,Electronics,106.29,0,4
O009125,2026-01-27,Home,56.15,0,4
O008365,2026-01-25,Electronics,130.23,0,2
O011301,2026-03-23,Electronics,8,0,3
O016704,2026-06-26,Home,48.53,0,2
O014012,2026-05-02,Apparel,42.69,0,3
O003561,2025-10-31,Electronics,240.45,0,4
O008966,2026-01-24,Home,89.9,0,3
O016071,2026-06-04,Electronics,41.87,0,4
O011351,2026-03-09,Electronics,100.74,0,4
O005573,2025-11-27,Home,137.46,0,5
O007879,2026-01-25,Apparel,22.88,1,4
O015732,2026-06-10,Apparel,52.51,0,2
O014511,2026-05-30,Electronics,228.68,1,3
O000752,2025-08-30,Electronics,182.2,0,4
O010200,2026-02-18,Electronics,152.78,0,1
O014839,2026-05-20,Home,92.17,0,4
O002134,2025-09-24,Electronics,242.61,0,3
O010439,2026-02-03,Home,59.15,0,2
O001703,2025-09-18,Apparel,30.24,0,4
O018035,2026-07-18,Home,145.1,0,3
O014564,2026-05-02,Electronics,152.67,0,3
O004223,2025-11-01,Apparel,31.79,0,3
O013932,2026-05-13,Apparel,106.48,1,2
O004512,2025-11-02,Apparel,87.78,0,2
O011272,2026-03-19,Apparel,13.79,0,3
O009500,2026-02-11,Apparel,61.2,1,3
O008688,2026-01-26,Electronics,298.34,0,6
O004013,2025-10-06,Home,86.86,0,3
O007722,2025-12-12,Home,86.96,0,2
O015341,2026-06-13,Apparel,86.82,0,2
O011578,2026-03-23,Electronics,263.73,0,3
O000964,2025-08-01,Home,100.88,0,2
O015759,2026-06-06,Apparel,120.05,0,4
O000008,2025-08-11,Apparel,89.45,0,2
O001746,2025-09-18,Apparel,49.6,0,3
O004267,2025-11-19,Apparel,96.99,0,3
O006097,2025-12-03,Apparel,88.8,0,3
O016963,2026-07-11,Apparel,8,1,3
O002293,2025-09-30,Electronics,207.51,1,6
O012775,2026-04-12,Apparel,53.46,0,4
O000751,2025-08-13,Electronics,65.36,0,3
O008556,2026-01-27,Electronics,140.4,0,3
O009828,2026-02-10,Electronics,8,0,4
O012679,2026-04-27,Apparel,78.49,0,2
O007525,2025-12-10,Home,90.2,0,3
O001952,2025-09-30,Electronics,91.11,1,3
O015131,2026-05-09,Home,42.18,0,4
O002327,2025-09-25,Electronics,147.95,0,4
O006091,2025-12-17,Apparel,59.35,0,4
O001129,2025-08-14,Home,73.73,0,2
O008009,2026-01-04,Apparel,81.07,1,2
O001221,2025-08-15,Home,97.63,0,4
O007731,2025-12-18,Home,36.9,0,3
O006730,2025-12-26,Electronics,285.72,0,2
O017741,2026-07-31,Electronics,261.62,0,1
O003866,2025-10-24,Home,116.5,0,2
O006561,2025-12-16,Electronics,132.06,0,3
O014785,2026-05-05,Electronics,150.12,0,2
O014788,2026-05-07,Electronics,201.71,0,3
O006842,2025-12-12,Electronics,239.97,0,4
O002432,2025-09-26,Home,143.75,0,5
O015010,2026-05-19,Home,98.73,0,4
O014322,2026-05-22,Electronics,186.39,0,4
O010037,2026-02-09,Electronics,76.86,1,3
O001302,2025-08-03,Home,52.69,0,2
O016263,2026-06-11,Electronics,194.26,0,2
O017614,2026-07-01,Electronics,151.54,0,4
O005857,2025-12-05,Apparel,111.82,1,6
O007634,2025-12-05,Home,30.78,0,2
O001372,2025-09-12,Apparel,52.61,0,5
O010000,2026-02-07,Electronics,141.34,0,1
O017359,2026-07-16,Apparel,105.67,0,1
O014243,2026-05-03,Apparel,45.01,1,4
O004293,2025-11-18,Apparel,8,1,3
O002476,2025-09-21,Home,64.12,0,3
O017681,2026-07-21,Electronics,130.01,0,3
O016563,2026-06-24,Home,103.6,0,4
O006752,2025-12-13,Electronics,142.52,0,5
O002650,2025-09-28,Home,28.55,0,3
O013752,2026-05-14,Apparel,92.08,0,3
O004968,2025-11-10,Electronics,123.33,0,3
O008884,2026-01-21,Home,59.03,0,3
O006478,2025-12-13,Apparel,79.18,1,4
O009300,2026-02-14,Apparel,56.48,0,1
O008871,2026-01-24,Home,79.87,0,5
O001165,2025-08-17,Home,20.59,0,7
O014314,2026-05-24,Apparel,53.76,0,1
O013011,2026-04-08,Electronics,47.25,1,4
O013837,2026-05-21,Apparel,38.61,0,3
O007590,2025-12-15,Home,64.02,0,5
O001142,2025-08-17,Home,141.11,0,3
O002207,2025-09-25,Electronics,182.61,0,5
O007334,2025-12-29,Home,81.7,0,2
O004742,2025-11-21,Apparel,110.95,0,2
O015009,2026-05-06,Home,151.82,1,3
O004120,2025-10-30,Home,45.75,0,5
O011038,2026-03-09,Apparel,79.78,0,3
O009849,2026-02-23,Electronics,210.16,0,3
O007901,2026-01-01,Apparel,57.76,0,3
O015301,2026-06-14,Apparel,69.42,0,4
O000472,2025-08-18,Apparel,49.09,0,3
O009340,2026-02-25,Apparel,14.34,0,3
O013792,2026-05-16,Apparel,61.97,0,2
O010884,2026-03-06,Apparel,92.0,0,3
O013545,2026-04-02,Home,118.28,0,3
O011888,2026-03-19,Home,115.61,0,5
O014599,2026-05-01,Electronics,43.12,0,5
O017526,2026-07-28,Electronics,225.86,0,4
O006259,2025-12-27,Apparel,98.88,0,3
O009641,2026-02-10,Apparel,8,0,1
O011070,2026-03-23,Apparel,107.67,0,4
O004689,2025-11-07,Apparel,70.77,0,4
O003442,2025-10-16,Electronics,313.34,0,2
O004703,2025-11-01,Apparel,57.43,0,4
O010571,2026-02-24,Home,170.35,1,4
O002112,2025-09-23,Electronics,172.55,0,4
O005657,2025-11-17,Home,29.32,0,4
O010190,2026-02-28,Electronics,118.49,0,2
O016430,2026-06-13,Home,85.02,0,3
O011041,2026-03-05,Apparel,24.2,0,2
O010483,2026-02-09,Home,103.02,0,3
O004681,2025-11-15,Apparel,45.93,0,2
O012854,2026-04-17,Electronics,160.84,0,3
O014101,2026-05-06,Apparel,52.24,0,3
O011527,2026-03-07,Electronics,168.24,1,3
O017250,2026-07-31,Apparel,68.19,0,2
O003274,2025-10-25,Apparel,95.43,0,4
O017570,2026-07-09,Electronics,170.13,0,3
O008175,2026-01-15,Apparel,40.33,1,2
O012374,2026-04-01,Apparel,56.41,1,2
O001426,2025-09-29,Apparel,45.48,0,3
O010350,2026-02-13,Home,115.62,0,3
O002973,2025-10-22,Apparel,91.85,1,3
O003921,2025-10-23,Home,152.74,0,2
O016887,2026-07-20,Apparel,73.62,0,2
O000532,2025-08-17,Electronics,137.73,0,2
O015134,2026-05-12,Home,112.37,0,1
O014209,2026-05-18,Apparel,29.89,0,4
O008842,2026-01-25,Home,8,0,2
O016552,2026-06-06,Home,120.12,0,1
O007714,2025-12-18,Home,104.26,0,5
O015045,2026-05-21,Home,85.07,1,3
O004383,2025-11-06,Apparel,109.76,0,4
O012708,2026-04-06,Apparel,113.52,0,1
O002453,2025-09-09,Home,143.33,0,3
O004857,2025-11-09,Electronics,41.34,0,4
O011444,2026-03-17,Electronics,190.63,0,3
O014705,2026-05-05,Electronics,156.32,1,4
O018378,2026-07-28,Home,80.15,0,3
O016614,2026-06-30,Home,88.11,0,3
O001913,2025-09-23,Electronics,121.65,0,5
O010584,2026-02-13,Home,68.51,0,2
O017668,2026-07-12,Electronics,263.83,0,3
O012764,2026-04-12,Apparel,27.68,1,2
O000575,2025-08-03,Electronics,210.21,0,5
O007123,2025-12-07,Electronics,132.77,0,5
O006051,2025-12-15,Apparel,18.87,0,2
O017198,2026-07-01,Apparel,82.16,0,2
O017036,2026-07-03,Apparel,8,1,3
O003146,2025-10-30,Apparel,20.0,0,3
O000309,2025-08-04,Apparel,82.65,1,6
O000211,2025-08-23,Apparel,100.5,0,3
O008502,2026-01-06,Electronics,130.23,0,4
O001908,2025-09-09,Electronics,104.2,0,3
O001713,2025-09-14,Apparel,23.82,0,3
O003820,2025-10-22,Home,43.59,0,1
O006200,2025-12-05,Apparel,58.05,0,4
O005720,2025-11-29,Home,69.54,0,5
O012397,2026-04-04,Apparel,81.42,1,4
O003427,2025-10-05,Electronics,81.16,0,4
O009832,2026-02-09,Electronics,218.69,0,2
O009546,2026-02-23,Apparel,53.93,1,3
O006055,2025-12-20,Apparel,44.61,1,5
O016914,2026-07-05,Apparel,67.69,0,1
O002723,2025-10-09,Apparel,49.25,0,4
O010011,2026-02-09,Electronics,159.77,1,4
O010659,2026-02-06,Home,97.81,0,3
O018097,2026-07-21,Home,109.59,0,3
O010786,2026-03-13,Apparel,22.75,0,4
O015194,2026-05-20,Home,89.83,0,2
O007008,2025-12-28,Electronics,83.36,0,3
O004216,2025-11-18,Apparel,70.86,0,1
O006917,2025-12-14,Electronics,54.3,0,3
O000396,2025-08-16,Apparel,52.95,0,3
O017858,2026-07-13,Electronics,239.03,0,4
O010308,2026-02-02,Home,48.46,0,3
O012510,2026-04-24,Apparel,40.98,0,5
O004724,2025-11-04,Apparel,92.67,1,4
O001329,2025-08-12,Home,68.05,0,4
O016805,2026-06-22,Home,95.17,0,3
O002221,2025-09-01,Electronics,95.34,0,3
O005694,2025-11-24,Home,99.5,0,4
O006136,2025-12-28,Apparel,87.13,0,3
O011975,2026-03-17,Home,57.22,0,2
O009176,2026-01-29,Home,85.12,0,4
O009874,2026-02-17,Electronics,197.73,0,2
O008964,2026-01-25,Home,73.89,0,4
O012393,2026-04-29,Apparel,115.64,0,3
O010092,2026-02-22,Electronics,184.26,0,3
O004114,2025-10-31,Home,222.77,0,3
O003282,2025-10-15,Electronics,131.24,0,2
O000160,2025-08-24,Apparel,50.82,0,4
O009564,2026-02-07,Apparel,31.15,0,4
O014938,2026-05-23,Home,47.94,0,2
O015108,2026-05-13,Home,128.81,0,4
O013528,2026-04-23,Home,84.3,0,3
O008202,2026-01-09,Apparel,39.52,0,5
O011275,2026-03-27,Apparel,29.31,1,3
O017035,2026-07-01,Apparel,85.68,0,4
O005790,2025-12-09,Apparel,9.3,0,5
O012343,2026-04-24,Apparel,8.48,0,3
O014686,2026-05-27,Electronics,308.43,1,3
O011923,2026-03-04,Home,77.08,0,3
O009225,2026-02-26,Apparel,60.47,0,2
O007061,2025-12-16,Electronics,83.21,0,1
O006724,2025-12-18,Electronics,100.85,0,4
O003665,2025-10-08,Electronics,61.54,0,4
O017865,2026-07-20,Electronics,178.52,0,3
O004423,2025-11-26,Apparel,42.45,0,3
O005007,2025-11-07,Electronics,35.37,0,4
O013444,2026-04-09,Home,39.63,0,3
O012055,2026-03-03,Home,62.32,0,3
O010057,2026-02-21,Electronics,240.9,0,2
O007380,2025-12-19,Home,77.2,0,2
O008344,2026-01-09,Electronics,79.28,0,3
O011400,2026-03-21,Electronics,253.19,0,4
O008513,2026-01-13,Electronics,106.64,0,3
O010520,2026-02-05,Home,90.71,0,3
O008387,2026-01-14,Electronics,168.44,0,3
O008689,2026-01-21,Electronics,187.07,0,3
O013835,2026-05-26,Apparel,62.91,0,3
O017417,2026-07-15,Apparel,41.13,0,5
O008183,2026-01-19,Apparel,76.69,0,3
O004244,2025-11-21,Apparel,89.31,0,3
O011409,2026-03-05,Electronics,80.49,0,3
O004458,2025-11-07,Apparel,53.77,0,3
O004352,2025-11-30,Apparel,37.99,0,3
O003155,2025-10-22,Apparel,44.75,0,3
O012891,2026-04-17,Electronics,137.33,0,4
O008414,2026-01-19,Electronics,196.53,1,3
O010356,2026-02-25,Home,77.03,0,4
O015078,2026-05-11,Home,114.65,0,6
O009539,2026-02-01,Apparel,70.6,0,3
O010955,2026-03-31,Apparel,38.25,0,3
O013763,2026-05-14,Apparel,87.92,1,2
O012640,2026-04-12,Apparel,28.47,0,2
O010078,2026-02-14,Electronics,8,0,2
O014937,2026-05-02,Home,27.66,0,3
O009495,2026-02-17,Apparel,91.67,0,5
O006511,2025-12-07,Apparel,60.67,0,3
O004593,2025-11-26,Apparel,36.26,1,5
O010726,2026-03-31,Apparel,57.06,0,2
O004726,2025-11-07,Apparel,71.04,0,2
O017328,2026-07-12,Apparel,85.63,0,2
O014354,2026-05-19,Electronics,199.66,0,4
O003350,2025-10-17,Electronics,8,0,4
O011614,2026-03-08,Electronics,243.71,0,3
O010687,2026-03-19,Apparel,62.42,0,3
O017756,2026-07-26,Electronics,71.95,0,2
O009110,2026-01-31,Home,60.74,0,3
O001584,2025-09-12,Apparel,72.11,0,3
O015650,2026-06-06,Apparel,33.1,0,3
O012255,2026-04-07,Apparel,99.56,0,3
O002626,2025-09-13,Home,104.23,0,3
O003758,2025-10-18,Home,26.13,0,1
O016958,2026-07-04,Apparel,81.5,0,5
O003773,2025-10-13,Home,75.5,0,2
O011480,2026-03-07,Electronics,168.87,0,2
O009063,2026-01-28,Home,63.57,0,4
O008447,2026-01-25,Electronics,134.6,0,2
O013360,2026-04-18,Home,107.87,1,4
O009513,2026-02-23,Apparel,26.18,1,3
O015245,2026-06-17,Apparel,97.44,0,2
O001008,2025-08-11,Home,78.04,0,2
O006707,2025-12-12,Electronics,144.37,0,3
O010067,2026-02-13,Electronics,232.39,0,2
O006010,2025-12-26,Apparel,85.29,1,3
O009708,2026-02-27,Apparel,53.92,1,2
O003538,2025-10-23,Electronics,190.67,0,3
O010491,2026-02-24,Home,162.82,0,4
O003713,2025-10-03,Electronics,233.15,0,2
O000073,2025-08-26,Apparel,64.64,0,3
O002218,2025-09-12,Electronics,118.59,0,4
O013999,2026-05-15,Apparel,50.35,0,3
O003648,2025-10-07,Electronics,41.12,0,4
O011310,2026-03-24,Electronics,260.08,0,3
O001317,2025-08-21,Home,100.9,0,3
O005082,2025-11-25,Electronics,175.31,1,4
O015727,2026-06-15,Apparel,53.65,0,4
O000744,2025-08-22,Electronics,194.47,0,5
O006452,2025-12-04,Apparel,61.87,0,3
O014905,2026-05-14,Home,79.59,0,2
O018238,2026-07-26,Home,157.57,1,3
O015893,2026-06-24,Electronics,179.87,0,4
O006887,2025-12-13,Electronics,240.27,0,3
O006052,2025-12-26,Apparel,107.17,0,5
O000006,2025-08-20,Apparel,18.26,0,4
O006531,2025-12-11,Electronics,183.48,0,3
O017339,2026-07-12,Apparel,108.4,0,3
O017915,2026-07-13,Electronics,118.43,0,1
O014581,2026-05-26,Electronics,96.5,0,4
O017759,2026-07-05,Electronics,201.53,0,3
O014794,2026-05-21,Electronics,176.92,0,2
O004211,2025-11-06,Apparel,41.22,0,5
O001595,2025-09-10,Apparel,65.98,0,2
O000343,2025-08-31,Apparel,39.52,0,4
O007026,2025-12-10,Electronics,174.04,0,3
O005654,2025-11-10,Home,98.26,0,5
O014655,2026-05-19,Electronics,167.69,0,2
O007706,2025-12-06,Home,110.86,0,4
O011619,2026-03-20,Electronics,276.1,0,4
O002230,2025-09-03,Electronics,104.63,0,2
O005719,2025-11-04,Home,161.85,0,5
O015535,2026-06-01,Apparel,100.0,0,4
O005072,2025-11-13,Electronics,138.86,1,4
O004686,2025-11-06,Apparel,79.65,0,3
O005854,2025-12-22,Apparel,86.99,0,4
O005067,2025-11-08,Electronics,257.05,0,3
O004546,2025-11-19,Apparel,43.65,0,5
O012098,2026-03-13,Home,102.78,0,2
O005162,2025-11-21,Electronics,185.58,0,1
O015060,2026-05-28,Home,83.76,0,3
O008808,2026-01-29,Electronics,207.86,0,2
O015706,2026-06-10,Apparel,96.99,0,1
O002948,2025-10-24,Apparel,56.91,0,3
O008758,2026-01-11,Electronics,294.98,1,3
O008920,2026-01-12,Home,148.52,0,5
O000290,2025-08-13,Apparel,50.98,0,5
O002318,2025-09-05,Electronics,90.35,0,3
O017188,2026-07-16,Apparel,84.63,1,1
O005001,2025-11-03,Electronics,171.81,0,4
O013621,2026-04-24,Home,103.35,0,2
O000196,2025-08-24,Apparel,45.62,0,2
O010361,2026-02-21,Home,71.46,0,5
O014840,2026-05-06,Home,55.94,0,3
O005901,2025-12-14,Apparel,82.08,0,4
O005553,2025-11-26,Home,8,0,3
O012256,2026-04-16,Apparel,80.36,0,3
O009990,2026-02-11,Electronics,146.65,0,1
O005425,2025-11-25,Home,78.38,0,1
O001301,2025-08-01,Home,125.23,1,4
O002267,2025-09-22,Electronics,211.93,1,4
O011621,2026-03-03,Electronics,81.91,0,5
O002559,2025-09-29,Home,133.42,0,3
O018112,2026-07-07,Home,105.04,0,3
O010537,2026-02-15,Home,30.71,0,2
O012776,2026-04-06,Apparel,64.12,0,4
O014716,2026-05-12,Electronics,84.2,1,1
O010099,2026-02-26,Electronics,118.15,0,3
O007724,2025-12-29,Home,9.26,0,2
O008214,2026-01-25,Apparel,96.6,1,3
O001550,2025-09-15,Apparel,53.28,1,3
O009497,2026-02-23,Apparel,81.94,0,2
O003462,2025-10-14,Electronics,152.25,0,4
O001424,2025-09-09,Apparel,61.06,0,2
O008054,2026-01-08,Apparel,75.82,0,3
O012988,2026-04-09,Electronics,12.19,0,4
O008329,2026-01-30,Apparel,86.35,0,2
O017509,2026-07-14,Electronics,153.78,0,3
O008507,2026-01-27,Electronics,203.52,1,4
O012399,2026-04-01,Apparel,26.97,0,4
O012893,2026-04-11,Electronics,95.18,0,3
O002607,2025-09-10,Home,146.19,0,2
O015863,2026-06-09,Apparel,33.3,0,5
O010785,2026-03-17,Apparel,34.08,0,4
O014022,2026-05-30,Apparel,82.04,0,2
O012660,2026-04-30,Apparel,112.64,0,5
O015122,2026-05-23,Home,12.48,0,4
O000846,2025-08-21,Electronics,144.59,0,3
O002788,2025-10-17,Apparel,48.28,0,5
O009702,2026-02-24,Apparel,76.71,0,1
O008039,2026-01-06,Apparel,72.93,0,3
O006668,2025-12-11,Electronics,209.32,0,4
O009046,2026-01-01,Home,98.68,0,5
O003586,2025-10-01,Electronics,101.2,0,2
O015996,2026-06-05,Electronics,154.8,0,3
O012881,2026-04-03,Electronics,153.02,0,4
O001006,2025-08-22,Home,33.71,0,4
O010699,2026-03-11,Apparel,72.34,0,2
O005977,2025-12-01,Apparel,75.74,0,3
O017884,2026-07-03,Electronics,166.54,0,4
O007747,2026-01-17,Apparel,91.21,0,4
O011779,2026-03-22,Home,37.34,0,2
O010090,2026-02-14,Electronics,138.46,0,4
O014763,2026-05-02,Electronics,233.57,0,2
O016569,2026-06-15,Home,83.1,0,2
O007718,2025-12-08,Home,44.12,0,5
O011018,2026-03-24,Apparel,75.59,0,2
O012783,2026-04-04,Apparel,51.77,0,2
O015608,2026-06-01,Apparel,67.15,0,4
O001000,2025-08-23,Home,30.41,0,4
O009747,2026-02-08,Apparel,66.0,0,2
O005675,2025-11-25,Home,110.1,0,4
O006759,2025-12-15,Electronics,145.67,0,3
O002932,2025-10-31,Apparel,82.65,0,4
O016244,2026-06-04,Electronics,133.96,0,2
O002141,2025-09-19,Electronics,91.21,0,3
O005348,2025-11-01,Home,127.65,0,3
O005754,2025-12-29,Apparel,88.49,1,2
O003746,2025-10-31,Home,119.92,0,3
O013613,2026-04-13,Home,96.2,0,5
O004385,2025-11-06,Apparel,79.16,0,3
O009017,2026-01-02,Home,102.34,0,3
O008046,2026-01-17,Apparel,28.62,0,2
O005113,2025-11-07,Electronics,188.19,0,3
O012222,2026-04-24,Apparel,57.4,1,4
O003551,2025-10-07,Electronics,209.45,1,3
O007367,2025-12-03,Home,64.36,1,3
O012318,2026-04-14,Apparel,71.73,1,3
O010049,2026-02-11,Electronics,115.62,0,5
O008841,2026-01-03,Home,104.42,0,4
O002417,2025-09-16,Home,69.82,0,4
O003085,2025-10-09,Apparel,96.35,0,6
O012120,2026-03-23,Home,92.55,0,5
O007103,2025-12-01,Electronics,229.73,0,3
O016941,2026-07-20,Apparel,90.64,0,5
O003827,2025-10-26,Home,31.37,0,3
O001742,2025-09-03,Apparel,80.88,0,3
O013148,2026-04-05,Electronics,231.35,0,4
O006012,2025-12-31,Apparel,24.13,0,2
O000203,2025-08-21,Apparel,57.15,1,1
O013047,2026-04-19,Electronics,157.25,0,1
O003784,2025-10-19,Home,120.88,0,3
O002334,2025-09-16,Home,101.9,0,3
O016901,2026-07-27,Apparel,45.47,0,1
O017199,2026-07-06,Apparel,72.85,0,5
O011244,2026-03-08,Apparel,37.62,0,2
O004702,2025-11-05,Apparel,71.43,0,4
O007311,2025-12-02,Home,62.07,0,3
O001911,2025-09-22,Electronics,114.29,0,6
O015423,2026-06-28,Apparel,50.07,1,6
O008114,2026-01-14,Apparel,65.92,0,3
O014231,2026-05-08,Apparel,76.24,1,1
O008845,2026-01-22,Home,85.69,0,2
O006625,2025-12-29,Electronics,191.65,0,4
O002682,2025-09-19,Home,48.09,0,3
O013883,2026-05-23,Apparel,75.97,0,2
O007399,2025-12-20,Home,74.21,0,3
O008819,2026-01-14,Home,118.58,0,2
O007505,2025-12-18,Home,121.25,0,5
O016075,2026-06-13,Electronics,197.84,0,2
O005333,2025-11-19,Home,109.11,0,4
O002336,2025-09-16,Home,87.03,0,3
O004399,2025-11-30,Apparel,84.69,0,2
O001138,2025-08-28,Home,142.59,0,4
O000045,2025-08-01,Apparel,98.63,0,2
O014058,2026-05-14,Apparel,63.96,0,4
O003460,2025-10-04,Electronics,269.25,1,3
O007383,2025-12-03,Home,126.0,0,3
O009743,2026-02-08,Apparel,82.1,1,3
O012319,2026-04-12,Apparel,87.66,0,2
O009002,2026-01-27,Home,74.57,0,4
O012870,2026-04-02,Electronics,192.16,0,3
O007490,2025-12-19,Home,96.18,0,3
O004272,2025-11-23,Apparel,95.03,0,3
O017043,2026-07-25,Apparel,93.8,0,3
O000245,2025-08-28,Apparel,58.31,0,4
O017566,2026-07-02,Electronics,304.42,0,3
O016522,2026-06-10,Home,36.76,0,4
O000082,2025-08-13,Apparel,24.55,0,4
O016413,2026-06-29,Home,78.15,0,3
O012000,2026-03-24,Home,68.87,0,2
O014506,2026-05-12,Electronics,208.22,0,3
O015885,2026-06-27,Apparel,85.77,1,2
O004336,2025-11-17,Apparel,126.69,1,3
O012047,2026-03-21,Home,103.34,0,2
O006418,2025-12-12,Apparel,18.45,0,4
O010419,2026-02-03,Home,30.99,0,3
O012475,2026-04-27,Apparel,63.02,1,3
O017981,2026-07-21,Electronics,203.17,0,3
O013105,2026-04-22,Electronics,154.91,0,3
O009066,2026-01-04,Home,133.73,0,4
O012908,2026-04-27,Electronics,103.92,0,3
O008124,2026-01-18,Apparel,60.27,0,3
O017127,2026-07-14,Apparel,8,0,4
O010696,2026-03-24,Apparel,62.71,0,3
O018361,2026-07-25,Home,133.4,0,2
O008474,2026-01-17,Electronics,57.47,0,2
O008563,2026-01-12,Electronics,148.64,1,1
O011292,2026-03-14,Electronics,269.66,0,4
O007411,2025-12-08,Home,69.04,1,2
O012247,2026-04-21,Apparel,87.66,0,3
O001054,2025-08-11,Home,55.86,0,3
O014368,2026-05-17,Electronics,54.51,0,5
O008543,2026-01-12,Electronics,73.28,0,3
O014028,2026-05-13,Apparel,94.47,0,2
O011682,2026-03-07,Electronics,170.4,1,3
O017724,2026-07-14,Electronics,72.01,0,4
O010124,2026-02-14,Electronics,121.58,0,1
O007211,2025-12-17,Electronics,203.22,0,5
O015232,2026-06-21,Apparel,52.73,0,2
O016537,2026-06-09,Home,109.01,0,3
O014835,2026-05-03,Home,118.53,0,4
O006800,2025-12-11,Electronics,136.3,0,5
O003425,2025-10-07,Electronics,138.04,0,5
O009666,2026-02-14,Apparel,101.28,1,4
O017275,2026-07-10,Apparel,15.79,0,3
O002149,2025-09-30,Electronics,88.32,0,3
O010979,2026-03-09,Apparel,112.33,0,5
O001934,2025-09-02,Electronics,188.31,0,2
O016083,2026-06-08,Electronics,75.46,0,3
O008076,2026-01-14,Apparel,33.73,0,1
O013311,2026-04-10,Home,22.02,0,1
O005758,2025-12-13,Apparel,14.41,0,3
O008533,2026-01-26,Electronics,219.58,0,3
O016501,2026-06-14,Home,129.24,0,4
O013182,2026-04-27,Electronics,115.99,0,4
O013631,2026-04-26,Home,39.32,0,4
O005912,2025-12-20,Apparel,74.78,0,1
O001572,2025-09-23,Apparel,59.35,1,4
O004531,2025-11-10,Apparel,27.19,0,5
O000367,2025-08-13,Apparel,66.38,1,2
O013910,2026-05-14,Apparel,62.77,0,4
O014156,2026-05-12,Apparel,23.48,0,4
O012334,2026-04-20,Apparel,47.89,0,2
O003938,2025-10-02,Home,92.39,0,3
O008568,2026-01-02,Electronics,214.01,1,1
O013227,2026-04-03,Electronics,136.49,0,5
O005228,2025-11-03,Electronics,182.5,0,3
O007077,2025-12-11,Electronics,225.85,0,3
O011604,2026-03-16,Electronics,163.12,1,2
O009266,2026-02-19,Apparel,65.17,0,3
O012793,2026-04-24,Electronics,141.49,0,4
O009130,2026-01-30,Home,45.41,0,5
O006224,2025-12-14,Apparel,104.84,0,4
O016597,2026-06-19,Home,64.11,0,1
O001580,2025-09-30,Apparel,49.66,0,4
O002897,2025-10-06,Apparel,40.94,0,3
O000261,2025-08-18,Apparel,70.96,0,4
O003950,2025-10-08,Home,90.28,0,5
O012038,2026-03-26,Home,187.88,0,2
O004528,2025-11-25,Apparel,119.62,1,4
O000888,2025-08-08,Electronics,8,0,3
O015736,2026-06-28,Apparel,47.97,0,2
O004974,2025-11-10,Electronics,8,1,5
O002957,2025-10-09,Apparel,19.65,0,2
O009197,2026-01-01,Home,15.55,0,4
O009824,2026-02-22,Electronics,161.31,0,1
O004451,2025-11-19,Apparel,12.18,0,4
O018105,2026-07-04,Home,52.49,0,5
O006150,2025-12-06,Apparel,45.78,0,4
O005386,2025-11-07,Home,34.95,0,3
O003418,2025-10-22,Electronics,31.98,0,3
O005315,2025-11-17,Home,94.24,0,3
O010225,2026-02-06,Electronics,355.4,0,3
O002387,2025-09-27,Home,77.76,0,5
O015490,2026-06-20,Apparel,69.83,0,1
O008658,2026-01-07,Electronics,133.05,0,3
O011707,2026-03-02,Electronics,117.03,0,3
O004235,2025-11-10,Apparel,100.33,0,4
O017234,2026-07-23,Apparel,51.88,0,5
O016381,2026-06-03,Electronics,157.69,0,2
O005516,2025-11-13,Home,39.79,0,3
O017338,2026-07-20,Apparel,48.05,0,4
O001607,2025-09-21,Apparel,93.5,0,2
O004473,2025-11-04,Apparel,84.77,0,1
O008882,2026-01-28,Home,82.9,0,5
O014548,2026-05-28,Electronics,228.7,0,2
O016454,2026-06-19,Home,83.22,0,4
O013957,2026-05-25,Apparel,76.5,0,4
O006168,2025-12-11,Apparel,99.58,0,5
O008837,2026-01-02,Home,134.44,0,5
O003557,2025-10-27,Electronics,115.02,1,3
O012998,2026-04-14,Electronics,145.49,0,4
O011937,2026-03-29,Home,50.86,0,6
O017059,2026-07-01,Apparel,85.24,0,3
O001402,2025-09-02,Apparel,97.45,1,5
O009668,2026-02-05,Apparel,8,1,4
O004310,2025-11-25,Apparel,75.87,1,3
O016514,2026-06-30,Home,50.51,0,2
O003434,2025-10-12,Electronics,221.3,1,5
O011512,2026-03-08,Electronics,201.04,0,3
O012973,2026-04-21,Electronics,56.33,0,1
O006539,2025-12-27,Electronics,85.98,0,3
O002942,2025-10-05,Apparel,63.21,0,4
O013374,2026-04-01,Home,41.18,0,1
O013998,2026-05-18,Apparel,55.06,0,4
O003320,2025-10-05,Electronics,225.96,0,4
O006602,2025-12-13,Electronics,129.49,0,3
O006211,2025-12-06,Apparel,45.53,0,3
O002274,2025-09-12,Electronics,17.76,0,3
O014453,2026-05-15,Electronics,290.14,0,3
O018019,2026-07-28,Home,125.81,0,2
O011121,2026-03-26,Apparel,54.55,0,3
O002264,2025-09-29,Electronics,176.36,0,5
O008118,2026-01-07,Apparel,21.62,0,2
O014320,2026-05-18,Apparel,91.88,0,4
O009741,2026-02-24,Apparel,8,0,3
O006496,2025-12-30,Apparel,100.1,0,6
O002471,2025-09-17,Home,89.48,0,2
O001290,2025-08-06,Home,79.85,0,3
O001319,2025-08-10,Home,39.5,0,2
O014220,2026-05-02,Apparel,143.91,0,3
O005990,2025-12-27,Apparel,58.12,0,2
O011928,2026-03-21,Home,112.66,0,2
O012257,2026-04-26,Apparel,57.8,0,3
O009852,2026-02-08,Electronics,154.22,0,2
O002543,2025-09-06,Home,26.27,0,3
O016368,2026-06-23,Electronics,200.61,0,3
O013352,2026-04-15,Home,71.6,0,5
O006632,2025-12-13,Electronics,232.06,0,4
O013797,2026-05-20,Apparel,88.17,0,4
O001077,2025-08-16,Home,122.53,0,2
O004400,2025-11-11,Apparel,79.05,0,4
O001471,2025-09-01,Apparel,92.56,1,4
O016825,2026-07-21,Apparel,82.81,0,4
O007189,2025-12-10,Electronics,319.48,0,2
O015604,2026-06-07,Apparel,66.19,0,2
O011506,2026-03-30,Electronics,158.04,1,3
O012219,2026-04-30,Apparel,77.25,0,2
O011644,2026-03-20,Electronics,205.13,0,5
O010321,2026-02-26,Home,80.68,0,2
O018052,2026-07-13,Home,55.3,0,2
O006742,2025-12-09,Electronics,86.83,0,4
O016393,2026-06-13,Home,116.27,1,2
O006787,2025-12-09,Electronics,147.96,0,2
O001771,2025-09-06,Apparel,44.01,1,4
O015938,2026-06-24,Electronics,175.67,0,3
O017430,2026-07-13,Apparel,66.87,0,3
O016414,2026-06-19,Home,16.09,0,3
O007487,2025-12-05,Home,149.0,0,4
O013647,2026-04-12,Home,99.86,0,3
O014750,2026-05-26,Electronics,26.25,0,4
O007498,2025-12-10,Home,131.23,0,4
O006013,2025-12-12,Apparel,41.71,1,4
O008080,2026-01-09,Apparel,46.97,0,4
O017138,2026-07-09,Apparel,79.85,0,5
O011505,2026-03-26,Electronics,59.67,0,4
O000191,2025-08-19,Apparel,52.69,0,4
O010651,2026-02-04,Home,101.81,0,3
O015035,2026-05-06,Home,20.36,0,3
O012217,2026-04-16,Apparel,17.3,0,3
O012023,2026-03-18,Home,120.5,0,3
O007013,2025-12-09,Electronics,245.54,0,4
O004658,2025-11-23,Apparel,47.97,0,3
O002776,2025-10-26,Apparel,43.46,0,3
O008892,2026-01-30,Home,90.18,1,3
O007978,2026-01-17,Apparel,78.88,0,4
O013136,2026-04-03,Electronics,8,0,3
O009238,2026-02-13,Apparel,42.57,0,4
O011242,2026-03-20,Apparel,121.31,0,2
O012407,2026-04-17,Apparel,61.84,1,1
O003884,2025-10-10,Home,172.56,0,6
O005832,2025-12-06,Apparel,33.11,0,4
O005610,2025-11-23,Home,8.2,0,1
O000279,2025-08-07,Apparel,19.81,1,2
O009524,2026-02-28,Apparel,40.96,0,4
O010797,2026-03-14,Apparel,28.8,1,3
O003579,2025-10-10,Electronics,132.1,1,3
O009005,2026-01-10,Home,79.17,0,3
O011830,2026-03-15,Home,101.46,0,5
O007765,2026-01-13,Apparel,63.19,0,3
O013511,2026-04-08,Home,41.23,0,3
O015879,2026-06-11,Apparel,56.89,0,3
O010569,2026-02-28,Home,83.94,0,2
O004426,2025-11-06,Apparel,49.51,0,3
O004973,2025-11-12,Electronics,129.26,0,4
O016894,2026-07-02,Apparel,117.59,0,2
O010310,2026-02-15,Home,112.45,0,2
O009624,2026-02-07,Apparel,68.57,0,4
O003472,2025-10-11,Electronics,159.59,0,5
O008130,2026-01-22,Apparel,59.55,0,2
O016258,2026-06-07,Electronics,178.18,1,4
O006045,2025-12-20,Apparel,69.24,0,3
O013421,2026-04-06,Home,46.86,0,3
O011555,2026-03-08,Electronics,119.71,0,4
O017016,2026-07-14,Apparel,122.02,1,3
O012209,2026-04-22,Apparel,50.33,1,4
O009878,2026-02-11,Electronics,224.29,0,3
O006086,2025-12-30,Apparel,68.24,1,2
O006294,2025-12-04,Apparel,98.33,1,5
O015095,2026-05-21,Home,132.82,0,3
O015323,2026-06-14,Apparel,74.15,1,4
O011949,2026-03-21,Home,54.76,0,2
O015437,2026-06-05,Apparel,32.01,0,3
O018011,2026-07-03,Home,28.9,0,1
O002464,2025-09-04,Home,65.29,0,4
O014620,2026-05-30,Electronics,159.94,0,5
O005597,2025-11-05,Home,91.84,0,6
O006455,2025-12-19,Apparel,45.66,1,5
O010932,2026-03-25,Apparel,89.94,1,3
O017078,2026-07-07,Apparel,111.26,0,1
O007857,2026-01-21,Apparel,91.17,0,5
O014539,2026-05-29,Electronics,153.14,0,4
O009249,2026-02-12,Apparel,58.72,0,4
O003569,2025-10-19,Electronics,111.9,0,2
O007522,2025-12-12,Home,111.17,0,3
O005274,2025-11-27,Electronics,111.21,1,3
O018109,2026-07-20,Home,126.82,0,3
O000338,2025-08-23,Apparel,55.35,0,3
O002562,2025-09-18,Home,24.34,0,3
O011257,2026-03-02,Apparel,47.72,0,3
O008620,2026-01-01,Electronics,56.96,0,4
O017374,2026-07-20,Apparel,8.01,0,2
O001081,2025-08-10,Home,74.13,0,5
O001831,2025-09-28,Apparel,77.31,1,3
O003116,2025-10-11,Apparel,96.8,0,4
O000885,2025-08-06,Electronics,113.95,0,4
O011954,2026-03-07,Home,57.79,0,5
O008624,2026-01-06,Electronics,237.12,0,5
O007689,2025-12-17,Home,124.77,0,4
O013270,2026-04-19,Home,66.01,0,3
O012763,2026-04-05,Apparel,68.09,0,4
O002000,2025-09-02,Electronics,87.91,0,2
O014178,2026-05-03,Apparel,69.73,0,3
O016836,2026-07-09,Apparel,66.42,1,2
O014784,2026-05-26,Electronics,206.32,0,3
O003456,2025-10-23,Electronics,219.61,0,1
O013453,2026-04-23,Home,155.95,0,3
O010467,2026-02-09,Home,12.94,0,5
O002455,2025-09-23,Home,61.09,0,3
O015006,2026-05-02,Home,47.49,0,2
O013371,2026-04-16,Home,46.29,0,5
O003497,2025-10-27,Electronics,237.11,0,4
O000810,2025-08-23,Electronics,102.72,0,2
O014607,2026-05-14,Electronics,148.5,0,4
O010133,2026-02-20,Electronics,278.67,0,2
O013083,2026-04-19,Electronics,164.88,0,3
O013355,2026-04-22,Home,36.18,0,3
O012731,2026-04-17,Apparel,75.49,0,3
O002454,2025-09-22,Home,91.94,0,1
O006186,2025-12-30,Apparel,46.92,0,2
O013400,2026-04-27,Home,74.52,0,2
O012824,2026-04-13,Electronics,43.69,0,3
O007636,2025-12-08,Home,39.2,0,2
O002691,2025-09-25,Home,38.84,0,4
O008774,2026-01-27,Electronics,8,0,2
O010064,2026-02-27,Electronics,101.68,0,4
O013950,2026-05-10,Apparel,64.35,0,5
O015195,2026-05-07,Home,97.25,0,3
O013573,2026-04-24,Home,148.62,0,4
O003369,2025-10-21,Electronics,8,0,4
O001880,2025-09-13,Apparel,74.43,0,3
O001743,2025-09-28,Apparel,42.76,0,2
O013344,2026-04-07,Home,53.49,0,4
O010515,2026-02-04,Home,103.34,0,5
O001382,2025-09-30,Apparel,69.15,0,3
O004976,2025-11-02,Electronics,195.65,0,5
O011209,2026-03-18,Apparel,72.52,0,3
O004734,2025-11-17,Apparel,73.36,0,5
O012984,2026-04-04,Electronics,159.28,0,3
O012279,2026-04-29,Apparel,81.47,0,3
O001378,2025-09-28,Apparel,12.31,0,3
O004507,2025-11-20,Apparel,55.91,0,4
O016519,2026-06-29,Home,24.24,0,2
O010667,2026-02-19,Home,74.75,0,4
O004454,2025-11-28,Apparel,59.59,0,4
O000567,2025-08-09,Electronics,251.05,0,5
O011224,2026-03-09,Apparel,70.39,0,4
O006180,2025-12-05,Apparel,101.07,0,4
O008357,2026-01-26,Electronics,111.11,1,3
O000218,2025-08-07,Apparel,12.27,0,4
O003009,2025-10-04,Apparel,50.18,0,3
O016954,2026-07-18,Apparel,71.01,0,3
O004251,2025-11-19,Apparel,86.47,0,2
O012065,2026-03-01,Home,8,0,1
O006729,2025-12-13,Electronics,143.58,0,4
O016294,2026-06-14,Electronics,172.77,0,3
O006659,2025-12-13,Electronics,206.78,0,2
O005091,2025-11-05,Electronics,159.66,0,4
O013681,2026-05-02,Apparel,54.64,0,3
O010649,2026-02-10,Home,9.27,0,2
O014653,2026-05-18,Electronics,137.03,0,3
O017958,2026-07-15,Electronics,164.06,0,1
O004500,2025-11-23,Apparel,63.77,1,2
O017142,2026-07-11,Apparel,58.57,0,4
O003568,2025-10-13,Electronics,21.18,0,2
O015674,2026-06-11,Apparel,60.1,0,4
O008446,2026-01-29,Electronics,167.01,0,4
O001405,2025-09-01,Apparel,86.91,0,4
O011777,2026-03-15,Home,32.43,0,1
O011295,2026-03-16,Electronics,118.41,0,1
O014352,2026-05-01,Electronics,128.26,0,2
O014476,2026-05-18,Electronics,198.74,0,3
O012580,2026-04-22,Apparel,60.12,1,2
O015869,2026-06-13,Apparel,49.33,0,3
O016862,2026-07-18,Apparel,18.18,0,2
O010373,2026-02-05,Home,120.2,0,4
O008236,2026-01-30,Apparel,73.09,0,4
O017468,2026-07-19,Apparel,57.77,0,3
O016940,2026-07-10,Apparel,29.13,0,3
O012568,2026-04-07,Apparel,73.7,0,4
O007703,2025-12-07,Home,77.65,0,3
O009410,2026-02-16,Apparel,34.47,0,1
O010648,2026-02-20,Home,87.18,0,4
O015366,2026-06-26,Apparel,84.77,0,2
O010793,2026-03-17,Apparel,59.63,0,3
O009826,2026-02-11,Electronics,70.14,0,1
O016509,2026-06-05,Home,86.8,0,6
O008395,2026-01-26,Electronics,25.3,0,3
O002449,2025-09-05,Home,112.14,0,4
O000781,2025-08-02,Electronics,150.3,0,4
O012641,2026-04-01,Apparel,66.82,0,3
O005600,2025-11-07,Home,38.88,0,5
O012111,2026-03-13,Home,99.15,0,2
O008801,2026-01-21,Electronics,150.54,0,3
O010402,2026-02-12,Home,35.68,0,3
O002931,2025-10-28,Apparel,82.59,0,4
O004371,2025-11-21,Apparel,64.26,0,2
O010512,2026-02-06,Home,93.63,0,2
O005265,2025-11-21,Electronics,246.07,0,2
O000406,2025-08-21,Apparel,34.24,0,5
O009535,2026-02-18,Apparel,38.75,0,1
O006431,2025-12-17,Apparel,64.13,1,5
O005993,2025-12-26,Apparel,68.84,0,6
O010750,2026-03-25,Apparel,49.25,0,5
O007822,2026-01-07,Apparel,44.69,1,1
O007157,2025-12-11,Electronics,71.56,0,3
O016324,2026-06-16,Electronics,188.1,0,3
O005548,2025-11-22,Home,90.44,0,4
O007291,2025-12-04,Home,99.79,0,3
O003245,2025-10-13,Apparel,8,0,3
O013665,2026-04-27,Home,101.84,0,4
O003046,2025-10-12,Apparel,27.16,0,4
O016095,2026-06-23,Electronics,90.4,0,1
O011936,2026-03-23,Home,108.37,0,1
O004710,2025-11-13,Apparel,39.24,0,5
O009614,2026-02-25,Apparel,8,0,5
O013629,2026-04-21,Home,52.42,0,5
O013532,2026-04-02,Home,96.4,0,5
O015048,2026-05-04,Home,95.49,0,3
O009056,2026-01-28,Home,107.12,0,4
O000917,2025-08-16,Electronics,256.02,0,3
O006481,2025-12-19,Apparel,52.32,1,5
O002138,2025-09-23,Electronics,96.16,0,2
O011241,2026-03-16,Apparel,88.69,1,4
O002292,2025-09-13,Electronics,240.62,0,4
O016003,2026-06-29,Electronics,95.17,0,2
O015303,2026-06-16,Apparel,74.62,0,3
O012294,2026-04-26,Apparel,90.96,1,3
O010666,2026-02-12,Home,106.63,0,3
O017061,2026-07-01,Apparel,78.15,0,3
O016356,2026-06-17,Electronics,107.35,0,4
O004281,2025-11-17,Apparel,67.24,0,2
O000840,2025-08-25,Electronics,143.28,0,5
O005932,2025-12-23,Apparel,105.79,0,4
O011482,2026-03-15,Electronics,170.75,0,5
O003412,2025-10-30,Electronics,241.04,0,1
O017428,2026-07-16,Apparel,96.36,0,2
O014760,2026-05-09,Electronics,223.87,0,3
O009848,2026-02-11,Electronics,146.02,0,3
O017001,2026-07-09,Apparel,21.83,0,1
O002685,2025-09-24,Home,115.96,0,5
O008119,2026-01-07,Apparel,72.54,0,1
O001069,2025-08-13,Home,151.51,0,3
O015542,2026-06-22,Apparel,40.51,0,3
O015659,2026-06-03,Apparel,70.57,0,4
O001841,2025-09-05,Apparel,42.86,1,3
O009430,2026-02-28,Apparel,121.1,0,2
O017410,2026-07-11,Apparel,62.96,0,1
O011188,2026-03-26,Apparel,56.74,0,4
O004801,2025-11-17,Electronics,118.32,0,4
O016772,2026-06-06,Home,53.83,0,1
O016874,2026-07-21,Apparel,118.4,0,2
O003835,2025-10-28,Home,90.63,0,4
O007819,2026-01-29,Apparel,45.44,0,3
O003114,2025-10-02,Apparel,24.14,1,5
O004277,2025-11-20,Apparel,39.43,0,2
O007898,2026-01-22,Apparel,92.64,0,3
O006165,2025-12-15,Apparel,46.16,0,2
O010115,2026-02-08,Electronics,131.55,0,3
O003977,2025-10-31,Home,84.75,0,3
O009355,2026-02-02,Apparel,52.95,0,4
O001635,2025-09-26,Apparel,48.73,0,5
O016842,2026-07-02,Apparel,64.47,0,3
O007745,2026-01-10,Apparel,68.81,1,1
O003979,2025-10-21,Home,74.54,1,3
O015579,2026-06-01,Apparel,46.37,0,3
O014483,2026-05-01,Electronics,95.05,0,3
O018330,2026-07-24,Home,41.99,0,3
O015780,2026-06-10,Apparel,28.42,0,4
O008863,2026-01-10,Home,117.3,0,2
O010312,2026-02-15,Home,54.94,0,3
O014975,2026-05-06,Home,84.82,0,4
O002647,2025-09-24,Home,127.54,0,3
O003490,2025-10-23,Electronics,68.2,0,4
O003691,2025-10-04,Electronics,157.78,0,3
O007708,2025-12-12,Home,146.68,1,1
O008753,2026-01-03,Electronics,114.11,0,2
O017270,2026-07-02,Apparel,85.91,0,2
O015482,2026-06-16,Apparel,54.39,0,3
O017760,2026-07-29,Electronics,164.75,0,5
O016554,2026-06-22,Home,35.2,0,4
O004487,2025-11-29,Apparel,125.57,0,4
O007201,2025-12-06,Electronics,195.77,0,2
O008934,2026-01-27,Home,48.42,0,3
O014395,2026-05-09,Electronics,185.03,0,3
O010217,2026-02-20,Electronics,118.35,0,2
O018343,2026-07-25,Home,99.74,0,2
O006519,2025-12-04,Electronics,120.77,0,4
O014248,2026-05-09,Apparel,53.97,0,4
O008359,2026-01-22,Electronics,148.36,0,3
O007667,2025-12-25,Home,101.62,0,3
O000640,2025-08-23,Electronics,63.98,0,6
O013370,2026-04-28,Home,35.02,0,4
O016698,2026-06-03,Home,8,0,2
O002249,2025-09-23,Electronics,161.09,0,5
O013033,2026-04-17,Electronics,50.71,0,4
O000539,2025-08-08,Electronics,111.0,0,3
O002203,2025-09-20,Electronics,223.11,0,3
O012980,2026-04-13,Electronics,188.76,0,2
O011067,2026-03-19,Apparel,66.62,0,4
O006423,2025-12-15,Apparel,76.45,1,3
O014188,2026-05-09,Apparel,68.23,0,1
O005079,2025-11-23,Electronics,147.05,0,4
O005542,2025-11-26,Home,53.13,0,4
O000051,2025-08-19,Apparel,19.2,0,4
O000208,2025-08-02,Apparel,65.65,0,3
O011130,2026-03-03,Apparel,53.6,0,4
O011785,2026-03-14,Home,20.92,1,4
O017669,2026-07-27,Electronics,201.48,0,2
O017074,2026-07-15,Apparel,56.08,0,2
O006871,2025-12-19,Electronics,212.47,0,3
O015202,2026-05-26,Home,89.85,0,5
O007686,2025-12-11,Home,47.57,0,3
O010438,2026-02-23,Home,115.61,0,5
O000360,2025-08-31,Apparel,54.42,0,4
O007748,2026-01-24,Apparel,14.92,0,4
O007704,2025-12-02,Home,146.27,0,2
O000485,2025-08-22,Apparel,28.72,1,4
O013176,2026-04-20,Electronics,211.11,0,3
O008290,2026-01-20,Apparel,70.7,0,4
O000685,2025-08-10,Electronics,238.79,0,4
O008713,2026-01-10,Electronics,21.32,0,2
O004971,2025-11-06,Electronics,157.68,0,3
O009018,2026-01-21,Home,134.99,0,4
O006857,2025-12-16,Electronics,209.43,1,4
O014428,2026-05-04,Electronics,232.02,0,1
O005802,2025-12-17,Apparel,88.7,0,3
O013172,2026-04-05,Electronics,234.84,0,4
O009579,2026-02-11,Apparel,8,0,3
O003518,2025-10-23,Electronics,209.24,0,3
O013475,2026-04-27,Home,64.96,0,3
O005210,2025-11-08,Electronics,258.11,0,3
O007569,2025-12-10,Home,74.99,0,2
O013899,2026-05-24,Apparel,22.44,0,3
O007601,2025-12-25,Home,121.83,0,4
O017891,2026-07-03,Electronics,129.02,0,3
O001021,2025-08-22,Home,76.8,0,4
O009208,2026-01-21,Home,92.73,1,4
O010430,2026-02-04,Home,160.08,1,2
O000802,2025-08-27,Electronics,204.61,0,3
O006777,2025-12-23,Electronics,8,0,4
O017577,2026-07-03,Electronics,194.52,0,3
O006870,2025-12-22,Electronics,198.05,0,4
O016582,2026-06-22,Home,155.09,0,2
O015647,2026-06-22,Apparel,90.51,0,3
O015874,2026-06-10,Apparel,45.21,0,2
O007068,2025-12-11,Electronics,152.32,0,3
O015712,2026-06-15,Apparel,48.95,0,4
O015093,2026-05-16,Home,43.59,0,3
O017859,2026-07-08,Electronics,20.65,0,2
O006750,2025-12-19,Electronics,127.29,0,4
O002428,2025-09-02,Home,89.63,0,2
O006318,2025-12-30,Apparel,66.61,0,2
O012497,2026-04-22,Apparel,39.5,1,2
O000097,2025-08-31,Apparel,79.93,0,3
O007389,2025-12-29,Home,150.43,0,6
O009576,2026-02-06,Apparel,19.25,0,3
O016802,2026-06-14,Home,116.51,1,3
O016693,2026-06-23,Home,46.58,1,4
O014487,2026-05-16,Electronics,202.38,0,6
O014576,2026-05-26,Electronics,112.28,0,5
O014183,2026-05-31,Apparel,27.08,0,4
O000612,2025-08-18,Electronics,158.15,0,4
O014739,2026-05-03,Electronics,180.88,0,2
O004304,2025-11-13,Apparel,45.29,0,4
O015531,2026-06-25,Apparel,99.52,0,3
O016176,2026-06-28,Electronics,66.05,0,5
O004863,2025-11-28,Electronics,134.43,0,2
O009567,2026-02-23,Apparel,49.71,0,3
O013801,2026-05-21,Apparel,77.99,0,3
O004556,2025-11-25,Apparel,99.48,0,3
O016268,2026-06-16,Electronics,123.74,0,1
O012805,2026-04-23,Electronics,114.47,0,3
O004191,2025-11-13,Apparel,80.74,0,2
O008013,2026-01-07,Apparel,63.11,1,1
O016012,2026-06-18,Electronics,259.37,0,1
O016054,2026-06-28,Electronics,32.58,0,4
O011120,2026-03-23,Apparel,58.69,0,1
O011617,2026-03-06,Electronics,255.92,0,3
O018119,2026-07-20,Home,117.36,0,3
O000855,2025-08-02,Electronics,58.34,0,3
O000312,2025-08-06,Apparel,108.71,0,3
O017173,2026-07-19,Apparel,29.2,0,2
O006771,2025-12-18,Electronics,134.16,0,4
O002101,2025-09-07,Electronics,236.06,0,3
O003987,2025-10-17,Home,62.11,1,3
O012910,2026-04-13,Electronics,95.41,0,5
O001181,2025-08-14,Home,51.16,0,3
O002781,2025-10-11,Apparel,32.78,0,4
O001173,2025-08-01,Home,92.97,0,5
O006991,2025-12-27,Electronics,137.94,0,2
O008766,2026-01-06,Electronics,179.37,0,1
O012726,2026-04-18,Apparel,62.96,0,4
O014552,2026-05-11,Electronics,161.16,0,3
O009411,2026-02-16,Apparel,8,0,3
O017053,2026-07-11,Apparel,48.69,0,2
O000573,2025-08-15,Electronics,62.06,0,5
O004736,2025-11-05,Apparel,94.66,0,4
O011612,2026-03-08,Electronics,194.55,0,2
O015687,2026-06-17,Apparel,85.49,0,2
O006881,2025-12-14,Electronics,8,0,3
O003779,2025-10-13,Home,17.72,0,2
O015651,2026-06-16,Apparel,69.93,0,3
O014054,2026-05-07,Apparel,73.96,0,4
O012479,2026-04-16,Apparel,33.5,0,3
O014499,2026-05-08,Electronics,119.93,0,1
O009609,2026-02-23,Apparel,47.66,0,4
O008268,2026-01-08,Apparel,36.79,1,4
O014448,2026-05-03,Electronics,157.36,0,3
O011868,2026-03-22,Home,69.89,0,4
O014684,2026-05-23,Electronics,129.67,0,1
O003443,2025-10-05,Electronics,50.68,0,3
O000593,2025-08-06,Electronics,134.3,0,5
O001766,2025-09-23,Apparel,46.12,0,2
O012267,2026-04-17,Apparel,55.76,1,3
O008993,2026-01-11,Home,112.62,0,5
O008042,2026-01-11,Apparel,65.78,0,3
O013708,2026-05-26,Apparel,79.08,0,4
O008200,2026-01-13,Apparel,42.45,1,4
O005019,2025-11-18,Electronics,56.69,0,4
O010837,2026-03-27,Apparel,64.64,0,1
O018142,2026-07-01,Home,82.77,0,1
O017413,2026-07-15,Apparel,53.07,0,2
O017154,2026-07-04,Apparel,98.98,0,4
O013027,2026-04-01,Electronics,79.22,0,4
O006099,2025-12-30,Apparel,31.43,1,3
O008164,2026-01-12,Apparel,16.67,1,4
O012394,2026-04-20,Apparel,42.56,0,2
O017196,2026-07-06,Apparel,73.33,0,4
O015233,2026-06-04,Apparel,43.85,0,3
O005077,2025-11-27,Electronics,78.1,0,2
O003030,2025-10-04,Apparel,96.11,0,3
O008044,2026-01-25,Apparel,24.89,0,4
O007190,2025-12-12,Electronics,110.34,0,4
O015934,2026-06-07,Electronics,83.56,0,5
O009973,2026-02-02,Electronics,179.11,0,3
O012146,2026-03-01,Home,121.07,0,3
O002212,2025-09-03,Electronics,128.95,0,4
O008217,2026-01-02,Apparel,70.43,0,2
O014798,2026-05-10,Electronics,202.8,0,2
O014893,2026-05-27,Home,94.46,0,4
O016512,2026-06-14,Home,73.97,0,4
O008915,2026-01-25,Home,66.18,0,4
O012159,2026-03-29,Home,104.48,0,5
O001276,2025-08-26,Home,8,0,3
O006194,2025-12-11,Apparel,61.49,1,5
O010838,2026-03-27,Apparel,76.46,0,5
O011461,2026-03-26,Electronics,212.98,1,3
O006197,2025-12-23,Apparel,66.21,0,3
O008830,2026-01-30,Home,8,0,1
O005493,2025-11-30,Home,43.66,0,4
O005022,2025-11-21,Electronics,121.08,0,1
O000737,2025-08-07,Electronics,76.5,1,4
O013727,2026-05-01,Apparel,80.41,0,3
O010194,2026-02-13,Electronics,197.4,0,4
O008526,2026-01-10,Electronics,164.03,0,3
O011882,2026-03-05,Home,65.01,0,4
O005686,2025-11-06,Home,83.07,0,2
O002627,2025-09-14,Home,41.46,0,4
O002514,2025-09-26,Home,114.31,0,3
O009620,2026-02-24,Apparel,52.46,0,4
O004436,2025-11-14,Apparel,8,0,2
O014464,2026-05-05,Electronics,214.81,0,2
O010327,2026-02-06,Home,61.92,0,2
O003716,2025-10-19,Electronics,66.6,0,3
O000966,2025-08-21,Home,50.52,0,4
O016737,2026-06-23,Home,110.24,0,4
O003134,2025-10-10,Apparel,73.47,0,2
O000460,2025-08-27,Apparel,13.42,0,3
O014606,2026-05-23,Electronics,310.0,0,4
O010994,2026-03-26,Apparel,46.31,0,3
O005576,2025-11-18,Home,27.99,1,2
O004496,2025-11-16,Apparel,60.82,0,2
O015186,2026-05-26,Home,94.31,0,2
O014567,2026-05-12,Electronics,146.91,0,3
O016021,2026-06-15,Electronics,129.88,0,4
O006678,2025-12-23,Electronics,161.48,0,3
O018128,2026-07-02,Home,66.94,0,1
O002602,2025-09-04,Home,33.0,0,5
O014211,2026-05-11,Apparel,37.51,0,4
O013820,2026-05-20,Apparel,87.87,0,2
O010456,2026-02-23,Home,77.54,0,2
O009845,2026-02-19,Electronics,180.6,0,6
O014256,2026-05-08,Apparel,86.96,0,3
O006344,2025-12-12,Apparel,64.52,1,3
O004515,2025-11-17,Apparel,29.97,0,3
O006093,2025-12-17,Apparel,82.62,0,3
O012781,2026-04-20,Apparel,108.87,0,5
O002614,2025-09-01,Home,62.83,0,4
O005463,2025-11-01,Home,67.66,0,4
O000476,2025-08-28,Apparel,8,1,3
O001333,2025-08-02,Home,107.62,0,4
O008960,2026-01-22,Home,112.52,0,3
O009923,2026-02-19,Electronics,271.05,1,4
O013005,2026-04-26,Electronics,297.5,0,3
O002599,2025-09-24,Home,126.13,0,4
O002085,2025-09-24,Electronics,158.25,0,2
O008020,2026-01-06,Apparel,61.55,1,1
O006690,2025-12-27,Electronics,120.17,0,4
O018024,2026-07-19,Home,46.22,0,5
O011694,2026-03-29,Electronics,265.25,0,1
O003236,2025-10-17,Apparel,49.4,0,6
O008656,2026-01-24,Electronics,93.63,0,2
O008544,2026-01-12,Electronics,110.37,0,6
O000318,2025-08-30,Apparel,46.64,1,2
O015561,2026-06-14,Apparel,62.98,0,3
O005609,2025-11-12,Home,27.28,0,3
O000344,2025-08-05,Apparel,93.23,0,4
O007086,2025-12-21,Electronics,168.16,0,3
O004158,2025-11-19,Apparel,33.61,0,6
O002919,2025-10-01,Apparel,68.9,0,3
O003068,2025-10-05,Apparel,63.7,0,1
O001116,2025-08-19,Home,153.26,0,2
O007764,2026-01-22,Apparel,39.98,0,3
O012178,2026-04-14,Apparel,97.85,1,3
O006775,2025-12-17,Electronics,115.26,0,3
O003566,2025-10-11,Electronics,177.95,0,1
O005988,2025-12-07,Apparel,101.37,1,5
O011022,2026-03-17,Apparel,81.13,0,4
O006161,2025-12-01,Apparel,75.72,1,1
O015432,2026-06-27,Apparel,50.22,0,6
O017804,2026-07-02,Electronics,121.3,0,3
O004795,2025-11-09,Electronics,262.86,0,2
O011152,2026-03-03,Apparel,28.43,0,1
O013377,2026-04-25,Home,180.07,0,3
O000989,2025-08-29,Home,86.3,0,4
O015889,2026-06-15,Apparel,76.99,0,2
O010851,2026-03-08,Apparel,99.32,0,2
O014841,2026-05-16,Home,30.7,0,1
O011760,2026-03-13,Home,100.12,0,3
O012624,2026-04-07,Apparel,54.75,0,5
O017754,2026-07-18,Electronics,122.5,0,1
O017187,2026-07-17,Apparel,98.65,0,3
O011328,2026-03-14,Electronics,150.98,0,1
O003983,2025-10-21,Home,73.42,0,4
O016872,2026-07-16,Apparel,77.97,0,3
O009212,2026-01-11,Home,98.52,0,2
O001310,2025-08-21,Home,100.32,0,4
O017116,2026-07-03,Apparel,34.82,0,2
O013060,2026-04-04,Electronics,205.11,0,4
O008242,2026-01-15,Apparel,39.54,0,3
O013857,2026-05-16,Apparel,95.95,0,4
O000544,2025-08-08,Electronics,107.88,0,4
O008980,2026-01-12,Home,105.41,0,3
O005043,2025-11-12,Electronics,121.99,0,5
O006439,2025-12-06,Apparel,55.28,1,3
O016701,2026-06-09,Home,128.48,0,2
O018283,2026-07-03,Home,34.34,1,3
O009585,2026-02-21,Apparel,75.46,0,2
O016228,2026-06-06,Electronics,97.92,0,4
O005546,2025-11-02,Home,139.61,0,5
O001156,2025-08-11,Home,87.07,1,4
O000963,2025-08-01,Home,74.83,0,4
O012063,2026-03-25,Home,110.11,0,5
O002701,2025-09-07,Home,136.31,0,1
O014773,2026-05-05,Electronics,41.01,0,2
O006721,2025-12-15,Electronics,110.48,0,5
O013533,2026-04-06,Home,17.19,0,3
O015752,2026-06-29,Apparel,51.59,0,1
O007532,2025-12-03,Home,143.81,1,4
O012990,2026-04-18,Electronics,81.16,0,2
O012944,2026-04-21,Electronics,311.53,0,2
O010193,2026-02-14,Electronics,169.82,0,3
O016062,2026-06-30,Electronics,69.31,0,3
O013088,2026-04-24,Electronics,126.69,0,1
O017592,2026-07-25,Electronics,164.18,0,5
O014315,2026-05-16,Apparel,130.91,0,5
O015924,2026-06-11,Electronics,218.25,0,2
O001624,2025-09-22,Apparel,107.91,0,5
O014272,2026-05-13,Apparel,19.25,0,4
O016549,2026-06-03,Home,117.82,0,3
O006409,2025-12-25,Apparel,94.15,0,2
O000974,2025-08-16,Home,64.53,0,3
O003407,2025-10-29,Electronics,190.6,0,3
O010262,2026-02-20,Electronics,8,0,3
O018114,2026-07-17,Home,59.15,0,4
O012345,2026-04-27,Apparel,44.46,0,2
O011663,2026-03-24,Electronics,173.43,0,4
O005858,2025-12-12,Apparel,42.97,0,1
O011289,2026-03-24,Electronics,173.87,0,3
O008167,2026-01-06,Apparel,95.23,0,3
O000914,2025-08-21,Electronics,96.82,0,5
O017847,2026-07-03,Electronics,232.91,0,2
O007509,2025-12-28,Home,67.1,0,2
O012400,2026-04-13,Apparel,39.81,0,3
O009459,2026-02-16,Apparel,43.54,1,4
O004150,2025-11-02,Apparel,108.47,1,2
O014343,2026-05-19,Electronics,108.56,1,4
O013498,2026-04-08,Home,111.5,0,4
O008570,2026-01-22,Electronics,181.92,0,3
O001027,2025-08-12,Home,105.81,0,4
O000730,2025-08-24,Electronics,95.97,0,2
O013281,2026-04-05,Home,69.15,0,1
O006449,2025-12-12,Apparel,70.07,0,3
O000297,2025-08-24,Apparel,17.56,0,4
O012875,2026-04-11,Electronics,195.91,0,4
O007797,2026-01-15,Apparel,72.12,0,2
O009698,2026-02-08,Apparel,51.87,0,3
O004621,2025-11-18,Apparel,21.53,0,2
O002363,2025-09-10,Home,67.98,1,3
O006529,2025-12-31,Electronics,95.94,0,2
O006492,2025-12-05,Apparel,79.46,1,3
O007750,2026-01-19,Apparel,79.89,0,1
O014888,2026-05-04,Home,114.7,0,1
O009682,2026-02-27,Apparel,24.37,0,3
O005952,2025-12-03,Apparel,52.39,1,2
O012733,2026-04-04,Apparel,62.62,0,2
O003524,2025-10-12,Electronics,126.2,0,4
O004740,2025-11-18,Apparel,42.69,0,5
O012756,2026-04-25,Apparel,41.46,0,4
O013154,2026-04-04,Electronics,199.39,0,2
O014884,2026-05-04,Home,8,0,4
O006816,2025-12-06,Electronics,120.73,0,3
O010835,2026-03-04,Apparel,8,1,2
O014378,2026-05-14,Electronics,105.76,1,3
O002170,2025-09-06,Electronics,113.65,0,4
O010774,2026-03-04,Apparel,82.51,0,3
O001070,2025-08-15,Home,111.57,0,3
O008136,2026-01-31,Apparel,38.35,0,1
O003502,2025-10-03,Electronics,119.32,0,4
O010364,2026-02-22,Home,155.76,0,3
O010278,2026-02-13,Home,96.66,0,2
O009458,2026-02-03,Apparel,89.69,0,2
O010130,2026-02-18,Electronics,109.37,0,3
O004151,2025-11-18,Apparel,58.56,0,2
O010759,2026-03-17,Apparel,42.99,0,7
O015243,2026-06-07,Apparel,105.99,0,2
O003109,2025-10-29,Apparel,33.44,0,2
O013016,2026-04-10,Electronics,191.13,0,4
O008740,2026-01-15,Electronics,91.3,0,2
O015306,2026-06-05,Apparel,54.78,0,4
O007121,2025-12-02,Electronics,165.75,0,4
O016295,2026-06-29,Electronics,204.63,0,2
O013859,2026-05-21,Apparel,39.96,1,6
O001004,2025-08-13,Home,66.69,1,3
O013130,2026-04-13,Electronics,173.22,0,3
O014341,2026-05-28,Electronics,166.02,0,3
O005477,2025-11-01,Home,57.29,1,4
O009243,2026-02-15,Apparel,122.69,0,3
O016620,2026-06-29,Home,73.49,0,3
O013249,2026-04-05,Electronics,137.63,0,3
O001680,2025-09-17,Apparel,8,0,4
O006489,2025-12-23,Apparel,119.05,0,2
O004656,2025-11-02,Apparel,76.33,1,3
O011226,2026-03-02,Apparel,53.52,0,3
O003051,2025-10-13,Apparel,98.33,1,3
O001587,2025-09-07,Apparel,33.16,0,2
O007126,2025-12-07,Electronics,42.67,0,3
O016879,2026-07-18,Apparel,70.86,0,2
O008229,2026-01-08,Apparel,53.35,0,4
O012439,2026-04-13,Apparel,20.91,0,2
O013922,2026-05-31,Apparel,58.11,0,4
O002895,2025-10-12,Apparel,68.32,0,4
O017744,2026-07-12,Electronics,64.17,0,3
O010468,2026-02-10,Home,89.11,0,3
O006239,2025-12-13,Apparel,69.63,0,2
O009820,2026-02-18,Electronics,202.13,0,1
O015033,2026-05-16,Home,54.1,0,3
O003732,2025-10-30,Electronics,157.09,0,4
O005544,2025-11-28,Home,43.29,0,4
O012050,2026-03-19,Home,74.86,0,1
O016622,2026-06-05,Home,45.42,0,5
O000819,2025-08-29,Electronics,119.77,0,4
O000879,2025-08-02,Electronics,224.49,0,6
O011373,2026-03-21,Electronics,47.6,0,4
O014210,2026-05-30,Apparel,45.47,0,1
O017271,2026-07-03,Apparel,25.51,0,3
O011253,2026-03-28,Apparel,49.65,0,3
O013644,2026-04-11,Home,120.38,0,3
O008282,2026-01-24,Apparel,100.81,0,4
O007560,2025-12-19,Home,66.5,0,2
O010901,2026-03-16,Apparel,54.16,0,1
O000035,2025-08-23,Apparel,131.44,0,4
O011595,2026-03-18,Electronics,138.04,0,3
O003852,2025-10-20,Home,52.58,0,3
O018075,2026-07-09,Home,53.3,0,1
O011229,2026-03-08,Apparel,52.48,1,3
O009020,2026-01-11,Home,42.82,0,4
O002733,2025-10-28,Apparel,73.05,0,3
O001730,2025-09-16,Apparel,24.83,0,5
O010281,2026-02-18,Home,113.09,0,2
O001770,2025-09-07,Apparel,69.62,0,3
O009934,2026-02-15,Electronics,138.72,0,4
O000836,2025-08-22,Electronics,116.4,0,3
O005127,2025-11-30,Electronics,256.62,0,2
O000293,2025-08-23,Apparel,33.95,1,3
O003842,2025-10-28,Home,138.03,0,4
O007995,2026-01-12,Apparel,74.39,0,3
O013558,2026-04-24,Home,124.12,0,3
O003613,2025-10-16,Electronics,260.85,0,3
O002786,2025-10-03,Apparel,41.67,1,4
O016798,2026-06-28,Home,94.75,0,3
O005015,2025-11-18,Electronics,234.32,0,3
O004382,2025-11-26,Apparel,50.57,0,3
O010454,2026-02-10,Home,103.66,0,1
O015179,2026-05-05,Home,88.17,0,4
O018002,2026-07-26,Electronics,103.98,0,5
O013725,2026-05-22,Apparel,72.98,0,3
O002379,2025-09-10,Home,33.47,0,3
O005406,2025-11-10,Home,101.31,0,3
O002746,2025-10-04,Apparel,104.69,0,2
O005218,2025-11-08,Electronics,196.8,0,4
O001524,2025-09-01,Apparel,53.98,1,2
O005689,2025-11-24,Home,69.8,0,3
O014455,2026-05-05,Electronics,212.34,0,4
O009405,2026-02-17,Apparel,93.27,0,4
O007095,2025-12-21,Electronics,183.69,0,4
O000597,2025-08-26,Electronics,295.42,0,4
O007564,2025-12-25,Home,74.0,0,4
O017062,2026-07-31,Apparel,94.72,0,4
O013698,2026-05-02,Apparel,73.31,0,2
O007419,2025-12-23,Home,22.01,0,3
O000659,2025-08-23,Electronics,81.08,0,5
O007763,2026-01-07,Apparel,31.21,0,1
O009073,2026-01-17,Home,12.3,1,2
O001154,2025-08-06,Home,96.66,1,3
O007137,2025-12-10,Electronics,130.37,0,4
O002100,2025-09-27,Electronics,308.32,0,3
O013915,2026-05-23,Apparel,44.26,0,4
O008755,2026-01-11,Electronics,197.32,0,3
O010539,2026-02-16,Home,124.93,0,3
O012644,2026-04-16,Apparel,67.59,0,4
O010191,2026-02-13,Electronics,305.38,0,3
O013743,2026-05-26,Apparel,54.23,0,4
O010662,2026-02-13,Home,64.44,0,5
O014454,2026-05-16,Electronics,180.2,0,2
O008132,2026-01-14,Apparel,122.3,0,2
O009501,2026-02-02,Apparel,23.01,0,2
O004217,2025-11-26,Apparel,105.58,1,4
O018318,2026-07-09,Home,87.98,0,2
O007171,2025-12-14,Electronics,78.15,0,4
O007269,2025-12-26,Home,30.35,0,4
O013048,2026-04-20,Electronics,82.91,0,4
O016822,2026-07-31,Apparel,51.04,1,3
O002197,2025-09-10,Electronics,124.04,0,3
O013766,2026-05-27,Apparel,60.89,0,4
O007526,2025-12-01,Home,82.96,0,3
O014991,2026-05-28,Home,198.54,0,6
O007851,2026-01-01,Apparel,55.28,0,1
O016019,2026-06-06,Electronics,158.81,0,3
O003707,2025-10-28,Electronics,148.72,0,2
O014980,2026-05-30,Home,114.46,0,2
O005248,2025-11-17,Electronics,74.4,0,3
O017032,2026-07-15,Apparel,101.74,0,3
O011912,2026-03-07,Home,101.39,0,3
O011412,2026-03-14,Electronics,81.05,0,2
O012244,2026-04-10,Apparel,63.63,0,4
O002073,2025-09-05,Electronics,95.54,1,3
O001872,2025-09-06,Apparel,59.41,0,3
O001545,2025-09-08,Apparel,69.5,0,3
O016531,2026-06-16,Home,27.17,0,2
O007356,2025-12-02,Home,74.01,0,3
O013199,2026-04-15,Electronics,221.44,0,4
O014350,2026-05-13,Electronics,131.2,0,2
O005441,2025-11-10,Home,51.57,0,2
O001653,2025-09-28,Apparel,10.59,1,4
O003383,2025-10-11,Electronics,150.22,0,4
O012223,2026-04-14,Apparel,95.4,1,3
O010334,2026-02-11,Home,42.25,0,3
O014104,2026-05-07,Apparel,84.28,0,4
O004045,2025-10-10,Home,65.98,0,4
O016605,2026-06-02,Home,36.64,0,4
O006927,2025-12-11,Electronics,227.3,0,4
O011708,2026-03-10,Electronics,111.94,0,3
O003441,2025-10-31,Electronics,157.61,0,2
O018257,2026-07-24,Home,46.43,0,3
O001203,2025-08-27,Home,32.17,0,4
O011826,2026-03-29,Home,61.08,0,4
O016005,2026-06-26,Electronics,177.32,0,2
O013254,2026-04-21,Electronics,111.47,0,3
O010269,2026-02-18,Electronics,127.61,0,4
O001381,2025-09-03,Apparel,73.59,0,5
O010909,2026-03-28,Apparel,37.7,0,3
O001158,2025-08-22,Home,114.89,0,2
O002288,2025-09-04,Electronics,118.76,0,4
O003817,2025-10-19,Home,8,0,3
O016410,2026-06-23,Home,87.84,0,3
O002423,2025-09-11,Home,55.72,0,3
O003307,2025-10-30,Electronics,91.66,0,3
O013066,2026-04-21,Electronics,165.5,1,2
O013076,2026-04-08,Electronics,8,0,3
O002174,2025-09-16,Electronics,59.25,0,5
O003069,2025-10-30,Apparel,82.0,0,5
O017820,2026-07-26,Electronics,136.52,0,3
O015377,2026-06-09,Apparel,12.11,0,4
O009688,2026-02-11,Apparel,95.99,1,5
O012925,2026-04-25,Electronics,165.31,0,4
O006296,2025-12-23,Apparel,47.49,0,4
O011464,2026-03-09,Electronics,175.4,0,4
O014605,2026-05-19,Electronics,145.57,0,3
O009226,2026-02-01,Apparel,39.51,0,5
O009561,2026-02-18,Apparel,78.44,0,1
O001790,2025-09-13,Apparel,37.22,0,2
O016653,2026-06-01,Home,106.49,0,2
O017929,2026-07-01,Electronics,178.75,0,2
O005937,2025-12-27,Apparel,64.13,0,2
O010326,2026-02-07,Home,99.38,0,2
O003474,2025-10-01,Electronics,185.98,0,4
O013278,2026-04-25,Home,93.1,0,3
O000611,2025-08-11,Electronics,114.79,0,3
O016838,2026-07-21,Apparel,86.96,0,3
O008233,2026-01-20,Apparel,76.5,1,2
O016662,2026-06-08,Home,39.98,0,3
O016647,2026-06-30,Home,51.39,1,2
O011379,2026-03-29,Electronics,69.36,0,2
O016437,2026-06-09,Home,156.65,0,3
O012549,2026-04-16,Apparel,72.36,0,1
O014530,2026-05-09,Electronics,98.17,1,3
O012192,2026-04-07,Apparel,112.77,1,5
O008162,2026-01-14,Apparel,37.63,1,4
O011474,2026-03-08,Electronics,133.12,0,5
O009195,2026-01-27,Home,114.63,0,2
O001726,2025-09-04,Apparel,54.12,0,6
O011184,2026-03-20,Apparel,104.66,0,3
O008694,2026-01-16,Electronics,72.17,1,3
O008511,2026-01-26,Electronics,172.88,0,3
O001464,2025-09-20,Apparel,25.62,0,2
O014374,2026-05-08,Electronics,170.02,1,2
O015776,2026-06-18,Apparel,64.27,0,2
O011632,2026-03-14,Electronics,201.43,0,3
O015330,2026-06-03,Apparel,41.44,0,1
O008647,2026-01-23,Electronics,161.79,0,3
O010442,2026-02-27,Home,121.83,0,2
O013951,2026-05-21,Apparel,116.38,0,5
O002951,2025-10-06,Apparel,83.83,1,4
O003217,2025-10-19,Apparel,67.91,0,1
O003017,2025-10-19,Apparel,97.21,0,4
O012278,2026-04-25,Apparel,29.89,0,2
O009925,2026-02-23,Electronics,134.9,0,2
O009236,2026-02-13,Apparel,61.18,0,4
O017113,2026-07-20,Apparel,41.08,0,2
O004278,2025-11-19,Apparel,121.89,0,4
O013723,2026-05-27,Apparel,61.63,0,2
O006977,2025-12-21,Electronics,206.2,0,3
O016712,2026-06-18,Home,16.38,0,3
O001612,2025-09-26,Apparel,94.89,0,4
O006143,2025-12-09,Apparel,76.1,0,3
O014184,2026-05-28,Apparel,76.15,0,3
O003406,2025-10-13,Electronics,176.68,0,3
O007339,2025-12-16,Home,62.33,0,3
O004662,2025-11-24,Apparel,70.22,0,5
O002707,2025-09-04,Home,89.11,0,2
O013440,2026-04-25,Home,8,0,3
O001960,2025-09-28,Electronics,121.19,0,4
O018206,2026-07-04,Home,88.27,0,3
O010044,2026-02-05,Electronics,195.51,0,1
O006243,2025-12-08,Apparel,55.8,0,3
O012618,2026-04-13,Apparel,29.38,0,2
O004468,2025-11-12,Apparel,79.97,0,2
O016152,2026-06-08,Electronics,145.52,0,1
O002137,2025-09-09,Electronics,227.2,0,4
O008399,2026-01-05,Electronics,125.68,0,5
O015290,2026-06-01,Apparel,19.15,1,3
O008515,2026-01-24,Electronics,68.04,0,1
O011651,2026-03-02,Electronics,106.2,0,4
O000626,2025-08-06,Electronics,103.12,0,4
O015880,2026-06-26,Apparel,60.29,1,3
O016292,2026-06-16,Electronics,147.81,0,2
O008952,2026-01-27,Home,143.3,0,5
O000731,2025-08-15,Electronics,76.67,0,2
O018225,2026-07-15,Home,86.84,0,4
O005498,2025-11-02,Home,105.67,0,4
O009981,2026-02-15,Electronics,232.18,0,4
O017210,2026-07-19,Apparel,45.24,0,4
O008510,2026-01-29,Electronics,243.62,0,3
O012493,2026-04-22,Apparel,118.02,0,3
O004602,2025-11-07,Apparel,8,1,2
O012802,2026-04-08,Electronics,17.61,0,3
O018430,2026-07-02,Home,72.57,0,3
O000714,2025-08-28,Electronics,222.46,0,3
O003113,2025-10-02,Apparel,56.33,0,4
O004260,2025-11-06,Apparel,49.45,0,4
O001772,2025-09-27,Apparel,81.72,1,4
O004641,2025-11-04,Apparel,44.42,0,3
O014085,2026-05-14,Apparel,34.67,0,4
O002227,2025-09-22,Electronics,161.41,0,4
O000750,2025-08-18,Electronics,109.14,0,4
O010169,2026-02-06,Electronics,256.84,0,3
O001245,2025-08-23,Home,105.77,0,4
O002175,2025-09-01,Electronics,277.38,0,3
O006618,2025-12-23,Electronics,205.68,0,4
O012437,2026-04-18,Apparel,51.4,0,5
O004940,2025-11-27,Electronics,8,0,4
O009290,2026-02-15,Apparel,58.63,1,4
O013399,2026-04-05,Home,27.35,0,5
O008928,2026-01-27,Home,161.42,0,4
O001499,2025-09-11,Apparel,32.23,0,3
O012741,2026-04-19,Apparel,30.72,0,4
O011740,2026-03-29,Electronics,250.24,0,3
O007781,2026-01-02,Apparel,88.96,0,3
O002495,2025-09-19,Home,105.85,0,2
O016452,2026-06-17,Home,81.33,0,3
O003485,2025-10-22,Electronics,135.82,0,2
O015892,2026-06-07,Electronics,8,0,3
O006524,2025-12-13,Electronics,181.12,1,3
O000955,2025-08-10,Electronics,200.75,1,2
O014518,2026-05-28,Electronics,121.81,0,3
O006330,2025-12-27,Apparel,119.61,1,5
O003264,2025-10-29,Apparel,73.1,0,3
O016038,2026-06-24,Electronics,244.08,0,4
O001341,2025-09-16,Apparel,55.1,0,6
O004464,2025-11-16,Apparel,52.73,0,4
O014513,2026-05-11,Electronics,134.72,0,2
O008072,2026-01-05,Apparel,63.81,0,2
O006048,2025-12-12,Apparel,66.79,0,1
O016043,2026-06-02,Electronics,185.92,0,2
O011887,2026-03-17,Home,77.98,0,4
O009246,2026-02-27,Apparel,41.72,0,4
O008406,2026-01-08,Electronics,207.4,0,4
O010226,2026-02-06,Electronics,277.3,0,3
O014954,2026-05-06,Home,59.01,0,4
O003291,2025-10-15,Electronics,78.09,0,1
O004425,2025-11-01,Apparel,78.41,1,1
O014145,2026-05-25,Apparel,44.34,0,2
O009433,2026-02-14,Apparel,12.23,0,2
O010157,2026-02-08,Electronics,158.74,0,2
O009544,2026-02-16,Apparel,86.19,1,3
O014715,2026-05-09,Electronics,85.1,0,3
O005773,2025-12-18,Apparel,67.5,0,2
O011422,2026-03-15,Electronics,119.33,1,3
O006474,2025-12-28,Apparel,63.36,0,3
O003949,2025-10-20,Home,114.66,0,3
O013834,2026-05-19,Apparel,53.49,0,2
O003912,2025-10-01,Home,62.58,0,3
O010577,2026-02-24,Home,109.31,0,3
O007848,2026-01-16,Apparel,57.13,1,4
O002580,2025-09-12,Home,131.35,0,4
O016714,2026-06-17,Home,44.25,0,4
O006225,2025-12-25,Apparel,38.37,0,3
O000986,2025-08-10,Home,51.93,0,2
O003251,2025-10-28,Apparel,89.5,0,2
O003339,2025-10-04,Electronics,174.07,0,3
O010073,2026-02-08,Electronics,66.43,0,2
O004389,2025-11-18,Apparel,58.8,0,2
O015875,2026-06-10,Apparel,118.34,0,1
O003225,2025-10-03,Apparel,38.03,0,4
O003520,2025-10-09,Electronics,167.08,0,5
O018186,2026-07-09,Home,72.02,0,1
O003171,2025-10-26,Apparel,47.74,0,4
O007600,2025-12-28,Home,60.18,0,1
O012534,2026-04-12,Apparel,83.82,0,4
O005266,2025-11-09,Electronics,188.54,0,4
O003658,2025-10-09,Electronics,205.6,0,2
O005768,2025-12-03,Apparel,35.62,0,4
O001815,2025-09-10,Apparel,12.68,0,2
O016181,2026-06-21,Electronics,168.13,0,3
O004935,2025-11-24,Electronics,111.45,0,4
O000803,2025-08-01,Electronics,145.05,0,2
O004766,2025-11-01,Electronics,183.7,0,2
O003037,2025-10-21,Apparel,83.55,0,4
O007327,2025-12-29,Home,100.47,0,4
O000820,2025-08-06,Electronics,265.92,0,4
O007554,2025-12-16,Home,125.67,0,3
O000018,2025-08-14,Apparel,49.49,1,4
O006701,2025-12-26,Electronics,120.55,0,5
O014461,2026-05-08,Electronics,156.2,0,3
O003027,2025-10-23,Apparel,36.58,0,2
O012607,2026-04-13,Apparel,63.63,0,2
O015156,2026-05-02,Home,87.77,0,3
O014866,2026-05-30,Home,53.18,0,2
O006236,2025-12-23,Apparel,52.68,0,4
O009775,2026-02-04,Apparel,82.85,0,4
O000669,2025-08-16,Electronics,83.25,1,3
O010610,2026-02-09,Home,91.07,0,3
O000874,2025-08-10,Electronics,57.36,0,2
O003242,2025-10-06,Apparel,62.02,0,5
O002159,2025-09-05,Electronics,184.1,0,4
O016185,2026-06-05,Electronics,256.9,0,3
O004969,2025-11-30,Electronics,114.88,0,4
O017203,2026-07-14,Apparel,24.46,0,2
O013897,2026-05-29,Apparel,83.0,0,3
O011803,2026-03-21,Home,41.28,0,3
O017831,2026-07-11,Electronics,100.19,0,3
O007988,2026-01-23,Apparel,116.73,0,4
O016608,2026-06-05,Home,69.56,0,2
O017987,2026-07-21,Electronics,169.55,0,1
O011092,2026-03-29,Apparel,64.6,0,2
O017602,2026-07-02,Electronics,112.61,1,1
O007082,2025-12-01,Electronics,145.04,1,1
O001609,2025-09-09,Apparel,22.91,0,3
O006761,2025-12-29,Electronics,197.87,0,5
O000122,2025-08-30,Apparel,80.57,0,3
O010284,2026-02-05,Home,30.62,0,4
O001540,2025-09-18,Apparel,57.64,1,2
O008333,2026-01-11,Apparel,84.34,0,4
O006751,2025-12-02,Electronics,155.45,0,4
O002075,2025-09-17,Electronics,302.64,0,2
O000334,2025-08-20,Apparel,80.1,0,3
O009869,2026-02-05,Electronics,92.41,0,4
O003807,2025-10-24,Home,126.15,0,4
O006122,2025-12-08,Apparel,86.98,0,4
O014999,2026-05-19,Home,152.34,0,3
O009490,2026-02-19,Apparel,25.91,1,3
O007756,2026-01-24,Apparel,57.2,0,3
O009151,2026-01-25,Home,93.24,0,2
O007587,2025-12-26,Home,21.01,0,1
O005291,2025-11-25,Electronics,123.15,1,3
O005294,2025-11-17,Electronics,223.7,0,1
O013255,2026-04-10,Electronics,197.09,0,4
O018133,2026-07-09,Home,101.83,0,2
O012128,2026-03-27,Home,43.52,0,4
O006544,2025-12-03,Electronics,286.43,0,3
O012904,2026-04-05,Electronics,189.31,0,2
O003229,2025-10-30,Apparel,61.44,1,3
O005432,2025-11-14,Home,164.61,0,3
O010081,2026-02-27,Electronics,215.7,0,3
O005619,2025-11-02,Home,80.93,0,2
O015528,2026-06-11,Apparel,48.9,0,1
O004115,2025-10-12,Home,87.24,0,3
O007854,2026-01-02,Apparel,82.07,0,2
O012349,2026-04-29,Apparel,48.16,0,3
O001337,2025-08-07,Home,50.19,1,2
O006774,2025-12-31,Electronics,131.19,0,3
O016803,2026-06-25,Home,110.51,0,1
O007089,2025-12-30,Electronics,83.98,0,2
O004544,2025-11-08,Apparel,8,1,5
O010942,2026-03-27,Apparel,79.0,0,3
O013446,2026-04-15,Home,82.57,0,3
O008259,2026-01-16,Apparel,89.02,0,4
O016574,2026-06-24,Home,153.93,1,2
O018159,2026-07-18,Home,95.54,0,3
O000040,2025-08-08,Apparel,61.93,0,3
O005780,2025-12-14,Apparel,53.53,0,3
O007909,2026-01-08,Apparel,54.82,0,3
O018102,2026-07-22,Home,47.72,0,3
O013591,2026-04-24,Home,204.58,0,2
O008289,2026-01-03,Apparel,53.65,0,2
O005737,2025-12-27,Apparel,56.57,1,3
O010874,2026-03-05,Apparel,95.71,0,3
O003388,2025-10-25,Electronics,37.27,0,2
O000630,2025-08-03,Electronics,152.99,0,4
O013395,2026-04-04,Home,51.32,0,3
O008496,2026-01-23,Electronics,228.61,1,4
O013784,2026-05-29,Apparel,103.77,0,3
O005313,2025-11-29,Home,76.54,0,4
O006017,2025-12-10,Apparel,56.56,1,3
O011842,2026-03-23,Home,91.12,0,4
O003703,2025-10-17,Electronics,233.07,0,3
O013248,2026-04-27,Electronics,179.08,0,3
O017842,2026-07-22,Electronics,147.35,0,4
O003094,2025-10-25,Apparel,100.91,0,4
O013905,2026-05-25,Apparel,117.98,0,4
O004184,2025-11-22,Apparel,72.09,0,2
O010132,2026-02-20,Electronics,94.62,0,3
O010646,2026-02-03,Home,57.44,0,4
O002679,2025-09-22,Home,95.99,0,3
O011873,2026-03-25,Home,133.08,0,3
O005786,2025-12-06,Apparel,29.13,0,3
O000215,2025-08-10,Apparel,42.74,1,6
O006497,2025-12-21,Apparel,71.84,0,4
O006578,2025-12-21,Electronics,47.22,0,3
O013539,2026-04-16,Home,134.29,0,3
O017629,2026-07-28,Electronics,221.8,0,3
O005661,2025-11-22,Home,23.4,0,5
O016598,2026-06-28,Home,99.71,0,3
O015832,2026-06-17,Apparel,48.38,0,3
O004594,2025-11-17,Apparel,63.0,0,4
O003266,2025-10-17,Apparel,31.7,0,1
O007381,2025-12-07,Home,82.4,0,3
O002150,2025-09-30,Electronics,36.35,1,3
O008487,2026-01-14,Electronics,168.72,0,3
O000589,2025-08-09,Electronics,179.91,0,2
O009287,2026-02-25,Apparel,112.79,0,2
O017380,2026-07-04,Apparel,55.3,0,2
O012826,2026-04-03,Electronics,176.87,0,3
O011197,2026-03-04,Apparel,48.57,0,2
O017551,2026-07-21,Electronics,91.71,0,3
O015719,2026-06-25,Apparel,76.63,0,4
O016024,2026-06-29,Electronics,127.3,0,3
O013134,2026-04-09,Electronics,148.8,0,3
O001838,2025-09-08,Apparel,68.24,0,5
O010258,2026-02-08,Electronics,226.88,0,3
O017083,2026-07-28,Apparel,69.77,0,4
O013540,2026-04-11,Home,115.25,0,1
O015450,2026-06-04,Apparel,75.44,0,1
O017685,2026-07-23,Electronics,156.26,0,2
O006617,2025-12-02,Electronics,155.65,0,3
O001832,2025-09-03,Apparel,105.44,1,2
O016671,2026-06-21,Home,128.85,1,4
O004166,2025-11-22,Apparel,60.36,0,4
O008657,2026-01-15,Electronics,168.96,0,2
O000501,2025-08-21,Apparel,71.13,0,4
O008403,2026-01-08,Electronics,252.15,0,4
O012491,2026-04-09,Apparel,64.73,0,5
O007932,2026-01-01,Apparel,77.67,0,4
O006404,2025-12-22,Apparel,98.33,0,4
O005918,2025-12-10,Apparel,86.17,0,4
O003402,2025-10-31,Electronics,69.09,1,2
O015679,2026-06-10,Apparel,47.01,0,2
O017939,2026-07-12,Electronics,156.49,0,5
O016790,2026-06-01,Home,102.47,0,4
O001611,2025-09-14,Apparel,8,0,4
O014657,2026-05-17,Electronics,120.96,0,1
O010706,2026-03-02,Apparel,63.73,1,3
O015370,2026-06-12,Apparel,60.34,0,3
O015326,2026-06-29,Apparel,19.56,0,1
O014555,2026-05-15,Electronics,145.07,0,3
O002120,2025-09-18,Electronics,233.42,0,2
O010792,2026-03-16,Apparel,33.94,1,3
O018003,2026-07-29,Electronics,195.97,0,1
O011784,2026-03-26,Home,126.56,0,3
O014751,2026-05-05,Electronics,152.24,0,5
O014146,2026-05-08,Apparel,86.37,0,2
O017337,2026-07-21,Apparel,57.11,1,3
O009566,2026-02-24,Apparel,80.72,1,3
O017835,2026-07-18,Electronics,146.63,0,4
O017836,2026-07-30,Electronics,248.4,0,2
O016998,2026-07-24,Apparel,66.79,0,3
O017220,2026-07-02,Apparel,61.22,0,3
O007108,2025-12-23,Electronics,221.39,0,5
O011435,2026-03-30,Electronics,93.08,0,2
O010210,2026-02-20,Electronics,180.91,1,4
O005116,2025-11-05,Electronics,237.75,0,4
O008152,2026-01-03,Apparel,76.42,1,3
O005616,2025-11-20,Home,55.55,0,3
O017531,2026-07-28,Electronics,131.67,0,1
O011684,2026-03-08,Electronics,238.09,1,2
O008063,2026-01-30,Apparel,14.7,0,3
O018168,2026-07-14,Home,23.28,0,3
O002530,2025-09-07,Home,81.17,0,3
O015019,2026-05-12,Home,69.95,1,3
O016033,2026-06-29,Electronics,212.17,0,3
O006166,2025-12-29,Apparel,60.98,0,3
O001698,2025-09-16,Apparel,93.9,0,5
O006942,2025-12-10,Electronics,168.08,0,3
O005637,2025-11-09,Home,27.07,0,3
O002403,2025-09-26,Home,75.42,0,5
O018122,2026-07-05,Home,31.27,0,4
O001945,2025-09-30,Electronics,8,0,4
O010351,2026-02-03,Home,77.78,0,3
O007338,2025-12-04,Home,130.66,1,5
O014766,2026-05-14,Electronics,21.07,0,3
O011340,2026-03-25,Electronics,130.92,0,3
O008111,2026-01-14,Apparel,47.57,0,2
O005644,2025-11-29,Home,100.73,0,5
O017056,2026-07-25,Apparel,30.55,0,3
O011542,2026-03-19,Electronics,8,0,2
O008380,2026-01-21,Electronics,275.07,0,1
O004274,2025-11-17,Apparel,73.19,1,2
O000015,2025-08-30,Apparel,62.53,0,3
O000788,2025-08-31,Electronics,99.34,0,5
O018191,2026-07-04,Home,138.86,0,3
O001452,2025-09-23,Apparel,74.79,0,3
O012275,2026-04-25,Apparel,46.86,0,4
O018264,2026-07-26,Home,109.56,0,3
O006580,2025-12-29,Electronics,122.45,0,5
O007830,2026-01-05,Apparel,45.99,0,3
O013521,2026-04-03,Home,90.21,0,2
O001080,2025-08-05,Home,44.58,0,4
O007315,2025-12-27,Home,61.1,1,4
O015937,2026-06-18,Electronics,176.48,0,2
O007030,2025-12-15,Electronics,24.02,0,2
O014556,2026-05-15,Electronics,205.79,0,3
O002294,2025-09-21,Electronics,153.84,0,2
O016485,2026-06-27,Home,45.17,0,2
O012234,2026-04-16,Apparel,77.93,1,5
O002398,2025-09-10,Home,60.38,1,4
O007302,2025-12-18,Home,66.33,0,4
O002036,2025-09-14,Electronics,34.61,0,4
O002493,2025-09-04,Home,92.47,0,4
O010513,2026-02-17,Home,154.24,0,2
O009069,2026-01-29,Home,124.14,0,2
O000299,2025-08-31,Apparel,65.77,0,3
O008440,2026-01-01,Electronics,69.27,0,4
O007744,2026-01-06,Apparel,102.6,0,2
O016648,2026-06-24,Home,96.6,0,2
O015961,2026-06-19,Electronics,133.83,0,3
O005593,2025-11-10,Home,98.51,0,5
O016401,2026-06-21,Home,91.3,0,2
O005131,2025-11-26,Electronics,97.43,0,4
O017519,2026-07-10,Electronics,141.26,0,3
O001816,2025-09-13,Apparel,46.93,1,5
O002696,2025-09-09,Home,123.76,0,2
O007524,2025-12-12,Home,59.6,0,3
O013435,2026-04-03,Home,41.21,1,2
O009677,2026-02-11,Apparel,51.45,0,3
O013202,2026-04-09,Electronics,178.33,0,2
O009518,2026-02-23,Apparel,56.11,0,4
O008407,2026-01-27,Electronics,60.29,1,3
O007617,2025-12-18,Home,96.32,0,3
O016473,2026-06-05,Home,30.51,0,3
O004163,2025-11-16,Apparel,76.67,0,5
O011698,2026-03-17,Electronics,87.29,0,2
O010285,2026-02-15,Home,128.53,1,3
O003552,2025-10-30,Electronics,71.94,0,4
O007528,2025-12-20,Home,35.55,0,4
O016530,2026-06-26,Home,40.79,0,1
O012173,2026-04-11,Apparel,77.08,0,2
O015935,2026-06-13,Electronics,192.95,0,4
O011009,2026-03-27,Apparel,40.08,0,2
O011249,2026-03-22,Apparel,54.55,0,5
O006772,2025-12-20,Electronics,74.36,0,3
O006119,2025-12-09,Apparel,77.59,0,5
O007054,2025-12-16,Electronics,216.35,0,2
O016702,2026-06-16,Home,53.56,0,3
O013892,2026-05-02,Apparel,25.67,0,3
O012888,2026-04-25,Electronics,249.98,0,4
O011007,2026-03-13,Apparel,93.3,1,2
O014856,2026-05-08,Home,110.01,0,3
O001671,2025-09-07,Apparel,70.78,0,1
O010045,2026-02-07,Electronics,159.28,0,3
O015256,2026-06-14,Apparel,63.89,0,3
O012227,2026-04-28,Apparel,34.25,0,2
O014136,2026-05-12,Apparel,81.87,0,5
O003165,2025-10-04,Apparel,38.49,1,5
O016763,2026-06-22,Home,75.4,0,3
O011998,2026-03-21,Home,37.15,0,3
O017068,2026-07-20,Apparel,90.09,0,4
O017643,2026-07-03,Electronics,119.92,0,5
O010570,2026-02-01,Home,96.54,1,2
O017491,2026-07-11,Apparel,79.12,0,3
O007556,2025-12-02,Home,94.84,0,4
O017501,2026-07-02,Electronics,73.91,0,4
O007716,2025-12-05,Home,65.31,0,3
O007606,2025-12-23,Home,77.03,0,3
O000185,2025-08-03,Apparel,53.41,0,4
O009327,2026-02-15,Apparel,74.84,1,2
O002588,2025-09-03,Home,92.34,1,4
O016137,2026-06-23,Electronics,274.02,0,1
O013394,2026-04-03,Home,81.43,0,3
O002672,2025-09-10,Home,116.31,0,5
O008506,2026-01-07,Electronics,130.85,0,3
O004258,2025-11-09,Apparel,102.89,0,2
O011308,2026-03-09,Electronics,157.58,0,4
O000229,2025-08-06,Apparel,74.77,0,2
O004128,2025-11-07,Apparel,77.64,0,4
O004489,2025-11-11,Apparel,66.85,0,3
O015205,2026-05-31,Home,124.27,0,2
O001929,2025-09-24,Electronics,123.19,0,3
O006562,2025-12-09,Electronics,92.55,0,1
O011669,2026-03-01,Electronics,209.75,0,3
O015125,2026-05-05,Home,97.76,0,4
O005201,2025-11-14,Electronics,186.18,0,1
O009032,2026-01-24,Home,8,0,4
O000547,2025-08-23,Electronics,116.75,0,4
O011957,2026-03-24,Home,63.46,0,5
O002975,2025-10-15,Apparel,105.01,1,5
O002402,2025-09-06,Home,45.38,0,4
O011608,2026-03-06,Electronics,141.85,0,5
O002194,2025-09-07,Electronics,159.58,0,2
O015904,2026-06-15,Electronics,129.11,0,4
O000932,2025-08-15,Electronics,95.0,0,3
O000001,2025-08-15,Apparel,27.85,0,4
O001125,2025-08-29,Home,61.04,0,5
O005099,2025-11-22,Electronics,181.38,0,3
O009996,2026-02-04,Electronics,148.86,0,2
O014087,2026-05-28,Apparel,41.52,0,4
O003023,2025-10-01,Apparel,29.42,0,2
O003334,2025-10-07,Electronics,104.59,0,3
O010546,2026-02-20,Home,63.77,0,4
O003471,2025-10-01,Electronics,133.73,0,3
O003609,2025-10-19,Electronics,70.65,0,5
O004521,2025-11-26,Apparel,41.25,0,3
O006743,2025-12-08,Electronics,8,0,7
O001576,2025-09-24,Apparel,87.38,1,3
O012007,2026-03-27,Home,27.86,0,5
O007202,2025-12-15,Electronics,99.12,0,4
O004965,2025-11-24,Electronics,171.63,0,3
O016373,2026-06-28,Electronics,24.14,0,2
O012830,2026-04-14,Electronics,136.56,0,3
O009986,2026-02-02,Electronics,241.37,0,4
O011635,2026-03-22,Electronics,147.39,0,4
O004463,2025-11-22,Apparel,118.33,0,3
O013331,2026-04-23,Home,97.61,0,3
O014596,2026-05-20,Electronics,65.93,0,3
O010765,2026-03-30,Apparel,113.01,0,4
O007939,2026-01-13,Apparel,79.93,0,1
O002375,2025-09-27,Home,59.54,0,3
O000037,2025-08-03,Apparel,57.33,0,4
O002750,2025-10-19,Apparel,71.56,0,4
O002987,2025-10-15,Apparel,39.08,0,5
O012743,2026-04-10,Apparel,93.72,0,2
O003024,2025-10-13,Apparel,46.45,0,3
O014120,2026-05-28,Apparel,41.67,0,3
O000954,2025-08-14,Electronics,98.17,0,3
O005438,2025-11-24,Home,40.36,0,3
O015714,2026-06-15,Apparel,84.15,0,5
O009709,2026-02-20,Apparel,88.64,1,5
O007116,2025-12-04,Electronics,33.39,0,3
O010960,2026-03-12,Apparel,82.55,1,5
O000201,2025-08-18,Apparel,32.69,1,2
O011579,2026-03-29,Electronics,8,1,3
O005000,2025-11-15,Electronics,107.51,0,2
O008340,2026-01-07,Electronics,130.88,0,2
O005744,2025-12-22,Apparel,33.25,1,4
O012039,2026-03-10,Home,84.63,0,5
O004430,2025-11-25,Apparel,67.72,0,3
O012418,2026-04-24,Apparel,68.5,0,3
O011123,2026-03-18,Apparel,49.62,0,2
O003839,2025-10-06,Home,106.06,0,4
O009037,2026-01-17,Home,73.53,0,3
O007877,2026-01-04,Apparel,53.02,1,4
O009594,2026-02-19,Apparel,59.78,0,4
O007813,2026-01-25,Apparel,93.61,0,6
O001763,2025-09-22,Apparel,26.06,1,1
O003507,2025-10-11,Electronics,160.24,0,6
O003514,2025-10-13,Electronics,42.59,0,4
O015726,2026-06-23,Apparel,27.3,0,3
O011600,2026-03-25,Electronics,17.92,0,3
O008691,2026-01-06,Electronics,198.66,0,4
O014423,2026-05-14,Electronics,155.99,0,4
O018278,2026-07-27,Home,103.83,0,3
O015118,2026-05-17,Home,33.23,0,3
O016057,2026-06-19,Electronics,91.8,0,4
O002717,2025-10-21,Apparel,89.77,0,3
O002856,2025-10-08,Apparel,54.81,1,3
O014408,2026-05-13,Electronics,171.28,0,2
O007234,2025-12-24,Home,34.82,0,2
O010587,2026-02-18,Home,14.16,0,5
O014601,2026-05-20,Electronics,129.92,0,2
O000698,2025-08-16,Electronics,121.06,0,4
O012862,2026-04-17,Electronics,77.16,0,4
O016277,2026-06-04,Electronics,188.53,0,4
O016896,2026-07-15,Apparel,71.36,0,3
O006281,2025-12-22,Apparel,38.39,0,3
O007169,2025-12-12,Electronics,161.85,0,4
O017439,2026-07-29,Apparel,57.62,0,1
O005473,2025-11-11,Home,110.66,0,4
O015662,2026-06-04,Apparel,74.03,0,1
O013325,2026-04-26,Home,60.21,0,4
O010446,2026-02-06,Home,97.21,0,3
O003156,2025-10-18,Apparel,53.6,0,4
O005677,2025-11-21,Home,143.78,1,2
O018312,2026-07-25,Home,49.23,0,3
O010588,2026-02-14,Home,11.75,0,3
O016777,2026-06-05,Home,49.49,0,2
O013305,2026-04-08,Home,107.72,0,3
O010320,2026-02-19,Home,135.91,0,4
O000998,2025-08-17,Home,83.51,0,3
O000039,2025-08-07,Apparel,44.96,0,3
O006510,2025-12-17,Apparel,68.88,0,4
O004202,2025-11-04,Apparel,37.66,0,4
O015888,2026-06-14,Apparel,73.1,1,3
O008945,2026-01-24,Home,68.59,1,3
O007216,2025-12-06,Home,101.37,0,4
O017015,2026-07-10,Apparel,23.24,0,5
O007150,2025-12-31,Electronics,130.95,0,3
O013220,2026-04-15,Electronics,123.76,1,3
O010766,2026-03-30,Apparel,54.62,0,3
O013734,2026-05-13,Apparel,59.05,0,4
O003590,2025-10-17,Electronics,407.42,0,4
O000785,2025-08-21,Electronics,80.46,0,4
O001661,2025-09-02,Apparel,32.34,0,3
O002330,2025-09-15,Electronics,74.22,0,3
O017432,2026-07-27,Apparel,42.68,0,4
O003124,2025-10-22,Apparel,55.61,0,4
O009565,2026-02-05,Apparel,19.3,0,4
O005073,2025-11-04,Electronics,157.63,1,3
O001848,2025-09-23,Apparel,25.37,0,4
O016897,2026-07-25,Apparel,107.13,1,3
O000058,2025-08-09,Apparel,23.48,0,3
O013711,2026-05-24,Apparel,67.2,0,1
O007128,2025-12-25,Electronics,240.54,0,4
O017424,2026-07-06,Apparel,91.63,0,2
O017578,2026-07-20,Electronics,167.15,0,3
O005411,2025-11-29,Home,67.26,1,3
O016371,2026-06-07,Electronics,178.53,1,3
O015575,2026-06-03,Apparel,78.7,1,3
O010974,2026-03-29,Apparel,30.63,0,4
O011010,2026-03-27,Apparel,60.32,0,1
O007426,2025-12-19,Home,78.93,0,3
O005635,2025-11-23,Home,92.39,0,3
O007079,2025-12-03,Electronics,104.55,0,5
O008069,2026-01-11,Apparel,106.93,0,3
O015052,2026-05-09,Home,87.96,0,3
O005189,2025-11-11,Electronics,134.56,0,2
O016486,2026-06-17,Home,52.03,0,2
O012371,2026-04-26,Apparel,27.37,0,4
O004847,2025-11-30,Electronics,108.44,0,2
O011266,2026-03-16,Apparel,130.52,1,3
O007807,2026-01-24,Apparel,65.05,0,4
O005614,2025-11-15,Home,103.61,0,2
O004157,2025-11-06,Apparel,8,1,2
O008820,2026-01-27,Home,93.89,0,3
O006101,2025-12-15,Apparel,42.94,0,3
O009201,2026-01-30,Home,97.8,0,3
O009754,2026-02-04,Apparel,30.34,1,3
O008898,2026-01-22,Home,63.81,1,2
O002857,2025-10-10,Apparel,63.94,0,3
O016845,2026-07-04,Apparel,43.69,0,5
O005688,2025-11-06,Home,85.28,0,3
O007837,2026-01-16,Apparel,89.67,0,3
O011758,2026-03-02,Home,102.15,0,3
O017033,2026-07-23,Apparel,96.64,0,2
O017586,2026-07-30,Electronics,158.96,0,5
O006252,2025-12-24,Apparel,81.76,0,3
O007651,2025-12-21,Home,27.28,0,5
O014394,2026-05-25,Electronics,235.7,0,3
O003875,2025-10-14,Home,105.51,0,3
O011883,2026-03-08,Home,83.91,0,4
O012902,2026-04-06,Electronics,158.3,0,4
O008930,2026-01-11,Home,65.2,0,4
O015310,2026-06-03,Apparel,84.76,0,4
O012033,2026-03-29,Home,71.61,0,2
O001961,2025-09-01,Electronics,138.8,0,3
O004905,2025-11-14,Electronics,238.92,0,2
O014697,2026-05-01,Electronics,121.45,0,2
O000335,2025-08-09,Apparel,32.21,0,3
O006603,2025-12-20,Electronics,75.89,0,4
O000173,2025-08-08,Apparel,30.71,0,2
O001740,2025-09-22,Apparel,45.22,0,4
O011745,2026-03-13,Electronics,165.61,0,3
O015313,2026-06-14,Apparel,92.03,0,3
O011584,2026-03-30,Electronics,138.07,0,3
O007275,2025-12-25,Home,82.04,0,6
O009932,2026-02-12,Electronics,45.36,0,1
O013089,2026-04-16,Electronics,8,0,5
O003650,2025-10-19,Electronics,164.71,0,5
O007274,2025-12-08,Home,48.94,0,4
O005344,2025-11-19,Home,64.32,0,3
O009014,2026-01-16,Home,84.48,0,2
O013833,2026-05-08,Apparel,58.36,0,3
O012150,2026-03-13,Home,23.25,0,4
O018248,2026-07-26,Home,92.1,0,3
O016828,2026-07-29,Apparel,12.65,0,3
O018281,2026-07-20,Home,41.08,0,4
O008062,2026-01-19,Apparel,60.83,1,4
O016852,2026-07-10,Apparel,52.93,0,3
O008788,2026-01-19,Electronics,87.28,0,4
O000649,2025-08-22,Electronics,307.89,0,2
O015546,2026-06-30,Apparel,55.33,0,3
O000618,2025-08-20,Electronics,115.52,0,4
O012533,2026-04-09,Apparel,65.32,0,5
O000877,2025-08-24,Electronics,165.1,0,4
O018135,2026-07-04,Home,30.35,0,3
O002835,2025-10-31,Apparel,63.96,0,5
O017240,2026-07-13,Apparel,61.9,1,3
O007331,2025-12-09,Home,52.53,0,3
O008777,2026-01-30,Electronics,162.95,0,4
O007943,2026-01-18,Apparel,17.97,0,3
O006220,2025-12-24,Apparel,15.04,1,3
O002472,2025-09-23,Home,82.72,0,3
O004393,2025-11-19,Apparel,39.92,0,3
O006218,2025-12-19,Apparel,77.69,1,2
O002065,2025-09-02,Electronics,152.09,1,5
O008778,2026-01-11,Electronics,105.28,0,2
O001686,2025-09-03,Apparel,43.14,0,4
O003033,2025-10-05,Apparel,51.63,0,4
O011460,2026-03-12,Electronics,97.43,0,1
O000564,2025-08-04,Electronics,105.84,0,2
O016873,2026-07-13,Apparel,42.47,1,3
O010554,2026-02-26,Home,137.94,0,4
O005795,2025-12-21,Apparel,46.59,0,3
O005238,2025-11-02,Electronics,77.0,0,3
O011332,2026-03-09,Electronics,213.38,0,5
O014450,2026-05-20,Electronics,88.96,1,2
O017851,2026-07-22,Electronics,96.6,1,1
O010810,2026-03-05,Apparel,73.71,0,4
O018407,2026-07-28,Home,42.87,0,2
O009914,2026-02-20,Electronics,116.3,0,3
O017967,2026-07-24,Electronics,272.77,0,4
O006765,2025-12-01,Electronics,90.29,0,3
O009169,2026-01-27,Home,122.08,0,5
O001890,2025-09-11,Electronics,13.69,0,3
O017594,2026-07-01,Electronics,224.2,0,2
O016018,2026-06-02,Electronics,147.56,0,2
O015235,2026-06-15,Apparel,32.23,0,1
O014282,2026-05-12,Apparel,83.52,1,4
O006107,2025-12-06,Apparel,48.66,0,5
O009072,2026-01-29,Home,25.26,0,3
O013145,2026-04-18,Electronics,246.31,0,4
O001573,2025-09-28,Apparel,48.43,0,3
O012926,2026-04-27,Electronics,103.19,1,3
O014741,2026-05-01,Electronics,264.09,0,3
O005111,2025-11-09,Electronics,116.91,0,5
O008416,2026-01-31,Electronics,97.12,0,3
O014240,2026-05-23,Apparel,81.8,0,4
O014924,2026-05-12,Home,23.13,0,1
O005622,2025-11-05,Home,79.29,0,4
O016853,2026-07-17,Apparel,85.14,0,4
O002346,2025-09-20,Home,190.31,0,2
O012956,2026-04-23,Electronics,76.12,0,2
O006174,2025-12-29,Apparel,8,0,3
O010755,2026-03-05,Apparel,94.7,0,3
O011354,2026-03-07,Electronics,227.69,1,3
O003704,2025-10-24,Electronics,183.21,0,4
O002139,2025-09-30,Electronics,281.41,0,4
O017122,2026-07-20,Apparel,92.14,0,4
O000704,2025-08-31,Electronics,107.34,0,4
O018164,2026-07-27,Home,141.99,0,3
O015810,2026-06-24,Apparel,10.66,0,3
O014445,2026-05-08,Electronics,150.01,0,1
O017548,2026-07-31,Electronics,82.04,0,4
O003608,2025-10-17,Electronics,146.16,1,3
O002419,2025-09-02,Home,13.2,0,4
O016242,2026-06-19,Electronics,193.77,0,1
O015157,2026-05-31,Home,84.95,0,3
O014580,2026-05-28,Electronics,172.16,0,1
O004717,2025-11-30,Apparel,58.34,0,3
O010223,2026-02-23,Electronics,246.57,0,4
O009268,2026-02-10,Apparel,38.96,0,2
O015492,2026-06-19,Apparel,19.55,0,3
O010035,2026-02-15,Electronics,168.81,0,5
O018295,2026-07-25,Home,40.44,0,3
O007219,2025-12-08,Home,64.56,0,2
O010359,2026-02-27,Home,123.3,0,3
O017581,2026-07-28,Electronics,162.68,0,2
O007780,2026-01-16,Apparel,21.4,0,4
O011759,2026-03-01,Home,171.03,0,1
O015895,2026-06-08,Electronics,111.78,0,3
O004037,2025-10-09,Home,84.65,0,3
O014446,2026-05-30,Electronics,294.7,0,4
O002787,2025-10-28,Apparel,44.52,0,2
O017714,2026-07-08,Electronics,142.66,0,2
O013454,2026-04-06,Home,159.36,0,3
O000491,2025-08-15,Apparel,68.16,0,4
O014878,2026-05-15,Home,59.19,0,1
O015147,2026-05-31,Home,116.85,0,3
O001364,2025-09-25,Apparel,88.41,0,4
O000915,2025-08-06,Electronics,172.04,0,4
O003946,2025-10-18,Home,69.12,0,3
O003960,2025-10-26,Home,51.89,0,2
O002920,2025-10-19,Apparel,65.09,0,3
O015061,2026-05-25,Home,148.17,0,3
O005011,2025-11-14,Electronics,196.24,0,2
O016968,2026-07-15,Apparel,11.06,0,3
O014535,2026-05-24,Electronics,132.48,0,1
O016006,2026-06-24,Electronics,238.2,0,3
O018055,2026-07-19,Home,52.3,0,4
O016523,2026-06-12,Home,109.01,0,5
O010224,2026-02-05,Electronics,152.97,1,2
O011327,2026-03-27,Electronics,107.08,0,4
O013422,2026-04-20,Home,112.29,0,4
O012262,2026-04-02,Apparel,27.24,0,3
O005251,2025-11-18,Electronics,326.99,0,4
O000228,2025-08-15,Apparel,106.26,0,2
O009457,2026-02-25,Apparel,71.8,0,2
O013429,2026-04-12,Home,132.64,0,2
O005888,2025-12-07,Apparel,67.8,0,4
O011754,2026-03-26,Electronics,121.74,0,4
O014806,2026-05-16,Electronics,152.8,0,2
O007158,2025-12-10,Electronics,314.87,0,3
O003002,2025-10-01,Apparel,22.59,0,4
O001561,2025-09-06,Apparel,51.33,0,5
O008566,2026-01-20,Electronics,21.59,1,4
O009119,2026-01-25,Home,122.87,0,2
O004714,2025-11-06,Apparel,49.06,0,3
O008979,2026-01-17,Home,126.64,0,4
O008594,2026-01-05,Electronics,93.07,0,1
O010526,2026-02-23,Home,52.58,0,5
O014949,2026-05-30,Home,118.55,0,4
O004197,2025-11-29,Apparel,53.48,1,4
O014409,2026-05-12,Electronics,120.43,0,3
O007044,2025-12-20,Electronics,141.41,1,3
O018420,2026-07-15,Home,156.93,0,1
O009471,2026-02-27,Apparel,93.11,0,2
O002200,2025-09-10,Electronics,100.66,0,2
O012398,2026-04-24,Apparel,58.63,0,5
O008548,2026-01-20,Electronics,253.21,0,3
O018137,2026-07-26,Home,69.55,0,3
O007056,2025-12-30,Electronics,8,0,4
O000323,2025-08-15,Apparel,128.05,1,1
O000833,2025-08-26,Electronics,143.16,0,4
O011547,2026-03-08,Electronics,228.51,0,2
O008619,2026-01-03,Electronics,87.97,0,3
O009365,2026-02-02,Apparel,48.9,0,1
O018008,2026-07-28,Home,42.69,0,2
O017989,2026-07-10,Electronics,287.65,0,2
O014221,2026-05-29,Apparel,43.11,0,3
O009862,2026-02-06,Electronics,75.31,0,3
O014115,2026-05-20,Apparel,29.91,0,2
O013554,2026-04-26,Home,109.87,0,2
O003943,2025-10-25,Home,37.74,0,5
O012940,2026-04-28,Electronics,72.87,0,3
O013844,2026-05-27,Apparel,73.54,0,5
O006456,2025-12-04,Apparel,78.08,0,4
O007432,2025-12-23,Home,116.49,0,4
O010307,2026-02-06,Home,114.81,0,3
O011458,2026-03-19,Electronics,112.06,0,4
O000515,2025-08-17,Apparel,34.59,0,2
O005174,2025-11-16,Electronics,189.74,0,5
O017856,2026-07-23,Electronics,8.27,0,2
O007154,2025-12-22,Electronics,135.04,0,3
O011493,2026-03-03,Electronics,158.25,0,2
O000725,2025-08-14,Electronics,174.18,0,5
O011477,2026-03-01,Electronics,95.09,0,3
O014933,2026-05-24,Home,122.67,0,4
O002461,2025-09-03,Home,8,0,4
O001515,2025-09-12,Apparel,82.87,1,2
O010336,2026-02-09,Home,83.55,0,4
O017964,2026-07-08,Electronics,239.09,0,2
O005051,2025-11-04,Electronics,198.21,0,4
O017318,2026-07-26,Apparel,49.34,0,4
O004056,2025-10-27,Home,60.49,0,6
O001085,2025-08-25,Home,48.76,0,3
O005924,2025-12-15,Apparel,66.0,0,3
O006235,2025-12-15,Apparel,43.41,0,3
O003567,2025-10-04,Electronics,201.64,0,3
O016285,2026-06-12,Electronics,178.45,1,3
O010965,2026-03-13,Apparel,45.46,0,3
O015725,2026-06-10,Apparel,37.66,0,1
O008865,2026-01-11,Home,107.84,0,4
O012421,2026-04-27,Apparel,17.44,0,4
O013920,2026-05-18,Apparel,39.85,0,3
O007544,2025-12-26,Home,105.08,0,2
O009751,2026-02-22,Apparel,87.86,0,4
O012482,2026-04-19,Apparel,48.26,0,4
O012702,2026-04-27,Apparel,39.17,0,5
O008260,2026-01-11,Apparel,44.73,0,4
O010949,2026-03-18,Apparel,96.88,0,5
O008599,2026-01-11,Electronics,137.89,1,3
O011293,2026-03-08,Electronics,182.13,0,4
O011818,2026-03-31,Home,60.63,0,5
O011500,2026-03-01,Electronics,148.87,0,4
O010825,2026-03-03,Apparel,53.97,0,2
O017266,2026-07-26,Apparel,52.3,0,3
O000707,2025-08-14,Electronics,8,0,3
O018389,2026-07-04,Home,97.19,0,3
O003362,2025-10-11,Electronics,125.41,0,4
O016721,2026-06-27,Home,128.07,0,2
O015038,2026-05-20,Home,88.4,0,2
O009039,2026-01-13,Home,31.72,0,3
O002825,2025-10-07,Apparel,76.11,1,3
O008603,2026-01-18,Electronics,116.4,0,2
O006734,2025-12-12,Electronics,218.44,0,2
O017197,2026-07-03,Apparel,30.83,0,4
O008955,2026-01-01,Home,8,0,4
O017025,2026-07-12,Apparel,95.72,0,3
O008838,2026-01-15,Home,45.1,0,4
O004719,2025-11-22,Apparel,90.84,0,2
O010173,2026-02-01,Electronics,224.83,1,2
O008791,2026-01-25,Electronics,143.98,0,5
O017801,2026-07-29,Electronics,175.29,0,2
O018360,2026-07-05,Home,133.85,0,4
O007562,2025-12-26,Home,141.19,0,3
O002438,2025-09-28,Home,128.25,1,5
O014573,2026-05-02,Electronics,154.33,0,2
O009013,2026-01-12,Home,71.64,0,3
O001084,2025-08-19,Home,126.89,0,3
O015964,2026-06-04,Electronics,8,0,4
O013318,2026-04-15,Home,61.97,0,5
O015978,2026-06-26,Electronics,95.15,0,2
O012815,2026-04-11,Electronics,84.45,0,3
O017945,2026-07-28,Electronics,8,0,3
O013102,2026-04-15,Electronics,176.12,0,4
O001530,2025-09-20,Apparel,23.29,1,4
O001318,2025-08-31,Home,98.16,0,4
O009954,2026-02-15,Electronics,252.12,1,1
O017475,2026-07-04,Apparel,42.89,0,2
O017616,2026-07-14,Electronics,114.97,0,1
O011306,2026-03-20,Electronics,228.16,0,4
O003905,2025-10-02,Home,101.58,0,3
O014329,2026-05-25,Electronics,111.63,0,1
O001966,2025-09-25,Electronics,203.73,0,3
O012724,2026-04-04,Apparel,40.58,0,3
O006444,2025-12-02,Apparel,97.19,1,1
O013217,2026-04-12,Electronics,60.39,1,2
O008803,2026-01-09,Electronics,136.56,0,6
O004862,2025-11-18,Electronics,8,0,2
O004495,2025-11-07,Apparel,74.79,0,5
O003284,2025-10-10,Electronics,137.41,0,3
O009555,2026-02-17,Apparel,34.96,0,4
O001029,2025-08-20,Home,87.5,0,3
O018347,2026-07-05,Home,110.38,0,4
O016297,2026-06-20,Electronics,48.52,0,4
O013501,2026-04-05,Home,77.14,0,5
O010497,2026-02-14,Home,19.79,0,4
O005239,2025-11-03,Electronics,82.52,0,3
O008184,2026-01-08,Apparel,78.03,0,3
O017161,2026-07-06,Apparel,8,0,3
O014617,2026-05-26,Electronics,115.89,0,2
O013580,2026-04-09,Home,65.41,0,4
O000388,2025-08-03,Apparel,48.26,0,5
O001725,2025-09-09,Apparel,87.57,0,4
O014817,2026-05-14,Home,86.85,0,2
O001046,2025-08-03,Home,107.71,0,6
O011112,2026-03-18,Apparel,109.39,1,2
O005282,2025-11-06,Electronics,161.41,0,4
O014075,2026-05-04,Apparel,49.03,0,1
O002407,2025-09-16,Home,31.62,0,1
O015918,2026-06-26,Electronics,107.86,1,3
O006065,2025-12-20,Apparel,36.51,0,3
O006745,2025-12-16,Electronics,212.71,1,4
O001946,2025-09-30,Electronics,195.8,0,4
O000586,2025-08-25,Electronics,58.82,0,3
O011859,2026-03-16,Home,136.73,0,5
O010452,2026-02-25,Home,47.01,0,3
O012416,2026-04-24,Apparel,33.25,0,1
O009227,2026-02-21,Apparel,79.82,0,4
O010332,2026-02-11,Home,133.05,0,3
O001924,2025-09-29,Electronics,230.37,0,3
O013514,2026-04-11,Home,89.1,0,3
O018286,2026-07-15,Home,122.39,0,2
O017247,2026-07-08,Apparel,59.14,0,3
O005839,2025-12-08,Apparel,29.53,1,5
O007074,2025-12-10,Electronics,187.78,0,4
O005515,2025-11-04,Home,152.95,0,6
O006916,2025-12-07,Electronics,153.5,0,4
O012154,2026-03-13,Home,44.94,0,3
O018335,2026-07-24,Home,65.84,0,4
O017505,2026-07-23,Electronics,170.52,0,1
O011397,2026-03-13,Electronics,177.29,0,4
O011810,2026-03-18,Home,36.21,0,3
O006899,2025-12-01,Electronics,238.33,0,5
O001146,2025-08-30,Home,31.32,0,4
O005653,2025-11-05,Home,149.23,0,2
O003668,2025-10-17,Electronics,76.66,0,4
O009108,2026-01-21,Home,76.97,0,3
O011515,2026-03-04,Electronics,102.05,0,3
O012237,2026-04-26,Apparel,121.82,0,2
O001556,2025-09-02,Apparel,48.14,0,5
O008099,2026-01-04,Apparel,55.56,0,1
O015928,2026-06-15,Electronics,159.5,1,3
O017626,2026-07-21,Electronics,218.97,1,4
O011015,2026-03-19,Apparel,74.3,0,2
O016074,2026-06-26,Electronics,176.27,0,3
O002909,2025-10-06,Apparel,50.56,0,4
O016513,2026-06-28,Home,65.84,0,1
O015188,2026-05-17,Home,61.01,1,2
O006184,2025-12-08,Apparel,87.44,0,3
O001652,2025-09-30,Apparel,90.59,0,3
O015021,2026-05-08,Home,21.82,0,3
O002609,2025-09-13,Home,21.48,0,2
O009716,2026-02-10,Apparel,68.93,1,3
O015400,2026-06-07,Apparel,63.75,0,2
O012579,2026-04-14,Apparel,57.75,1,4
O016524,2026-06-11,Home,77.2,1,4
O002391,2025-09-06,Home,79.42,0,3
O001974,2025-09-11,Electronics,319.12,0,4
O000552,2025-08-22,Electronics,191.09,0,3
O015784,2026-06-24,Apparel,96.13,0,3
O010630,2026-02-10,Home,49.63,0,4
O015873,2026-06-19,Apparel,80.19,0,2
O018233,2026-07-30,Home,111.13,0,3
O013972,2026-05-03,Apparel,96.72,1,3
O002770,2025-10-15,Apparel,42.61,0,4
O017163,2026-07-06,Apparel,47.51,0,2
O011610,2026-03-27,Electronics,79.7,0,3
O016168,2026-06-20,Electronics,198.11,0,4
O016691,2026-06-28,Home,89.77,0,3
O001175,2025-08-13,Home,71.32,1,3
O013550,2026-04-27,Home,152.84,0,4
O005816,2025-12-17,Apparel,33.01,0,3
O013186,2026-04-14,Electronics,243.73,0,3
O005996,2025-12-05,Apparel,58.47,0,3
O000681,2025-08-10,Electronics,161.13,0,3
O002158,2025-09-09,Electronics,67.4,0,3
O012797,2026-04-10,Electronics,155.87,0,4
O003603,2025-10-09,Electronics,196.79,0,2
O006841,2025-12-23,Electronics,167.88,1,5
O006293,2025-12-05,Apparel,29.41,0,4
O000980,2025-08-30,Home,74.66,0,4
O003063,2025-10-03,Apparel,28.72,1,2
O011599,2026-03-31,Electronics,16.76,0,3
O018143,2026-07-28,Home,86.05,0,1
O011659,2026-03-16,Electronics,98.93,0,3
O004152,2025-11-08,Apparel,57.57,0,4
O010112,2026-02-10,Electronics,110.79,0,4
O004589,2025-11-04,Apparel,54.34,0,4
O004706,2025-11-06,Apparel,57.58,0,4
O000740,2025-08-18,Electronics,146.98,0,5
O010241,2026-02-23,Electronics,21.27,0,3
O001716,2025-09-18,Apparel,55.66,0,4
O009997,2026-02-16,Electronics,265.66,1,3
O017117,2026-07-03,Apparel,58.2,0,2
O010763,2026-03-17,Apparel,93.9,0,3
O004030,2025-10-26,Home,112.49,0,4
O012224,2026-04-18,Apparel,8,0,3
O014185,2026-05-08,Apparel,72.86,0,4
O011284,2026-03-13,Electronics,191.4,0,4
O002596,2025-09-22,Home,38.9,0,4
O009129,2026-01-23,Home,125.16,0,3
O007017,2025-12-18,Electronics,279.74,0,2
O012710,2026-04-01,Apparel,82.94,0,4
O006892,2025-12-15,Electronics,172.82,0,4
O015595,2026-06-05,Apparel,47.95,0,2
O016696,2026-06-13,Home,115.37,0,4
O010561,2026-02-10,Home,88.55,0,3
O016421,2026-06-06,Home,138.33,0,4
O011225,2026-03-19,Apparel,57.01,0,2
O007146,2025-12-03,Electronics,24.12,0,3
O008484,2026-01-31,Electronics,110.46,0,4
O001628,2025-09-02,Apparel,93.58,0,3
O003528,2025-10-06,Electronics,162.8,0,4
O016767,2026-06-11,Home,95.48,1,4
O005505,2025-11-05,Home,102.25,0,1
O017545,2026-07-29,Electronics,80.11,0,4
O017124,2026-07-18,Apparel,78.34,0,4
O016951,2026-07-30,Apparel,65.6,0,3
O013721,2026-05-12,Apparel,46.92,1,1
O009788,2026-02-25,Apparel,70.06,0,2
O003416,2025-10-13,Electronics,86.9,0,4
O018319,2026-07-18,Home,84.19,0,2
O012149,2026-03-29,Home,8,0,3
O004331,2025-11-26,Apparel,8,0,4
O013402,2026-04-10,Home,90.89,0,4
O015902,2026-06-04,Electronics,214.83,0,3
O016707,2026-06-06,Home,60.68,0,3
O007470,2025-12-12,Home,8,0,2
O007553,2025-12-02,Home,71.38,0,3
O010867,2026-03-03,Apparel,25.87,0,3
O014373,2026-05-24,Electronics,231.85,0,2
O011874,2026-03-28,Home,60.1,1,1
O014662,2026-05-31,Electronics,250.82,0,3
O010365,2026-02-08,Home,62.17,0,3
O005997,2025-12-27,Apparel,61.98,0,3
O001419,2025-09-13,Apparel,47.67,1,4
O017017,2026-07-20,Apparel,103.14,0,3
O018085,2026-07-20,Home,166.0,0,2
O005572,2025-11-03,Home,110.5,0,5
O010533,2026-02-02,Home,121.8,0,3
O012995,2026-04-04,Electronics,147.49,0,2
O012747,2026-04-06,Apparel,64.16,0,1
O014490,2026-05-25,Electronics,209.51,0,2
O006809,2025-12-04,Electronics,205.49,0,3
O018300,2026-07-04,Home,45.8,0,4
O005276,2025-11-11,Electronics,83.75,0,4
O006803,2025-12-16,Electronics,164.35,0,2
O005154,2025-11-23,Electronics,169.1,0,3
O012861,2026-04-02,Electronics,104.09,0,4
O002720,2025-10-03,Apparel,8.03,0,1
O001896,2025-09-02,Electronics,167.33,0,4
O012436,2026-04-23,Apparel,83.43,0,4
O008972,2026-01-21,Home,147.89,0,4
O007460,2025-12-23,Home,88.47,0,5
O005351,2025-11-12,Home,149.73,0,4
O012135,2026-03-28,Home,107.27,0,3
O005636,2025-11-28,Home,87.14,0,3
O007138,2025-12-15,Electronics,240.59,0,2
O003532,2025-10-31,Electronics,260.03,0,2
O011443,2026-03-13,Electronics,189.84,0,4
O002666,2025-09-25,Home,108.66,0,2
O005501,2025-11-25,Home,73.94,1,2
O018402,2026-07-04,Home,135.62,0,4
O016644,2026-06-04,Home,63.53,0,2
O013411,2026-04-29,Home,90.27,0,5
O013283,2026-04-22,Home,20.01,1,4
O000366,2025-08-09,Apparel,9.9,0,4
O006910,2025-12-15,Electronics,131.86,0,2
O001574,2025-09-18,Apparel,121.96,0,4
O003832,2025-10-11,Home,82.43,0,4
O011466,2026-03-14,Electronics,134.7,0,4
O013582,2026-04-15,Home,109.25,0,2
O016924,2026-07-17,Apparel,27.33,0,2
O018166,2026-07-26,Home,68.43,0,4
O011893,2026-03-02,Home,8,0,5
O012977,2026-04-12,Electronics,135.55,0,4
O005867,2025-12-12,Apparel,96.2,0,6
O012072,2026-03-03,Home,112.45,0,1
O008339,2026-01-02,Electronics,8,0,4
O000044,2025-08-16,Apparel,97.19,0,3
O010552,2026-02-08,Home,52.37,0,3
O017426,2026-07-13,Apparel,63.01,0,4
O002721,2025-10-28,Apparel,131.03,0,3
O000657,2025-08-01,Electronics,237.0,1,3
O011325,2026-03-18,Electronics,196.22,0,3
O012303,2026-04-08,Apparel,51.26,0,2
O013448,2026-04-18,Home,59.55,0,4
O011318,2026-03-09,Electronics,169.9,0,4
O013619,2026-04-07,Home,88.49,0,3
O011282,2026-03-29,Electronics,20.14,0,3
O009131,2026-01-14,Home,39.02,1,3
O004638,2025-11-27,Apparel,70.45,0,4
O016678,2026-06-08,Home,123.61,0,2
O004667,2025-11-06,Apparel,21.13,0,2
O012240,2026-04-25,Apparel,60.59,1,3
O005118,2025-11-29,Electronics,219.66,0,4
O000999,2025-08-22,Home,78.69,0,2
O004654,2025-11-07,Apparel,99.53,0,1
O001752,2025-09-08,Apparel,8,0,3
O000912,2025-08-20,Electronics,100.38,0,4
O007328,2025-12-30,Home,95.53,0,3
O011877,2026-03-26,Home,96.96,0,2
O006909,2025-12-25,Electronics,174.91,0,2
O008902,2026-01-22,Home,30.96,0,4
O015399,2026-06-09,Apparel,51.29,0,4
O015829,2026-06-12,Apparel,80.34,0,3
O017102,2026-07-24,Apparel,91.0,1,3
O010862,2026-03-28,Apparel,62.08,1,1
O004494,2025-11-24,Apparel,62.27,0,3
O003241,2025-10-19,Apparel,61.98,0,5
O011926,2026-03-23,Home,66.65,0,2
O013699,2026-05-26,Apparel,61.78,1,2
O003619,2025-10-24,Electronics,197.39,0,4
O017094,2026-07-22,Apparel,67.08,0,2
O013830,2026-05-12,Apparel,113.02,0,4
O018268,2026-07-28,Home,121.5,1,1
O002311,2025-09-04,Electronics,121.82,0,1
O003887,2025-10-31,Home,106.0,0,3
O012970,2026-04-19,Electronics,72.38,0,2
O011624,2026-03-13,Electronics,99.25,0,6
O009245,2026-02-09,Apparel,67.38,0,3
O007934,2026-01-22,Apparel,26.5,1,3
O014318,2026-05-09,Apparel,24.08,0,4
O005798,2025-12-03,Apparel,34.0,1,4
O010240,2026-02-15,Electronics,34.66,0,2
O006303,2025-12-12,Apparel,27.14,0,1
O013744,2026-05-19,Apparel,20.04,0,5
O006769,2025-12-12,Electronics,90.54,0,3
O008479,2026-01-23,Electronics,169.37,0,4
O011662,2026-03-15,Electronics,8,0,3
O008168,2026-01-04,Apparel,94.1,0,3
O012429,2026-04-23,Apparel,46.39,0,4
O011170,2026-03-24,Apparel,88.1,1,3
O013960,2026-05-11,Apparel,63.14,0,2
O012532,2026-04-23,Apparel,41.43,0,4
O011154,2026-03-30,Apparel,81.75,0,4
O009350,2026-02-23,Apparel,87.48,0,4
O014903,2026-05-17,Home,157.66,0,1
O008750,2026-01-08,Electronics,43.07,0,3
O005206,2025-11-11,Electronics,143.02,0,2
O010961,2026-03-04,Apparel,40.06,0,2
O013465,2026-04-14,Home,84.32,0,4
O010798,2026-03-19,Apparel,50.57,0,2
O015181,2026-05-20,Home,107.59,0,4
O010231,2026-02-28,Electronics,106.74,0,2
O011421,2026-03-13,Electronics,176.84,0,3
O017642,2026-07-02,Electronics,178.74,0,5
O011522,2026-03-17,Electronics,209.04,0,1
O014074,2026-05-19,Apparel,39.69,0,4
O001436,2025-09-19,Apparel,99.94,0,4
O010316,2026-02-09,Home,85.52,0,2
O001477,2025-09-25,Apparel,28.62,1,2
O013994,2026-05-06,Apparel,69.65,0,3
O002429,2025-09-03,Home,47.31,0,1
O012522,2026-04-11,Apparel,69.45,0,3
O005253,2025-11-16,Electronics,85.37,0,4
O017862,2026-07-20,Electronics,244.25,0,2
O017861,2026-07-10,Electronics,8,1,1
O009987,2026-02-26,Electronics,184.1,0,3
O001157,2025-08-24,Home,14.81,0,4
O015265,2026-06-02,Apparel,78.27,0,3
O012123,2026-03-10,Home,74.51,0,3
O001447,2025-09-22,Apparel,60.33,0,4
O014063,2026-05-16,Apparel,51.36,0,1
O016564,2026-06-21,Home,87.72,0,3
O013174,2026-04-28,Electronics,141.69,0,4
O017720,2026-07-26,Electronics,199.04,0,3
O001324,2025-08-20,Home,152.19,0,5
O016326,2026-06-29,Electronics,187.22,1,3
O006732,2025-12-02,Electronics,142.55,0,3
O012133,2026-03-09,Home,111.57,0,1
O009324,2026-02-15,Apparel,75.36,0,3
O006565,2025-12-25,Electronics,12.13,0,3
O002844,2025-10-18,Apparel,73.8,0,5
O012422,2026-04-06,Apparel,74.0,0,1
O016891,2026-07-22,Apparel,11.21,0,4
O010358,2026-02-13,Home,50.76,0,3
O011237,2026-03-01,Apparel,58.01,1,3
O013889,2026-05-26,Apparel,74.53,0,4
O004657,2025-11-25,Apparel,99.6,0,3
O009154,2026-01-02,Home,53.28,0,5
O015607,2026-06-22,Apparel,59.94,0,3
O016046,2026-06-22,Electronics,171.99,0,2
O010504,2026-02-14,Home,78.08,0,3
O011509,2026-03-21,Electronics,115.19,0,3
O001100,2025-08-20,Home,137.3,0,2
O012592,2026-04-24,Apparel,55.79,0,1
O011448,2026-03-07,Electronics,105.99,0,3
O007468,2025-12-15,Home,61.71,0,4
O014325,2026-05-07,Electronics,205.8,0,3
O014491,2026-05-30,Electronics,71.37,1,2
O012994,2026-04-16,Electronics,121.54,0,3
O008362,2026-01-03,Electronics,91.85,0,3
O007131,2025-12-19,Electronics,129.17,0,3
O005098,2025-11-25,Electronics,46.32,0,2
O013500,2026-04-07,Home,62.52,0,2
O007779,2026-01-30,Apparel,62.47,0,4
O006322,2025-12-29,Apparel,50.37,0,4
O010410,2026-02-28,Home,48.52,0,2
O016123,2026-06-14,Electronics,111.12,0,2
O004493,2025-11-04,Apparel,70.58,1,5
O004842,2025-11-26,Electronics,50.5,0,2
O004416,2025-11-11,Apparel,140.16,0,4
O011679,2026-03-15,Electronics,16.08,0,5
O001892,2025-09-18,Electronics,41.54,0,2
O015373,2026-06-13,Apparel,65.86,0,4
O013490,2026-04-18,Home,100.22,0,5
O015286,2026-06-13,Apparel,52.65,1,3
O004818,2025-11-24,Electronics,191.03,0,4
O014255,2026-05-03,Apparel,103.58,0,3
O002046,2025-09-29,Electronics,135.73,0,5
O013936,2026-05-14,Apparel,57.79,0,4
O004492,2025-11-19,Apparel,58.81,0,4
O008989,2026-01-30,Home,86.8,0,2
O005195,2025-11-22,Electronics,113.03,0,5
O007966,2026-01-20,Apparel,27.26,0,5
O007672,2025-12-14,Home,119.26,0,3
O007985,2026-01-16,Apparel,70.54,0,4
O001973,2025-09-15,Electronics,54.94,0,4
O002052,2025-09-17,Electronics,144.68,0,3
O006386,2025-12-18,Apparel,56.3,0,5
O002875,2025-10-19,Apparel,48.28,0,3
O001170,2025-08-23,Home,54.46,0,3
O004062,2025-10-19,Home,120.97,0,3
O014199,2026-05-10,Apparel,61.32,0,3
O008612,2026-01-16,Electronics,186.38,0,4
O003342,2025-10-31,Electronics,213.56,0,4
O010951,2026-03-11,Apparel,38.08,0,3
O012190,2026-04-09,Apparel,67.43,0,3
O000794,2025-08-19,Electronics,237.05,0,3
O015660,2026-06-21,Apparel,45.53,0,4
O017131,2026-07-26,Apparel,49.47,0,3
O005382,2025-11-15,Home,88.65,0,2
O007329,2025-12-30,Home,87.04,0,3
O017212,2026-07-06,Apparel,95.71,0,2
O014876,2026-05-30,Home,51.76,0,3
O008906,2026-01-24,Home,132.88,0,5
O015124,2026-05-13,Home,131.77,0,3
O009801,2026-02-23,Apparel,63.46,0,3
O018425,2026-07-20,Home,71.06,0,4
O010192,2026-02-07,Electronics,141.21,0,3
O010973,2026-03-11,Apparel,8,0,4
O016799,2026-06-23,Home,105.65,1,3
O016098,2026-06-19,Electronics,296.54,0,3
O017825,2026-07-12,Electronics,159.25,0,3
O005087,2025-11-23,Electronics,176.69,1,3
O016061,2026-06-30,Electronics,18.15,0,3
O016372,2026-06-12,Electronics,229.84,0,3
O010615,2026-02-11,Home,103.81,0,2
O007194,2025-12-08,Electronics,102.33,0,3
O005911,2025-12-11,Apparel,18.26,0,3
O016346,2026-06-07,Electronics,209.68,0,4
O004286,2025-11-17,Apparel,62.26,0,1
O004398,2025-11-05,Apparel,58.61,0,3
O005829,2025-12-27,Apparel,38.3,1,5
O007782,2026-01-19,Apparel,52.88,1,3
O002097,2025-09-03,Electronics,66.92,0,4
O011469,2026-03-13,Electronics,197.3,0,5
O013071,2026-04-14,Electronics,211.68,0,3
O013925,2026-05-29,Apparel,58.72,0,1
O009297,2026-02-02,Apparel,56.18,0,4
O017294,2026-07-22,Apparel,75.02,0,4
O000644,2025-08-06,Electronics,125.32,1,6
O002815,2025-10-28,Apparel,87.55,1,3
O015410,2026-06-12,Apparel,58.93,0,2
O007503,2025-12-16,Home,57.2,0,5
O006393,2025-12-20,Apparel,15.78,0,4
O016066,2026-06-29,Electronics,174.25,0,5
O004212,2025-11-28,Apparel,72.32,0,3
O002548,2025-09-12,Home,113.39,0,2
O009769,2026-02-05,Apparel,86.75,0,3
O005110,2025-11-23,Electronics,89.53,0,2
O009591,2026-02-19,Apparel,8,0,3
O008179,2026-01-20,Apparel,54.79,1,3
O008215,2026-01-24,Apparel,72.58,1,4
O003455,2025-10-14,Electronics,114.81,0,4
O010202,2026-02-06,Electronics,177.98,0,4
O014822,2026-05-31,Home,111.57,0,1
O010293,2026-02-20,Home,113.75,0,2
O011791,2026-03-24,Home,61.99,0,4
O005152,2025-11-09,Electronics,138.65,0,2
O011300,2026-03-13,Electronics,84.2,0,3
O013770,2026-05-05,Apparel,59.21,0,2
O016664,2026-06-16,Home,79.52,0,4
O003765,2025-10-08,Home,92.93,1,4
O005039,2025-11-06,Electronics,123.41,1,3
O008485,2026-01-12,Electronics,141.87,0,5
O005666,2025-11-05,Home,50.74,0,5
O010017,2026-02-24,Electronics,113.5,0,4
O013413,2026-04-17,Home,66.86,0,4
O004209,2025-11-10,Apparel,87.59,0,3
O002508,2025-09-06,Home,127.27,0,3
O001884,2025-09-17,Electronics,92.13,1,2
O012483,2026-04-26,Apparel,8,0,3
O005861,2025-12-09,Apparel,56.68,0,3
O005650,2025-11-18,Home,26.0,0,3
O000531,2025-08-04,Electronics,169.06,0,3
O013601,2026-04-16,Home,23.68,1,3
O001527,2025-09-15,Apparel,39.72,0,2
O008735,2026-01-12,Electronics,126.91,0,3
O013160,2026-04-02,Electronics,95.94,0,4
O017086,2026-07-06,Apparel,71.64,0,5
O005388,2025-11-30,Home,149.7,0,6
O012369,2026-04-12,Apparel,33.13,0,4
O009364,2026-02-01,Apparel,83.34,1,4
O007641,2025-12-13,Home,144.09,0,4
O010450,2026-02-01,Home,8,1,3
O006848,2025-12-14,Electronics,234.79,0,4
O015901,2026-06-30,Electronics,104.85,0,4
O002545,2025-09-18,Home,39.78,0,2
O013125,2026-04-26,Electronics,159.36,0,2
O009893,2026-02-19,Electronics,250.67,0,5
O010762,2026-03-27,Apparel,77.48,1,3
O009789,2026-02-23,Apparel,44.2,0,4
O017181,2026-07-11,Apparel,58.69,0,4
O016660,2026-06-15,Home,105.93,0,3
O016539,2026-06-30,Home,48.87,0,3
O005585,2025-11-25,Home,72.54,0,1
O012203,2026-04-11,Apparel,88.07,0,3
O004949,2025-11-03,Electronics,33.2,0,3
O014525,2026-05-13,Electronics,185.67,0,3
O003070,2025-10-13,Apparel,75.23,1,5
O013909,2026-05-31,Apparel,53.97,0,4
O008090,2026-01-07,Apparel,31.26,0,3
O007869,2026-01-31,Apparel,66.69,0,3
O011427,2026-03-17,Electronics,154.34,0,4
O008666,2026-01-24,Electronics,45.79,0,3
O014819,2026-05-30,Home,17.19,0,3
O010122,2026-02-26,Electronics,67.82,1,2
O015611,2026-06-08,Apparel,66.8,0,3
O017301,2026-07-08,Apparel,44.52,0,1
O005335,2025-11-20,Home,80.2,0,3
O008267,2026-01-06,Apparel,93.46,1,4
O017975,2026-07-20,Electronics,83.8,0,3
O008006,2026-01-14,Apparel,95.56,1,4
O017489,2026-07-14,Apparel,86.04,0,3
O006623,2025-12-29,Electronics,121.96,0,3
O003871,2025-10-24,Home,67.88,0,3
O004023,2025-10-07,Home,125.52,0,5
O013572,2026-04-20,Home,78.03,0,3
O016559,2026-06-06,Home,62.1,0,2
O004807,2025-11-23,Electronics,160.39,0,1
O006528,2025-12-14,Electronics,160.98,0,3
O001696,2025-09-03,Apparel,52.18,1,3
O011227,2026-03-21,Apparel,39.67,1,2
O005558,2025-11-24,Home,90.49,0,4
O000216,2025-08-30,Apparel,59.14,0,2
O012306,2026-04-11,Apparel,121.69,0,2
O015673,2026-06-09,Apparel,64.53,0,4
O003167,2025-10-22,Apparel,88.88,0,4
O004506,2025-11-06,Apparel,30.99,0,5
O006812,2025-12-10,Electronics,18.99,0,4
O011303,2026-03-26,Electronics,109.3,0,3
O012637,2026-04-09,Apparel,37.03,1,3
O007730,2025-12-09,Home,84.7,0,4
O016621,2026-06-25,Home,50.07,0,3
O017591,2026-07-15,Electronics,8,0,3
O017604,2026-07-31,Electronics,47.65,0,3
O011735,2026-03-02,Electronics,240.3,1,4
O003158,2025-10-23,Apparel,19.02,0,3
O001672,2025-09-29,Apparel,100.47,0,3
O010727,2026-03-18,Apparel,19.06,0,2
O013437,2026-04-11,Home,80.47,0,4
O015283,2026-06-23,Apparel,107.01,0,4
O011609,2026-03-23,Electronics,11.91,0,4
O007626,2025-12-12,Home,127.79,0,3
O016477,2026-06-01,Home,118.19,0,3
O004112,2025-10-12,Home,88.87,0,3
O010058,2026-02-26,Electronics,135.96,1,2
O005766,2025-12-03,Apparel,34.9,0,3
O003494,2025-10-05,Electronics,160.65,0,2
O006553,2025-12-07,Electronics,252.27,0,3
O007977,2026-01-05,Apparel,63.82,1,2
O000453,2025-08-18,Apparel,60.99,0,3
O005117,2025-11-21,Electronics,161.62,0,2
O000184,2025-08-21,Apparel,64.94,0,1
O009520,2026-02-03,Apparel,102.72,0,3
O010999,2026-03-11,Apparel,77.5,1,3
O011343,2026-03-02,Electronics,148.95,0,2
O016332,2026-06-06,Electronics,219.38,0,5
O012694,2026-04-18,Apparel,94.74,0,5
O002839,2025-10-18,Apparel,99.68,0,4
O016080,2026-06-26,Electronics,24.52,0,4
O015756,2026-06-01,Apparel,111.67,0,2
O010110,2026-02-25,Electronics,204.83,0,5
O000280,2025-08-04,Apparel,55.84,0,4
O018289,2026-07-09,Home,141.12,0,2
O015694,2026-06-12,Apparel,73.59,0,3
O000726,2025-08-10,Electronics,110.72,0,5
O016387,2026-06-09,Electronics,123.42,0,2
O003125,2025-10-27,Apparel,20.51,0,3
O011189,2026-03-23,Apparel,84.21,0,1
O012052,2026-03-08,Home,59.54,0,5
O009370,2026-02-15,Apparel,68.74,0,4
O015890,2026-06-30,Apparel,63.15,0,4
O009780,2026-02-02,Apparel,72.68,1,5
O010357,2026-02-05,Home,130.05,0,4
O009692,2026-02-18,Apparel,47.64,0,4
O006219,2025-12-12,Apparel,74.53,0,2
O012565,2026-04-11,Apparel,85.0,0,4
O009215,2026-01-18,Home,119.96,0,3
O011211,2026-03-28,Apparel,89.2,0,4
O000959,2025-08-18,Electronics,167.85,0,4
O008189,2026-01-01,Apparel,80.71,0,3
O013292,2026-04-16,Home,62.47,0,2
O011778,2026-03-09,Home,64.2,0,1
O008239,2026-01-05,Apparel,75.9,0,3
O003516,2025-10-19,Electronics,125.51,1,4
O017662,2026-07-04,Electronics,196.86,0,3
O007775,2026-01-19,Apparel,115.01,0,3
O013487,2026-04-10,Home,112.03,0,2
O015498,2026-06-24,Apparel,74.99,1,2
O012901,2026-04-25,Electronics,178.16,0,2
O018297,2026-07-28,Home,48.28,0,1
O017983,2026-07-18,Electronics,249.64,0,2
O005049,2025-11-09,Electronics,77.18,0,4
O001610,2025-09-03,Apparel,50.79,0,3
O014399,2026-05-28,Electronics,121.04,0,5
O011502,2026-03-04,Electronics,119.37,0,1
O010462,2026-02-24,Home,99.03,0,4
O012958,2026-04-28,Electronics,183.88,0,2
O004206,2025-11-30,Apparel,31.25,0,3
O008589,2026-01-29,Electronics,189.22,0,3
O009645,2026-02-08,Apparel,39.99,0,4
O011194,2026-03-03,Apparel,8,0,4
O017385,2026-07-21,Apparel,46.15,0,3
O001720,2025-09-21,Apparel,56.61,0,3
O010268,2026-02-02,Electronics,152.92,1,2
O000197,2025-08-27,Apparel,16.12,0,3
O014190,2026-05-01,Apparel,60.76,1,3
O007841,2026-01-07,Apparel,13.5,1,3
O018267,2026-07-24,Home,110.33,0,5
O002585,2025-09-10,Home,53.81,0,3
O011751,2026-03-06,Electronics,203.49,0,2
O012520,2026-04-04,Apparel,72.33,0,4
O012232,2026-04-22,Apparel,48.91,0,4
O005052,2025-11-25,Electronics,214.29,0,3
O007624,2025-12-25,Home,95.67,0,2
O016245,2026-06-28,Electronics,304.65,1,4
O013706,2026-05-22,Apparel,46.31,0,2
O014052,2026-05-08,Apparel,86.87,0,2
O010197,2026-02-10,Electronics,170.25,0,5
O009168,2026-01-12,Home,43.06,0,3
O016097,2026-06-08,Electronics,23.8,0,1
O002283,2025-09-16,Electronics,93.0,0,3
O001253,2025-08-26,Home,87.51,0,2
O016577,2026-06-15,Home,98.97,0,3
O001243,2025-08-30,Home,86.66,0,1
O010416,2026-02-15,Home,160.47,0,3
O008454,2026-01-04,Electronics,113.5,0,4
O012732,2026-04-07,Apparel,60.37,0,4
O011780,2026-03-26,Home,140.72,0,3
O001709,2025-09-12,Apparel,28.24,0,4
O010850,2026-03-24,Apparel,43.71,0,4
O017598,2026-07-06,Electronics,72.71,0,3
O004799,2025-11-05,Electronics,174.5,0,4
O004660,2025-11-01,Apparel,85.94,0,3
O000440,2025-08-28,Apparel,8,1,2
O008965,2026-01-07,Home,115.64,0,3
O002490,2025-09-09,Home,146.09,0,3
O001518,2025-09-29,Apparel,38.84,0,5
O003300,2025-10-27,Electronics,179.74,0,5
O000377,2025-08-23,Apparel,32.03,0,1
O005747,2025-12-15,Apparel,85.43,0,2
O007463,2025-12-17,Home,29.41,0,3
O009427,2026-02-27,Apparel,41.19,0,5
O017159,2026-07-05,Apparel,66.56,0,3
O001917,2025-09-06,Electronics,171.22,0,3
O008195,2026-01-23,Apparel,82.0,0,3
O005713,2025-11-08,Home,116.02,0,1
O012168,2026-04-24,Apparel,8,0,3
O004611,2025-11-26,Apparel,91.9,0,5
O009547,2026-02-08,Apparel,64.56,0,2
O017418,2026-07-10,Apparel,102.57,0,5
O009107,2026-01-13,Home,84.95,0,2
O017123,2026-07-30,Apparel,54.42,0,3
O013651,2026-04-29,Home,34.63,1,4
O001822,2025-09-08,Apparel,57.21,0,3
O013194,2026-04-07,Electronics,75.51,0,2
O016141,2026-06-04,Electronics,144.68,0,4
O015304,2026-06-07,Apparel,81.7,0,1
O011776,2026-03-30,Home,102.07,0,3
O000852,2025-08-31,Electronics,39.44,0,2
O015506,2026-06-18,Apparel,47.84,0,1
O010406,2026-02-05,Home,75.93,0,4
O016592,2026-06-10,Home,128.28,0,3
O009680,2026-02-13,Apparel,31.17,0,2
O014726,2026-05-02,Electronics,185.71,0,2
O000204,2025-08-14,Apparel,54.8,0,3
O013013,2026-04-17,Electronics,33.91,0,2
O013660,2026-04-07,Home,112.68,0,2
O002482,2025-09-28,Home,78.21,0,2
O011606,2026-03-20,Electronics,97.57,0,3
O008699,2026-01-09,Electronics,157.67,1,1
O010959,2026-03-16,Apparel,47.38,0,1
O013921,2026-05-10,Apparel,67.46,0,1
O000720,2025-08-19,Electronics,161.04,0,4
O009659,2026-02-04,Apparel,66.13,1,1
O005734,2025-11-09,Home,20.79,0,4
O012276,2026-04-17,Apparel,71.18,0,2
O012179,2026-04-16,Apparel,102.95,0,4
O010635,2026-02-24,Home,43.51,0,4
O012950,2026-04-30,Electronics,184.82,0,4
O017003,2026-07-02,Apparel,60.02,0,2
O005181,2025-11-16,Electronics,229.91,0,4
O000381,2025-08-06,Apparel,46.57,0,5
O005699,2025-11-22,Home,11.84,0,3
O010842,2026-03-04,Apparel,70.43,0,3
O001367,2025-09-20,Apparel,122.96,0,5
O016065,2026-06-09,Electronics,96.99,0,3
O004597,2025-11-13,Apparel,69.53,0,5
O000442,2025-08-03,Apparel,61.19,0,4
O013626,2026-04-26,Home,34.62,0,1
O002012,2025-09-19,Electronics,120.11,0,3
O010707,2026-03-27,Apparel,73.55,0,2
O016183,2026-06-25,Electronics,238.2,0,3
O014215,2026-05-21,Apparel,62.05,0,2
O016113,2026-06-27,Electronics,85.79,0,4
O004872,2025-11-29,Electronics,76.56,1,5
O001496,2025-09-29,Apparel,35.8,1,6
O014128,2026-05-04,Apparel,8,0,2
O013237,2026-04-29,Electronics,205.39,0,3
O004837,2025-11-16,Electronics,240.14,0,3
O009890,2026-02-17,Electronics,209.11,0,4
O010830,2026-03-29,Apparel,105.57,0,3
O011122,2026-03-13,Apparel,77.86,0,4
O010905,2026-03-06,Apparel,78.21,1,2
O009276,2026-02-22,Apparel,64.78,0,6
O000859,2025-08-06,Electronics,195.45,1,4
O014674,2026-05-07,Electronics,83.0,0,3
O008927,2026-01-31,Home,61.24,0,5
O001374,2025-09-09,Apparel,75.19,1,5
O004132,2025-11-02,Apparel,65.36,0,3
O014191,2026-05-24,Apparel,77.45,0,3
O009199,2026-01-18,Home,34.19,1,2
O006116,2025-12-22,Apparel,59.57,1,2
O008469,2026-01-17,Electronics,54.96,0,2
O009090,2026-01-14,Home,141.49,0,2
O006360,2025-12-27,Apparel,22.7,0,3
O008272,2026-01-06,Apparel,55.44,0,2
O016934,2026-07-29,Apparel,95.36,0,3
O000362,2025-08-07,Apparel,25.99,0,3
O015578,2026-06-16,Apparel,31.4,0,2
O015155,2026-05-28,Home,146.84,0,3
O011943,2026-03-12,Home,68.05,0,2
O003038,2025-10-21,Apparel,38.76,0,1
O014011,2026-05-28,Apparel,94.78,0,2
O009304,2026-02-22,Apparel,27.11,0,1
O007586,2025-12-16,Home,8,0,3
O005801,2025-12-21,Apparel,49.87,0,4
O012012,2026-03-26,Home,98.87,0,4
O004282,2025-11-06,Apparel,110.12,0,5
O009886,2026-02-07,Electronics,128.99,0,4
O001895,2025-09-07,Electronics,146.73,0,5
O008412,2026-01-19,Electronics,202.44,0,3
O011326,2026-03-24,Electronics,29.83,0,2
O013774,2026-05-10,Apparel,68.74,0,3
O015552,2026-06-08,Apparel,56.62,1,3
O011094,2026-03-02,Apparel,84.14,0,6
O011800,2026-03-29,Home,103.38,0,3
O017651,2026-07-15,Electronics,179.69,0,1
O006566,2025-12-04,Electronics,157.12,0,4
O011890,2026-03-04,Home,87.82,0,2
O005355,2025-11-05,Home,80.4,0,1
O009945,2026-02-06,Electronics,239.13,0,3
O012046,2026-03-07,Home,136.11,0,4
O006038,2025-12-10,Apparel,98.72,0,4
O014170,2026-05-15,Apparel,50.55,0,2
O000454,2025-08-05,Apparel,55.64,0,4
O016076,2026-06-20,Electronics,204.4,0,4
O010498,2026-02-13,Home,127.51,0,4
O014718,2026-05-23,Electronics,161.36,0,2
O009784,2026-02-07,Apparel,57.97,0,2
O011643,2026-03-07,Electronics,167.48,0,3
O016545,2026-06-14,Home,60.28,0,1
O017585,2026-07-30,Electronics,155.94,0,2
O008857,2026-01-28,Home,9.23,0,6
O008095,2026-01-03,Apparel,20.09,0,3
O004000,2025-10-31,Home,8,0,3
O010282,2026-02-28,Home,99.72,1,3
O006697,2025-12-01,Electronics,125.54,0,4
O009022,2026-01-14,Home,48.16,0,3
O011207,2026-03-02,Apparel,70.84,0,2
O006317,2025-12-17,Apparel,61.7,0,3
O008467,2026-01-30,Electronics,125.17,0,3
O015805,2026-06-24,Apparel,58.83,0,4
O011574,2026-03-12,Electronics,126.02,0,4
O017411,2026-07-09,Apparel,79.13,0,2
O003740,2025-10-06,Home,87.65,0,4
O012307,2026-04-08,Apparel,99.32,0,3
O008512,2026-01-16,Electronics,208.24,0,4
O008743,2026-01-26,Electronics,109.73,0,3
O015075,2026-05-02,Home,60.75,0,1
O005150,2025-11-30,Electronics,263.86,0,6
O003535,2025-10-08,Electronics,205.08,0,4
O013391,2026-04-18,Home,205.12,0,3
O016192,2026-06-19,Electronics,237.12,0,3
O016288,2026-06-25,Electronics,8,0,4
O005205,2025-11-21,Electronics,74.6,0,3
O012464,2026-04-28,Apparel,77.67,0,2
O002418,2025-09-02,Home,166.06,0,5
O018000,2026-07-24,Electronics,106.73,0,1
O010859,2026-03-26,Apparel,39.32,0,3
O008715,2026-01-31,Electronics,185.15,1,6
O008318,2026-01-21,Apparel,82.64,1,2
O001292,2025-08-28,Home,110.02,0,4
O007155,2025-12-18,Electronics,115.56,0,4
O007005,2025-12-05,Electronics,188.27,0,3
O016467,2026-06-04,Home,29.55,0,4
O006365,2025-12-18,Apparel,105.58,0,2
O018376,2026-07-24,Home,86.25,0,3
O002125,2025-09-11,Electronics,155.31,0,4
O017737,2026-07-25,Electronics,191.81,0,2
O001095,2025-08-07,Home,93.22,0,4
O003297,2025-10-20,Electronics,207.57,0,4
O003174,2025-10-31,Apparel,41.38,0,1
O009821,2026-02-22,Electronics,33.02,1,4
O008021,2026-01-24,Apparel,74.78,0,2
O017486,2026-07-07,Apparel,95.56,0,2
O008692,2026-01-29,Electronics,156.67,0,4
O005578,2025-11-03,Home,85.25,0,4
O007891,2026-01-04,Apparel,43.99,0,6
O003786,2025-10-13,Home,71.1,0,3
O004429,2025-11-25,Apparel,93.49,1,2
O009538,2026-02-07,Apparel,42.63,0,3
O011862,2026-03-25,Home,76.82,0,3
O012913,2026-04-14,Electronics,226.12,0,3
O005783,2025-12-05,Apparel,88.53,0,3
O010509,2026-02-23,Home,53.18,0,4
O015912,2026-06-30,Electronics,256.39,0,2
O014069,2026-05-18,Apparel,10.52,0,4
O004805,2025-11-09,Electronics,285.01,0,3
O012800,2026-04-21,Electronics,179.59,0,2
O017609,2026-07-26,Electronics,152.46,0,4
O012430,2026-04-14,Apparel,80.96,0,4
O017510,2026-07-14,Electronics,98.77,0,4
O002905,2025-10-23,Apparel,45.99,0,4
O016672,2026-06-11,Home,83.68,0,4
O007058,2025-12-11,Electronics,99.91,0,5
O002841,2025-10-20,Apparel,70.52,0,5
O007832,2026-01-10,Apparel,19.47,0,3
O017800,2026-07-03,Electronics,47.69,0,1
O013396,2026-04-28,Home,105.79,0,3
O015128,2026-05-18,Home,130.29,0,4
O018031,2026-07-01,Home,94.58,0,3
O004417,2025-11-29,Apparel,75.69,0,2
O017998,2026-07-25,Electronics,256.3,0,1
O009190,2026-01-19,Home,91.13,0,3
O003698,2025-10-03,Electronics,51.39,0,1
O001877,2025-09-16,Apparel,79.71,0,4
O014790,2026-05-08,Electronics,164.11,0,1
O012462,2026-04-27,Apparel,13.3,0,4
O003341,2025-10-09,Electronics,198.5,0,3
O008749,2026-01-16,Electronics,147.33,0,2
O005687,2025-11-02,Home,71.49,0,1
O005343,2025-11-03,Home,47.1,1,3
O008591,2026-01-16,Electronics,130.42,0,3
O003481,2025-10-04,Electronics,194.81,0,4
O013850,2026-05-23,Apparel,77.17,0,2
O002425,2025-09-27,Home,88.46,0,5
O016162,2026-06-19,Electronics,147.56,0,3
O006266,2025-12-22,Apparel,57.67,0,6
O015886,2026-06-16,Apparel,37.67,0,2
O012116,2026-03-24,Home,103.55,0,4
O015973,2026-06-02,Electronics,193.66,1,4
O000444,2025-08-08,Apparel,30.62,0,5
O017146,2026-07-12,Apparel,36.71,0,4
O009027,2026-01-08,Home,103.15,0,2
O000389,2025-08-19,Apparel,87.48,0,4
O009512,2026-02-27,Apparel,44.71,0,5
O009840,2026-02-25,Electronics,184.07,1,2
O006384,2025-12-16,Apparel,48.37,0,4
O006861,2025-12-23,Electronics,109.98,0,4
O006357,2025-12-01,Apparel,88.99,0,3
O011402,2026-03-26,Electronics,155.32,1,5
O007746,2026-01-27,Apparel,56.52,0,5
O009598,2026-02-15,Apparel,68.96,0,3
O009803,2026-02-26,Apparel,63.63,1,2
O016291,2026-06-08,Electronics,70.15,0,4
O015768,2026-06-01,Apparel,63.82,0,3
O014514,2026-05-20,Electronics,229.17,0,3
O002257,2025-09-09,Electronics,8,0,3
O012817,2026-04-29,Electronics,87.52,0,3
O008804,2026-01-09,Electronics,53.94,0,3
O014029,2026-05-27,Apparel,56.36,0,5
O009165,2026-01-02,Home,149.22,0,7
O009971,2026-02-10,Electronics,85.95,0,4
O005659,2025-11-09,Home,84.97,0,3
O014472,2026-05-22,Electronics,200.48,0,3
O004931,2025-11-20,Electronics,225.54,0,2
O004461,2025-11-13,Apparel,63.29,0,4
O009088,2026-01-24,Home,74.65,0,4
O002151,2025-09-22,Electronics,164.78,0,2
O009753,2026-02-22,Apparel,43.59,0,3
O016316,2026-06-14,Electronics,187.89,0,3
O004933,2025-11-30,Electronics,143.48,0,1
O018090,2026-07-27,Home,105.12,0,2
O015325,2026-06-10,Apparel,72.46,0,4
O001577,2025-09-07,Apparel,64.3,0,2
O011814,2026-03-01,Home,118.69,1,4
O011539,2026-03-31,Electronics,191.17,0,5
O010711,2026-03-03,Apparel,49.32,1,3
O010529,2026-02-20,Home,17.12,0,2
O003464,2025-10-10,Electronics,92.12,1,2
O004396,2025-11-22,Apparel,71.73,1,4
O003531,2025-10-04,Electronics,171.09,0,2
O011540,2026-03-12,Electronics,64.72,1,4
O018005,2026-07-24,Electronics,76.23,0,2
O017273,2026-07-02,Apparel,54.65,0,2
O004990,2025-11-20,Electronics,158.56,0,3
O012214,2026-04-25,Apparel,67.44,0,5
O002404,2025-09-13,Home,86.89,0,5
O017305,2026-07-15,Apparel,108.61,0,2
O006705,2025-12-27,Electronics,177.36,0,3
O004880,2025-11-09,Electronics,98.87,0,3
O010516,2026-02-11,Home,9.68,0,5
O006780,2025-12-15,Electronics,122.88,0,2
O013464,2026-04-19,Home,125.29,0,5
O015390,2026-06-27,Apparel,46.62,0,2
O017253,2026-07-03,Apparel,31.43,0,3
O002683,2025-09-17,Home,163.29,0,2
O001449,2025-09-24,Apparel,64.02,0,4
O015729,2026-06-19,Apparel,78.26,0,3
O002906,2025-10-29,Apparel,69.05,0,3
O006462,2025-12-01,Apparel,21.15,1,3
O005655,2025-11-07,Home,114.9,0,3
O009634,2026-02-12,Apparel,12.59,1,4
O004133,2025-11-07,Apparel,52.76,0,4
O008156,2026-01-22,Apparel,66.48,0,2
O002546,2025-09-20,Home,162.88,0,2
O000425,2025-08-27,Apparel,45.2,0,4
O000094,2025-08-03,Apparel,92.63,0,3
O006058,2025-12-17,Apparel,58.53,0,2
O010524,2026-02-16,Home,75.81,0,3
O002891,2025-10-02,Apparel,57.52,0,5
O009277,2026-02-11,Apparel,72.34,0,3
O003390,2025-10-05,Electronics,283.66,0,3
O011968,2026-03-13,Home,74.99,0,2
O003004,2025-10-19,Apparel,74.14,1,5
O009390,2026-02-02,Apparel,18.62,0,4
O013696,2026-05-03,Apparel,48.31,0,2
O008041,2026-01-29,Apparel,72.99,0,1
O011789,2026-03-02,Home,62.34,0,2
O006190,2025-12-15,Apparel,79.29,0,5
O001542,2025-09-18,Apparel,64.04,1,2
O007912,2026-01-02,Apparel,91.11,0,3
O013737,2026-05-12,Apparel,34.04,0,4
O015487,2026-06-18,Apparel,44.13,1,2
O013205,2026-04-01,Electronics,72.92,0,4
O001335,2025-08-20,Home,135.17,0,3
O001904,2025-09-16,Electronics,8,0,3
O017051,2026-07-24,Apparel,23.06,0,2
O006838,2025-12-25,Electronics,108.9,0,5
O005249,2025-11-13,Electronics,299.57,0,3
O014583,2026-05-14,Electronics,240.28,0,4
O009942,2026-02-25,Electronics,101.55,0,3
O010339,2026-02-10,Home,138.79,0,4
O005478,2025-11-17,Home,85.89,0,4
O004895,2025-11-12,Electronics,137.69,1,2
O012899,2026-04-17,Electronics,177.38,0,4
O012442,2026-04-03,Apparel,28.28,0,2
O005499,2025-11-07,Home,39.99,0,4
O011986,2026-03-24,Home,84.62,0,3
O014676,2026-05-29,Electronics,35.22,0,4
O001845,2025-09-17,Apparel,67.32,0,5
O003397,2025-10-19,Electronics,214.68,0,4
O000603,2025-08-28,Electronics,293.79,0,6
O004127,2025-11-27,Apparel,58.7,0,3
O005086,2025-11-15,Electronics,90.7,0,4
O014639,2026-05-24,Electronics,230.91,0,4
O005828,2025-12-27,Apparel,99.66,1,1
O002475,2025-09-02,Home,55.73,0,2
O013724,2026-05-05,Apparel,59.97,0,3
O010113,2026-02-21,Electronics,51.11,0,5
O008486,2026-01-10,Electronics,118.54,0,5
O010881,2026-03-04,Apparel,60.27,0,2
O015120,2026-05-28,Home,65.35,0,3
O009461,2026-02-13,Apparel,62.05,0,3
O017799,2026-07-30,Electronics,27.24,0,2
O005317,2025-11-29,Home,107.17,0,3
O014761,2026-05-08,Electronics,145.86,0,2
O011330,2026-03-25,Electronics,170.03,0,5
O016867,2026-07-20,Apparel,113.6,0,2
O000646,2025-08-18,Electronics,161.96,0,4
O016488,2026-06-21,Home,67.79,0,2
O014411,2026-05-22,Electronics,140.83,0,4
O007009,2025-12-25,Electronics,229.95,0,6
O013906,2026-05-10,Apparel,8,0,3
O005700,2025-11-21,Home,89.04,0,3
O003254,2025-10-21,Apparel,92.01,1,2
O001989,2025-09-07,Electronics,100.57,0,5
O014144,2026-05-30,Apparel,50.92,0,1
O010025,2026-02-02,Electronics,154.22,0,3
O001208,2025-08-21,Home,135.02,0,6
O016110,2026-06-23,Electronics,243.24,0,1
O016666,2026-06-15,Home,14.44,0,4
O000904,2025-08-25,Electronics,55.9,0,3
O014748,2026-05-18,Electronics,112.35,0,4
O009083,2026-01-05,Home,115.01,0,1
O012547,2026-04-04,Apparel,74.3,0,3
O016160,2026-06-23,Electronics,175.09,0,3
O008155,2026-01-10,Apparel,56.73,0,4
O013782,2026-05-17,Apparel,61.64,1,3
O018424,2026-07-31,Home,136.9,0,2
O010168,2026-02-22,Electronics,169.97,0,3
O012537,2026-04-16,Apparel,59.98,0,3
O000202,2025-08-09,Apparel,50.03,0,5
O001677,2025-09-11,Apparel,55.03,0,5
O004068,2025-10-21,Home,100.88,0,5
O012735,2026-04-17,Apparel,86.62,0,5
O013630,2026-04-07,Home,81.46,0,2
O014439,2026-05-25,Electronics,149.99,0,2
O002420,2025-09-08,Home,44.61,0,5
O003188,2025-10-27,Apparel,135.31,0,3
O018310,2026-07-12,Home,86.38,0,2
O011787,2026-03-13,Home,55.86,0,2
O014147,2026-05-04,Apparel,79.06,0,3
O010805,2026-03-27,Apparel,29.89,1,4
O001194,2025-08-07,Home,14.96,0,4
O016139,2026-06-10,Electronics,210.43,0,1
O012610,2026-04-23,Apparel,122.08,0,3
O008262,2026-01-02,Apparel,46.36,0,2
O008787,2026-01-25,Electronics,266.75,0,3
O002955,2025-10-26,Apparel,41.5,0,3
O005575,2025-11-06,Home,87.2,0,4
O008606,2026-01-31,Electronics,230.09,0,4
O006433,2025-12-23,Apparel,48.68,1,4
O008409,2026-01-17,Electronics,62.34,0,2
O008616,2026-01-11,Electronics,237.74,0,5
O016915,2026-07-19,Apparel,38.72,0,3
O002053,2025-09-09,Electronics,8,0,2
O007143,2025-12-19,Electronics,218.85,0,2
O008794,2026-01-02,Electronics,105.13,0,2
O009218,2026-02-06,Apparel,86.74,0,4
O012856,2026-04-20,Electronics,71.54,0,4
O017097,2026-07-18,Apparel,86.48,1,1
O016565,2026-06-06,Home,150.12,0,2
O002180,2025-09-14,Electronics,158.86,0,4
O018129,2026-07-25,Home,69.47,0,1
O007715,2025-12-08,Home,88.59,0,2
O007757,2026-01-19,Apparel,39.77,0,4
O017976,2026-07-25,Electronics,82.31,0,3
O012195,2026-04-19,Apparel,60.49,0,3
O015966,2026-06-28,Electronics,45.66,0,4
O001285,2025-08-06,Home,43.6,1,6
O010348,2026-02-02,Home,74.01,1,2
O000386,2025-08-30,Apparel,73.56,0,3
O004391,2025-11-15,Apparel,81.8,0,5
O016465,2026-06-20,Home,43.48,0,4
O017790,2026-07-08,Electronics,165.57,0,4
O011017,2026-03-09,Apparel,75.95,0,2
O013101,2026-04-24,Electronics,114.08,1,3
O009551,2026-02-04,Apparel,58.86,0,2
O005119,2025-11-24,Electronics,165.08,0,4
O009600,2026-02-18,Apparel,55.49,0,2
O014944,2026-05-20,Home,121.84,0,2
O017934,2026-07-27,Electronics,83.45,0,2
O014890,2026-05-10,Home,37.98,0,5
O006185,2025-12-29,Apparel,112.8,0,4
O017632,2026-07-19,Electronics,153.4,0,4
O006024,2025-12-21,Apparel,116.17,0,3
O010432,2026-02-20,Home,31.17,0,3
O005242,2025-11-28,Electronics,285.02,0,3
O006394,2025-12-25,Apparel,74.37,0,1
O018001,2026-07-30,Electronics,119.44,0,3
O015016,2026-05-06,Home,119.76,0,2
O000783,2025-08-22,Electronics,196.41,0,5
O011550,2026-03-06,Electronics,245.35,0,2
O017186,2026-07-08,Apparel,77.57,0,3
O014679,2026-05-06,Electronics,195.87,0,5
O007853,2026-01-31,Apparel,59.65,1,4
O002310,2025-09-13,Electronics,46.14,0,3
O012296,2026-04-22,Apparel,94.62,0,2
O005467,2025-11-09,Home,60.79,0,2
O011273,2026-03-29,Apparel,34.64,1,4
O012480,2026-04-01,Apparel,72.07,0,2
O009326,2026-02-21,Apparel,50.9,0,2
O017371,2026-07-29,Apparel,17.56,0,3
O018117,2026-07-01,Home,82.86,1,2
O007655,2025-12-27,Home,77.45,0,4
O000523,2025-08-17,Electronics,261.76,0,3
O014048,2026-05-04,Apparel,33.03,0,4
O015927,2026-06-11,Electronics,165.8,1,5
O003197,2025-10-26,Apparel,24.83,1,3
O012243,2026-04-08,Apparel,47.16,0,3
O000061,2025-08-13,Apparel,91.68,0,3
O008886,2026-01-20,Home,103.31,0,3
O008587,2026-01-18,Electronics,64.42,0,4
O012711,2026-04-11,Apparel,52.03,0,3
O007946,2026-01-22,Apparel,41.67,1,1
O010673,2026-02-10,Home,97.34,0,3
O001362,2025-09-22,Apparel,82.68,0,3
O013519,2026-04-13,Home,140.1,0,3
O004427,2025-11-12,Apparel,86.3,0,5
O004783,2025-11-16,Electronics,88.93,0,3
O017802,2026-07-22,Electronics,107.2,0,4
O016972,2026-07-04,Apparel,79.66,0,1
O017921,2026-07-21,Electronics,8,0,1
O006300,2025-12-30,Apparel,85.52,0,3
O001320,2025-08-21,Home,91.65,0,2
O013372,2026-04-01,Home,135.25,0,3
O006498,2025-12-08,Apparel,46.09,1,4
O015849,2026-06-01,Apparel,34.84,0,3
O010624,2026-02-15,Home,95.38,0,3
O010617,2026-02-23,Home,61.19,0,1
O001222,2025-08-20,Home,81.0,0,2
O010143,2026-02-15,Electronics,149.72,0,3
O006035,2025-12-04,Apparel,53.68,1,2
O003332,2025-10-29,Electronics,145.09,0,7
O005030,2025-11-26,Electronics,38.82,0,1
O011774,2026-03-16,Home,71.38,0,3
O014223,2026-05-17,Apparel,65.94,0,1
O018433,2026-07-01,Home,47.21,0,2
O001604,2025-09-21,Apparel,42.4,0,3
O014249,2026-05-14,Apparel,59.19,0,2
O009738,2026-02-05,Apparel,30.72,1,3
O010103,2026-02-17,Electronics,243.52,0,2
O011158,2026-03-22,Apparel,57.15,1,3
O003487,2025-10-04,Electronics,156.7,0,4
O004595,2025-11-23,Apparel,59.82,0,1
O013257,2026-04-18,Electronics,56.84,1,3
O010602,2026-02-14,Home,47.59,1,3
O001209,2025-08-06,Home,51.5,0,2
O006558,2025-12-27,Electronics,120.98,0,3
O000288,2025-08-17,Apparel,111.59,0,5
O011361,2026-03-29,Electronics,69.89,0,4
O002005,2025-09-29,Electronics,147.8,0,2
O002271,2025-09-05,Electronics,80.27,0,4
O004972,2025-11-05,Electronics,81.68,1,4
O017052,2026-07-27,Apparel,53.54,0,1
O003365,2025-10-07,Electronics,283.35,0,3
O005179,2025-11-12,Electronics,265.2,0,2
O014986,2026-05-03,Home,126.63,0,3
O013084,2026-04-26,Electronics,110.05,0,3
O004921,2025-11-15,Electronics,128.16,0,2
O001851,2025-09-13,Apparel,89.47,0,2
O017698,2026-07-14,Electronics,193.23,0,3
O001723,2025-09-29,Apparel,72.29,1,3
O007308,2025-12-15,Home,80.02,0,2
O008225,2026-01-15,Apparel,93.74,0,2
O001514,2025-09-08,Apparel,60.38,0,4
O011196,2026-03-25,Apparel,97.91,0,3
O004739,2025-11-28,Apparel,31.08,0,1
O009663,2026-02-19,Apparel,70.25,0,3
O007213,2025-12-10,Electronics,92.39,0,3
O014669,2026-05-23,Electronics,191.21,0,2
O012069,2026-03-12,Home,101.12,0,3
O016732,2026-06-19,Home,124.75,1,4
O014117,2026-05-02,Apparel,86.82,0,3
O006522,2025-12-03,Electronics,236.35,0,2
O011918,2026-03-26,Home,102.26,0,1
O012778,2026-04-25,Apparel,70.6,0,4
O001339,2025-08-26,Home,65.29,0,5
O005811,2025-12-06,Apparel,37.9,0,4
O004875,2025-11-07,Electronics,164.85,0,3
O015105,2026-05-27,Home,66.65,0,5
O005869,2025-12-17,Apparel,80.59,0,3
O007883,2026-01-03,Apparel,39.53,1,5
O015920,2026-06-18,Electronics,99.15,0,3
O005170,2025-11-15,Electronics,86.91,0,4
O016813,2026-06-14,Home,114.09,0,6
O003757,2025-10-01,Home,72.06,0,2
O006541,2025-12-02,Electronics,213.18,0,2
O007440,2025-12-23,Home,55.78,1,4
O011186,2026-03-27,Apparel,58.75,1,3
O006856,2025-12-27,Electronics,77.1,0,3
O002077,2025-09-05,Electronics,181.93,0,5
O013171,2026-04-09,Electronics,94.66,0,4
O005590,2025-11-26,Home,32.85,0,3
O003651,2025-10-01,Electronics,8,0,3
O003186,2025-10-13,Apparel,41.41,0,2
O014642,2026-05-10,Electronics,94.94,0,2
O011091,2026-03-26,Apparel,61.48,0,4
O006563,2025-12-27,Electronics,171.82,0,3
O000514,2025-08-15,Apparel,48.98,1,3
O015196,2026-05-05,Home,84.86,0,3
O009353,2026-02-10,Apparel,65.23,0,3
O006164,2025-12-31,Apparel,56.31,0,3
O007443,2025-12-30,Home,95.19,0,3
O015249,2026-06-13,Apparel,34.72,0,2
O016280,2026-06-11,Electronics,125.48,1,4
O016379,2026-06-20,Electronics,37.51,0,2
O008181,2026-01-08,Apparel,56.05,1,3
O018254,2026-07-07,Home,74.25,1,1
O017873,2026-07-16,Electronics,136.7,0,3
O013187,2026-04-23,Electronics,162.13,0,3
O006599,2025-12-15,Electronics,260.85,0,2
O014132,2026-05-22,Apparel,117.63,0,1
O015169,2026-05-25,Home,8,0,2
O006660,2025-12-24,Electronics,118.71,0,4
O008839,2026-01-03,Home,89.18,0,3
O017241,2026-07-20,Apparel,47.93,0,5
O003545,2025-10-19,Electronics,187.07,0,5
O000920,2025-08-25,Electronics,220.2,0,2
O004116,2025-10-07,Home,177.25,0,2
O004773,2025-11-22,Electronics,100.95,0,3
O018033,2026-07-17,Home,55.07,0,3
O017434,2026-07-12,Apparel,78.69,0,2
O017285,2026-07-15,Apparel,63.11,0,3
O007806,2026-01-19,Apparel,83.69,1,4
O015721,2026-06-18,Apparel,75.86,0,3
O018339,2026-07-05,Home,17.7,0,4
O001465,2025-09-30,Apparel,47.11,0,4
O004141,2025-11-14,Apparel,61.35,0,4
O015298,2026-06-23,Apparel,91.43,0,2
O003555,2025-10-20,Electronics,96.79,0,3
O011499,2026-03-31,Electronics,202.27,0,2
O004912,2025-11-12,Electronics,145.82,0,4
O005823,2025-12-30,Apparel,68.24,0,5
O015135,2026-05-24,Home,37.66,0,2
O018403,2026-07-20,Home,111.81,0,2
O001327,2025-08-21,Home,22.15,0,4
O001074,2025-08-29,Home,82.26,0,4
O009080,2026-01-16,Home,85.47,0,4
O000324,2025-08-29,Apparel,94.01,1,3
O001636,2025-09-29,Apparel,73.66,0,2
O014020,2026-05-26,Apparel,60.88,0,3
O016251,2026-06-15,Electronics,149.36,0,3
O006460,2025-12-28,Apparel,82.64,1,3
O008520,2026-01-27,Electronics,128.86,0,3
O011411,2026-03-22,Electronics,194.85,0,4
O001818,2025-09-23,Apparel,78.01,0,3
O011357,2026-03-07,Electronics,238.76,0,1
O004250,2025-11-07,Apparel,68.03,0,4
O010640,2026-02-12,Home,80.7,0,5
O013029,2026-04-25,Electronics,235.62,0,3
O010692,2026-03-08,Apparel,37.64,0,4
O012252,2026-04-22,Apparel,70.62,0,3
O018012,2026-07-18,Home,65.88,0,3
O013871,2026-05-17,Apparel,84.37,0,3
O011933,2026-03-26,Home,123.94,0,4
O000941,2025-08-03,Electronics,100.35,1,4
O005510,2025-11-17,Home,79.43,1,3
O000339,2025-08-09,Apparel,46.71,0,5
O010990,2026-03-03,Apparel,85.76,0,2
O007609,2025-12-17,Home,111.18,0,2
O003686,2025-10-27,Electronics,179.06,0,4
O013680,2026-04-09,Home,75.14,0,4
O007661,2025-12-02,Home,72.31,0,4
O009712,2026-02-27,Apparel,16.14,0,4
O017990,2026-07-26,Electronics,183.78,0,3
O002088,2025-09-27,Electronics,108.3,0,4
O002732,2025-10-09,Apparel,92.07,1,4
O002762,2025-10-17,Apparel,94.91,0,2
O014196,2026-05-19,Apparel,86.44,0,2
O018356,2026-07-18,Home,14.3,0,3
O011426,2026-03-20,Electronics,203.72,0,3
O003721,2025-10-21,Electronics,197.18,1,3
O017942,2026-07-09,Electronics,176.03,0,1
O009523,2026-02-08,Apparel,70.18,0,2
O004337,2025-11-08,Apparel,68.97,0,4
O002191,2025-09-27,Electronics,171.33,0,4
O000588,2025-08-23,Electronics,124.41,0,2
O011991,2026-03-30,Home,99.46,0,2
O004936,2025-11-10,Electronics,90.86,0,2
O009428,2026-02-13,Apparel,107.05,0,5
O001368,2025-09-10,Apparel,93.78,0,4
O014519,2026-05-11,Electronics,183.63,0,4
O003505,2025-10-27,Electronics,122.63,0,3
O003293,2025-10-06,Electronics,96.66,0,4
O004672,2025-11-05,Apparel,36.28,0,2
O017840,2026-07-18,Electronics,41.95,0,3
O010338,2026-02-17,Home,149.45,1,4
O004119,2025-10-19,Home,51.2,0,2
O009858,2026-02-26,Electronics,59.96,0,1
O008059,2026-01-16,Apparel,8,1,5
O014386,2026-05-04,Electronics,130.23,0,3
O001648,2025-09-14,Apparel,8,0,1
O008904,2026-01-19,Home,82.99,0,3
O004877,2025-11-12,Electronics,115.87,1,4
O016886,2026-07-28,Apparel,47.93,0,4
O015332,2026-06-29,Apparel,39.98,1,3
O012324,2026-04-15,Apparel,64.56,0,3
O010484,2026-02-21,Home,82.74,0,3
O001894,2025-09-02,Electronics,151.58,0,3
O017612,2026-07-05,Electronics,67.37,0,3
O011535,2026-03-27,Electronics,108.29,1,3
O010453,2026-02-14,Home,65.07,0,4
O004599,2025-11-25,Apparel,35.94,0,2
O007904,2026-01-07,Apparel,57.58,0,3
O011126,2026-03-24,Apparel,63.81,0,3
O004076,2025-10-15,Home,20.48,0,3
O002009,2025-09-04,Electronics,213.29,0,2
O011772,2026-03-16,Home,32.53,0,5
O017607,2026-07-15,Electronics,159.74,0,3
O007527,2025-12-11,Home,112.19,0,4
O002483,2025-09-25,Home,85.61,0,5
O010717,2026-03-11,Apparel,65.37,1,4
O007870,2026-01-15,Apparel,59.28,0,5
O011149,2026-03-31,Apparel,91.9,1,3
O001850,2025-09-26,Apparel,65.32,0,2
O006138,2025-12-18,Apparel,68.61,0,3
O006263,2025-12-17,Apparel,103.42,0,3
O013169,2026-04-09,Electronics,177.25,0,5
O005036,2025-11-26,Electronics,147.49,1,1
O010596,2026-02-08,Home,107.01,0,4
O006398,2025-12-12,Apparel,55.33,0,3
O016167,2026-06-17,Electronics,119.98,0,4
O006873,2025-12-13,Electronics,171.7,0,4
O010297,2026-02-06,Home,81.89,0,5
O014803,2026-05-02,Electronics,179.11,0,2
O003762,2025-10-09,Home,136.6,0,4
O014509,2026-05-29,Electronics,128.34,0,3
O009419,2026-02-10,Apparel,86.22,0,3
O008317,2026-01-04,Apparel,62.68,0,5
O000172,2025-08-07,Apparel,27.42,0,2
O003180,2025-10-13,Apparel,62.98,0,2
O014477,2026-05-05,Electronics,183.96,0,4
O007163,2025-12-07,Electronics,166.06,0,3
O016603,2026-06-26,Home,56.02,0,3
O012326,2026-04-26,Apparel,119.61,0,4
O010620,2026-02-01,Home,58.85,0,2
O002556,2025-09-18,Home,74.56,0,4
O014340,2026-05-22,Electronics,150.72,0,1
O001700,2025-09-19,Apparel,93.06,0,4
O011264,2026-03-25,Apparel,43.29,0,5
O009472,2026-02-17,Apparel,84.2,0,4
O011699,2026-03-24,Electronics,192.52,0,3
O001982,2025-09-25,Electronics,230.88,0,2
O015210,2026-05-20,Home,85.59,0,4
O010362,2026-02-26,Home,140.86,0,6
O002505,2025-09-05,Home,91.45,0,4
O017087,2026-07-05,Apparel,37.7,0,2
O005040,2025-11-28,Electronics,87.54,0,5
O003920,2025-10-28,Home,83.87,1,2
O016562,2026-06-14,Home,106.26,0,4
O017121,2026-07-16,Apparel,39.24,0,1
O017965,2026-07-13,Electronics,218.02,0,4
O005541,2025-11-23,Home,43.35,0,4
O008088,2026-01-24,Apparel,86.29,0,2
O007559,2025-12-08,Home,34.14,1,4
O007278,2025-12-07,Home,32.95,0,2
O007090,2025-12-17,Electronics,178.06,0,4
O017166,2026-07-12,Apparel,108.23,0,1
O015166,2026-05-20,Home,87.27,0,4
O014527,2026-05-08,Electronics,8,0,3
O015471,2026-06-09,Apparel,17.89,0,2
O016841,2026-07-24,Apparel,56.1,0,3
O004864,2025-11-26,Electronics,137.91,0,4
O012577,2026-04-06,Apparel,71.73,0,1
O004543,2025-11-10,Apparel,87.98,0,2
O006370,2025-12-24,Apparel,30.66,1,3
O005860,2025-12-29,Apparel,97.51,0,3
O012051,2026-03-16,Home,128.14,0,4
O000365,2025-08-13,Apparel,66.73,0,3
O004644,2025-11-12,Apparel,53.63,0,5
O007416,2025-12-07,Home,64.05,0,3
O008356,2026-01-20,Electronics,142.77,1,3
O015004,2026-05-27,Home,118.95,0,2
O003940,2025-10-09,Home,75.43,0,3
O012740,2026-04-10,Apparel,78.71,0,3
O005468,2025-11-13,Home,31.01,0,4
O006221,2025-12-29,Apparel,44.19,0,3
O013166,2026-04-10,Electronics,128.43,0,3
O004817,2025-11-13,Electronics,8,0,2
O013661,2026-04-11,Home,22.29,0,3
O014776,2026-05-11,Electronics,170.34,0,1
O014833,2026-05-21,Home,76.3,0,2
O001406,2025-09-19,Apparel,45.32,1,5
O005396,2025-11-12,Home,120.68,0,2
O012360,2026-04-10,Apparel,50.93,0,3
O008645,2026-01-14,Electronics,219.96,0,4
O016988,2026-07-06,Apparel,41.44,0,4
O001992,2025-09-26,Electronics,126.37,0,3
O011384,2026-03-19,Electronics,237.63,0,4
O017477,2026-07-01,Apparel,76.87,1,2
O004810,2025-11-29,Electronics,90.52,0,1
O012245,2026-04-23,Apparel,72.5,0,1
O010477,2026-02-01,Home,132.4,0,4
O003917,2025-10-19,Home,111.97,0,1
O002339,2025-09-08,Home,88.62,0,2
O013018,2026-04-21,Electronics,36.51,0,4
O017438,2026-07-29,Apparel,50.67,0,3
O017547,2026-07-07,Electronics,60.14,0,4
O011822,2026-03-21,Home,17.95,0,3
O017556,2026-07-07,Electronics,142.44,0,3
O000399,2025-08-16,Apparel,35.13,0,3
O011288,2026-03-03,Electronics,122.42,0,4
O008031,2026-01-12,Apparel,39.61,0,3
O006011,2025-12-25,Apparel,116.65,0,2
O010678,2026-02-06,Home,68.57,0,3
O015778,2026-06-14,Apparel,68.28,0,3
O000237,2025-08-22,Apparel,79.86,0,3
O002695,2025-09-22,Home,112.21,0,3
O000677,2025-08-11,Electronics,115.75,0,5
O013787,2026-05-18,Apparel,117.47,0,4
O014154,2026-05-12,Apparel,39.8,0,4
O006592,2025-12-05,Electronics,140.04,0,2
O014921,2026-05-08,Home,104.45,0,3
O006613,2025-12-30,Electronics,201.0,0,4
O002640,2025-09-24,Home,96.01,0,4
O014055,2026-05-19,Apparel,86.9,0,4
O009109,2026-01-01,Home,92.38,0,2
O018393,2026-07-27,Home,94.5,0,2
O002469,2025-09-20,Home,90.54,0,3
O014367,2026-05-18,Electronics,198.01,0,3
O000881,2025-08-13,Electronics,8,0,2
O008105,2026-01-17,Apparel,84.35,0,2
O003755,2025-10-03,Home,66.45,0,4
O017590,2026-07-31,Electronics,213.45,0,3
O004134,2025-11-19,Apparel,77.1,0,3
O016135,2026-06-29,Electronics,185.54,0,3
O007382,2025-12-25,Home,121.63,0,4
O010828,2026-03-16,Apparel,46.93,0,4
O016127,2026-06-29,Electronics,102.14,0,3
O007340,2025-12-06,Home,51.4,0,3
O006994,2025-12-31,Electronics,196.23,0,3
O004093,2025-10-07,Home,166.36,0,2
O014475,2026-05-26,Electronics,133.93,0,3
O016820,2026-07-28,Apparel,92.93,0,3
O007752,2026-01-28,Apparel,23.22,0,3
O012338,2026-04-16,Apparel,20.26,0,3
O002385,2025-09-27,Home,41.11,1,2
O005760,2025-12-17,Apparel,47.34,0,4
O009085,2026-01-13,Home,86.56,0,3
O005886,2025-12-05,Apparel,49.29,1,3
O001887,2025-09-26,Electronics,175.81,0,4
O014981,2026-05-15,Home,45.11,0,3
O010054,2026-02-21,Electronics,304.48,1,2
O009894,2026-02-24,Electronics,171.86,1,4
O008683,2026-01-31,Electronics,132.32,0,4
O016050,2026-06-02,Electronics,47.96,0,3
O007576,2025-12-22,Home,123.19,0,2
O014797,2026-05-08,Electronics,99.34,1,2
O013381,2026-04-17,Home,58.46,0,4
O010333,2026-02-12,Home,29.37,0,3
O010304,2026-02-01,Home,84.67,0,2
O008334,2026-01-20,Apparel,112.36,1,3
O013938,2026-05-14,Apparel,60.76,0,2
O009983,2026-02-14,Electronics,248.7,0,4
O006923,2025-12-08,Electronics,118.72,0,3
O012966,2026-04-14,Electronics,142.62,0,1
O005027,2025-11-25,Electronics,71.52,0,3
O006254,2025-12-12,Apparel,161.26,0,3
O009342,2026-02-03,Apparel,8,0,4
O018369,2026-07-26,Home,96.21,0,2
O008265,2026-01-25,Apparel,75.79,1,2
O004713,2025-11-23,Apparel,14.2,0,4
O015655,2026-06-24,Apparel,79.05,0,3
O001767,2025-09-21,Apparel,92.77,0,5
O012761,2026-04-28,Apparel,46.29,0,1
O009873,2026-02-12,Electronics,184.79,0,2
O013593,2026-04-06,Home,63.48,0,3
O014485,2026-05-16,Electronics,279.64,0,2
O011381,2026-03-27,Electronics,138.66,0,2
O000225,2025-08-26,Apparel,63.61,0,4
O015735,2026-06-07,Apparel,99.75,0,3
O009772,2026-02-13,Apparel,52.17,0,3
O002651,2025-09-05,Home,88.03,0,4
O017916,2026-07-14,Electronics,173.93,0,3
O015633,2026-06-07,Apparel,62.26,0,1
O006332,2025-12-23,Apparel,59.42,1,3
O001152,2025-08-03,Home,8,0,2
O002504,2025-09-30,Home,134.03,0,4
O011341,2026-03-17,Electronics,190.34,0,4
O005633,2025-11-09,Home,101.45,0,3
O016013,2026-06-06,Electronics,83.01,0,3
O007517,2025-12-11,Home,30.2,0,4
O005188,2025-11-12,Electronics,185.66,0,2
O012042,2026-03-21,Home,29.32,0,4
O016991,2026-07-28,Apparel,42.21,0,2
O017573,2026-07-15,Electronics,111.27,0,4
O004135,2025-11-20,Apparel,76.04,1,3
O004793,2025-11-15,Electronics,36.76,0,4
O016305,2026-06-15,Electronics,133.16,0,3
O016877,2026-07-08,Apparel,53.84,0,2
O012816,2026-04-08,Electronics,135.89,0,5
O005153,2025-11-17,Electronics,196.26,0,3
O008673,2026-01-27,Electronics,119.34,0,4
O011173,2026-03-18,Apparel,8,1,4
O002605,2025-09-29,Home,125.07,0,2
O008847,2026-01-18,Home,69.57,1,2
O008951,2026-01-07,Home,34.85,0,3
O011218,2026-03-16,Apparel,67.73,0,2
O004756,2025-11-25,Apparel,8,0,2
O005577,2025-11-23,Home,73.14,0,4
O016347,2026-06-12,Electronics,123.87,0,3
O017963,2026-07-10,Electronics,146.19,0,2
O012831,2026-04-29,Electronics,31.96,0,3
O000774,2025-08-14,Electronics,144.44,0,4
O013912,2026-05-07,Apparel,52.74,0,1
O011433,2026-03-03,Electronics,10.51,0,4
O010650,2026-02-19,Home,96.16,0,3
O012035,2026-03-25,Home,89.68,0,5
O002126,2025-09-07,Electronics,103.58,1,4
O011055,2026-03-19,Apparel,65.9,0,3
O010689,2026-03-04,Apparel,51.77,0,3
O002096,2025-09-28,Electronics,234.01,0,3
O013366,2026-04-05,Home,64.25,0,3
O009937,2026-02-16,Electronics,231.04,0,1
O001119,2025-08-06,Home,86.13,0,3
O017605,2026-07-25,Electronics,246.49,0,3
O005056,2025-11-13,Electronics,79.17,0,5
O001559,2025-09-09,Apparel,88.71,1,3
O008120,2026-01-23,Apparel,30.73,1,3
O008301,2026-01-28,Apparel,75.86,0,3
O012864,2026-04-17,Electronics,76.51,0,1
O007727,2025-12-14,Home,105.75,0,3
O003163,2025-10-27,Apparel,104.38,0,4
O000456,2025-08-31,Apparel,54.62,1,4
O007071,2025-12-14,Electronics,202.14,0,3
O010939,2026-03-30,Apparel,8,0,4
O014353,2026-05-11,Electronics,166.32,0,3
O004381,2025-11-30,Apparel,57.47,0,4
O002251,2025-09-28,Electronics,151.25,0,2
O002187,2025-09-20,Electronics,208.76,0,3
O018091,2026-07-01,Home,88.83,1,3
O003044,2025-10-19,Apparel,29.19,0,4
O004299,2025-11-29,Apparel,43.24,0,5
O015968,2026-06-22,Electronics,185.62,1,3
O005928,2025-12-26,Apparel,45.13,0,4
O017178,2026-07-16,Apparel,66.35,1,3
O003688,2025-10-31,Electronics,156.5,0,2
O009395,2026-02-23,Apparel,61.2,1,2
O009456,2026-02-27,Apparel,68.3,0,3
O007983,2026-01-26,Apparel,103.65,0,2
O015711,2026-06-21,Apparel,63.28,0,3
O014713,2026-05-16,Electronics,129.3,0,3
O004283,2025-11-12,Apparel,108.49,0,2
O013964,2026-05-22,Apparel,50.4,0,4
O007910,2026-01-19,Apparel,82.44,0,2
O008253,2026-01-17,Apparel,130.11,0,5
O014385,2026-05-26,Electronics,8,0,3
O005042,2025-11-07,Electronics,272.66,0,2
O007990,2026-01-02,Apparel,124.07,1,1
O016927,2026-07-27,Apparel,8,0,3
O005625,2025-11-11,Home,103.95,0,1
O012390,2026-04-15,Apparel,66.29,0,4
O000622,2025-08-08,Electronics,160.73,0,4
O003941,2025-10-16,Home,22.67,0,2
O008303,2026-01-24,Apparel,75.27,0,3
O007675,2025-12-01,Home,121.35,0,1
O017667,2026-07-17,Electronics,260.2,0,2
O001547,2025-09-18,Apparel,78.4,0,5
O000311,2025-08-23,Apparel,92.1,1,2
O008465,2026-01-09,Electronics,81.43,0,5
O008757,2026-01-28,Electronics,123.76,0,2
O008150,2026-01-25,Apparel,56.24,0,3
O000897,2025-08-12,Electronics,162.29,0,2
O004627,2025-11-01,Apparel,24.05,0,4
O000275,2025-08-18,Apparel,14.93,0,2
O008929,2026-01-20,Home,41.61,0,4
O006242,2025-12-02,Apparel,90.09,0,2
O000847,2025-08-21,Electronics,122.78,0,4
O008148,2026-01-04,Apparel,80.24,0,3
O016641,2026-06-05,Home,98.07,0,3
O006855,2025-12-18,Electronics,130.13,0,5
O003985,2025-10-28,Home,66.81,0,3
O017268,2026-07-22,Apparel,78.0,0,3
O014672,2026-05-04,Electronics,104.99,0,3
O007545,2025-12-12,Home,101.06,0,3
O018258,2026-07-01,Home,96.53,0,3
O000017,2025-08-09,Apparel,97.25,0,4
O002655,2025-09-29,Home,110.41,0,4
O010861,2026-03-08,Apparel,64.04,1,3
O013757,2026-05-17,Apparel,101.94,0,4
O010264,2026-02-07,Electronics,15.84,0,3
O017593,2026-07-18,Electronics,70.07,0,4
O016271,2026-06-22,Electronics,163.79,0,3
O008721,2026-01-27,Electronics,159.48,0,2
O010775,2026-03-14,Apparel,67.2,0,3
O003459,2025-10-01,Electronics,154.95,0,4
O011492,2026-03-18,Electronics,236.58,0,4
O013054,2026-04-18,Electronics,112.05,0,2
O004751,2025-11-05,Apparel,32.18,0,2
O012992,2026-04-04,Electronics,221.64,0,4
O013812,2026-05-24,Apparel,57.99,0,4
O012041,2026-03-17,Home,8,0,2
O008423,2026-01-18,Electronics,170.31,0,3
O011298,2026-03-14,Electronics,146.13,0,4
O014413,2026-05-02,Electronics,210.01,0,3
O018274,2026-07-08,Home,93.41,0,5
O016220,2026-06-06,Electronics,245.81,0,2
O010754,2026-03-29,Apparel,8,0,2
O004829,2025-11-12,Electronics,8,0,3
O017794,2026-07-06,Electronics,142.84,1,3
O009730,2026-02-13,Apparel,96.85,0,1
O013880,2026-05-19,Apparel,40.53,1,2
O006985,2025-12-28,Electronics,122.03,0,2
O014872,2026-05-10,Home,73.42,0,3
O006612,2025-12-07,Electronics,99.81,0,5
O007218,2025-12-19,Home,176.94,0,4
O008631,2026-01-03,Electronics,162.83,0,3
O004407,2025-11-27,Apparel,80.75,0,3
O010380,2026-02-23,Home,84.65,0,4
O011128,2026-03-08,Apparel,8.25,0,2
O010674,2026-02-24,Home,8,0,2
O005185,2025-11-30,Electronics,231.26,0,3
O009034,2026-01-21,Home,59.92,0,2
O013168,2026-04-28,Electronics,213.3,0,4
O004879,2025-11-30,Electronics,196.61,0,4
O012843,2026-04-06,Electronics,124.34,0,4
O010232,2026-02-06,Electronics,100.56,0,3
O018226,2026-07-22,Home,154.88,0,3
O012448,2026-04-10,Apparel,115.5,0,2
O004412,2025-11-24,Apparel,81.05,0,5
O000120,2025-08-26,Apparel,105.22,0,5
O017310,2026-07-05,Apparel,77.95,0,3
O011276,2026-03-08,Apparel,34.97,1,4
O005454,2025-11-16,Home,78.63,0,3
O001190,2025-08-06,Home,77.06,0,3
O006445,2025-12-10,Apparel,45.41,0,3
O013072,2026-04-12,Electronics,147.64,0,3
O003760,2025-10-21,Home,54.31,0,2
O005020,2025-11-16,Electronics,81.1,1,2
O012584,2026-04-09,Apparel,77.19,1,3
O008653,2026-01-10,Electronics,252.15,0,5
O004628,2025-11-10,Apparel,81.83,0,4
O002736,2025-10-14,Apparel,67.78,0,3
O005488,2025-11-25,Home,112.06,0,3
O017272,2026-07-13,Apparel,83.98,0,5
O005560,2025-11-17,Home,134.37,0,4
O003897,2025-10-28,Home,141.95,0,4
O014927,2026-05-04,Home,69.12,0,5
O015603,2026-06-04,Apparel,32.68,0,2
O013655,2026-04-07,Home,166.08,0,4
O002699,2025-09-09,Home,8,0,2
O012289,2026-04-09,Apparel,62.44,0,3
O017974,2026-07-04,Electronics,128.2,0,3
O012574,2026-04-13,Apparel,62.1,0,2
O014287,2026-05-27,Apparel,48.48,0,2
O001012,2025-08-20,Home,125.86,1,3
O007177,2025-12-16,Electronics,66.9,0,4
O008630,2026-01-12,Electronics,235.09,0,2
O011302,2026-03-03,Electronics,316.59,0,3
O010026,2026-02-22,Electronics,134.7,0,3
O001273,2025-08-21,Home,92.91,1,4
O013875,2026-05-16,Apparel,32.78,0,4
O015665,2026-06-06,Apparel,44.64,0,2
O005894,2025-12-25,Apparel,82.45,0,3
O012672,2026-04-14,Apparel,52.66,0,4
O017843,2026-07-05,Electronics,243.57,0,4
O006518,2025-12-23,Electronics,127.89,0,1
O002355,2025-09-13,Home,113.5,0,3
O017507,2026-07-26,Electronics,246.1,0,2
O007742,2026-01-25,Apparel,30.18,0,5
O009385,2026-02-12,Apparel,95.88,1,4
O005272,2025-11-16,Electronics,84.65,0,3
O004359,2025-11-22,Apparel,105.65,1,3
O005612,2025-11-14,Home,107.96,0,6
O010421,2026-02-14,Home,64.74,0,3
O008206,2026-01-14,Apparel,60.32,0,3
O017563,2026-07-24,Electronics,135.04,0,1
O012084,2026-03-28,Home,61.88,0,4
O004715,2025-11-18,Apparel,78.23,0,2
O016092,2026-06-30,Electronics,8,0,3
O013598,2026-04-27,Home,118.97,0,3
O006077,2025-12-03,Apparel,81.48,0,2
O014500,2026-05-13,Electronics,149.03,0,3
O015510,2026-06-28,Apparel,47.65,0,6
O002039,2025-09-09,Electronics,232.74,0,1
O009454,2026-02-09,Apparel,34.53,0,6
O010578,2026-02-24,Home,34.41,0,4
O011478,2026-03-28,Electronics,66.23,0,4
O007325,2025-12-07,Home,126.56,0,3
O003534,2025-10-05,Electronics,41.67,0,2
O002611,2025-09-29,Home,115.11,0,3
O000177,2025-08-18,Apparel,72.65,0,4
O012105,2026-03-23,Home,8,0,2
O003639,2025-10-27,Electronics,173.82,1,2
O000081,2025-08-15,Apparel,12.14,0,5
O009552,2026-02-22,Apparel,59.57,0,2
O012680,2026-04-20,Apparel,38.25,0,3
O003119,2025-10-10,Apparel,66.03,0,5
O001218,2025-08-18,Home,88.09,0,2
O001391,2025-09-05,Apparel,59.07,0,3
O009171,2026-01-18,Home,50.36,0,2
O015602,2026-06-03,Apparel,32.22,0,1
O017076,2026-07-05,Apparel,8,0,4
O016439,2026-06-26,Home,11.58,0,3
O010155,2026-02-25,Electronics,91.42,0,5
O014003,2026-05-28,Apparel,105.74,0,3
O010663,2026-02-03,Home,77.36,0,1
O014508,2026-05-08,Electronics,152.04,0,2
O003074,2025-10-08,Apparel,57.67,0,3
O014787,2026-05-08,Electronics,236.89,0,2
O018121,2026-07-07,Home,65.22,0,3
O000181,2025-08-14,Apparel,27.97,0,2
O015104,2026-05-18,Home,154.67,0,2
O018322,2026-07-03,Home,97.94,0,2
O017971,2026-07-07,Electronics,127.11,0,3
O016832,2026-07-07,Apparel,36.6,0,2
O017386,2026-07-29,Apparel,58.09,0,4
O001923,2025-09-14,Electronics,306.31,0,3
O001213,2025-08-16,Home,39.62,0,2
O005846,2025-12-05,Apparel,84.88,0,2
O006233,2025-12-13,Apparel,53.56,1,4
O003625,2025-10-07,Electronics,122.1,0,3
O003414,2025-10-01,Electronics,69.59,0,2
O011434,2026-03-29,Electronics,104.54,0,2
O015317,2026-06-13,Apparel,106.31,0,3
O017882,2026-07-27,Electronics,65.33,0,2
O005673,2025-11-27,Home,110.13,0,3
O011082,2026-03-31,Apparel,76.0,0,3
O008420,2026-01-09,Electronics,8,0,4
O010290,2026-02-19,Home,46.13,0,3
O009913,2026-02-01,Electronics,123.87,0,3
O003673,2025-10-08,Electronics,167.55,0,3
O007507,2025-12-28,Home,104.92,0,2
O015278,2026-06-29,Apparel,42.81,0,4
O002232,2025-09-26,Electronics,221.71,0,3
O003461,2025-10-28,Electronics,12.76,0,3
O006005,2025-12-06,Apparel,64.12,0,4
O002446,2025-09-30,Home,113.29,0,4
O000022,2025-08-13,Apparel,65.56,0,2
O008314,2026-01-18,Apparel,12.99,0,4
O016416,2026-06-06,Home,65.03,0,3
O014865,2026-05-18,Home,76.14,0,4
O004007,2025-10-05,Home,90.23,0,2
O001693,2025-09-14,Apparel,70.15,0,4
O014885,2026-05-14,Home,93.51,0,4
O001836,2025-09-10,Apparel,64.95,0,4
O012519,2026-04-09,Apparel,89.73,0,4
O012246,2026-04-20,Apparel,64.03,0,3
O007204,2025-12-08,Electronics,149.3,0,4
O009413,2026-02-27,Apparel,27.86,1,2
O006621,2025-12-03,Electronics,181.68,0,2
O009484,2026-02-22,Apparel,74.14,0,3
O000587,2025-08-12,Electronics,162.86,0,4
O006698,2025-12-12,Electronics,114.76,0,2
O003478,2025-10-15,Electronics,128.74,0,5
O018216,2026-07-27,Home,83.62,0,5
O000016,2025-08-14,Apparel,87.62,0,4
O001675,2025-09-28,Apparel,104.25,0,3
O014246,2026-05-26,Apparel,44.56,0,3
O006124,2025-12-31,Apparel,51.1,0,2
O014516,2026-05-22,Electronics,188.92,0,1
O000262,2025-08-27,Apparel,38.07,0,4
O006060,2025-12-23,Apparel,32.96,0,4
O007206,2025-12-08,Electronics,344.1,0,2
O008733,2026-01-03,Electronics,128.48,0,5
O004171,2025-11-27,Apparel,109.81,0,5
O018232,2026-07-06,Home,64.51,0,1
O005128,2025-11-26,Electronics,24.64,0,4
O007992,2026-01-29,Apparel,43.71,0,3
O004901,2025-11-12,Electronics,102.04,0,4
O005821,2025-12-19,Apparel,50.35,0,2
O013062,2026-04-19,Electronics,205.82,0,1
O010274,2026-02-01,Electronics,200.05,0,4
O012684,2026-04-18,Apparel,8,0,1
O011671,2026-03-20,Electronics,113.59,0,2
O005892,2025-12-12,Apparel,25.0,0,2
O006872,2025-12-30,Electronics,187.18,0,6
O014278,2026-05-06,Apparel,21.66,0,3
O011446,2026-03-16,Electronics,208.14,0,3
O008560,2026-01-05,Electronics,175.58,0,5
O006652,2025-12-13,Electronics,183.0,0,3
O012705,2026-04-16,Apparel,45.97,0,4
O010676,2026-02-14,Home,58.83,0,1
O017994,2026-07-08,Electronics,222.04,0,4
O000150,2025-08-28,Apparel,34.01,0,3
O007476,2025-12-16,Home,79.41,0,3
O014842,2026-05-10,Home,124.34,0,3
O007539,2025-12-29,Home,57.37,0,3
O008850,2026-01-14,Home,44.76,0,3
O002041,2025-09-26,Electronics,100.47,1,4
O007473,2025-12-15,Home,61.77,0,2
O003664,2025-10-03,Electronics,250.94,0,3
O016286,2026-06-18,Electronics,50.21,0,3
O012161,2026-03-15,Home,115.81,0,2
O018036,2026-07-05,Home,84.31,0,4
O001107,2025-08-21,Home,113.34,1,6
O012842,2026-04-08,Electronics,220.48,0,3
O002296,2025-09-17,Electronics,184.79,0,4
O010887,2026-03-12,Apparel,59.31,0,1
O005775,2025-12-27,Apparel,59.82,0,2
O002132,2025-09-26,Electronics,189.66,0,6
O003489,2025-10-24,Electronics,172.6,0,4
O010150,2026-02-17,Electronics,155.37,0,4
O014122,2026-05-21,Apparel,37.09,0,1
O003306,2025-10-02,Electronics,237.56,1,4
O008843,2026-01-03,Home,87.52,0,2
O008455,2026-01-19,Electronics,196.44,0,3
O002624,2025-09-20,Home,36.51,0,4
O005789,2025-12-18,Apparel,98.5,0,5
O017991,2026-07-06,Electronics,90.93,0,4
O013502,2026-04-17,Home,107.62,0,2
O010764,2026-03-07,Apparel,83.97,0,4
O009406,2026-02-10,Apparel,49.44,0,5
O002829,2025-10-14,Apparel,68.42,0,4
O007951,2026-01-07,Apparel,100.37,0,3
O003541,2025-10-22,Electronics,14.78,0,1
O006827,2025-12-22,Electronics,182.04,0,1
O002185,2025-09-12,Electronics,88.49,0,3
O006082,2025-12-21,Apparel,90.0,0,1
O002693,2025-09-06,Home,41.48,0,3
O017557,2026-07-23,Electronics,197.84,1,3
O017332,2026-07-23,Apparel,72.02,0,1
O017909,2026-07-25,Electronics,108.03,0,4
O000661,2025-08-14,Electronics,202.3,0,5
O003945,2025-10-05,Home,61.85,0,3
O011488,2026-03-27,Electronics,164.75,0,2
O016930,2026-07-20,Apparel,17.15,0,3
O013953,2026-05-11,Apparel,69.28,0,3
O013773,2026-05-31,Apparel,96.46,0,3
O003426,2025-10-14,Electronics,57.33,0,3
O017165,2026-07-17,Apparel,78.1,0,2
O009475,2026-02-27,Apparel,63.26,0,3
O010568,2026-02-17,Home,82.52,0,2
O016568,2026-06-16,Home,111.04,0,3
O012233,2026-04-11,Apparel,102.59,0,2
O005280,2025-11-24,Electronics,103.08,0,3
O013628,2026-04-03,Home,118.03,0,3
O003345,2025-10-21,Electronics,170.3,0,4
O018325,2026-07-10,Home,78.83,0,1
O011208,2026-03-25,Apparel,57.01,0,5
O005965,2025-12-05,Apparel,16.01,0,4
O005436,2025-11-10,Home,17.16,0,4
O010899,2026-03-31,Apparel,52.72,0,4
O001115,2025-08-10,Home,58.1,0,3
O014590,2026-05-31,Electronics,167.72,0,3
O004179,2025-11-01,Apparel,47.99,1,3
O005718,2025-11-21,Home,88.45,0,2
O012822,2026-04-08,Electronics,222.11,0,2
O005129,2025-11-17,Electronics,107.87,0,2
O004447,2025-11-25,Apparel,68.96,0,2
O007466,2025-12-21,Home,81.8,0,2
O004995,2025-11-11,Electronics,169.91,0,3
O013213,2026-04-01,Electronics,148.1,0,5
O011501,2026-03-04,Electronics,165.05,0,4
O002632,2025-09-11,Home,67.91,0,3
O013271,2026-04-16,Home,132.46,0,4
O014778,2026-05-26,Electronics,147.98,0,4
O017405,2026-07-20,Apparel,47.6,0,2
O002298,2025-09-07,Electronics,68.88,0,4
O002291,2025-09-12,Electronics,174.89,0,4
O002430,2025-09-26,Home,92.76,0,5
O014327,2026-05-31,Electronics,181.3,0,3
O004319,2025-11-01,Apparel,66.76,0,3
O008193,2026-01-29,Apparel,15.18,0,3
O016723,2026-06-14,Home,8,0,2
O011983,2026-03-20,Home,122.39,0,4
O012417,2026-04-27,Apparel,106.94,0,3
O002862,2025-10-21,Apparel,56.34,0,3
O003240,2025-10-25,Apparel,63.29,0,4
O018056,2026-07-18,Home,87.46,0,2
O000106,2025-08-11,Apparel,86.05,0,1
O003344,2025-10-15,Electronics,147.06,0,5
O004825,2025-11-22,Electronics,67.92,0,2
O007237,2025-12-25,Home,69.28,0,4
O008676,2026-01-19,Electronics,138.31,0,5
O005186,2025-11-20,Electronics,34.07,0,2
O000945,2025-08-01,Electronics,117.46,0,4
O010773,2026-03-17,Apparel,85.96,0,3
O003723,2025-10-03,Electronics,118.14,0,4
O007149,2025-12-05,Electronics,165.49,0,5
O013462,2026-04-19,Home,103.7,0,4
O015204,2026-05-10,Home,77.05,1,3
O008385,2026-01-20,Electronics,114.5,1,2
O000271,2025-08-03,Apparel,64.58,0,5
O003177,2025-10-10,Apparel,59.23,0,3
O002016,2025-09-06,Electronics,126.1,0,5
O009404,2026-02-02,Apparel,85.63,0,4
O004147,2025-11-25,Apparel,80.17,0,4
O005702,2025-11-11,Home,156.41,0,5
O000696,2025-08-31,Electronics,279.55,0,2
O000431,2025-08-21,Apparel,97.78,0,4
O012543,2026-04-19,Apparel,58.4,0,4
O001298,2025-08-05,Home,134.26,0,3
O012096,2026-03-11,Home,178.77,0,3
O010401,2026-02-04,Home,8,0,5
O001383,2025-09-21,Apparel,53.48,1,4
O013149,2026-04-03,Electronics,79.64,0,4
O017763,2026-07-02,Electronics,36.12,0,2
O004651,2025-11-17,Apparel,52.96,0,5
O009807,2026-02-17,Electronics,195.01,0,2
O016535,2026-06-25,Home,112.46,0,4
O000809,2025-08-21,Electronics,238.64,0,3
O002010,2025-09-02,Electronics,155.75,0,1
O004499,2025-11-27,Apparel,30.01,0,3
O015267,2026-06-28,Apparel,43.72,0,3
O004948,2025-11-11,Electronics,135.23,0,3
O015704,2026-06-03,Apparel,19.72,0,3
O011837,2026-03-04,Home,73.82,0,4
O002480,2025-09-13,Home,63.72,0,4
O001705,2025-09-29,Apparel,55.12,0,4
O009607,2026-02-23,Apparel,85.49,0,5
O006493,2025-12-18,Apparel,48.5,0,5
O004058,2025-10-20,Home,106.26,0,3
O010543,2026-02-06,Home,62.79,1,4
O009953,2026-02-08,Electronics,83.04,0,4
O000026,2025-08-01,Apparel,77.15,0,4
O006040,2025-12-11,Apparel,97.51,0,3
O000075,2025-08-03,Apparel,23.11,0,3
O011620,2026-03-22,Electronics,183.19,0,4
O010703,2026-03-15,Apparel,94.41,1,6
O008475,2026-01-16,Electronics,83.6,0,4
O017263,2026-07-21,Apparel,19.69,0,4
O014023,2026-05-22,Apparel,74.4,0,2
O010972,2026-03-09,Apparel,74.87,1,2
O004443,2025-11-24,Apparel,68.28,0,3
O011476,2026-03-15,Electronics,197.25,0,4
O013748,2026-05-28,Apparel,62.87,0,3
O012599,2026-04-26,Apparel,95.16,0,2
O001571,2025-09-28,Apparel,44.44,0,1
O001552,2025-09-07,Apparel,54.07,0,5
O013990,2026-05-05,Apparel,21.14,0,3
O013746,2026-05-01,Apparel,65.7,0,5
O002155,2025-09-10,Electronics,160.02,0,3
O015957,2026-06-06,Electronics,114.89,0,4
O007948,2026-01-28,Apparel,81.94,1,5
O000873,2025-08-04,Electronics,217.06,0,3
O004014,2025-10-11,Home,91.78,0,4
O009356,2026-02-04,Apparel,106.52,0,4
O000038,2025-08-20,Apparel,84.34,0,4
O015020,2026-05-20,Home,18.21,0,3
O013417,2026-04-12,Home,92.27,0,1
O002228,2025-09-14,Electronics,199.89,0,2
O005326,2025-11-27,Home,101.28,0,4
O014913,2026-05-11,Home,64.54,0,4
O018426,2026-07-10,Home,45.66,0,2
O013745,2026-05-06,Apparel,109.22,0,2
O004348,2025-11-08,Apparel,15.99,1,2
O000478,2025-08-07,Apparel,28.84,0,4
O013302,2026-04-18,Home,75.31,0,3
O015765,2026-06-19,Apparel,112.21,0,3
O003372,2025-10-16,Electronics,152.57,0,3
O007406,2025-12-17,Home,84.02,0,1
O001695,2025-09-09,Apparel,88.72,0,3
O010890,2026-03-03,Apparel,81.34,0,3
O013343,2026-04-26,Home,94.96,0,4
O004840,2025-11-15,Electronics,66.4,0,3
O002603,2025-09-11,Home,72.14,0,4
O014646,2026-05-11,Electronics,261.07,0,3
O010299,2026-02-25,Home,118.73,0,2
O011432,2026-03-12,Electronics,130.29,0,2
O008207,2026-01-18,Apparel,41.49,0,1
O000871,2025-08-04,Electronics,86.97,0,4
O013947,2026-05-10,Apparel,79.85,0,2
O008461,2026-01-09,Electronics,169.33,0,5
O011391,2026-03-05,Electronics,152.28,0,4
O006966,2025-12-01,Electronics,239.88,0,3
O006932,2025-12-26,Electronics,56.28,0,4
O004394,2025-11-21,Apparel,57.52,0,3
O014094,2026-05-08,Apparel,59.83,0,2
O006223,2025-12-22,Apparel,92.18,0,2
O002233,2025-09-10,Electronics,247.14,0,2
O012650,2026-04-22,Apparel,105.36,0,5
O005126,2025-11-24,Electronics,159.11,1,4
O013161,2026-04-20,Electronics,165.86,0,3
