claim_id,open_date,line,cycle_days,paid_amount_usd,subrogation_recovered
L003033,2026-02-25,Auto,35,4227,0
L004534,2026-05-10,Auto,25,5499,0
L002500,2026-01-07,Auto,39,4314,0
L000617,2025-09-19,Auto,37,4854,0
L001176,2025-10-11,Property,46,17310,0
L001307,2025-10-23,Liability,87,10784,0
L004461,2026-05-25,Auto,9,2674,1
L002506,2026-01-01,Auto,46,3409,0
L004911,2026-06-29,Auto,23,5457,0
L005168,2026-06-18,Property,14,13640,0
L000547,2025-09-04,Auto,15,3551,0
L003710,2026-03-20,Property,68,8629,0
L003369,2026-03-31,Auto,29,4675,0
L001340,2025-10-18,Liability,28,8025,0
L003991,2026-04-13,Auto,29,2446,0
L004034,2026-04-25,Auto,18,3557,0
L002420,2026-01-01,Auto,48,6110,0
L001336,2025-10-19,Liability,49,9767,1
L002730,2026-01-22,Property,53,10916,0
L003721,2026-03-17,Property,52,5632,0
L003606,2026-03-23,Property,94,6199,0
L000516,2025-09-02,Auto,35,300,0
L005302,2026-07-23,Auto,16,929,0
L000825,2025-09-15,Liability,58,15797,0
L003824,2026-03-01,Liability,78,21173,0
L003024,2026-02-15,Auto,26,6803,0
L002914,2026-02-06,Auto,48,9541,0
L002046,2025-12-05,Auto,53,2747,1
L001316,2025-10-21,Liability,71,7362,0
L003546,2026-03-27,Auto,42,4145,0
L000209,2025-08-23,Auto,41,6953,1
L002939,2026-02-25,Auto,26,3050,0
L004878,2026-06-11,Auto,27,2189,0
L000142,2025-08-19,Auto,15,4664,1
L005529,2026-07-19,Property,42,12866,0
L005402,2026-07-27,Auto,26,6528,0
L001113,2025-10-09,Auto,25,1890,0
L000703,2025-09-25,Property,56,1525,0
L003945,2026-04-04,Auto,18,6067,0
L004479,2026-05-02,Auto,29,3074,0
L002331,2025-12-01,Liability,34,300,0
L004068,2026-04-20,Property,51,15301,0
L004781,2026-05-08,Liability,52,3253,0
L001496,2025-11-12,Auto,5,854,0
L000413,2025-08-05,Liability,77,19233,0
L002260,2025-12-22,Property,45,13959,0
L001156,2025-10-26,Property,42,17124,0
L003502,2026-03-05,Auto,25,6983,0
L001766,2025-11-06,Liability,43,9824,0
L002561,2026-01-23,Auto,51,7600,1
L005454,2026-07-24,Auto,24,6764,0
L000434,2025-08-28,Liability,47,22871,1
L002722,2026-01-10,Property,13,300,0
L004446,2026-05-19,Auto,28,6883,0
L004754,2026-05-09,Liability,50,17815,0
L004110,2026-04-10,Property,68,10083,0
L004950,2026-06-18,Auto,15,3910,0
L000553,2025-09-19,Auto,56,4061,0
L003425,2026-03-07,Auto,27,4101,0
L005745,2026-07-19,Liability,49,7001,0
L001928,2025-12-03,Auto,27,5773,0
L002550,2026-01-31,Auto,43,2724,1
L004782,2026-05-26,Liability,40,3821,0
L002742,2026-01-24,Property,48,15768,0
L003419,2026-03-20,Auto,59,5537,0
L001059,2025-10-11,Auto,32,4415,0
L001691,2025-11-01,Property,70,5981,0
L001493,2025-11-29,Auto,37,2572,0
L002494,2026-01-11,Auto,42,3882,0
L003514,2026-03-21,Auto,39,4517,0
L002775,2026-01-14,Liability,65,7541,0
L001973,2025-12-27,Auto,24,3025,0
L002172,2025-12-06,Property,30,9405,0
L004726,2026-05-07,Liability,76,14452,0
L001769,2025-11-25,Liability,44,18528,0
L002033,2025-12-17,Auto,46,4724,0
L003987,2026-04-16,Auto,17,2164,0
L004061,2026-04-13,Property,27,6090,0
L004435,2026-05-01,Auto,19,4258,0
L003126,2026-02-12,Property,48,12932,0
L004497,2026-05-12,Auto,14,5702,0
L004795,2026-05-20,Liability,69,13989,0
L002321,2025-12-09,Liability,18,28967,0
L004651,2026-05-05,Property,35,10629,0
L001565,2025-11-10,Auto,60,300,0
L000205,2025-08-21,Auto,45,3704,0
L001907,2025-12-15,Auto,56,5033,0
L001689,2025-11-24,Property,22,300,0
L000886,2025-09-01,Liability,54,300,0
L005559,2026-07-23,Property,22,300,0
L004219,2026-04-29,Property,48,7759,0
L000977,2025-10-30,Auto,50,7688,0
L004662,2026-05-01,Property,25,5950,0
L005479,2026-07-31,Auto,16,11379,0
L000178,2025-08-16,Auto,28,2304,0
L002511,2026-01-26,Auto,15,6023,0
L005492,2026-07-31,Auto,6,3000,0
L000032,2025-08-24,Auto,49,5914,0
L000928,2025-10-01,Auto,30,7052,0
L000910,2025-10-24,Auto,30,1595,0
L004599,2026-05-14,Property,26,300,0
L003407,2026-03-21,Auto,13,2271,0
L001186,2025-10-05,Property,81,1921,0
L005076,2026-06-07,Property,36,10605,0
L001274,2025-10-11,Property,36,1473,0
L000322,2025-08-01,Property,40,10214,0
L002729,2026-01-04,Property,59,3525,0
L002857,2026-01-21,Liability,100,300,0
L002718,2026-01-06,Property,55,300,0
L005334,2026-07-18,Auto,27,11209,1
L003204,2026-02-03,Property,41,9426,0
L001548,2025-11-27,Auto,60,4001,0
L003200,2026-02-15,Property,37,14676,0
L004646,2026-05-05,Property,15,13426,0
L001408,2025-11-10,Auto,27,6542,0
L002610,2026-01-07,Property,82,12032,1
L003754,2026-03-23,Liability,76,15335,0
L001149,2025-10-16,Property,40,6969,0
L002598,2026-01-28,Property,23,618,1
L003304,2026-02-20,Liability,43,14279,0
L002225,2025-12-22,Property,75,11694,0
L000905,2025-09-04,Liability,58,21565,0
L003458,2026-03-16,Auto,18,7977,0
L004345,2026-05-22,Auto,17,549,1
L001434,2025-11-08,Auto,41,4265,0
L004167,2026-04-20,Property,42,6342,0
L001117,2025-10-13,Auto,34,8148,0
L005704,2026-07-20,Liability,49,20813,0
L003997,2026-04-27,Auto,31,5437,0
L005396,2026-07-31,Auto,10,3501,1
L003221,2026-02-09,Property,31,13405,0
L003897,2026-04-14,Auto,20,1810,0
L005252,2026-06-01,Liability,69,19598,1
L003430,2026-03-27,Auto,27,2679,0
L004381,2026-05-03,Auto,18,7237,0
L004372,2026-05-11,Auto,28,6833,0
L005727,2026-07-07,Liability,58,11781,0
L005548,2026-07-29,Property,39,7187,1
L003090,2026-02-26,Property,65,15691,0
L002734,2026-01-14,Property,85,19807,0
L003746,2026-03-16,Liability,52,16821,0
L005483,2026-07-04,Auto,15,300,0
L001580,2025-11-17,Auto,45,6265,0
L005482,2026-07-09,Auto,23,4060,0
L000442,2025-08-18,Liability,106,16606,0
L001305,2025-10-03,Liability,63,17395,0
L004015,2026-04-25,Auto,34,5258,0
L003234,2026-02-22,Property,56,7256,0
L002509,2026-01-24,Auto,34,2604,0
L002393,2026-01-25,Auto,26,753,0
L000902,2025-09-01,Liability,80,1370,0
L003071,2026-02-07,Auto,40,5486,0
L005579,2026-07-07,Property,24,15757,0
L003564,2026-03-29,Auto,45,4282,0
L001935,2025-12-05,Auto,31,835,0
L005298,2026-07-09,Auto,19,5182,0
L001141,2025-10-24,Property,22,5289,0
L001753,2025-11-04,Property,59,300,0
L004346,2026-05-28,Auto,18,5540,0
L002916,2026-02-02,Auto,29,3987,0
L000138,2025-08-07,Auto,27,8516,0
L000035,2025-08-05,Auto,48,1274,0
L003832,2026-04-21,Auto,32,3716,0
L000759,2025-09-24,Property,54,16485,1
L000816,2025-09-20,Liability,64,17506,1
L004519,2026-05-20,Auto,23,3223,0
L002433,2026-01-03,Auto,52,6561,0
L005565,2026-07-29,Property,5,9260,0
L004133,2026-04-19,Property,44,16126,0
L000145,2025-08-26,Auto,56,914,1
L004324,2026-05-25,Auto,19,300,1
L004892,2026-06-30,Auto,16,3147,0
L005027,2026-06-07,Auto,16,1626,0
L002429,2026-01-24,Auto,18,2662,0
L005501,2026-07-21,Auto,24,1428,0
L001725,2025-11-25,Property,81,5241,0
L001443,2025-11-01,Auto,22,300,0
L003940,2026-04-08,Auto,27,300,0
L005444,2026-07-18,Auto,14,4133,0
L004101,2026-04-12,Property,25,14522,0
L005240,2026-06-19,Liability,54,7699,0
L003838,2026-04-04,Auto,21,9413,0
L000986,2025-10-23,Auto,57,3917,0
L000831,2025-09-11,Liability,71,300,0
L001441,2025-11-30,Auto,35,6637,1
L003081,2026-02-28,Auto,29,6495,0
L001308,2025-10-18,Liability,32,16195,0
L004989,2026-06-08,Auto,20,6617,0
L004712,2026-05-22,Liability,83,6032,0
L000040,2025-08-21,Auto,58,8757,0
L004344,2026-05-08,Auto,21,4818,1
L002540,2026-01-27,Auto,31,8743,0
L002037,2025-12-25,Auto,38,10606,0
L004475,2026-05-24,Auto,27,1581,0
L001735,2025-11-11,Property,107,8087,0
L003863,2026-04-12,Auto,17,2655,0
L004152,2026-04-17,Property,19,11180,0
L001362,2025-10-04,Liability,95,11030,0
L002948,2026-02-02,Auto,49,9369,1
L002006,2025-12-09,Auto,40,2920,0
L000462,2025-09-25,Auto,36,9712,0
L004065,2026-04-26,Property,44,8182,0
L001768,2025-11-20,Liability,115,21538,0
L000012,2025-08-12,Auto,46,4445,0
L004199,2026-04-07,Property,66,15231,0
L004622,2026-05-10,Property,50,10678,0
L001910,2025-12-03,Auto,48,4913,0
L005139,2026-06-26,Property,31,8062,0
L004971,2026-06-10,Auto,18,2594,1
L002699,2026-01-27,Property,69,5689,1
L001922,2025-12-13,Auto,19,5020,0
L001641,2025-11-13,Property,38,11997,0
L005571,2026-07-26,Property,25,18566,0
L001861,2025-12-15,Auto,30,3039,0
L001966,2025-12-18,Auto,27,300,0
L001582,2025-11-20,Auto,35,4346,0
L000017,2025-08-05,Auto,46,2293,0
L005234,2026-06-23,Liability,61,16631,0
L002380,2026-01-18,Auto,52,1938,0
L000764,2025-09-08,Property,42,10985,0
L003387,2026-03-17,Auto,39,6267,0
L002470,2026-01-08,Auto,32,7430,0
L005308,2026-07-04,Auto,24,5307,0
L000175,2025-08-22,Auto,22,300,0
L002027,2025-12-15,Auto,32,4836,0
L002032,2025-12-28,Auto,51,6963,1
L004294,2026-04-20,Liability,36,15360,0
L000168,2025-08-18,Auto,36,4412,0
L001422,2025-11-16,Auto,39,3770,0
L002789,2026-01-07,Liability,42,3291,0
L005685,2026-07-28,Liability,38,25543,0
L004477,2026-05-28,Auto,19,6215,1
L003552,2026-03-10,Auto,39,7171,1
L003716,2026-03-29,Property,30,16498,0
L001506,2025-11-08,Auto,27,5715,0
L000923,2025-10-31,Auto,33,300,0
L005542,2026-07-22,Property,46,2892,0
L004088,2026-04-09,Property,25,19205,0
L001079,2025-10-20,Auto,39,5499,0
L005096,2026-06-17,Property,36,13865,0
L002198,2025-12-12,Property,88,9395,0
L002516,2026-01-14,Auto,50,3952,0
L001873,2025-12-23,Auto,29,5129,0
L000211,2025-08-11,Property,45,16693,0
L001399,2025-11-11,Auto,50,791,0
L002695,2026-01-20,Property,57,4949,0
L001415,2025-11-07,Auto,46,6386,1
L005555,2026-07-31,Property,34,9228,0
L004168,2026-04-21,Property,51,9884,0
L004333,2026-05-11,Auto,29,5502,0
L003635,2026-03-08,Property,81,14380,0
L005552,2026-07-20,Property,30,300,0
L000064,2025-08-12,Auto,21,6377,1
L001330,2025-10-10,Liability,85,18490,1
L000955,2025-10-01,Auto,41,9176,0
L005513,2026-07-25,Auto,15,1937,0
L005056,2026-06-04,Property,55,11180,1
L005349,2026-07-26,Auto,29,300,0
L001183,2025-10-18,Property,33,19248,0
L005183,2026-06-21,Property,29,3487,0
L005628,2026-07-16,Property,49,3919,0
L002461,2026-01-01,Auto,38,6527,0
L004886,2026-06-27,Auto,19,300,0
L002513,2026-01-28,Auto,35,5247,0
L005653,2026-07-12,Property,28,7231,0
L003648,2026-03-08,Property,66,13701,0
L003981,2026-04-18,Auto,45,4874,0
L001751,2025-11-30,Property,51,12272,0
L005356,2026-07-08,Auto,23,6727,1
L003539,2026-03-31,Auto,12,9424,0
L003493,2026-03-06,Auto,39,7092,0
L002609,2026-01-15,Property,58,10572,0
L001774,2025-11-06,Liability,48,29701,0
L003346,2026-02-08,Liability,91,27248,0
L002147,2025-12-14,Property,38,16560,0
L002797,2026-01-27,Liability,87,8579,0
L002803,2026-01-09,Liability,97,14394,0
L004102,2026-04-02,Property,43,14516,0
L005500,2026-07-17,Auto,21,1798,0
L004844,2026-06-24,Auto,21,4335,1
L005136,2026-06-22,Property,23,6478,0
L004972,2026-06-23,Auto,25,4862,0
L005422,2026-07-21,Auto,27,5374,1
L004809,2026-06-08,Auto,27,3859,0
L003133,2026-02-05,Property,37,3625,0
L004707,2026-05-06,Property,36,300,0
L005729,2026-07-12,Liability,30,16200,1
L002535,2026-01-19,Auto,19,6078,0
L005208,2026-06-15,Liability,75,5852,0
L002109,2025-12-30,Property,72,15211,0
L004731,2026-05-31,Liability,46,37323,1
L004842,2026-06-03,Auto,25,7409,1
L002444,2026-01-23,Auto,52,7964,0
L004393,2026-05-24,Auto,24,8450,0
L002348,2025-12-27,Liability,67,29729,0
L002136,2025-12-22,Property,59,10291,0
L000167,2025-08-25,Auto,45,5082,0
L005338,2026-07-17,Auto,17,6023,1
L000605,2025-09-21,Auto,36,2288,0
L005032,2026-06-08,Property,33,300,0
L004538,2026-05-26,Auto,27,5998,0
L000356,2025-08-04,Property,71,8784,0
L001908,2025-12-14,Auto,28,739,0
L003333,2026-02-20,Liability,60,13923,0
L003611,2026-03-10,Property,51,300,0
L001015,2025-10-19,Auto,36,4583,0
L002569,2026-01-13,Auto,11,783,0
L005654,2026-07-04,Property,34,19751,0
L002407,2026-01-25,Auto,52,8158,0
L004690,2026-05-13,Property,57,22205,0
L000313,2025-08-28,Property,78,11247,0
L001064,2025-10-27,Auto,35,5687,0
L005191,2026-06-26,Liability,25,15414,0
L005543,2026-07-04,Property,42,5845,0
L002495,2026-01-03,Auto,28,7108,0
L002395,2026-01-05,Auto,20,300,0
L001394,2025-11-13,Auto,9,3002,0
L000202,2025-08-15,Auto,34,5151,0
L004094,2026-04-12,Property,40,4138,0
L002896,2026-02-22,Auto,57,1563,0
L003819,2026-03-06,Liability,90,14595,0
L005352,2026-07-05,Auto,21,2645,0
L002988,2026-02-17,Auto,17,6056,0
L005065,2026-06-18,Property,21,20784,0
L002103,2025-12-27,Property,57,12817,0
L002686,2026-01-02,Property,57,10823,0
L001917,2025-12-11,Auto,24,300,0
L000592,2025-09-22,Auto,32,6282,0
L003554,2026-03-19,Auto,42,5561,0
L004680,2026-05-11,Property,38,11759,0
L005200,2026-06-22,Liability,58,300,0
L004914,2026-06-11,Auto,14,4304,0
L001389,2025-11-20,Auto,25,7889,0
L005322,2026-07-15,Auto,22,6256,0
L003914,2026-04-28,Auto,27,6866,0
L001957,2025-12-22,Auto,41,7500,0
L004253,2026-04-21,Liability,70,28524,0
L000562,2025-09-15,Auto,8,5638,0
L000331,2025-08-01,Property,29,15418,0
L000407,2025-08-01,Liability,97,24775,0
L002817,2026-01-30,Liability,49,23570,0
L004902,2026-06-23,Auto,27,4517,0
L001750,2025-11-09,Property,59,14562,0
L003046,2026-02-06,Auto,31,1389,0
L003230,2026-02-13,Property,77,2441,0
L003275,2026-02-13,Liability,84,3186,0
L000187,2025-08-04,Auto,64,7241,0
L001746,2025-11-14,Property,53,11306,0
L005284,2026-07-26,Auto,11,3948,0
L001622,2025-11-01,Property,48,20327,1
L005289,2026-07-14,Auto,38,2617,1
L002863,2026-02-03,Auto,50,4256,0
L002717,2026-01-08,Property,48,15154,0
L000198,2025-08-30,Auto,33,6195,0
L000523,2025-09-14,Auto,42,7311,0
L002522,2026-01-13,Auto,34,3172,0
L004759,2026-05-30,Liability,18,10431,0
L004020,2026-04-15,Auto,45,1242,0
L004112,2026-04-27,Property,43,2508,0
L004739,2026-05-04,Liability,53,7223,0
L002389,2026-01-16,Auto,43,1642,0
L000240,2025-08-06,Property,42,27385,0
L000865,2025-09-07,Liability,48,22016,0
L005086,2026-06-17,Property,31,8572,0
L000220,2025-08-01,Property,51,5823,0
L003160,2026-02-18,Property,27,8071,0
L001635,2025-11-02,Property,59,2306,0
L001787,2025-11-30,Liability,74,13644,0
L003301,2026-02-06,Liability,82,26862,0
L000438,2025-08-31,Liability,73,27599,0
L003557,2026-03-17,Auto,28,4180,1
L003860,2026-04-14,Auto,44,4409,0
L003992,2026-04-14,Auto,27,5619,0
L001590,2025-11-11,Property,51,5393,0
L002481,2026-01-03,Auto,52,7084,0
L003577,2026-03-17,Property,51,7057,0
L000445,2025-08-17,Liability,72,16030,0
L001857,2025-12-14,Auto,24,6982,0
L004905,2026-06-10,Auto,14,300,0
L001341,2025-10-12,Liability,68,300,1
L003636,2026-03-27,Property,67,7089,0
L003150,2026-02-05,Property,43,15090,0
L001312,2025-10-23,Liability,32,6504,0
L005399,2026-07-10,Auto,21,5361,0
L004734,2026-05-31,Liability,64,10772,0
L004361,2026-05-16,Auto,35,4542,0
L000723,2025-09-07,Property,51,7847,0
L003129,2026-02-16,Property,59,8131,0
L005196,2026-06-05,Liability,34,25381,0
L000086,2025-08-13,Auto,28,2548,0
L004933,2026-06-14,Auto,8,2683,0
L000921,2025-10-14,Auto,29,5542,0
L005598,2026-07-15,Property,31,1077,0
L003261,2026-02-11,Liability,37,19223,0
L005554,2026-07-19,Property,46,7293,0
L003800,2026-03-02,Liability,27,29412,0
L001135,2025-10-14,Property,65,14315,0
L000053,2025-08-04,Auto,34,4590,1
L001421,2025-11-28,Auto,40,4577,0
L005448,2026-07-13,Auto,22,7097,0
L005428,2026-07-02,Auto,16,5410,0
L001001,2025-10-05,Auto,46,300,0
L001329,2025-10-03,Liability,77,18119,0
L005368,2026-07-12,Auto,5,5051,0
L002160,2025-12-19,Property,76,341,0
L001892,2025-12-15,Auto,41,970,0
L003324,2026-02-02,Liability,78,12746,0
L002502,2026-01-31,Auto,13,5284,0
L005026,2026-06-18,Auto,18,9261,0
L000469,2025-09-05,Auto,35,300,0
L000089,2025-08-19,Auto,46,7362,0
L004417,2026-05-10,Auto,26,3976,0
L002280,2025-12-13,Liability,29,25954,0
L004843,2026-06-14,Auto,14,5674,0
L001747,2025-11-16,Property,45,16044,0
L002659,2026-01-07,Property,39,11406,0
L003417,2026-03-17,Auto,43,1278,0
L000414,2025-08-12,Liability,75,9145,0
L002137,2025-12-04,Property,55,439,0
L004995,2026-06-03,Auto,33,303,0
L001424,2025-11-10,Auto,58,2137,0
L005667,2026-07-07,Property,22,19666,0
L003485,2026-03-24,Auto,44,5533,0
L001661,2025-11-11,Property,65,9753,0
L001754,2025-11-13,Property,54,7435,0
L001611,2025-11-20,Property,58,22837,0
L003036,2026-02-22,Auto,23,7897,0
L002849,2026-01-08,Liability,52,26532,0
L000673,2025-09-22,Property,67,14352,0
L004385,2026-05-12,Auto,25,4610,0
L003445,2026-03-19,Auto,48,6185,0
L003522,2026-03-18,Auto,24,300,0
L000493,2025-09-10,Auto,5,3857,0
L004196,2026-04-15,Property,44,15023,0
L002543,2026-01-04,Auto,21,1495,0
L000879,2025-09-20,Liability,61,29272,0
L004967,2026-06-15,Auto,24,3278,0
L000644,2025-09-03,Auto,47,8947,0
L000599,2025-09-20,Auto,42,3531,1
L005389,2026-07-05,Auto,26,6908,0
L000958,2025-10-12,Auto,29,5811,0
L001170,2025-10-21,Property,55,7834,0
L003365,2026-03-29,Auto,24,737,0
L004278,2026-04-26,Liability,62,14190,0
L005198,2026-06-22,Liability,80,20051,0
L003187,2026-02-09,Property,101,7200,0
L000643,2025-09-19,Auto,32,2588,0
L004225,2026-04-30,Liability,76,21029,0
L004590,2026-05-27,Property,23,9654,0
L001603,2025-11-13,Property,28,15732,0
L004489,2026-05-12,Auto,30,3912,0
L002068,2025-12-10,Auto,35,3444,0
L003235,2026-02-15,Property,69,4911,0
L004000,2026-04-27,Auto,22,536,0
L001702,2025-11-28,Property,42,13136,0
L004826,2026-06-21,Auto,24,3626,0
L004565,2026-05-28,Property,50,8498,0
L003629,2026-03-24,Property,23,15649,0
L005057,2026-06-04,Property,47,10061,0
L000484,2025-09-09,Auto,22,1890,1
L003975,2026-04-27,Auto,15,5882,0
L001697,2025-11-04,Property,52,9931,0
L003620,2026-03-07,Property,23,4727,0
L002106,2025-12-10,Property,50,3105,0
L000456,2025-09-19,Auto,37,7325,0
L004684,2026-05-29,Property,45,14111,0
L002114,2025-12-07,Property,43,9317,0
L002606,2026-01-05,Property,44,14572,0
L004818,2026-06-26,Auto,19,6654,0
L000155,2025-08-28,Auto,40,2919,0
L003677,2026-03-06,Property,56,12472,0
L005069,2026-06-02,Property,39,14955,0
L001368,2025-11-01,Auto,41,6123,0
L003784,2026-03-02,Liability,109,28323,1
L001192,2025-10-08,Property,46,2035,0
L001301,2025-10-26,Liability,64,16476,0
L003399,2026-03-21,Auto,33,3069,0
L001209,2025-10-22,Property,26,4799,1
L000632,2025-09-11,Auto,40,8325,0
L005146,2026-06-17,Property,30,1844,1
L000131,2025-08-25,Auto,25,6287,0
L000412,2025-08-09,Liability,58,20972,0
L000850,2025-09-05,Liability,65,19831,0
L000212,2025-08-06,Property,50,10191,0
L000819,2025-09-18,Liability,47,11813,0
L000947,2025-10-24,Auto,28,6623,0
L003538,2026-03-12,Auto,25,2587,0
L004071,2026-04-13,Property,54,13123,0
L005440,2026-07-07,Auto,17,1977,0
L001913,2025-12-22,Auto,29,2013,0
L000348,2025-08-23,Property,53,13493,0
L000244,2025-08-28,Property,44,7894,0
L003927,2026-04-24,Auto,24,3036,0
L000068,2025-08-02,Auto,32,4016,0
L004190,2026-04-05,Property,40,12768,0
L000629,2025-09-19,Auto,29,6446,0
L002156,2025-12-12,Property,27,6363,0
L002431,2026-01-14,Auto,50,2905,0
L004866,2026-06-30,Auto,27,2891,0
L004407,2026-05-22,Auto,27,5541,0
L003115,2026-02-18,Property,67,7773,0
L001529,2025-11-23,Auto,30,5566,0
L000352,2025-08-28,Property,45,9330,0
L004939,2026-06-07,Auto,11,3042,0
L004134,2026-04-21,Property,56,15193,0
L001684,2025-11-26,Property,60,14435,0
L002094,2025-12-16,Property,76,3105,1
L002158,2025-12-01,Property,14,10571,0
L005467,2026-07-22,Auto,21,4969,0
L001356,2025-10-16,Liability,71,8232,0
L003641,2026-03-02,Property,40,300,0
L000360,2025-08-27,Property,57,21258,1
L001306,2025-10-14,Liability,71,17719,0
L001680,2025-11-17,Property,35,4189,0
L004675,2026-05-02,Property,47,18906,0
L001796,2025-11-26,Liability,122,11101,0
L001126,2025-10-24,Property,34,16298,0
L005638,2026-07-04,Property,37,300,0
L005100,2026-06-19,Property,39,8478,0
L001686,2025-11-05,Property,27,5754,0
L001570,2025-11-23,Auto,32,6702,0
L000813,2025-09-26,Property,29,11369,0
L004506,2026-05-31,Auto,37,1217,0
L000475,2025-09-13,Auto,63,8269,0
L001997,2025-12-30,Auto,23,6536,1
L005623,2026-07-01,Property,50,16518,0
L001454,2025-11-09,Auto,5,4317,0
L000354,2025-08-24,Property,50,15704,0
L004341,2026-05-13,Auto,29,1471,0
L005011,2026-06-09,Auto,10,2175,0
L003155,2026-02-10,Property,53,8107,0
L005443,2026-07-08,Auto,29,5856,0
L002434,2026-01-01,Auto,30,821,0
L000561,2025-09-24,Auto,32,2292,0
L000409,2025-08-11,Liability,82,11322,0
L000134,2025-08-27,Auto,50,929,0
L005524,2026-07-15,Property,30,14641,0
L004940,2026-06-03,Auto,21,3129,1
L005098,2026-06-03,Property,29,5256,1
L001845,2025-11-03,Liability,75,12472,0
L005739,2026-07-19,Liability,25,14788,0
L002226,2025-12-01,Property,67,14377,0
L005414,2026-07-21,Auto,14,5277,0
L003220,2026-02-17,Property,65,11527,0
L002439,2026-01-15,Auto,36,7514,0
L002731,2026-01-27,Property,41,6273,0
L004106,2026-04-18,Property,52,19952,0
L005594,2026-07-01,Property,46,6827,0
L002865,2026-02-20,Auto,31,9511,0
L001654,2025-11-27,Property,5,2244,0
L000158,2025-08-26,Auto,51,4490,1
L000514,2025-09-25,Auto,35,2974,0
L003985,2026-04-29,Auto,38,4221,0
L001502,2025-11-20,Auto,45,387,0
L002388,2026-01-29,Auto,54,5633,0
L001060,2025-10-16,Auto,37,7053,0
L002637,2026-01-08,Property,109,1455,0
L005013,2026-06-18,Auto,26,4357,1
L002222,2025-12-03,Property,31,11444,0
L000073,2025-08-28,Auto,25,3154,1
L003503,2026-03-22,Auto,56,1736,0
L000830,2025-09-05,Liability,59,29051,0
L002384,2026-01-03,Auto,26,5435,0
L002255,2025-12-29,Property,81,1725,0
L005503,2026-07-11,Auto,11,300,0
L000195,2025-08-21,Auto,39,3589,0
L003313,2026-02-18,Liability,35,11597,0
L004200,2026-04-29,Property,48,11752,0
L000246,2025-08-19,Property,46,7141,0
L000491,2025-09-16,Auto,32,4677,0
L001765,2025-11-03,Liability,37,15239,0
L003323,2026-02-21,Liability,35,1596,0
L004210,2026-04-10,Property,65,12759,0
L000558,2025-09-15,Auto,36,5822,0
L001062,2025-10-16,Auto,27,4876,0
L002200,2025-12-02,Property,43,19736,0
L001095,2025-10-31,Auto,42,3533,0
L002129,2025-12-18,Property,31,4764,0
L000451,2025-09-01,Auto,29,4836,0
L001930,2025-12-14,Auto,12,6811,0
L004028,2026-04-02,Auto,25,6860,1
L000545,2025-09-06,Auto,25,5423,0
L002920,2026-02-08,Auto,31,7776,0
L003803,2026-03-03,Liability,27,21882,0
L000899,2025-09-08,Liability,83,11232,0
L004573,2026-05-15,Property,23,14243,0
L004636,2026-05-14,Property,39,5157,0
L000238,2025-08-29,Property,44,9365,0
L000891,2025-09-16,Liability,68,28747,0
L005662,2026-07-17,Property,16,2180,0
L002487,2026-01-12,Auto,29,1517,0
L000515,2025-09-04,Auto,62,8266,0
L002507,2026-01-29,Auto,59,1170,1
L005605,2026-07-20,Property,22,10229,0
L000025,2025-08-03,Auto,22,1893,0
L002446,2026-01-06,Auto,34,5364,0
L003823,2026-03-15,Liability,62,17665,0
L005186,2026-06-25,Property,38,15710,0
L004340,2026-05-21,Auto,21,5987,0
L004785,2026-05-20,Liability,46,18836,0
L004891,2026-06-21,Auto,6,2759,0
L005700,2026-07-01,Liability,77,7220,0
L003413,2026-03-20,Auto,49,2536,1
L003909,2026-04-28,Auto,6,520,1
L002193,2025-12-09,Property,74,4512,0
L003916,2026-04-24,Auto,24,2188,1
L003436,2026-03-02,Auto,32,3006,0
L003893,2026-04-11,Auto,33,4730,0
L004067,2026-04-23,Property,39,14523,0
L005508,2026-07-04,Auto,22,1152,1
L003199,2026-02-09,Property,61,7911,0
L005481,2026-07-17,Auto,6,4812,0
L001562,2025-11-21,Auto,28,3671,0
L004807,2026-06-19,Auto,30,1505,0
L005224,2026-06-14,Liability,37,20619,0
L000917,2025-10-15,Auto,34,677,0
L005005,2026-06-24,Auto,16,5715,0
L001833,2025-11-29,Liability,45,15055,0
L004532,2026-05-04,Auto,16,9683,0
L002774,2026-01-23,Liability,131,19985,0
L005053,2026-06-26,Property,37,17813,0
L002858,2026-01-31,Liability,65,13872,0
L004612,2026-05-14,Property,14,8942,0
L002254,2025-12-26,Property,38,5413,0
L001121,2025-10-14,Property,5,10288,0
L004670,2026-05-11,Property,56,14974,0
L005616,2026-07-13,Property,5,2973,0
L002700,2026-01-26,Property,59,6682,0
L003242,2026-02-02,Property,45,7875,0
L001710,2025-11-12,Property,28,10022,0
L004545,2026-05-29,Auto,24,10396,0
L002131,2025-12-15,Property,55,16658,0
L005530,2026-07-17,Property,48,7888,0
L001482,2025-11-20,Auto,69,1937,0
L003282,2026-02-20,Liability,98,300,0
L001974,2025-12-31,Auto,27,1682,0
L003805,2026-03-07,Liability,64,33446,0
L004299,2026-04-06,Liability,55,16703,0
L004969,2026-06-05,Auto,26,2411,0
L000105,2025-08-05,Auto,22,5310,0
L001965,2025-12-05,Auto,40,6280,0
L003556,2026-03-10,Auto,50,3585,0
L002795,2026-01-07,Liability,98,21864,0
L002727,2026-01-07,Property,63,11058,0
L004928,2026-06-06,Auto,8,6108,0
L000137,2025-08-25,Auto,39,4350,0
L002949,2026-02-28,Auto,29,4518,1
L003729,2026-03-08,Property,28,11078,0
L005003,2026-06-05,Auto,24,2723,0
L000685,2025-09-03,Property,61,12965,0
L003700,2026-03-16,Property,63,7573,0
L004064,2026-04-02,Property,33,20979,0
L003361,2026-03-24,Auto,39,6653,0
L003855,2026-04-24,Auto,32,1869,0
L002824,2026-01-29,Liability,50,21817,0
L005157,2026-06-22,Property,13,13363,0
L002365,2025-12-08,Liability,90,3855,0
L000797,2025-09-15,Property,64,13216,0
L001069,2025-10-10,Auto,47,961,0
L003778,2026-03-06,Liability,30,10339,0
L005639,2026-07-29,Property,36,18446,0
L000315,2025-08-25,Property,5,8412,0
L001375,2025-11-09,Auto,37,3586,0
L003779,2026-03-25,Liability,35,19387,0
L002782,2026-01-21,Liability,25,300,0
L005351,2026-07-02,Auto,25,2599,0
L003794,2026-03-20,Liability,96,8686,0
L001839,2025-11-24,Liability,39,17638,0
L002911,2026-02-18,Auto,37,669,0
L005465,2026-07-07,Auto,24,5324,1
L000343,2025-08-27,Property,47,20665,0
L005324,2026-07-27,Auto,15,337,0
L003913,2026-04-22,Auto,26,1174,0
L001337,2025-10-16,Liability,84,26686,0
L003541,2026-03-14,Auto,25,5762,1
L004258,2026-04-15,Liability,41,12004,0
L002888,2026-02-21,Auto,18,1678,0
L003842,2026-04-01,Auto,20,2439,0
L002982,2026-02-15,Auto,42,5762,0
L004331,2026-05-29,Auto,27,2758,0
L000479,2025-09-09,Auto,20,5063,0
L004400,2026-05-20,Auto,27,610,0
L002241,2025-12-31,Property,29,4369,0
L003553,2026-03-16,Auto,28,4499,0
L000219,2025-08-22,Property,29,9315,0
L004305,2026-04-22,Liability,56,5469,0
L002872,2026-02-01,Auto,23,2006,0
L003173,2026-02-26,Property,65,14190,0
L000464,2025-09-08,Auto,18,3738,1
L002482,2026-01-20,Auto,36,1369,0
L004733,2026-05-29,Liability,59,5584,0
L004916,2026-06-02,Auto,27,4967,0
L001354,2025-10-21,Liability,84,4471,0
L001495,2025-11-30,Auto,31,1507,0
L000794,2025-09-01,Property,43,10311,0
L002704,2026-01-30,Property,54,877,0
L000518,2025-09-09,Auto,31,9335,0
L004689,2026-05-16,Property,53,11476,0
L002183,2025-12-24,Property,66,18927,0
L002041,2025-12-24,Auto,35,8038,0
L002596,2026-01-03,Property,24,1786,0
L000314,2025-08-30,Property,21,7410,0
L001290,2025-10-07,Liability,59,19796,0
L003944,2026-04-01,Auto,39,3131,0
L000028,2025-08-01,Auto,56,3224,0
L002755,2026-01-27,Property,100,6651,0
L002361,2025-12-24,Liability,18,13556,0
L001623,2025-11-12,Property,34,8270,0
L002288,2025-12-06,Liability,44,10268,0
L005171,2026-06-04,Property,39,8375,0
L005455,2026-07-09,Auto,23,7275,0
L004438,2026-05-27,Auto,22,2954,0
L005054,2026-06-28,Property,11,6750,0
L002702,2026-01-11,Property,25,26759,1
L001854,2025-12-19,Auto,37,1993,0
L004232,2026-04-23,Liability,64,31884,0
L004874,2026-06-19,Auto,14,1355,0
L004490,2026-05-13,Auto,19,5483,0
L004478,2026-05-12,Auto,7,300,1
L002548,2026-01-19,Auto,37,1815,0
L000569,2025-09-18,Auto,36,1161,1
L004319,2026-05-15,Auto,23,1975,0
L003740,2026-03-06,Liability,89,22919,0
L004024,2026-04-03,Auto,23,5377,1
L000779,2025-09-23,Property,57,2279,0
L001021,2025-10-11,Auto,40,5192,0
L004922,2026-06-03,Auto,11,1041,0
L005603,2026-07-03,Property,36,9971,0
L004883,2026-06-14,Auto,17,300,0
L004334,2026-05-10,Auto,29,8394,0
L004312,2026-04-15,Liability,57,5307,0
L000627,2025-09-07,Auto,31,3494,0
L002739,2026-01-03,Property,51,10196,0
L004223,2026-04-08,Property,33,15205,0
L000281,2025-08-13,Property,30,13890,1
L001577,2025-11-12,Auto,51,2587,0
L001142,2025-10-08,Property,75,15942,0
L000468,2025-09-19,Auto,32,3379,0
L001731,2025-11-13,Property,52,8693,1
L004821,2026-06-01,Auto,21,3942,0
L004257,2026-04-07,Liability,82,11953,0
L003429,2026-03-31,Auto,34,314,0
L003279,2026-02-18,Liability,75,20189,0
L002125,2025-12-23,Property,61,300,0
L001451,2025-11-28,Auto,31,300,0
L004384,2026-05-14,Auto,28,9004,0
L001573,2025-11-14,Auto,31,427,0
L004987,2026-06-25,Auto,21,3238,0
L001722,2025-11-11,Property,44,9553,0
L003273,2026-02-19,Liability,29,10587,0
L003881,2026-04-03,Auto,25,973,0
L001371,2025-11-07,Auto,27,2060,0
L005177,2026-06-01,Property,34,13067,0
L000225,2025-08-17,Property,47,10740,0
L002874,2026-02-21,Auto,37,7246,0
L001054,2025-10-20,Auto,30,4160,1
L001911,2025-12-17,Auto,30,6523,0
L004728,2026-05-28,Liability,22,3132,0
L005319,2026-07-27,Auto,23,910,0
L004992,2026-06-02,Auto,25,4312,0
L003655,2026-03-24,Property,26,6972,0
L003064,2026-02-03,Auto,38,2147,0
L000738,2025-09-06,Property,38,13696,0
L005001,2026-06-14,Auto,28,4745,0
L000460,2025-09-08,Auto,36,1456,0
L004656,2026-05-10,Property,53,7611,0
L003316,2026-02-17,Liability,36,11506,0
L003877,2026-04-23,Auto,12,4954,0
L005511,2026-07-22,Auto,17,6698,0
L004749,2026-05-28,Liability,65,38783,0
L003073,2026-02-15,Auto,39,5114,0
L004884,2026-06-28,Auto,21,5494,0
L002009,2025-12-12,Auto,46,1391,0
L003590,2026-03-22,Property,70,13440,0
L000015,2025-08-20,Auto,24,3992,0
L004375,2026-05-03,Auto,20,2021,0
L003278,2026-02-07,Liability,90,25581,0
L001066,2025-10-21,Auto,38,8991,0
L001807,2025-11-06,Liability,60,9999,0
L005209,2026-06-01,Liability,41,14530,0
L001831,2025-11-12,Liability,63,28829,0
L005029,2026-06-10,Auto,32,6348,0
L005419,2026-07-10,Auto,24,6212,0
L001216,2025-10-24,Property,45,16486,0
L002345,2025-12-28,Liability,103,19347,0
L002617,2026-01-23,Property,94,13550,0
L004059,2026-04-24,Auto,23,6245,0
L001358,2025-10-28,Liability,75,18116,0
L001986,2025-12-02,Auto,31,2847,0
L001072,2025-10-17,Auto,41,300,1
L001152,2025-10-23,Property,44,12693,0
L003749,2026-03-14,Liability,109,24017,0
L001885,2025-12-03,Auto,23,5553,0
L000296,2025-08-10,Property,54,13573,0
L000559,2025-09-11,Auto,25,3202,0
L000689,2025-09-11,Property,51,7004,0
L001730,2025-11-06,Property,24,4331,0
L005040,2026-06-07,Property,39,19267,0
L001196,2025-10-20,Property,54,8472,0
L003964,2026-04-02,Auto,15,3887,0
L005743,2026-07-09,Liability,22,19174,0
L000953,2025-10-18,Auto,17,4744,0
L002778,2026-01-30,Liability,108,18231,0
L002323,2025-12-02,Liability,63,11178,0
L005365,2026-07-17,Auto,16,4455,0
L005451,2026-07-25,Auto,10,5734,0
L003950,2026-04-10,Auto,36,4808,1
L002447,2026-01-26,Auto,28,6300,0
L005515,2026-07-05,Property,29,6917,0
L001860,2025-12-15,Auto,46,300,0
L002918,2026-02-15,Auto,52,2538,0
L002313,2025-12-25,Liability,37,7880,0
L005068,2026-06-02,Property,15,14280,0
L002018,2025-12-19,Auto,30,7753,0
L005041,2026-06-22,Property,27,12472,0
L003248,2026-02-20,Property,52,5998,0
L002366,2025-12-27,Liability,71,2207,0
L002618,2026-01-06,Property,26,21308,0
L000676,2025-09-14,Property,33,14324,0
L005425,2026-07-28,Auto,21,3373,0
L002965,2026-02-28,Auto,53,3950,0
L001299,2025-10-18,Liability,59,34091,0
L003000,2026-02-12,Auto,19,3131,0
L003484,2026-03-27,Auto,34,2976,0
L000898,2025-09-13,Liability,90,11266,0
L000381,2025-08-31,Liability,79,16664,0
L003699,2026-03-16,Property,61,13713,0
L002425,2026-01-27,Auto,28,4307,0
L000207,2025-08-26,Auto,36,2159,0
L001291,2025-10-21,Liability,88,5312,0
L005179,2026-06-13,Property,39,1687,0
L001504,2025-11-23,Auto,25,2276,0
L001677,2025-11-30,Property,71,11002,0
L005294,2026-07-13,Auto,25,3386,0
L004089,2026-04-05,Property,8,6052,0
L003325,2026-02-21,Liability,63,21934,0
L000739,2025-09-07,Property,39,300,0
L004048,2026-04-18,Auto,33,6068,0
L003464,2026-03-05,Auto,24,5590,0
L003108,2026-02-05,Property,77,300,0
L005010,2026-06-27,Auto,30,9078,0
L004559,2026-05-09,Property,51,16278,0
L004430,2026-05-18,Auto,25,5035,0
L002312,2025-12-24,Liability,43,8281,0
L000311,2025-08-03,Property,30,9964,0
L004567,2026-05-09,Property,46,300,0
L000299,2025-08-11,Property,27,9606,1
L005073,2026-06-21,Property,17,5701,0
L001932,2025-12-30,Auto,30,2598,0
L002452,2026-01-22,Auto,22,4934,0
L002278,2025-12-27,Liability,68,26605,0
L003302,2026-02-08,Liability,61,28655,0
L004086,2026-04-14,Property,40,6016,0
L000788,2025-09-29,Property,57,6127,0
L003558,2026-03-07,Auto,18,7416,0
L003596,2026-03-12,Property,47,9567,0
L004711,2026-05-25,Liability,52,300,0
L003589,2026-03-22,Property,61,11408,0
L004812,2026-06-10,Auto,17,3969,0
L002793,2026-01-23,Liability,102,20419,0
L002578,2026-01-08,Auto,56,1816,0
L000581,2025-09-22,Auto,6,4162,0
L005006,2026-06-19,Auto,23,2014,0
L005174,2026-06-11,Property,40,15334,0
L004745,2026-05-07,Liability,66,10583,0
L005534,2026-07-17,Property,35,13656,0
L004952,2026-06-16,Auto,23,3691,0
L005110,2026-06-13,Property,17,1800,1
L003295,2026-02-05,Liability,5,20605,0
L001257,2025-10-19,Property,46,7121,0
L004628,2026-05-03,Property,30,3069,0
L002829,2026-01-15,Liability,37,27469,0
L005305,2026-07-06,Auto,23,7883,0
L005676,2026-07-23,Liability,36,13371,0
L001486,2025-11-01,Auto,34,2630,0
L001514,2025-11-02,Auto,38,6260,0
L000988,2025-10-15,Auto,23,979,0
L002010,2025-12-31,Auto,56,3533,1
L004227,2026-04-07,Liability,65,24768,0
L005335,2026-07-28,Auto,18,2256,0
L004598,2026-05-18,Property,53,13165,0
L000066,2025-08-01,Auto,11,4208,0
L003439,2026-03-14,Auto,42,2450,1
L001050,2025-10-06,Auto,40,8463,0
L002710,2026-01-28,Property,39,300,0
L003018,2026-02-04,Auto,30,6601,0
L003449,2026-03-20,Auto,53,5661,0
L003847,2026-04-18,Auto,45,3670,0
L002838,2026-01-30,Liability,86,20113,0
L005431,2026-07-25,Auto,30,2298,0
L000981,2025-10-29,Auto,41,7723,0
L001879,2025-12-04,Auto,28,6033,0
L001745,2025-11-03,Property,61,4340,1
L005193,2026-06-30,Liability,28,8077,0
L000347,2025-08-25,Property,58,4441,0
L004408,2026-05-06,Auto,10,7579,0
L004681,2026-05-22,Property,40,300,0
L001554,2025-11-27,Auto,38,1663,0
L002952,2026-02-18,Auto,52,300,0
L002232,2025-12-13,Property,70,10109,0
L000938,2025-10-20,Auto,27,3547,0
L004851,2026-06-25,Auto,29,300,0
L003211,2026-02-14,Property,66,2450,0
L004265,2026-04-03,Liability,57,15538,1
L002951,2026-02-16,Auto,60,4605,0
L003665,2026-03-03,Property,79,5121,0
L005312,2026-07-06,Auto,18,2171,0
L002092,2025-12-11,Property,53,3132,0
L004652,2026-05-04,Property,39,15528,0
L003473,2026-03-23,Auto,21,4590,0
L003476,2026-03-06,Auto,31,9437,0
L003878,2026-04-05,Auto,30,5423,1
L000931,2025-10-24,Auto,21,3661,1
L001319,2025-10-13,Liability,35,24337,0
L002541,2026-01-29,Auto,45,8601,0
L000951,2025-10-02,Auto,10,6928,0
L002004,2025-12-06,Auto,34,5248,0
L004467,2026-05-22,Auto,18,300,0
L004505,2026-05-06,Auto,11,5267,0
L004805,2026-06-04,Auto,12,4977,0
L002087,2025-12-31,Property,68,19120,0
L005061,2026-06-30,Property,35,2131,0
L001784,2025-11-26,Liability,95,5676,0
L002476,2026-01-24,Auto,63,300,0
L003085,2026-02-18,Property,42,10468,0
L000734,2025-09-30,Property,37,5247,0
L005004,2026-06-16,Auto,16,5175,0
L003168,2026-02-02,Property,67,9638,0
L000425,2025-08-31,Liability,31,2282,0
L004360,2026-05-03,Auto,21,300,1
L005214,2026-06-02,Liability,35,14071,0
L003180,2026-02-11,Property,64,17053,0
L001228,2025-10-15,Property,52,4235,0
L004073,2026-04-20,Property,76,18152,0
L004427,2026-05-09,Auto,36,5128,0
L001099,2025-10-18,Auto,44,2256,0
L004543,2026-05-09,Auto,19,1117,1
L000148,2025-08-31,Auto,43,6412,0
L001934,2025-12-16,Auto,39,2069,0
L004143,2026-04-24,Property,46,300,1
L003653,2026-03-30,Property,62,6170,0
L001888,2025-12-09,Auto,28,765,0
L005563,2026-07-12,Property,27,7572,0
L000508,2025-09-07,Auto,45,8745,0
L001065,2025-10-22,Auto,28,7388,0
L002404,2026-01-12,Auto,30,7701,0
L002861,2026-02-25,Auto,39,2070,0
L002650,2026-01-15,Property,56,10803,0
L000969,2025-10-15,Auto,40,6918,0
L005567,2026-07-18,Property,40,5255,0
L003034,2026-02-20,Auto,24,5478,0
L003364,2026-03-22,Auto,36,2737,1
L005366,2026-07-26,Auto,33,4553,0
L005303,2026-07-21,Auto,6,2195,1
L001781,2025-11-06,Liability,44,6149,0
L000001,2025-08-14,Auto,27,3833,1
L001456,2025-11-30,Auto,21,6548,0
L004391,2026-05-05,Auto,23,9021,0
L003414,2026-03-19,Auto,6,5682,0
L000336,2025-08-14,Property,37,6386,0
L002796,2026-01-05,Liability,69,31426,0
L001588,2025-11-26,Property,47,7355,0
L002591,2026-01-20,Auto,30,5067,0
L003850,2026-04-19,Auto,14,1951,0
L004019,2026-04-14,Auto,26,3650,0
L004660,2026-05-16,Property,32,9730,0
L004198,2026-04-08,Property,22,2351,0
L000716,2025-09-13,Property,36,5515,0
L004033,2026-04-17,Auto,22,3697,0
L004934,2026-06-17,Auto,25,5606,0
L004070,2026-04-29,Property,36,10867,0
L002126,2025-12-27,Property,77,16734,0
L000440,2025-08-04,Liability,60,7083,0
L000305,2025-08-29,Property,39,12570,0
L002836,2026-01-16,Liability,44,15397,0
L002279,2025-12-18,Liability,71,11969,0
L002146,2025-12-12,Property,62,13949,0
L004268,2026-04-10,Liability,68,23336,0
L003167,2026-02-24,Property,61,15370,0
L005063,2026-06-06,Property,21,10104,0
L000159,2025-08-05,Auto,34,3389,0
L003766,2026-03-03,Liability,33,16547,0
L002163,2025-12-22,Property,73,6390,0
L000506,2025-09-05,Auto,52,1477,1
L000707,2025-09-02,Property,34,9456,0
L005463,2026-07-11,Auto,15,4772,0
L004619,2026-05-01,Property,25,12402,0
L004956,2026-06-06,Auto,6,4895,0
L005671,2026-07-17,Property,28,9592,0
L004263,2026-04-26,Liability,65,16652,0
L003434,2026-03-10,Auto,25,7223,0
L004041,2026-04-08,Auto,21,3025,0
L005019,2026-06-18,Auto,15,1536,0
L005701,2026-07-01,Liability,23,12483,0
L001120,2025-10-20,Auto,7,4532,0
L000235,2025-08-15,Property,57,13663,0
L001345,2025-10-10,Liability,55,12599,0
L001811,2025-11-25,Liability,17,20279,0
L001089,2025-10-06,Auto,45,3624,0
L000395,2025-08-07,Liability,47,15108,0
L002197,2025-12-16,Property,55,5416,0
L005644,2026-07-10,Property,19,300,0
L002188,2025-12-25,Property,39,15390,0
L002415,2026-01-06,Auto,15,6363,0
L005562,2026-07-05,Property,50,14963,0
L000512,2025-09-19,Auto,30,3607,0
L004973,2026-06-20,Auto,26,5583,1
L003422,2026-03-26,Auto,22,4064,0
L000189,2025-08-17,Auto,26,2043,0
L005155,2026-06-23,Property,25,300,1
L004977,2026-06-07,Auto,26,6133,0
L001827,2025-11-02,Liability,95,13334,0
L004772,2026-05-06,Liability,62,38375,0
L001708,2025-11-26,Property,79,14032,0
L003969,2026-04-19,Auto,44,300,0
L003294,2026-02-22,Liability,47,18334,0
L001465,2025-11-21,Auto,39,8113,0
L001334,2025-10-30,Liability,60,20894,0
L004908,2026-06-23,Auto,21,5766,0
L002375,2026-01-12,Auto,38,4754,0
L005156,2026-06-05,Property,15,16261,0
L004588,2026-05-13,Property,54,13873,0
L003170,2026-02-25,Property,21,8331,0
L005540,2026-07-05,Property,44,495,0
L005760,2026-07-09,Liability,68,10459,0
L003977,2026-04-27,Auto,21,2285,0
L004558,2026-05-24,Property,43,2986,0
L003366,2026-03-20,Auto,31,6519,0
L002763,2026-01-09,Property,43,14972,0
L004437,2026-05-07,Auto,37,300,0
L002760,2026-01-29,Property,42,1810,0
L005439,2026-07-10,Auto,8,3147,1
L005470,2026-07-20,Auto,20,4184,0
L004486,2026-05-13,Auto,30,1667,0
L003080,2026-02-01,Auto,21,5283,0
L001878,2025-12-23,Auto,32,3731,1
L004118,2026-04-02,Property,63,10432,0
L001014,2025-10-17,Auto,43,5208,0
L002885,2026-02-23,Auto,42,2297,1
L002856,2026-01-31,Liability,33,39956,0
L005673,2026-07-20,Liability,69,20701,0
L005587,2026-07-25,Property,46,10604,0
L004867,2026-06-11,Auto,13,5413,0
L004075,2026-04-14,Property,26,7923,1
L001220,2025-10-24,Property,33,15343,0
L002108,2025-12-25,Property,37,4857,0
L005204,2026-06-17,Liability,52,15685,0
L005593,2026-07-13,Property,39,10149,0
L000942,2025-10-21,Auto,17,3410,0
L001996,2025-12-10,Auto,32,9243,0
L002694,2026-01-10,Property,55,2722,0
L004365,2026-05-05,Auto,38,4819,0
L005699,2026-07-14,Liability,67,2980,0
L001508,2025-11-24,Auto,35,11003,0
L004431,2026-05-31,Auto,23,7565,0
L005633,2026-07-12,Property,30,6026,0
L004234,2026-04-27,Liability,84,18860,0
L003917,2026-04-03,Auto,28,5342,0
L002369,2025-12-11,Liability,62,12598,0
L001490,2025-11-10,Auto,38,1939,0
L005668,2026-07-04,Property,48,5335,0
L002038,2025-12-08,Auto,39,6802,0
L004214,2026-04-28,Property,39,5663,0
L003559,2026-03-05,Auto,45,3381,0
L000800,2025-09-13,Property,72,14525,0
L001819,2025-11-16,Liability,56,15892,0
L002442,2026-01-10,Auto,51,687,0
L001157,2025-10-09,Property,45,16285,0
L000656,2025-09-23,Auto,17,7200,1
L003339,2026-02-26,Liability,52,18575,1
L003251,2026-02-14,Property,61,3826,0
L000116,2025-08-05,Auto,20,5444,1
L004320,2026-05-16,Auto,23,1521,0
L003973,2026-04-09,Auto,36,4651,0
L000909,2025-10-10,Auto,27,2073,1
L003479,2026-03-04,Auto,42,7809,1
L002465,2026-01-28,Auto,42,5716,0
L005581,2026-07-15,Property,26,5937,0
L004256,2026-04-25,Liability,77,28254,0
L000327,2025-08-14,Property,44,11635,0
L000295,2025-08-29,Property,6,20545,0
L002723,2026-01-24,Property,49,15783,0
L003865,2026-04-12,Auto,31,5183,1
L003245,2026-02-04,Property,73,7241,0
L004580,2026-05-08,Property,28,6692,0
L003875,2026-04-04,Auto,21,5266,1
L002377,2026-01-29,Auto,19,300,0
L000598,2025-09-25,Auto,31,1400,0
L005164,2026-06-07,Property,43,12497,0
L000387,2025-08-11,Liability,54,37322,0
L001372,2025-11-02,Auto,44,3049,0
L003117,2026-02-20,Property,66,9122,0
L004226,2026-04-26,Liability,96,11202,0
L004541,2026-05-26,Auto,14,300,0
L000853,2025-09-20,Liability,58,4861,0
L005578,2026-07-25,Property,7,14176,0
L001094,2025-10-01,Auto,47,3801,0
L002314,2025-12-22,Liability,51,10368,0
L003826,2026-03-28,Liability,72,300,0
L004953,2026-06-29,Auto,26,1330,0
L005642,2026-07-31,Property,33,10238,1
L001449,2025-11-21,Auto,24,3490,0
L001373,2025-11-06,Auto,51,7175,0
L004351,2026-05-01,Auto,16,5535,0
L002243,2025-12-29,Property,62,13737,0
L000151,2025-08-03,Auto,22,4398,0
L003890,2026-04-19,Auto,18,6580,0
L001347,2025-10-28,Liability,96,17727,0
L004128,2026-04-15,Property,37,16917,0
L001344,2025-10-05,Liability,62,11236,0
L001002,2025-10-13,Auto,16,2912,0
L005432,2026-07-07,Auto,12,5861,0
L005035,2026-06-11,Property,35,13571,0
L005564,2026-07-01,Property,25,9896,1
L000635,2025-09-16,Auto,40,3154,0
L004985,2026-06-10,Auto,18,2332,0
L000120,2025-08-25,Auto,16,377,0
L003498,2026-03-24,Auto,19,1990,0
L002164,2025-12-24,Property,77,15758,0
L002182,2025-12-22,Property,63,3956,0
L005077,2026-06-03,Property,28,3287,0
L000455,2025-09-14,Auto,38,300,1
L000925,2025-10-30,Auto,39,1288,0
L005049,2026-06-08,Property,30,11294,0
L003025,2026-02-17,Auto,15,6203,0
L002679,2026-01-11,Property,39,3708,0
L001668,2025-11-29,Property,72,15422,0
L003843,2026-04-17,Auto,20,904,1
L004161,2026-04-04,Property,26,6830,0
L001310,2025-10-07,Liability,79,22011,0
L001617,2025-11-26,Property,66,10980,0
L004616,2026-05-07,Property,38,5242,0
L004699,2026-05-16,Property,19,8509,0
L003227,2026-02-22,Property,68,6483,0
L002906,2026-02-04,Auto,53,4849,0
L000654,2025-09-03,Auto,51,3088,0
L000631,2025-09-10,Auto,40,7464,0
L002175,2025-12-20,Property,52,5683,0
L000556,2025-09-14,Auto,32,3781,1
L002743,2026-01-19,Property,26,8156,0
L000283,2025-08-23,Property,68,12108,0
L000990,2025-10-24,Auto,29,2047,0
L000061,2025-08-14,Auto,33,6697,1
L003237,2026-02-13,Property,84,8660,0
L004243,2026-04-09,Liability,53,300,0
L004205,2026-04-11,Property,66,7762,0
L004295,2026-04-09,Liability,56,17254,0
L001915,2025-12-18,Auto,61,1389,0
L003516,2026-03-17,Auto,57,5507,0
L002768,2026-01-01,Liability,52,8417,0
L001925,2025-12-28,Auto,46,300,0
L005456,2026-07-19,Auto,25,1771,0
L003741,2026-03-30,Liability,54,16766,0
L004896,2026-06-18,Auto,22,4010,0
L000701,2025-09-27,Property,20,9467,0
L000411,2025-08-02,Liability,84,20922,0
L003197,2026-02-18,Property,42,16307,0
L000585,2025-09-25,Auto,19,4321,0
L003074,2026-02-10,Auto,48,4581,0
L003774,2026-03-25,Liability,54,9387,0
L004638,2026-05-08,Property,20,11454,0
L005636,2026-07-31,Property,16,6671,0
L000428,2025-08-22,Liability,67,16225,0
L003487,2026-03-15,Auto,42,3776,0
L002519,2026-01-31,Auto,60,300,0
L001728,2025-11-04,Property,25,4441,0
L000152,2025-08-06,Auto,50,5823,0
L000790,2025-09-29,Property,34,12873,0
L002220,2025-12-11,Property,37,12321,1
L005705,2026-07-21,Liability,75,8943,0
L000806,2025-09-29,Property,66,8298,0
L003518,2026-03-19,Auto,36,6461,0
L005679,2026-07-28,Liability,65,16993,0
L000221,2025-08-12,Property,53,886,1
L001687,2025-11-05,Property,35,4475,1
L001707,2025-11-30,Property,28,19505,0
L005131,2026-06-29,Property,5,6355,0
L005528,2026-07-01,Property,32,11987,0
L001631,2025-11-14,Property,50,1970,0
L004678,2026-05-03,Property,26,19777,0
L002397,2026-01-09,Auto,34,8317,0
L003455,2026-03-19,Auto,40,13942,0
L000524,2025-09-02,Auto,52,4027,0
L001596,2025-11-04,Property,37,15331,0
L002644,2026-01-05,Property,49,7034,0
L005237,2026-06-12,Liability,47,12767,0
L000404,2025-08-04,Liability,68,11279,0
L002371,2025-12-21,Liability,54,22991,0
L003357,2026-03-26,Auto,13,4167,0
L000023,2025-08-08,Auto,21,896,0
L000100,2025-08-15,Auto,30,6676,0
L005488,2026-07-25,Auto,21,2763,0
L005340,2026-07-16,Auto,15,7491,0
L000908,2025-10-25,Auto,46,3911,0
L001229,2025-10-13,Property,58,20907,0
L001450,2025-11-08,Auto,35,9318,0
L003783,2026-03-20,Liability,82,21935,0
L002124,2025-12-31,Property,47,5401,0
L003299,2026-02-11,Liability,93,14380,0
L002098,2025-12-12,Property,66,10232,0
L002870,2026-02-16,Auto,62,5387,0
L002122,2025-12-26,Property,36,10935,1
L000098,2025-08-13,Auto,15,3827,0
L005092,2026-06-20,Property,32,9606,0
L004659,2026-05-19,Property,29,9266,1
L004741,2026-05-24,Liability,30,24414,0
L004335,2026-05-26,Auto,39,7044,0
L005677,2026-07-27,Liability,69,14201,0
L005664,2026-07-26,Property,33,11895,0
L001542,2025-11-01,Auto,36,4962,0
L002101,2025-12-30,Property,59,13158,0
L000859,2025-09-24,Liability,72,3321,0
L002270,2025-12-04,Property,48,300,0
L002014,2025-12-18,Auto,47,3651,0
L003308,2026-02-16,Liability,81,19475,0
L001906,2025-12-04,Auto,45,915,0
L003138,2026-02-23,Property,28,3991,0
L004778,2026-05-19,Liability,30,9298,0
L001808,2025-11-23,Liability,46,19644,0
L004853,2026-06-29,Auto,21,7086,0
L002192,2025-12-06,Property,57,11792,0
L004359,2026-05-29,Auto,22,9023,0
L000713,2025-09-25,Property,52,14170,0
L003959,2026-04-09,Auto,23,4791,0
L000769,2025-09-14,Property,22,2911,0
L001791,2025-11-28,Liability,60,13223,0
L003972,2026-04-29,Auto,15,3377,0
L003343,2026-02-04,Liability,42,21719,0
L000111,2025-08-14,Auto,26,2943,0
L004909,2026-06-08,Auto,31,5851,0
L001705,2025-11-26,Property,28,12688,0
L000014,2025-08-06,Auto,30,658,0
L003772,2026-03-29,Liability,76,12323,0
L003795,2026-03-26,Liability,53,11652,0
L000391,2025-08-04,Liability,93,16918,0
L005497,2026-07-10,Auto,17,5164,0
L004136,2026-04-14,Property,30,6437,0
L004080,2026-04-22,Property,31,13035,0
L003856,2026-04-24,Auto,35,4542,0
L000804,2025-09-13,Property,39,9841,0
L000375,2025-08-25,Liability,18,23226,0
L002102,2025-12-18,Property,54,6426,0
L004107,2026-04-14,Property,34,6020,1
L002016,2025-12-29,Auto,64,4796,0
L005048,2026-06-23,Property,33,8753,0
L003409,2026-03-07,Auto,34,6369,0
L003426,2026-03-15,Auto,28,1827,0
L004175,2026-04-08,Property,18,11061,0
L003105,2026-02-11,Property,47,6821,0
L005341,2026-07-13,Auto,5,2964,0
L000552,2025-09-25,Auto,9,4035,0
L005568,2026-07-12,Property,45,17797,0
L002135,2025-12-09,Property,56,12321,0
L001074,2025-10-03,Auto,33,5005,0
L003762,2026-03-31,Liability,13,36096,0
L001984,2025-12-28,Auto,18,6695,0
L003978,2026-04-26,Auto,15,1666,0
L005445,2026-07-09,Auto,24,3946,0
L004960,2026-06-10,Auto,24,2130,0
L002539,2026-01-24,Auto,43,6094,0
L001217,2025-10-29,Property,56,13017,0
L001607,2025-11-04,Property,38,13353,0
L005220,2026-06-30,Liability,58,14315,0
L005752,2026-07-11,Liability,43,20200,0
L002703,2026-01-14,Property,24,5197,0
L004587,2026-05-25,Property,25,11154,0
L005710,2026-07-14,Liability,64,24161,0
L002398,2026-01-04,Auto,45,8340,0
L003428,2026-03-31,Auto,6,4470,0
L004816,2026-06-29,Auto,36,762,0
L002749,2026-01-27,Property,47,15642,0
L005039,2026-06-05,Property,43,17883,0
L004017,2026-04-10,Auto,39,2502,0
L005613,2026-07-19,Property,53,15388,0
L000901,2025-09-14,Liability,8,13739,0
L004127,2026-04-03,Property,49,15382,0
L000436,2025-08-09,Liability,58,13734,0
L001487,2025-11-26,Auto,32,1557,1
L003178,2026-02-13,Property,12,13854,0
L000190,2025-08-07,Auto,40,2607,0
L002191,2025-12-17,Property,42,4045,0
L004796,2026-05-21,Liability,67,13627,0
L002224,2025-12-14,Property,31,10012,0
L002944,2026-02-18,Auto,41,3828,0
L000657,2025-09-10,Auto,47,8359,0
L000839,2025-09-24,Liability,53,11454,0
L000665,2025-09-30,Property,60,13454,0
L005561,2026-07-05,Property,19,964,0
L001436,2025-11-22,Auto,14,5446,1
L003091,2026-02-02,Property,29,5719,0
L004050,2026-04-24,Auto,38,7336,0
L001675,2025-11-28,Property,64,16734,0
L001564,2025-11-29,Auto,21,6668,0
L001261,2025-10-31,Property,60,12970,0
L001855,2025-12-22,Auto,38,7404,0
L001856,2025-12-27,Auto,52,4450,0
L004631,2026-05-09,Property,31,4141,0
L000125,2025-08-26,Auto,43,3558,0
L005469,2026-07-24,Auto,16,2666,1
L002562,2026-01-26,Auto,50,6304,0
L004811,2026-06-11,Auto,25,4922,0
L001527,2025-11-20,Auto,40,300,0
L000672,2025-09-26,Property,80,300,0
L001600,2025-11-25,Property,73,300,0
L000803,2025-09-25,Property,52,12204,0
L003007,2026-02-04,Auto,43,5513,0
L001254,2025-10-24,Property,90,19618,0
L002269,2025-12-17,Property,67,6939,0
L002908,2026-02-15,Auto,59,6601,1
L002747,2026-01-07,Property,79,6182,1
L004093,2026-04-11,Property,50,13503,0
L004297,2026-04-25,Liability,37,300,0
L001800,2025-11-01,Liability,70,14937,0
L001471,2025-11-23,Auto,32,8181,1
L003023,2026-02-12,Auto,41,4429,0
L001683,2025-11-28,Property,56,9262,0
L001208,2025-10-02,Property,32,10486,0
L005744,2026-07-29,Liability,80,7409,0
L000482,2025-09-22,Auto,31,5060,0
L003121,2026-02-22,Property,48,697,0
L002268,2025-12-23,Property,19,20761,0
L002960,2026-02-03,Auto,38,300,0
L004771,2026-05-28,Liability,66,914,0
L001937,2025-12-04,Auto,26,1326,0
L000529,2025-09-10,Auto,26,1098,0
L003188,2026-02-19,Property,39,14102,1
L003551,2026-03-09,Auto,26,3249,0
L003713,2026-03-10,Property,55,300,0
L004283,2026-04-08,Liability,84,11959,0
L005491,2026-07-23,Auto,17,3324,0
L001581,2025-11-03,Auto,23,3382,0
L001175,2025-10-02,Property,33,8930,0
L003785,2026-03-01,Liability,61,22808,0
L005459,2026-07-15,Auto,20,2313,0
L000097,2025-08-24,Auto,48,2348,0
L000720,2025-09-02,Property,40,15330,0
L002942,2026-02-19,Auto,59,5889,0
L003811,2026-03-25,Liability,92,15541,0
L005137,2026-06-30,Property,27,10805,0
L001480,2025-11-26,Auto,43,6914,0
L003837,2026-04-06,Auto,44,5354,0
L001417,2025-11-18,Auto,32,6736,0
L002042,2025-12-04,Auto,59,2746,0
L004947,2026-06-29,Auto,24,720,1
L000150,2025-08-29,Auto,42,4746,1
L004869,2026-06-09,Auto,30,2893,0
L004583,2026-05-25,Property,41,869,0
L003989,2026-04-13,Auto,30,300,0
L001339,2025-10-10,Liability,54,8577,0
L000675,2025-09-12,Property,44,24298,0
L005141,2026-06-13,Property,10,10537,0
L000787,2025-09-06,Property,58,15938,0
L002772,2026-01-22,Liability,33,21781,0
L002239,2025-12-20,Property,71,18034,0
L004560,2026-05-19,Property,19,14572,0
L001380,2025-11-17,Auto,28,3929,0
L003859,2026-04-14,Auto,33,3702,0
L000774,2025-09-26,Property,44,11225,0
L002468,2026-01-22,Auto,58,3679,0
L005353,2026-07-13,Auto,11,2144,0
L004462,2026-05-22,Auto,31,5348,0
L001237,2025-10-28,Property,54,14455,0
L005502,2026-07-29,Auto,18,3436,0
L004871,2026-06-03,Auto,36,1423,0
L003974,2026-04-11,Auto,40,3532,0
L002658,2026-01-29,Property,67,8496,0
L003509,2026-03-14,Auto,5,1682,0
L005586,2026-07-29,Property,30,5004,0
L002250,2025-12-12,Property,12,6844,0
L004760,2026-05-03,Liability,69,22150,0
L004270,2026-04-10,Liability,53,24347,0
L000503,2025-09-24,Auto,32,3891,0
L003958,2026-04-12,Auto,16,3198,0
L000613,2025-09-27,Auto,27,300,0
L000858,2025-09-18,Liability,53,17330,0
L005621,2026-07-06,Property,17,9717,0
L003654,2026-03-23,Property,36,8040,0
L001703,2025-11-22,Property,51,5446,1
L005533,2026-07-10,Property,30,14332,0
L004554,2026-05-26,Property,65,11773,0
L003452,2026-03-19,Auto,20,2852,0
L002881,2026-02-07,Auto,42,2211,0
L005627,2026-07-18,Property,22,16537,0
L003513,2026-03-14,Auto,15,4060,0
L002061,2025-12-03,Auto,54,2512,1
L000881,2025-09-18,Liability,39,18979,0
L002030,2025-12-26,Auto,52,7209,0
L005531,2026-07-23,Property,22,9412,0
L003243,2026-02-13,Property,5,7597,0
L000210,2025-08-14,Auto,37,10014,0
L001153,2025-10-28,Property,71,17903,0
L001881,2025-12-19,Auto,32,4515,0
L001757,2025-11-29,Liability,60,13348,0
L005259,2026-06-01,Liability,35,31899,0
L004201,2026-04-13,Property,49,12883,0
L000776,2025-09-30,Property,87,6896,0
L004943,2026-06-14,Auto,20,8823,0
L002672,2026-01-20,Property,64,8384,0
L001991,2025-12-04,Auto,43,7973,0
L004439,2026-05-07,Auto,22,1223,1
L004783,2026-05-01,Liability,30,4728,0
L001295,2025-10-15,Liability,72,5452,0
L000536,2025-09-06,Auto,49,4957,0
L003043,2026-02-25,Auto,30,2658,0
L003504,2026-03-30,Auto,33,5988,0
L003835,2026-04-17,Auto,5,3156,0
L005219,2026-06-04,Liability,73,9597,0
L002265,2025-12-29,Property,61,10892,0
L001804,2025-11-06,Liability,90,28236,0
L000574,2025-09-30,Auto,42,1209,0
L000948,2025-10-09,Auto,29,4485,0
L001875,2025-12-10,Auto,38,841,0
L005390,2026-07-06,Auto,20,799,0
L003506,2026-03-17,Auto,40,307,0
L005557,2026-07-24,Property,25,8158,0
L000046,2025-08-16,Auto,30,4850,0
L003745,2026-03-22,Liability,76,19980,0
L005748,2026-07-13,Liability,82,15829,0
L000761,2025-09-14,Property,55,300,0
L003732,2026-03-24,Property,33,7483,0
L000405,2025-08-12,Liability,63,18656,0
L002084,2025-12-07,Auto,40,2844,1
L002537,2026-01-30,Auto,33,300,0
L002453,2026-01-02,Auto,42,4258,0
L001806,2025-11-27,Liability,69,23319,0
L004846,2026-06-10,Auto,12,4649,0
L004047,2026-04-06,Auto,20,2348,0
L004658,2026-05-18,Property,32,8338,0
L004487,2026-05-31,Auto,17,5079,0
L004743,2026-05-17,Liability,74,300,0
L003808,2026-03-24,Liability,75,36045,0
L005328,2026-07-12,Auto,21,6804,0
L003802,2026-03-16,Liability,53,14397,0
L000647,2025-09-15,Auto,34,5249,0
L003027,2026-02-25,Auto,25,1087,0
L000252,2025-08-01,Property,63,19583,0
L002031,2025-12-27,Auto,50,3094,0
L001136,2025-10-21,Property,53,17920,0
L000712,2025-09-27,Property,42,9256,0
L005047,2026-06-16,Property,33,8478,0
L005273,2026-06-26,Liability,43,8938,0
L003873,2026-04-08,Auto,22,3719,0
L001053,2025-10-16,Auto,44,300,0
L002744,2026-01-24,Property,60,17295,0
L001077,2025-10-22,Auto,43,1179,0
L002570,2026-01-03,Auto,60,4987,0
L005160,2026-06-04,Property,24,16244,0
L005733,2026-07-19,Liability,48,300,0
L001859,2025-12-28,Auto,29,5304,0
L004732,2026-05-26,Liability,41,14270,0
L003659,2026-03-18,Property,33,9558,0
L000837,2025-09-28,Liability,83,27928,0
L004057,2026-04-06,Auto,16,3748,0
L003405,2026-03-14,Auto,42,8252,1
L005755,2026-07-31,Liability,15,16966,0
L004563,2026-05-22,Property,52,3143,0
L002553,2026-01-16,Auto,21,2656,0
L005354,2026-07-16,Auto,18,2778,0
L001898,2025-12-05,Auto,36,2646,0
L005339,2026-07-27,Auto,21,6188,0
L005085,2026-06-10,Property,46,10774,0
L002820,2026-01-05,Liability,63,37079,0
L000659,2025-09-04,Auto,29,6235,0
L004498,2026-05-05,Auto,19,656,0
L001191,2025-10-04,Property,74,18028,0
L002252,2025-12-30,Property,32,12481,0
L002335,2025-12-06,Liability,79,18130,0
L000278,2025-08-03,Property,81,10256,0
L001024,2025-10-18,Auto,29,3514,0
L004241,2026-04-28,Liability,100,21553,0
L001302,2025-10-29,Liability,114,1118,0
L002781,2026-01-03,Liability,90,15273,0
L003533,2026-03-20,Auto,37,3957,0
L003441,2026-03-21,Auto,32,5908,0
L001770,2025-11-09,Liability,47,25784,0
L004301,2026-04-25,Liability,75,18097,0
L000736,2025-09-18,Property,60,19454,0
L001462,2025-11-27,Auto,15,7470,0
L004872,2026-06-18,Auto,7,2002,0
L004594,2026-05-02,Property,37,9179,1
L001458,2025-11-28,Auto,33,1884,0
L004881,2026-06-18,Auto,19,3454,0
L004634,2026-05-14,Property,38,8009,0
L004958,2026-06-20,Auto,19,3725,0
L003468,2026-03-09,Auto,36,300,0
L000090,2025-08-19,Auto,35,4308,0
L000760,2025-09-16,Property,13,10637,0
L003132,2026-02-24,Property,70,1718,0
L004292,2026-04-15,Liability,72,29303,0
L003672,2026-03-22,Property,27,10197,0
L005269,2026-06-23,Liability,80,19017,0
L001281,2025-10-28,Liability,52,20625,0
L004138,2026-04-21,Property,37,4522,1
L000878,2025-09-23,Liability,61,300,0
L005550,2026-07-19,Property,27,8148,0
L002471,2026-01-28,Auto,55,2173,0
L002846,2026-01-22,Liability,43,20749,0
L004288,2026-04-25,Liability,55,18043,1
L001297,2025-10-09,Liability,77,21462,0
L003112,2026-02-15,Property,50,3034,0
L000584,2025-09-26,Auto,21,3800,0
L002954,2026-02-17,Auto,47,4181,0
L002426,2026-01-05,Auto,25,300,0
L002563,2026-01-22,Auto,41,6002,0
L004836,2026-06-29,Auto,20,7767,0
L001492,2025-11-04,Auto,58,5017,0
L005376,2026-07-01,Auto,22,5419,1
L005148,2026-06-05,Property,24,4090,0
L003926,2026-04-29,Auto,30,2586,0
L001674,2025-11-18,Property,27,7807,0
L004561,2026-05-20,Property,60,3970,0
L002247,2025-12-23,Property,46,13576,0
L004961,2026-06-30,Auto,15,1173,0
L004077,2026-04-29,Property,40,9907,0
L000714,2025-09-05,Property,73,4186,0
L004944,2026-06-01,Auto,16,300,1
L004903,2026-06-18,Auto,23,5295,0
L002683,2026-01-20,Property,54,7117,0
L001197,2025-10-01,Property,63,30564,0
L000303,2025-08-08,Property,58,10552,0
L000481,2025-09-11,Auto,12,4996,0
L003226,2026-02-11,Property,47,17631,1
L004780,2026-05-22,Liability,56,9156,0
L004009,2026-04-02,Auto,30,5074,0
L004793,2026-05-05,Liability,38,8666,0
L002924,2026-02-25,Auto,42,5963,1
L004829,2026-06-21,Auto,26,300,1
L005626,2026-07-29,Property,28,1835,1
L003350,2026-03-15,Auto,48,7673,1
L004262,2026-04-14,Liability,41,10272,0
L001300,2025-10-05,Liability,78,23576,0
L005523,2026-07-22,Property,23,9038,1
L004614,2026-05-01,Property,43,13889,0
L005493,2026-07-15,Auto,29,2845,0
L002272,2025-12-30,Property,44,4748,0
L000224,2025-08-06,Property,42,8376,0
L001207,2025-10-02,Property,52,5906,0
L000894,2025-09-22,Liability,86,21310,0
L005759,2026-07-02,Liability,49,9925,0
L000106,2025-08-01,Auto,27,5243,0
L005091,2026-06-29,Property,45,12990,0
L004979,2026-06-22,Auto,22,3583,0
L005471,2026-07-30,Auto,27,3713,0
L001605,2025-11-08,Property,47,5215,0
L001690,2025-11-27,Property,58,11497,0
L001150,2025-10-17,Property,66,7464,0
L004609,2026-05-04,Property,36,8858,0
L002791,2026-01-24,Liability,74,18393,0
L000600,2025-09-11,Auto,38,6882,1
L001475,2025-11-15,Auto,5,1348,0
L004421,2026-05-24,Auto,28,8426,0
L000316,2025-08-15,Property,58,13478,0
L002290,2025-12-08,Liability,52,20061,0
L002974,2026-02-03,Auto,52,5992,0
L001349,2025-10-28,Liability,45,10185,0
L002045,2025-12-10,Auto,48,4978,0
L005494,2026-07-08,Auto,20,4147,0
L004716,2026-05-28,Liability,25,23821,0
L000399,2025-08-08,Liability,76,14691,0
L002319,2025-12-28,Liability,93,865,0
L003041,2026-02-26,Auto,39,4944,0
L001303,2025-10-12,Liability,57,11808,1
L001406,2025-11-20,Auto,46,4451,0
L004311,2026-04-28,Liability,85,19385,0
L000499,2025-09-07,Auto,27,3583,0
L004698,2026-05-17,Property,82,12176,0
L001259,2025-10-05,Property,22,10339,0
L001741,2025-11-23,Property,89,16420,0
L003274,2026-02-02,Liability,70,11882,0
L004724,2026-05-04,Liability,54,31342,0
L004314,2026-04-18,Liability,67,14571,0
L005037,2026-06-26,Property,25,2271,0
L004648,2026-05-13,Property,37,6245,0
L002100,2025-12-07,Property,32,300,0
L005682,2026-07-28,Liability,55,24916,0
L005614,2026-07-29,Property,38,8533,0
L002289,2025-12-18,Liability,90,23001,0
L004184,2026-04-13,Property,19,9416,0
L003678,2026-03-08,Property,68,7188,1
L001222,2025-10-31,Property,37,3543,0
L002503,2026-01-18,Auto,34,1828,0
L005371,2026-07-27,Auto,14,4457,0
L002233,2025-12-21,Property,51,10193,0
L000140,2025-08-24,Auto,37,7486,0
L005526,2026-07-19,Property,42,11101,0
L005162,2026-06-21,Property,28,10256,0
L001428,2025-11-26,Auto,45,5226,0
L000267,2025-08-20,Property,49,6117,0
L000591,2025-09-30,Auto,18,3144,0
L004831,2026-06-24,Auto,24,3481,0
L005536,2026-07-23,Property,57,19613,0
L000002,2025-08-10,Auto,43,7304,0
L004915,2026-06-29,Auto,17,3333,0
L001644,2025-11-25,Property,44,15029,0
L005527,2026-07-04,Property,28,11959,0
L005415,2026-07-14,Auto,18,7401,0
L005449,2026-07-09,Auto,30,300,0
L002320,2025-12-12,Liability,38,8295,0
L004092,2026-04-24,Property,37,11714,0
L005231,2026-06-17,Liability,50,15223,1
L000060,2025-08-25,Auto,29,2968,1
L004669,2026-05-11,Property,14,17191,0
L001248,2025-10-19,Property,57,12772,0
L003822,2026-03-04,Liability,88,11613,0
L005299,2026-07-03,Auto,13,6328,0
L003717,2026-03-31,Property,39,300,0
L003999,2026-04-15,Auto,6,4102,0
L002603,2026-01-14,Property,55,6134,0
L000641,2025-09-17,Auto,26,8912,0
L001080,2025-10-02,Auto,35,4748,0
L001679,2025-11-14,Property,50,13977,0
L004875,2026-06-23,Auto,6,2357,0
L001333,2025-10-21,Liability,25,12960,0
L001844,2025-11-02,Liability,67,11928,0
L001416,2025-11-26,Auto,42,300,0
L003068,2026-02-28,Auto,31,3276,0
L002138,2025-12-02,Property,104,11655,0
L001627,2025-11-27,Property,40,15766,0
L000095,2025-08-09,Auto,49,1934,0
L003571,2026-03-28,Auto,51,6088,1
L004774,2026-05-13,Liability,42,20982,0
L001866,2025-12-25,Auto,40,3527,0
L001729,2025-11-25,Property,69,10684,0
L005228,2026-06-11,Liability,84,6002,0
L004923,2026-06-18,Auto,15,5189,0
L005420,2026-07-30,Auto,16,2105,1
L002654,2026-01-31,Property,41,4424,0
L004023,2026-04-10,Auto,27,3890,0
L003683,2026-03-17,Property,54,12672,0
L005572,2026-07-16,Property,38,7339,0
L004115,2026-04-29,Property,28,11820,1
L005083,2026-06-11,Property,26,10124,0
L003925,2026-04-08,Auto,11,3405,0
L003144,2026-02-11,Property,49,3578,0
L001034,2025-10-01,Auto,33,1376,0
L000334,2025-08-01,Property,41,11952,1
L000913,2025-10-09,Auto,34,4507,0
L001555,2025-11-10,Auto,25,2888,0
L002497,2026-01-04,Auto,41,3094,0
L002804,2026-01-06,Liability,61,21471,0
L002498,2026-01-28,Auto,38,6794,0
L000364,2025-08-11,Liability,83,28554,0
L001837,2025-11-28,Liability,28,9059,0
L003139,2026-02-04,Property,53,2051,0
L004727,2026-05-02,Liability,64,18579,0
L004104,2026-04-16,Property,41,17435,0
L003662,2026-03-24,Property,35,4696,0
L002903,2026-02-23,Auto,26,3163,0
L002310,2025-12-06,Liability,42,8924,0
L003675,2026-03-15,Property,42,18247,0
L001927,2025-12-22,Auto,35,4972,0
L004213,2026-04-22,Property,26,9975,0
L002111,2025-12-10,Property,81,8873,0
L003149,2026-02-14,Property,64,7410,1
L003459,2026-03-26,Auto,61,8289,0
L005426,2026-07-14,Auto,21,1957,0
L002713,2026-01-27,Property,52,13101,0
L001470,2025-11-16,Auto,30,5654,0
L003576,2026-03-13,Property,48,6596,0
L002496,2026-01-21,Auto,33,4575,0
L005370,2026-07-28,Auto,12,8556,0
L003165,2026-02-10,Property,51,10274,0
L001327,2025-10-01,Liability,53,16327,0
L003427,2026-03-02,Auto,24,6882,0
L003400,2026-03-21,Auto,47,3645,0
L003050,2026-02-23,Auto,42,3480,1
L000748,2025-09-22,Property,19,2769,0
L002868,2026-02-12,Auto,41,4459,0
L001027,2025-10-07,Auto,19,2129,0
L001771,2025-11-17,Liability,73,4489,0
L005238,2026-06-17,Liability,51,23392,0
L003383,2026-03-12,Auto,16,1706,0
L005167,2026-06-25,Property,41,16600,0
L005734,2026-07-10,Liability,69,7391,0
L004873,2026-06-05,Auto,5,6504,0
L001016,2025-10-09,Auto,43,1179,1
L001890,2025-12-01,Auto,45,7976,1
L002438,2026-01-28,Auto,37,7572,1
L000753,2025-09-28,Property,52,16128,0
L000346,2025-08-28,Property,45,1082,0
L004835,2026-06-16,Auto,26,1958,0
L002026,2025-12-16,Auto,19,2363,0
L003410,2026-03-25,Auto,19,6121,0
L005232,2026-06-26,Liability,67,18589,0
L002214,2025-12-16,Property,77,19769,0
L001435,2025-11-18,Auto,53,3102,0
L005392,2026-07-17,Auto,25,2520,0
L005747,2026-07-25,Liability,44,21673,0
L001275,2025-10-11,Property,21,3554,0
L000328,2025-08-07,Property,53,11439,0
L002514,2026-01-30,Auto,29,3524,0
L003815,2026-03-14,Liability,47,20147,0
L003022,2026-02-21,Auto,30,4514,1
L004352,2026-05-23,Auto,11,10348,0
L003386,2026-03-25,Auto,42,5273,0
L000013,2025-08-13,Auto,43,8263,0
L001912,2025-12-23,Auto,59,5267,0
L002474,2026-01-10,Auto,23,3960,0
L005442,2026-07-28,Auto,23,3202,0
L003195,2026-02-24,Property,65,9670,0
L001902,2025-12-17,Auto,32,5530,0
L002565,2026-01-27,Auto,27,4410,0
L005239,2026-06-04,Liability,66,23990,0
L001412,2025-11-26,Auto,34,2039,0
L003545,2026-03-17,Auto,42,300,0
L001464,2025-11-27,Auto,37,5658,0
L005381,2026-07-20,Auto,8,4307,0
L002523,2026-01-18,Auto,18,2805,0
L000841,2025-09-09,Liability,74,21149,0
L003834,2026-04-28,Auto,41,7649,0
L001107,2025-10-16,Auto,25,4615,0
L003943,2026-04-22,Auto,36,3811,0
L004495,2026-05-31,Auto,27,2114,0
L004586,2026-05-13,Property,43,3288,0
L004617,2026-05-28,Property,29,7116,0
L002860,2026-01-25,Liability,27,6238,0
L002993,2026-02-08,Auto,28,3937,0
L000099,2025-08-04,Auto,18,6270,0
L002972,2026-02-23,Auto,25,738,0
L002271,2025-12-09,Property,60,6294,0
L000166,2025-08-13,Auto,43,3359,0
L004797,2026-05-27,Liability,77,9357,0
L000320,2025-08-04,Property,36,14566,0
L000287,2025-08-17,Property,57,11773,0
L000752,2025-09-11,Property,23,7655,0
L001068,2025-10-06,Auto,47,300,0
L004254,2026-04-25,Liability,33,3216,0
L004457,2026-05-27,Auto,26,11110,0
L005461,2026-07-24,Auto,20,4455,1
L003536,2026-03-21,Auto,37,5313,0
L004449,2026-05-07,Auto,23,5149,0
L001786,2025-11-30,Liability,58,300,0
L002455,2026-01-27,Auto,55,4431,1
L001240,2025-10-17,Property,67,16084,0
L002668,2026-01-01,Property,56,9174,0
L001926,2025-12-08,Auto,15,5445,0
L003614,2026-03-29,Property,96,10792,0
L000586,2025-09-12,Auto,49,5900,0
L000885,2025-09-19,Liability,48,19475,0
L000978,2025-10-22,Auto,42,4412,0
L000454,2025-09-22,Auto,54,2684,1
L000998,2025-10-09,Auto,41,1250,0
L000548,2025-09-04,Auto,57,4239,0
L002246,2025-12-30,Property,61,3881,0
L003704,2026-03-13,Property,57,6269,0
L003886,2026-04-08,Auto,26,9233,1
L005558,2026-07-25,Property,30,16104,0
L004524,2026-05-29,Auto,16,2866,0
L003337,2026-02-18,Liability,70,15652,0
L000842,2025-09-09,Liability,82,14425,0
L000286,2025-08-13,Property,85,9295,0
L004309,2026-04-19,Liability,69,14694,0
L005468,2026-07-10,Auto,14,3144,0
L001410,2025-11-17,Auto,46,5139,0
L005045,2026-06-29,Property,33,18794,0
L002034,2025-12-31,Auto,46,6937,0
L003217,2026-02-06,Property,66,15789,1
L002556,2026-01-22,Auto,39,7392,0
L005382,2026-07-05,Auto,23,4877,0
L002785,2026-01-08,Liability,104,7269,1
L004688,2026-05-05,Property,44,27275,0
L003952,2026-04-30,Auto,39,2967,0
L003238,2026-02-15,Property,75,12284,0
L004758,2026-05-11,Liability,48,22982,0
L004111,2026-04-04,Property,44,8593,0
L001463,2025-11-08,Auto,40,7608,0
L000034,2025-08-24,Auto,40,3173,0
L001503,2025-11-11,Auto,37,6301,0
L001283,2025-10-24,Liability,115,19849,0
L004081,2026-04-03,Property,49,2267,0
L005669,2026-07-06,Property,28,9942,0
L003612,2026-03-03,Property,50,5660,0
L004825,2026-06-05,Auto,19,4348,0
L002612,2026-01-26,Property,64,8324,0
L001642,2025-11-23,Property,60,6979,1
L000614,2025-09-29,Auto,34,8111,0
L005189,2026-06-20,Property,39,16807,0
L001919,2025-12-21,Auto,30,1253,0
L005367,2026-07-11,Auto,28,3501,0
L002387,2026-01-19,Auto,40,5741,0
L005703,2026-07-19,Liability,64,19704,0
L001594,2025-11-04,Property,42,10976,0
L004729,2026-05-11,Liability,72,25178,1
L005719,2026-07-27,Liability,41,36038,0
L001629,2025-11-13,Property,46,2687,0
L000419,2025-08-10,Liability,112,27715,0
L003625,2026-03-20,Property,72,891,0
L004206,2026-04-25,Property,48,4869,0
L003870,2026-04-05,Auto,22,3676,0
L000771,2025-09-27,Property,69,14371,0
L000259,2025-08-25,Property,46,5888,0
L001572,2025-11-01,Auto,13,7954,0
L005480,2026-07-22,Auto,21,7554,0
L004056,2026-04-14,Auto,33,1155,0
L003543,2026-03-05,Auto,54,8295,0
L001509,2025-11-08,Auto,60,300,0
L003840,2026-04-18,Auto,14,6387,0
L005213,2026-06-13,Liability,50,17846,0
L005108,2026-06-29,Property,39,16107,0
L003161,2026-02-09,Property,71,10308,1
L005260,2026-06-23,Liability,100,20610,0
L001646,2025-11-01,Property,28,6662,0
L000775,2025-09-28,Property,63,3105,0
L000122,2025-08-07,Auto,40,4005,0
L005159,2026-06-12,Property,50,20954,0
L000919,2025-10-27,Auto,20,9323,0
L005107,2026-06-19,Property,29,13065,0
L000020,2025-08-31,Auto,50,4182,1
L000130,2025-08-27,Auto,40,6808,0
L004791,2026-05-16,Liability,55,25552,0
L005458,2026-07-17,Auto,24,3822,0
L001599,2025-11-03,Property,43,16202,0
L002845,2026-01-26,Liability,67,35102,1
L004176,2026-04-12,Property,40,7824,0
L000911,2025-10-10,Auto,41,4334,0
L003193,2026-02-12,Property,65,6588,0
L005310,2026-07-18,Auto,17,8227,0
L000245,2025-08-24,Property,49,10862,0
L001742,2025-11-28,Property,65,13189,0
L004264,2026-04-15,Liability,106,17745,0
L002923,2026-02-27,Auto,77,5168,1
L002258,2025-12-25,Property,44,5470,0
L001225,2025-10-12,Property,14,14203,0
L005474,2026-07-05,Auto,28,3615,0
L005278,2026-06-29,Liability,49,8602,0
L000423,2025-08-16,Liability,82,26594,0
L000473,2025-09-12,Auto,36,2829,0
L000285,2025-08-23,Property,64,13939,0
L005610,2026-07-22,Property,46,12649,0
L002261,2025-12-01,Property,73,8125,0
L000860,2025-09-16,Liability,72,17989,0
L000080,2025-08-30,Auto,36,3222,1
L001360,2025-10-02,Liability,39,300,0
L004398,2026-05-17,Auto,14,3489,0
L004404,2026-05-30,Auto,34,4618,1
L004642,2026-05-08,Property,43,590,0
L005620,2026-07-02,Property,47,300,0
L003142,2026-02-12,Property,62,8530,0
L002475,2026-01-29,Auto,32,5573,0
L003604,2026-03-30,Property,63,16349,0
L001472,2025-11-30,Auto,34,8005,0
L000896,2025-09-16,Liability,52,20529,0
L003941,2026-04-09,Auto,19,4281,0
L000756,2025-09-04,Property,25,13703,0
L004870,2026-06-03,Auto,28,9932,0
L002050,2025-12-30,Auto,34,5195,0
L002957,2026-02-04,Auto,55,2565,0
L001165,2025-10-14,Property,57,13921,0
L002636,2026-01-11,Property,70,6763,0
L003443,2026-03-29,Auto,26,2171,0
L000873,2025-09-27,Liability,64,32730,0
L002895,2026-02-05,Auto,24,1945,1
L003006,2026-02-20,Auto,45,300,0
L004280,2026-04-21,Liability,59,300,0
L003733,2026-03-26,Property,57,18284,0
L000094,2025-08-13,Auto,49,5658,0
L003799,2026-03-10,Liability,84,12443,0
L003968,2026-04-15,Auto,24,6777,0
L000176,2025-08-28,Auto,44,1243,0
L002585,2026-01-31,Auto,18,8638,0
L004397,2026-05-10,Auto,27,5509,0
L004730,2026-05-01,Liability,50,5787,0
L000250,2025-08-18,Property,33,10121,0
L000489,2025-09-13,Auto,19,7119,0
L002607,2026-01-17,Property,40,18102,0
L001536,2025-11-03,Auto,39,3103,1
L004399,2026-05-05,Auto,26,6828,0
L004140,2026-04-21,Property,26,16162,0
L000992,2025-10-05,Auto,39,2502,0
L003293,2026-02-08,Liability,83,29044,1
L004392,2026-05-16,Auto,36,7767,0
L003176,2026-02-18,Property,67,9999,0
L000700,2025-09-05,Property,48,9428,0
L003988,2026-04-15,Auto,23,8026,0
L001870,2025-12-25,Auto,44,4775,0
L002112,2025-12-07,Property,38,16579,0
L001425,2025-11-25,Auto,35,5327,0
L002062,2025-12-21,Auto,29,300,0
L004013,2026-04-29,Auto,24,2714,0
L005619,2026-07-16,Property,56,6906,0
L005329,2026-07-18,Auto,23,1536,1
L001343,2025-10-22,Liability,66,3387,0
L004974,2026-06-04,Auto,14,2807,0
L002832,2026-01-17,Liability,41,10699,0
L001285,2025-10-01,Liability,34,19489,0
L004380,2026-05-07,Auto,26,8203,1
L000595,2025-09-24,Auto,26,5248,0
L001777,2025-11-25,Liability,83,20114,1
L001263,2025-10-13,Property,69,12462,0
L004432,2026-05-16,Auto,35,2543,0
L002201,2025-12-05,Property,66,14001,0
L004083,2026-04-01,Property,43,9087,0
L005430,2026-07-30,Auto,23,1363,0
L002515,2026-01-14,Auto,17,5276,0
L002089,2025-12-02,Property,43,6717,0
L001531,2025-11-12,Auto,36,3754,0
L001663,2025-11-02,Property,75,5358,0
L005535,2026-07-24,Property,58,15848,0
L003962,2026-04-18,Auto,20,7247,0
L002741,2026-01-25,Property,64,14238,0
L001655,2025-11-30,Property,100,20641,0
L002088,2025-12-04,Property,69,14126,0
L001785,2025-11-13,Liability,50,37726,0
L004920,2026-06-14,Auto,17,3545,0
L002677,2026-01-17,Property,73,300,0
L001715,2025-11-27,Property,28,7983,0
L001234,2025-10-10,Property,40,13181,0
L000216,2025-08-04,Property,33,12106,0
L003213,2026-02-22,Property,62,12901,0
L002283,2025-12-02,Liability,67,7211,0
L002075,2025-12-24,Auto,40,2126,1
L004723,2026-05-15,Liability,61,16083,0
L003788,2026-03-23,Liability,45,21549,0
L003145,2026-02-07,Property,62,3501,0
L000421,2025-08-03,Liability,73,24847,0
L001505,2025-11-05,Auto,28,3651,1
L000079,2025-08-25,Auto,44,8691,0
L002528,2026-01-10,Auto,33,4539,0
L001195,2025-10-20,Property,58,13313,0
L001172,2025-10-24,Property,57,14003,0
L001872,2025-12-22,Auto,36,2764,0
L004597,2026-05-01,Property,26,11809,0
L005732,2026-07-30,Liability,40,16822,0
L004464,2026-05-15,Auto,26,1631,0
L002166,2025-12-18,Property,32,12556,0
L003381,2026-03-29,Auto,19,2341,1
L000115,2025-08-10,Auto,32,3653,0
L003206,2026-02-22,Property,62,11148,0
L005248,2026-06-16,Liability,33,17969,0
L003432,2026-03-05,Auto,28,5846,0
L004304,2026-04-08,Liability,52,26391,0
L003280,2026-02-23,Liability,83,5785,0
L001418,2025-11-29,Auto,31,6414,0
L001466,2025-11-17,Auto,65,3913,0
L005485,2026-07-25,Auto,19,5872,0
L002842,2026-01-01,Liability,6,16318,0
L001109,2025-10-13,Auto,38,4789,0
L004233,2026-04-20,Liability,58,13094,0
L001246,2025-10-01,Property,37,7983,0
L000532,2025-09-11,Auto,39,4616,0
L005403,2026-07-02,Auto,20,300,0
L002534,2026-01-13,Auto,46,3891,0
L003519,2026-03-27,Auto,42,5999,0
L000763,2025-09-14,Property,53,24037,0
L005290,2026-07-12,Auto,16,3545,0
L000946,2025-10-05,Auto,35,300,0
L005117,2026-06-05,Property,20,2729,0
L001515,2025-11-24,Auto,41,3299,0
L000197,2025-08-25,Auto,28,6538,0
L003423,2026-03-28,Auto,31,7546,0
L000333,2025-08-30,Property,33,300,0
L001810,2025-11-29,Liability,87,4258,0
L002341,2025-12-03,Liability,50,11496,0
L001916,2025-12-11,Auto,19,3816,0
L004650,2026-05-21,Property,23,4498,0
L003711,2026-03-14,Property,50,2934,0
L001040,2025-10-24,Auto,43,1882,0
L002579,2026-01-26,Auto,40,812,0
L004705,2026-05-12,Property,39,11558,0
L003344,2026-02-18,Liability,67,22642,0
L000732,2025-09-27,Property,63,7275,0
L001647,2025-11-14,Property,62,7201,0
L005295,2026-07-18,Auto,7,1579,0
L002117,2025-12-25,Property,46,8444,0
L000463,2025-09-22,Auto,15,5234,0
L002035,2025-12-17,Auto,33,300,0
L004717,2026-05-12,Liability,69,20356,0
L000915,2025-10-13,Auto,31,4514,0
L004163,2026-04-07,Property,60,300,0
L004329,2026-05-13,Auto,23,9832,0
L001411,2025-11-22,Auto,34,9808,0
L001610,2025-11-14,Property,76,10342,0
L004610,2026-05-08,Property,44,1122,0
L000695,2025-09-09,Property,62,15006,0
L003955,2026-04-04,Auto,30,3822,0
L005737,2026-07-29,Liability,53,25692,0
L000862,2025-09-07,Liability,74,17692,0
L004099,2026-04-27,Property,63,5529,0
L003202,2026-02-26,Property,61,9362,0
L002491,2026-01-20,Auto,30,3953,0
L003028,2026-02-07,Auto,65,5477,0
L005071,2026-06-15,Property,27,18265,0
L005132,2026-06-23,Property,52,23278,0
L002676,2026-01-05,Property,30,11516,0
L004423,2026-05-11,Auto,18,3881,0
L005434,2026-07-01,Auto,15,4387,0
L000799,2025-09-13,Property,67,18345,0
L005216,2026-06-10,Liability,45,23298,0
L001476,2025-11-23,Auto,42,300,0
L000810,2025-09-10,Property,72,300,0
L003995,2026-04-13,Auto,35,5815,0
L004629,2026-05-01,Property,34,16446,0
L003463,2026-03-27,Auto,14,7654,0
L001540,2025-11-14,Auto,51,810,0
L002206,2025-12-15,Property,87,1725,0
L005702,2026-07-21,Liability,38,29154,0
L005194,2026-06-24,Liability,62,31019,0
L002205,2025-12-11,Property,76,5565,0
L005016,2026-06-21,Auto,11,5504,0
L001140,2025-10-05,Property,17,8165,0
L000706,2025-09-11,Property,66,11396,0
L001202,2025-10-06,Property,61,3259,0
L005447,2026-07-21,Auto,26,4982,1
L000357,2025-08-12,Property,47,3880,0
L001630,2025-11-06,Property,75,20516,0
L005222,2026-06-04,Liability,77,8679,0
L004564,2026-05-10,Property,19,16416,0
L003676,2026-03-29,Property,52,12728,0
L001446,2025-11-02,Auto,43,4568,0
L001706,2025-11-28,Property,50,5817,0
L000621,2025-09-13,Auto,37,1103,0
L001083,2025-10-31,Auto,26,5188,0
L001871,2025-12-04,Auto,33,1371,0
L001976,2025-12-01,Auto,40,1952,0
L002989,2026-02-14,Auto,37,4277,1
L003934,2026-04-06,Auto,28,9768,0
L005271,2026-06-26,Liability,54,13326,0
L005645,2026-07-20,Property,38,11960,0
L001252,2025-10-30,Property,25,9706,0
L002891,2026-02-21,Auto,35,2446,1
L001097,2025-10-23,Auto,56,5957,0
L004240,2026-04-17,Liability,34,14343,0
L003042,2026-02-05,Auto,41,3450,0
L004224,2026-04-27,Liability,39,8576,0
L002735,2026-01-05,Property,46,9354,1
L000323,2025-08-04,Property,66,17718,0
L003626,2026-03-12,Property,49,9075,0
L004880,2026-06-08,Auto,24,5272,0
L001954,2025-12-24,Auto,46,300,0
L003297,2026-02-13,Liability,54,17945,0
L001876,2025-12-04,Auto,34,1571,0
L001946,2025-12-25,Auto,35,3780,0
L001755,2025-11-02,Property,59,14846,0
L003908,2026-04-03,Auto,21,6227,0
L000941,2025-10-27,Auto,37,3190,0
L001193,2025-10-11,Property,16,7164,0
L000526,2025-09-13,Auto,17,7785,0
L004006,2026-04-26,Auto,32,7712,0
L000572,2025-09-27,Auto,16,300,0
L001491,2025-11-23,Auto,45,10438,1
L005472,2026-07-15,Auto,24,4220,0
L005347,2026-07-19,Auto,18,4063,0
L002712,2026-01-06,Property,73,6704,0
L002402,2026-01-31,Auto,32,2514,0
L005345,2026-07-21,Auto,20,7661,0
L002665,2026-01-08,Property,28,2180,0
L001267,2025-10-10,Property,32,6232,0
L005694,2026-07-18,Liability,70,14884,0
L002143,2025-12-25,Property,53,5036,0
L005185,2026-06-23,Property,53,8396,0
L003223,2026-02-11,Property,49,9050,0
L000504,2025-09-12,Auto,38,300,0
L000994,2025-10-04,Auto,43,729,0
L002234,2025-12-11,Property,55,26312,0
L001019,2025-10-12,Auto,25,3410,0
L005102,2026-06-30,Property,51,7290,0
L003573,2026-03-30,Property,35,8187,0
L003621,2026-03-20,Property,56,14086,0
L000801,2025-09-19,Property,29,8673,0
L005525,2026-07-10,Property,37,10574,0
L002208,2025-12-02,Property,12,14258,0
L005152,2026-06-05,Property,52,1145,0
L004591,2026-05-29,Property,28,11678,0
L000979,2025-10-22,Auto,55,4276,0
L003638,2026-03-28,Property,31,17968,0
L001020,2025-10-04,Auto,24,6101,0
L002999,2026-02-24,Auto,31,5035,0
L002342,2025-12-21,Liability,53,22758,0
L001653,2025-11-21,Property,54,18924,0
L005180,2026-06-07,Property,25,7605,0
L004246,2026-04-20,Liability,16,11827,0
L004131,2026-04-06,Property,75,6687,0
L005225,2026-06-20,Liability,38,17576,0
L001026,2025-10-12,Auto,48,3251,0
L005499,2026-07-22,Auto,27,300,1
L003466,2026-03-14,Auto,32,3075,0
L003388,2026-03-03,Auto,19,2775,0
L004193,2026-04-10,Property,37,10175,0
L002299,2025-12-26,Liability,125,30274,0
L003192,2026-02-12,Property,38,8265,0
L004395,2026-05-19,Auto,14,2721,0
L004096,2026-04-17,Property,41,14206,0
L001177,2025-10-03,Property,50,10149,0
L004183,2026-04-18,Property,32,10567,0
L003609,2026-03-18,Property,68,16884,0
L004420,2026-05-23,Auto,20,5254,0
L000143,2025-08-16,Auto,37,6573,0
L003232,2026-02-28,Property,52,15895,0
L000071,2025-08-18,Auto,62,2827,0
L002985,2026-02-07,Auto,45,3586,0
L005235,2026-06-27,Liability,50,17956,0
L004079,2026-04-12,Property,65,15097,0
L000620,2025-09-07,Auto,47,3634,1
L004535,2026-05-04,Auto,5,2510,0
L002162,2025-12-13,Property,34,5358,0
L004701,2026-05-10,Property,41,14635,0
L000318,2025-08-05,Property,14,300,0
L003885,2026-04-03,Auto,21,6608,0
L004451,2026-05-17,Auto,18,2824,0
L000129,2025-08-13,Auto,43,1798,0
L003489,2026-03-02,Auto,27,4153,0
L001392,2025-11-07,Auto,61,5296,0
L003318,2026-02-24,Liability,83,28945,0
L004927,2026-06-28,Auto,15,2289,0
L004343,2026-05-06,Auto,28,3786,0
L003267,2026-02-28,Liability,83,15824,0
L002091,2025-12-30,Property,82,13471,0
L002372,2025-12-23,Liability,63,19524,0
L003336,2026-02-28,Liability,49,29208,1
L001692,2025-11-06,Property,38,327,0
L004913,2026-06-27,Auto,16,7544,0
L004005,2026-04-16,Auto,20,5868,1
L000870,2025-09-12,Liability,57,300,0
L005544,2026-07-03,Property,34,1396,0
L004416,2026-05-02,Auto,23,10343,0
L000123,2025-08-15,Auto,50,8567,0
L002936,2026-02-07,Auto,24,5903,0
L004045,2026-04-04,Auto,25,9035,0
L004893,2026-06-22,Auto,22,7580,0
L003809,2026-03-22,Liability,84,25374,0
L004422,2026-05-20,Auto,32,8582,0
L002808,2026-01-20,Liability,56,4306,0
L000874,2025-09-01,Liability,71,47247,0
L000566,2025-09-18,Auto,44,5328,0
L001964,2025-12-23,Auto,5,6032,0
L003643,2026-03-27,Property,26,15624,0
L001376,2025-11-14,Auto,30,7480,0
L002876,2026-02-25,Auto,22,2500,0
L005408,2026-07-12,Auto,23,4721,0
L005090,2026-06-18,Property,26,18439,0
L000426,2025-08-16,Liability,74,20159,0
L005622,2026-07-27,Property,21,9641,0
L000057,2025-08-31,Auto,30,300,0
L002925,2026-02-28,Auto,13,3991,0
L002231,2025-12-01,Property,58,14398,0
L003008,2026-02-18,Auto,82,4638,0
L004063,2026-04-08,Property,49,3402,1
L002360,2025-12-28,Liability,37,26957,0
L004787,2026-05-13,Liability,81,22127,0
L005411,2026-07-27,Auto,16,300,0
L003072,2026-02-16,Auto,14,4998,0
L001732,2025-11-02,Property,58,10656,0
L005028,2026-06-26,Auto,16,4710,0
L002575,2026-01-16,Auto,44,4831,0
L002873,2026-02-05,Auto,52,3691,0
L003617,2026-03-06,Property,52,7874,0
L002152,2025-12-24,Property,26,8057,0
L000754,2025-09-20,Property,75,20691,0
L004287,2026-04-01,Liability,41,26998,0
L001889,2025-12-13,Auto,37,2481,0
L002687,2026-01-02,Property,40,8962,0
L003058,2026-02-01,Auto,31,5437,0
L003390,2026-03-23,Auto,46,6891,0
L001821,2025-11-22,Liability,91,18220,0
L005574,2026-07-08,Property,41,13120,0
L000087,2025-08-27,Auto,26,300,0
L004187,2026-04-26,Property,61,10073,0
L004126,2026-04-04,Property,60,5659,0
L005418,2026-07-02,Auto,26,6270,0
L003175,2026-02-16,Property,28,2019,0
L000786,2025-09-26,Property,58,19045,0
L003411,2026-03-02,Auto,44,1450,0
L005336,2026-07-10,Auto,9,2295,0
L001709,2025-11-05,Property,79,682,1
L004804,2026-06-19,Auto,25,300,0
L003367,2026-03-15,Auto,55,5121,0
L004789,2026-05-27,Liability,30,20086,0
L005711,2026-07-14,Liability,64,15584,0
L002664,2026-01-31,Property,42,11525,0
L005080,2026-06-20,Property,39,9051,0
L000128,2025-08-22,Auto,19,5778,0
L002794,2026-01-11,Liability,52,300,0
L004238,2026-04-13,Liability,92,7509,0
L001181,2025-10-03,Property,89,5932,0
L001585,2025-11-12,Auto,50,4477,0
L004322,2026-05-28,Auto,12,1955,0
L000488,2025-09-02,Auto,43,300,0
L000139,2025-08-04,Auto,40,4396,0
L000693,2025-09-08,Property,88,13297,0
L005123,2026-06-08,Property,26,4160,0
L001453,2025-11-17,Auto,18,6621,0
L005128,2026-06-01,Property,43,17256,0
L000126,2025-08-17,Auto,28,8487,1
L001782,2025-11-02,Liability,52,30874,0
L002078,2025-12-23,Auto,33,3408,0
L004066,2026-04-06,Property,58,12016,1
L003374,2026-03-21,Auto,39,5975,0
L003456,2026-03-19,Auto,35,6563,0
L000255,2025-08-01,Property,43,14534,0
L000321,2025-08-27,Property,27,10235,0
L000277,2025-08-26,Property,64,18192,0
L005693,2026-07-01,Liability,27,13199,0
L004834,2026-06-11,Auto,20,2787,1
L001461,2025-11-30,Auto,12,6727,0
L003442,2026-03-27,Auto,29,7785,0
L001971,2025-12-03,Auto,53,1579,0
L003639,2026-03-24,Property,39,1400,0
L001734,2025-11-20,Property,32,17385,0
L001403,2025-11-30,Auto,35,1763,0
L001393,2025-11-04,Auto,43,3504,0
L005599,2026-07-30,Property,37,1280,0
L004694,2026-05-02,Property,36,300,0
L004492,2026-05-13,Auto,18,555,0
L003807,2026-03-25,Liability,78,300,0
L004581,2026-05-11,Property,41,13890,0
L001106,2025-10-18,Auto,12,2517,0
L003521,2026-03-31,Auto,43,300,0
L001990,2025-12-23,Auto,59,8579,0
L002490,2026-01-29,Auto,48,6521,0
L005384,2026-07-09,Auto,33,2771,0
L002294,2025-12-20,Liability,27,14581,0
L005360,2026-07-06,Auto,24,2072,0
L004358,2026-05-17,Auto,25,4180,0
L001437,2025-11-01,Auto,28,5694,0
L002374,2026-01-13,Auto,38,4270,0
L003010,2026-02-07,Auto,43,5374,0
L000306,2025-08-31,Property,46,8717,0
L001171,2025-10-22,Property,51,6177,0
L003705,2026-03-29,Property,52,7872,0
L001522,2025-11-30,Auto,36,6443,0
L004639,2026-05-07,Property,53,21146,0
L002334,2025-12-02,Liability,55,30079,0
L004472,2026-05-11,Auto,23,2078,0
L005242,2026-06-07,Liability,51,13003,0
L004425,2026-05-07,Auto,20,7131,0
L004369,2026-05-27,Auto,5,840,1
L003494,2026-03-04,Auto,27,1330,0
L005560,2026-07-04,Property,39,3797,0
L001402,2025-11-09,Auto,25,4491,0
L002733,2026-01-26,Property,58,12690,0
L004849,2026-06-28,Auto,20,5247,0
L003210,2026-02-12,Property,44,5844,0
L002678,2026-01-01,Property,54,10055,0
L002184,2025-12-23,Property,87,300,0
L004606,2026-05-27,Property,73,15480,0
L003817,2026-03-29,Liability,51,20664,0
L004910,2026-06-12,Auto,13,5120,0
L000959,2025-10-07,Auto,34,7611,0
L004901,2026-06-01,Auto,24,4221,0
L002295,2025-12-30,Liability,89,31699,0
L000812,2025-09-04,Property,45,1837,0
L003660,2026-03-31,Property,40,12117,0
L003340,2026-02-14,Liability,41,23539,0
L000602,2025-09-12,Auto,38,3988,0
L000722,2025-09-26,Property,56,17759,0
L003395,2026-03-12,Auto,56,567,1
L005211,2026-06-12,Liability,67,22040,0
L005062,2026-06-07,Property,13,19473,0
L003565,2026-03-17,Auto,46,5104,0
L005034,2026-06-18,Property,40,15516,0
L004443,2026-05-22,Auto,18,10741,0
L002469,2026-01-04,Auto,37,8078,0
L003066,2026-02-10,Auto,36,3252,0
L005066,2026-06-25,Property,35,8931,0
L002823,2026-01-20,Liability,87,3567,0
L001818,2025-11-21,Liability,72,10052,0
L001276,2025-10-04,Liability,75,22795,0
L002483,2026-01-18,Auto,24,5781,0
L004822,2026-06-08,Auto,10,4590,0
L002096,2025-12-01,Property,53,13907,0
L000133,2025-08-12,Auto,22,6177,0
L000625,2025-09-06,Auto,42,300,0
L003967,2026-04-07,Auto,34,6931,1
L002180,2025-12-22,Property,36,5831,0
L002467,2026-01-07,Auto,44,5171,0
L004585,2026-05-07,Property,29,7637,0
L003141,2026-02-15,Property,31,15276,0
L003106,2026-02-16,Property,64,6535,0
L004775,2026-05-03,Liability,70,19181,0
L002786,2026-01-17,Liability,42,10439,0
L000248,2025-08-15,Property,63,2447,1
L002899,2026-02-28,Auto,43,7104,0
L000024,2025-08-25,Auto,26,8651,0
L002298,2025-12-04,Liability,78,14619,0
L001995,2025-12-13,Auto,17,862,0
L000038,2025-08-06,Auto,37,996,0
L000857,2025-09-12,Liability,38,3680,0
L005678,2026-07-02,Liability,86,300,0
L000957,2025-10-26,Auto,32,10781,0
L000887,2025-09-11,Liability,80,9560,0
L004302,2026-04-04,Liability,57,26068,0
L005031,2026-06-13,Property,43,4338,0
L001238,2025-10-22,Property,40,300,0
L004549,2026-05-20,Property,21,10286,0
L003113,2026-02-04,Property,62,9901,0
L003827,2026-03-10,Liability,46,14000,0
L000930,2025-10-03,Auto,26,4419,0
L001802,2025-11-07,Liability,71,21580,0
L004667,2026-05-17,Property,40,8190,0
L001326,2025-10-30,Liability,41,18033,0
L005122,2026-06-09,Property,37,11430,0
L000571,2025-09-02,Auto,30,825,0
L002055,2025-12-19,Auto,44,6807,0
L000427,2025-08-18,Liability,109,8532,0
L002828,2026-01-09,Liability,64,9560,0
L000410,2025-08-02,Liability,58,300,0
L004250,2026-04-14,Liability,52,18839,0
L000177,2025-08-28,Auto,15,6240,0
L005717,2026-07-08,Liability,49,12745,0
L004530,2026-05-25,Auto,28,883,0
L004710,2026-05-05,Liability,60,15602,0
L005652,2026-07-11,Property,35,16283,0
L002116,2025-12-04,Property,40,9045,0
L001688,2025-11-10,Property,47,3516,1
L000630,2025-09-08,Auto,27,5099,0
L004748,2026-05-15,Liability,62,12629,0
L004414,2026-05-24,Auto,29,6378,0
L004274,2026-04-19,Liability,114,11508,0
L002709,2026-01-22,Property,62,20972,0
L003136,2026-02-01,Property,50,4934,0
L001071,2025-10-13,Auto,61,5950,0
L001967,2025-12-18,Auto,37,3496,0
L000171,2025-08-17,Auto,42,5244,0
L002624,2026-01-02,Property,42,7834,0
L003148,2026-02-03,Property,53,14921,0
L004643,2026-05-05,Property,38,10366,0
L004876,2026-06-17,Auto,23,8692,0
L003119,2026-02-17,Property,45,300,0
L005145,2026-06-14,Property,28,9539,0
L001137,2025-10-28,Property,5,11162,0
L003735,2026-03-12,Property,46,17561,0
L002339,2025-12-14,Liability,115,8088,0
L005691,2026-07-31,Liability,44,31884,0
L000880,2025-09-12,Liability,33,300,0
L002826,2026-01-27,Liability,55,2997,0
L003140,2026-02-05,Property,50,11908,0
L004763,2026-05-29,Liability,57,13431,0
L004216,2026-04-07,Property,55,9950,0
L000639,2025-09-17,Auto,19,8117,1
L000388,2025-08-13,Liability,47,14043,0
L004935,2026-06-24,Auto,8,6792,0
L003887,2026-04-05,Auto,38,6099,0
L005266,2026-06-06,Liability,74,300,0
L003825,2026-03-31,Liability,36,26392,0
L004661,2026-05-31,Property,30,13533,0
L001924,2025-12-28,Auto,45,7460,0
L005300,2026-07-01,Auto,30,2838,0
L003450,2026-03-22,Auto,29,300,1
L005014,2026-06-19,Auto,20,5598,0
L005477,2026-07-23,Auto,11,4288,0
L001693,2025-11-08,Property,26,6715,0
L000563,2025-09-05,Auto,56,3922,0
L003480,2026-03-31,Auto,28,8508,0
L001632,2025-11-22,Property,64,10259,1
L000768,2025-09-03,Property,81,11341,0
L004121,2026-04-20,Property,46,11234,0
L000170,2025-08-06,Auto,34,10269,0
L000217,2025-08-20,Property,51,7727,0
L004447,2026-05-17,Auto,32,300,0
L000325,2025-08-05,Property,34,12129,0
L001309,2025-10-03,Liability,64,26364,0
L005698,2026-07-12,Liability,41,18939,0
L004202,2026-04-04,Property,68,11729,0
L000782,2025-09-26,Property,48,1298,0
L005417,2026-07-30,Auto,22,1837,0
L003738,2026-03-23,Property,68,19310,0
L001812,2025-11-18,Liability,31,15289,0
L004440,2026-05-16,Auto,17,326,0
L005055,2026-06-06,Property,47,15809,0
L003920,2026-04-22,Auto,28,1392,0
L001700,2025-11-23,Property,49,7517,0
L000935,2025-10-12,Auto,17,1693,0
L000573,2025-09-29,Auto,39,2602,1
L001983,2025-12-30,Auto,22,491,0
L005506,2026-07-22,Auto,23,2423,1
L003224,2026-02-27,Property,40,9089,0
L001756,2025-11-12,Liability,43,34851,0
L001452,2025-11-13,Auto,39,6579,0
L000276,2025-08-03,Property,14,11352,0
L003982,2026-04-12,Auto,27,7475,0
L000372,2025-08-16,Liability,63,300,0
L002325,2025-12-09,Liability,95,27577,0
L002120,2025-12-24,Property,39,6342,0
L005138,2026-06-24,Property,22,7129,0
L002460,2026-01-19,Auto,35,300,0
L001575,2025-11-22,Auto,27,2250,0
L003035,2026-02-23,Auto,25,7521,0
L005505,2026-07-03,Auto,13,2823,0
L003370,2026-03-27,Auto,34,1909,0
L001351,2025-10-12,Liability,88,10684,0
L004899,2026-06-18,Auto,23,8318,0
L000191,2025-08-08,Auto,40,3291,0
L003147,2026-02-28,Property,65,8975,0
L004776,2026-05-10,Liability,53,9034,0
L002417,2026-01-02,Auto,49,8027,0
L001718,2025-11-17,Property,48,6849,0
L004966,2026-06-04,Auto,16,6985,0
L003252,2026-02-07,Property,52,19336,0
L003303,2026-02-06,Liability,55,17224,0
L002464,2026-01-06,Auto,39,1940,0
L002056,2025-12-04,Auto,61,4831,0
L003488,2026-03-02,Auto,26,6508,1
L005650,2026-07-29,Property,31,13847,0
L002040,2025-12-22,Auto,38,3084,0
L003477,2026-03-27,Auto,50,3313,0
L004166,2026-04-24,Property,36,1018,0
L000784,2025-09-19,Property,51,2579,0
L003777,2026-03-02,Liability,65,19877,0
L004877,2026-06-27,Auto,29,9442,0
L003899,2026-04-14,Auto,28,6259,0
L001970,2025-12-17,Auto,56,5014,0
L001918,2025-12-04,Auto,47,3106,0
L005749,2026-07-12,Liability,29,18094,0
L000785,2025-09-11,Property,48,13664,1
L003270,2026-02-23,Liability,54,13053,0
L005008,2026-06-17,Auto,23,4263,0
L000678,2025-09-28,Property,47,300,0
L001953,2025-12-05,Auto,42,1796,0
L000609,2025-09-21,Auto,48,5614,0
L002436,2026-01-16,Auto,56,10695,0
L000544,2025-09-26,Auto,26,3498,0
L003904,2026-04-16,Auto,24,3597,0
L000892,2025-09-25,Liability,71,18379,0
L003529,2026-03-28,Auto,47,2988,0
L003460,2026-03-18,Auto,44,1543,0
L002307,2025-12-13,Liability,60,26510,0
L004696,2026-05-29,Property,38,876,0
L002403,2026-01-28,Auto,32,7021,1
L000807,2025-09-12,Property,50,8301,0
L001620,2025-11-06,Property,73,17606,1
L005285,2026-07-02,Auto,22,4858,0
L002028,2025-12-05,Auto,20,350,0
L004158,2026-04-30,Property,65,15179,0
L002332,2025-12-24,Liability,93,14194,0
L002478,2026-01-03,Auto,41,1380,0
L001816,2025-11-02,Liability,31,24402,0
L002715,2026-01-15,Property,29,6850,0
L002394,2026-01-18,Auto,35,1620,1
L003214,2026-02-06,Property,50,19204,0
L000447,2025-08-26,Liability,60,31836,0
L004459,2026-05-24,Auto,24,3599,0
L001043,2025-10-07,Auto,65,4405,0
L004925,2026-06-28,Auto,24,5526,0
L001396,2025-11-08,Auto,34,5536,0
L000517,2025-09-08,Auto,29,3664,0
L002099,2025-12-22,Property,72,7110,0
L002107,2025-12-29,Property,37,18203,0
L004082,2026-04-28,Property,34,7945,0
L004368,2026-05-24,Auto,24,7190,1
L004509,2026-05-30,Auto,13,1335,0
L002173,2025-12-13,Property,55,13334,0
L001874,2025-12-27,Auto,54,6190,0
L004751,2026-05-04,Liability,5,13007,0
L005659,2026-07-15,Property,45,9022,0
L002560,2026-01-05,Auto,56,6556,0
L003668,2026-03-17,Property,49,7317,0
L000394,2025-08-02,Liability,79,16326,0
L001517,2025-11-25,Auto,39,300,0
L001055,2025-10-13,Auto,33,8314,0
L002221,2025-12-20,Property,53,10135,0
L004507,2026-05-09,Auto,13,4080,0
L002073,2025-12-11,Auto,41,5406,0
L000567,2025-09-01,Auto,27,4752,0
L002941,2026-02-16,Auto,45,4355,0
L001477,2025-11-14,Auto,43,1813,1
L002308,2025-12-19,Liability,78,37116,0
L004579,2026-05-30,Property,41,13771,0
L004932,2026-06-11,Auto,24,2622,0
L005397,2026-07-21,Auto,13,4934,0
L004938,2026-06-04,Auto,15,5025,0
L002970,2026-02-21,Auto,61,5542,0
L004589,2026-05-07,Property,44,9003,1
L001526,2025-11-02,Auto,43,876,0
L001111,2025-10-17,Auto,53,6013,0
L004040,2026-04-02,Auto,16,1559,0
L002750,2026-01-19,Property,57,2662,0
L001444,2025-11-20,Auto,28,5291,0
L004308,2026-04-23,Liability,59,300,0
L002423,2026-01-21,Auto,40,4886,1
L002203,2025-12-20,Property,61,8974,1
L002887,2026-02-07,Auto,36,6857,0
L002317,2025-12-04,Liability,81,10799,0
L000418,2025-08-06,Liability,76,18228,0
L005135,2026-06-27,Property,45,8848,0
L002544,2026-01-11,Auto,58,4466,1
L001858,2025-12-25,Auto,35,4628,0
L003462,2026-03-12,Auto,46,300,0
L001187,2025-10-29,Property,36,3763,0
L004125,2026-04-28,Property,65,8422,0
L005279,2026-06-13,Liability,52,300,0
L005025,2026-06-14,Auto,19,2725,0
L004679,2026-05-31,Property,50,15191,0
L004736,2026-05-16,Liability,47,29276,0
L004203,2026-04-14,Property,40,8563,0
L004211,2026-04-21,Property,60,14806,0
L001357,2025-10-02,Liability,84,30723,1
L001762,2025-11-02,Liability,76,23107,0
L004817,2026-06-14,Auto,24,3792,0
L001169,2025-10-03,Property,50,300,0
L004750,2026-05-16,Liability,57,16990,0
L002330,2025-12-16,Liability,7,15086,0
L001563,2025-11-21,Auto,28,1743,0
L005441,2026-07-21,Auto,11,6130,1
L000750,2025-09-08,Property,19,12643,0
L004374,2026-05-04,Auto,10,5136,0
L001342,2025-10-26,Liability,89,28875,0
L002997,2026-02-02,Auto,36,5715,0
L004318,2026-05-24,Auto,17,7349,0
L005507,2026-07-17,Auto,14,3111,0
L000645,2025-09-18,Auto,31,1872,0
L004917,2026-06-22,Auto,11,6761,0
L003901,2026-04-18,Auto,22,5201,0
L002966,2026-02-27,Auto,31,4313,0
L003895,2026-04-09,Auto,13,1898,0
L003961,2026-04-02,Auto,33,7487,0
L005072,2026-06-07,Property,19,17135,1
L004685,2026-05-24,Property,49,1146,0
L002441,2026-01-29,Auto,44,6694,0
L005709,2026-07-23,Liability,18,17147,1
L000077,2025-08-30,Auto,27,5441,0
L003402,2026-03-27,Auto,29,10342,0
L002657,2026-01-29,Property,56,6122,0
L002558,2026-01-08,Auto,58,2979,0
L004737,2026-05-30,Liability,50,9833,0
L005130,2026-06-04,Property,37,16901,1
L002759,2026-01-31,Property,87,7548,0
L002196,2025-12-30,Property,40,12274,0
L005375,2026-07-23,Auto,19,8020,0
L001867,2025-12-13,Auto,47,1441,0
L004577,2026-05-08,Property,47,20472,0
L000042,2025-08-01,Auto,23,2525,0
L004221,2026-04-15,Property,45,11475,0
L002754,2026-01-06,Property,62,7422,0
L003737,2026-03-30,Property,60,8590,0
L005243,2026-06-01,Liability,59,13666,0
L002628,2026-01-24,Property,54,16852,0
L001975,2025-12-26,Auto,45,6214,0
L001242,2025-10-07,Property,52,2178,0
L003768,2026-03-13,Liability,76,21023,0
L005713,2026-07-31,Liability,46,5548,0
L005020,2026-06-29,Auto,12,3403,0
L000755,2025-09-19,Property,52,300,0
L002593,2026-01-05,Auto,59,4056,0
L000854,2025-09-03,Liability,37,11820,0
L002813,2026-01-18,Liability,56,20509,0
L000680,2025-09-17,Property,71,11995,0
L003491,2026-03-16,Auto,35,5237,0
L004725,2026-05-09,Liability,33,20581,0
L003244,2026-02-14,Property,64,15954,0
L003905,2026-04-15,Auto,28,6302,0
L002883,2026-02-03,Auto,31,8927,0
L003421,2026-03-19,Auto,48,5442,0
L001628,2025-11-03,Property,56,14853,0
L000900,2025-09-13,Liability,85,300,0
L002934,2026-02-14,Auto,10,3736,0
L004058,2026-04-24,Auto,34,2538,1
L001057,2025-10-29,Auto,35,8683,0
L000971,2025-10-20,Auto,39,6886,0
L003781,2026-03-30,Liability,64,11097,0
L002390,2026-01-19,Auto,34,5413,0
L002168,2025-12-15,Property,44,8922,0
L001673,2025-11-24,Property,45,11570,0
L001469,2025-11-27,Auto,44,2182,0
L003375,2026-03-05,Auto,66,4881,0
L001886,2025-12-25,Auto,48,300,0
L002324,2025-12-31,Liability,68,12875,0
L004582,2026-05-19,Property,41,4281,0
L001749,2025-11-17,Property,89,6930,0
L003014,2026-02-13,Auto,21,4886,1
L002869,2026-02-03,Auto,6,7765,0
L001584,2025-11-06,Auto,28,6727,1
L005683,2026-07-24,Liability,21,18489,0
L000869,2025-09-23,Liability,63,20741,0
L001247,2025-10-27,Property,47,15476,1
L005406,2026-07-30,Auto,24,7765,0
L004218,2026-04-10,Property,26,15679,0
L004016,2026-04-03,Auto,23,3845,0
L001224,2025-10-31,Property,58,13083,0
L001323,2025-10-23,Liability,93,22692,0
L005649,2026-07-14,Property,21,19974,0
L005466,2026-07-18,Auto,27,300,0
L003111,2026-02-15,Property,76,8998,1
L002229,2025-12-01,Property,40,5614,0
L005462,2026-07-16,Auto,8,2874,0
L002764,2026-01-11,Property,72,18156,0
L002841,2026-01-11,Liability,71,17555,0
L004624,2026-05-12,Property,30,10856,0
L002499,2026-01-31,Auto,26,915,0
L005017,2026-06-26,Auto,23,5875,0
L005681,2026-07-04,Liability,25,8587,0
L004018,2026-04-23,Auto,40,4210,0
L001199,2025-10-04,Property,46,8791,0
L003496,2026-03-22,Auto,36,6011,0
L003632,2026-03-08,Property,41,9085,0
L003656,2026-03-20,Property,48,21141,0
L002357,2025-12-02,Liability,51,11252,1
L005589,2026-07-04,Property,32,16268,0
L000822,2025-09-14,Liability,82,1996,0
L004955,2026-06-26,Auto,12,300,0
L004735,2026-05-13,Liability,51,19923,0
L005344,2026-07-19,Auto,6,3133,0
L005355,2026-07-07,Auto,22,9460,1
L002029,2025-12-09,Auto,53,2135,1
L002635,2026-01-26,Property,48,3505,0
L005330,2026-07-08,Auto,13,5270,0
L001185,2025-10-25,Property,30,5381,0
L000081,2025-08-14,Auto,37,11587,0
L000458,2025-09-21,Auto,34,4553,0
L003229,2026-02-25,Property,88,6170,0
L004687,2026-05-31,Property,49,9251,0
L000293,2025-08-18,Property,50,6985,0
L004767,2026-05-09,Liability,59,20431,0
L004307,2026-04-25,Liability,60,11904,0
L004155,2026-04-02,Property,14,19857,0
L002971,2026-02-07,Auto,29,3602,0
L005684,2026-07-06,Liability,20,18930,0
L005424,2026-07-26,Auto,20,3043,0
L004053,2026-04-25,Auto,19,300,1
L005044,2026-06-12,Property,43,1185,0
L002554,2026-01-18,Auto,36,5286,0
L000237,2025-08-29,Property,54,300,0
L003645,2026-03-12,Property,66,14681,0
L001478,2025-11-30,Auto,32,1616,0
L005331,2026-07-22,Auto,25,2082,0
L000666,2025-09-10,Property,49,1104,0
L004159,2026-04-06,Property,36,11352,0
L001841,2025-11-25,Liability,88,10093,0
L003724,2026-03-30,Property,42,8969,0
L003517,2026-03-24,Auto,29,300,0
L004499,2026-05-05,Auto,27,1808,0
L000520,2025-09-22,Auto,61,8436,1
L002854,2026-01-17,Liability,58,20041,0
L001204,2025-10-23,Property,55,6355,0
L004441,2026-05-27,Auto,22,2671,1
L001131,2025-10-16,Property,71,15137,0
L000612,2025-09-15,Auto,27,4803,1
L003767,2026-03-17,Liability,101,18697,0
L003607,2026-03-14,Property,38,1675,0
L005184,2026-06-01,Property,29,16039,0
L004714,2026-05-11,Liability,42,4431,0
L001887,2025-12-13,Auto,44,2032,0
L000271,2025-08-02,Property,45,9692,0
L005457,2026-07-16,Auto,12,1688,1
L002581,2026-01-27,Auto,48,3628,0
L000940,2025-10-16,Auto,20,300,0
L004476,2026-05-12,Auto,31,5011,0
L003305,2026-02-25,Liability,67,26707,0
L004798,2026-05-31,Liability,77,29375,0
L000575,2025-09-07,Auto,35,1928,0
L002979,2026-02-13,Auto,23,7159,0
L000963,2025-10-14,Auto,42,3301,0
L002630,2026-01-13,Property,75,16676,0
L001643,2025-11-14,Property,88,10040,0
L001311,2025-10-23,Liability,89,14107,0
L001621,2025-11-22,Property,41,7379,0
L000964,2025-10-28,Auto,56,1499,0
L003561,2026-03-20,Auto,29,4655,0
L005675,2026-07-14,Liability,24,18469,0
L001206,2025-10-31,Property,60,11553,0
L004032,2026-04-02,Auto,14,2746,0
L001938,2025-12-26,Auto,30,4679,1
L001884,2025-12-14,Auto,42,7312,0
L002526,2026-01-14,Auto,44,6236,0
L004765,2026-05-19,Liability,52,16929,0
L005134,2026-06-03,Property,27,10008,0
L004676,2026-05-06,Property,31,12456,0
L001210,2025-10-05,Property,47,7867,0
L002555,2026-01-18,Auto,28,3833,0
L001694,2025-11-14,Property,78,5447,1
L002587,2026-01-14,Auto,26,4684,0
L003828,2026-03-16,Liability,67,18473,0
L003780,2026-03-15,Liability,18,300,0
L003891,2026-04-18,Auto,24,5969,0
L001939,2025-12-05,Auto,36,4158,0
L000048,2025-08-12,Auto,30,4419,0
L002639,2026-01-04,Property,26,5807,0
L001174,2025-10-15,Property,79,12679,0
L002153,2025-12-17,Property,47,19365,0
L000843,2025-09-23,Liability,97,21664,1
L002738,2026-01-13,Property,27,11350,0
L003706,2026-03-02,Property,55,5066,0
L004568,2026-05-06,Property,24,10629,0
L005725,2026-07-28,Liability,32,18190,0
L004228,2026-04-27,Liability,73,23877,0
L002728,2026-01-30,Property,46,5185,1
L003650,2026-03-02,Property,52,8704,0
L004137,2026-04-24,Property,27,300,0
L005268,2026-06-29,Liability,23,19353,0
L004991,2026-06-04,Auto,23,4803,0
L003770,2026-03-07,Liability,5,14027,0
L003288,2026-02-20,Liability,64,21831,0
L004402,2026-05-01,Auto,17,6821,0
L002104,2025-12-19,Property,68,8199,0
L000805,2025-09-30,Property,40,11697,0
L003037,2026-02-23,Auto,35,4369,1
L003810,2026-03-13,Liability,43,10051,0
L003486,2026-03-15,Auto,24,1237,0
L003191,2026-02-11,Property,29,9135,0
L005097,2026-06-23,Property,32,19218,0
L000550,2025-09-07,Auto,44,5072,0
L000929,2025-10-28,Auto,44,5835,0
L004355,2026-05-08,Auto,25,10605,0
L003896,2026-04-13,Auto,23,10627,0
L002296,2025-12-31,Liability,53,16428,0
L002353,2025-12-03,Liability,96,5586,0
L005172,2026-06-28,Property,29,6916,0
L000606,2025-09-16,Auto,36,10686,0
L003501,2026-03-09,Auto,36,6008,1
L004390,2026-05-30,Auto,26,2263,1
L001056,2025-10-18,Auto,37,2478,0
L001552,2025-11-13,Auto,44,8839,0
L004370,2026-05-12,Auto,37,2488,0
L003845,2026-04-25,Auto,22,1282,0
L000758,2025-09-16,Property,25,8324,0
L001221,2025-10-15,Property,48,13050,0
L003475,2026-03-10,Auto,53,7729,0
L002904,2026-02-09,Auto,24,5186,0
L005088,2026-06-06,Property,38,12116,0
L002466,2026-01-23,Auto,30,5975,0
L003049,2026-02-14,Auto,52,6140,0
L000791,2025-09-05,Property,68,12769,0
L002262,2025-12-23,Property,48,5050,0
L001468,2025-11-14,Auto,37,2452,0
L003996,2026-04-20,Auto,38,2701,0
L000162,2025-08-28,Auto,32,5162,0
L004445,2026-05-06,Auto,26,1347,0
L001589,2025-11-21,Property,65,13964,1
L004855,2026-06-05,Auto,26,3965,1
L001678,2025-11-27,Property,39,2926,0
L003930,2026-04-15,Auto,23,4324,1
L003922,2026-04-30,Auto,41,6214,0
L004574,2026-05-24,Property,37,21804,1
L002879,2026-02-02,Auto,44,5367,0
L001920,2025-12-11,Auto,28,4315,0
L004277,2026-04-25,Liability,71,15771,0
L003624,2026-03-31,Property,71,1058,1
L004412,2026-05-09,Auto,26,2520,0
L000808,2025-09-23,Property,45,300,0
L000377,2025-08-06,Liability,63,12953,0
L000490,2025-09-01,Auto,43,2990,0
L002848,2026-01-15,Liability,78,12117,0
L002303,2025-12-12,Liability,61,17788,0
L001404,2025-11-08,Auto,33,6892,0
L005059,2026-06-29,Property,35,1471,0
L003912,2026-04-11,Auto,26,5355,1
L004988,2026-06-27,Auto,22,5694,1
L003424,2026-03-05,Auto,42,3069,0
L004468,2026-05-20,Auto,17,2094,0
L003872,2026-04-12,Auto,32,3838,0
L004469,2026-05-28,Auto,28,3444,0
L003159,2026-02-24,Property,38,300,0
L004755,2026-05-29,Liability,97,15462,0
L004799,2026-06-11,Auto,31,3485,0
L000975,2025-10-05,Auto,21,1989,0
L005058,2026-06-19,Property,25,12282,0
L001205,2025-10-22,Property,42,15471,0
L000368,2025-08-07,Liability,86,8666,0
L000549,2025-09-03,Auto,37,5777,0
L002382,2026-01-27,Auto,47,1320,0
L003164,2026-02-26,Property,18,10294,0
L005519,2026-07-10,Property,43,300,0
L003508,2026-03-15,Auto,43,1583,0
L005084,2026-06-14,Property,43,13637,1
L004671,2026-05-26,Property,19,8258,0
L001624,2025-11-18,Property,47,12698,0
L001899,2025-12-29,Auto,52,2373,0
L001959,2025-12-19,Auto,35,2159,0
L001070,2025-10-28,Auto,31,300,0
L000010,2025-08-29,Auto,24,2947,0
L001626,2025-11-15,Property,66,3480,0
L001325,2025-10-11,Liability,50,15871,1
L003246,2026-02-27,Property,80,13852,0
L005161,2026-06-29,Property,40,13570,0
L001335,2025-10-30,Liability,38,1090,0
L002435,2026-01-04,Auto,29,5560,0
L004562,2026-05-23,Property,46,9759,0
L004572,2026-05-15,Property,61,9203,0
L001145,2025-10-25,Property,77,2498,0
L001286,2025-10-26,Liability,74,6838,0
L001051,2025-10-15,Auto,46,7737,0
L000823,2025-09-25,Liability,80,32254,0
L003394,2026-03-01,Auto,45,4785,0
L005566,2026-07-15,Property,36,300,0
L002633,2026-01-14,Property,60,6835,0
L003889,2026-04-25,Auto,43,300,0
L003515,2026-03-28,Auto,32,572,0
L005201,2026-06-13,Liability,71,13522,0
L005688,2026-07-09,Liability,69,4960,0
L005311,2026-07-26,Auto,44,5915,1
L000907,2025-10-29,Auto,38,612,0
L003470,2026-03-09,Auto,37,4648,0
L002292,2025-12-28,Liability,19,13340,0
L002902,2026-02-04,Auto,43,4231,0
L002039,2025-12-25,Auto,55,300,0
L001484,2025-11-23,Auto,29,3925,0
L000091,2025-08-26,Auto,39,4307,0
L003702,2026-03-07,Property,42,11585,0
L004747,2026-05-28,Liability,32,7589,0
L001369,2025-11-23,Auto,23,4547,0
L004239,2026-04-27,Liability,71,29807,0
L005612,2026-07-01,Property,19,12465,0
L004983,2026-06-14,Auto,29,3082,0
L004434,2026-05-07,Auto,12,2574,0
L004949,2026-06-11,Auto,21,7560,0
L000660,2025-09-13,Auto,51,4656,0
L000406,2025-08-27,Liability,59,1350,0
L000265,2025-08-20,Property,33,10927,0
L003163,2026-02-11,Property,48,21242,1
L000439,2025-08-01,Liability,36,24306,1
L005686,2026-07-01,Liability,77,300,0
L000509,2025-09-15,Auto,38,3701,1
L002690,2026-01-22,Property,46,19108,0
L002840,2026-01-06,Liability,113,18288,0
L005476,2026-07-27,Auto,19,6757,0
L005722,2026-07-19,Liability,61,20168,0
L005316,2026-07-01,Auto,24,4263,0
L005538,2026-07-25,Property,22,5030,0
L000039,2025-08-15,Auto,20,4106,1
L002720,2026-01-17,Property,68,13732,0
L002517,2026-01-28,Auto,35,3932,0
L002571,2026-01-11,Auto,41,3522,0
L004596,2026-05-25,Property,28,11021,0
L002697,2026-01-16,Property,60,6447,0
L004584,2026-05-19,Property,39,7740,0
L004485,2026-05-28,Auto,25,6552,0
L000242,2025-08-01,Property,52,12931,0
L003268,2026-02-22,Liability,96,17858,0
L004483,2026-05-08,Auto,22,7431,0
L002362,2025-12-25,Liability,60,10695,0
L003757,2026-03-13,Liability,72,13127,0
L004091,2026-04-05,Property,29,12854,0
L004231,2026-04-06,Liability,44,14643,0
L001560,2025-11-08,Auto,58,2781,0
L002648,2026-01-01,Property,45,10568,0
L004450,2026-05-17,Auto,22,300,0
L005393,2026-07-06,Auto,33,627,1
L002277,2025-12-21,Liability,107,11738,0
L000729,2025-09-16,Property,72,13138,0
L003652,2026-03-03,Property,73,7044,0
L002161,2025-12-24,Property,63,14223,0
L001615,2025-11-25,Property,64,5377,0
L003154,2026-02-06,Property,43,6581,0
L003116,2026-02-14,Property,66,12075,0
L001778,2025-11-06,Liability,38,300,0
L001530,2025-11-05,Auto,50,3834,0
L000376,2025-08-22,Liability,107,20174,0
L002202,2025-12-28,Property,51,19484,0
L002139,2025-12-24,Property,41,300,0
L004801,2026-06-27,Auto,29,3771,1
L002459,2026-01-03,Auto,44,5132,0
L004592,2026-05-12,Property,21,7028,0
L002646,2026-01-13,Property,53,16238,0
L000692,2025-09-06,Property,58,17501,0
L004173,2026-04-07,Property,38,17075,0
L001488,2025-11-26,Auto,29,1673,0
L001773,2025-11-25,Liability,73,13207,0
L000112,2025-08-08,Auto,9,5151,0
L001758,2025-11-07,Liability,41,18566,0
L004367,2026-05-22,Auto,22,5132,0
L002450,2026-01-16,Auto,44,1008,0
L001803,2025-11-17,Liability,70,22149,0
L004336,2026-05-17,Auto,25,4118,0
L001933,2025-12-13,Auto,41,1381,1
L000181,2025-08-22,Auto,7,7014,0
L005604,2026-07-13,Property,33,300,0
L000031,2025-08-20,Auto,36,300,1
L005257,2026-06-16,Liability,13,11584,1
L005724,2026-07-11,Liability,50,25763,0
L000728,2025-09-07,Property,84,300,0
L003697,2026-03-17,Property,45,21107,0
L003903,2026-04-27,Auto,32,1375,0
L004571,2026-05-29,Property,20,15579,1
L003478,2026-03-26,Auto,51,535,0
L002685,2026-01-03,Property,42,8872,0
L002766,2026-01-12,Liability,62,7179,0
L001669,2025-11-01,Property,62,9221,0
L000649,2025-09-06,Auto,39,2825,0
L004496,2026-05-11,Auto,17,1898,1
L001538,2025-11-16,Auto,33,2876,0
L000180,2025-08-09,Auto,41,4177,0
L002113,2025-12-29,Property,46,16947,0
L000366,2025-08-27,Liability,47,10256,0
L000579,2025-09-17,Auto,42,5690,0
L005074,2026-06-09,Property,5,18255,0
L000668,2025-09-12,Property,30,5046,0
L000564,2025-09-08,Auto,32,4348,0
L001346,2025-10-05,Liability,35,29247,0
L001407,2025-11-17,Auto,22,873,0
L001130,2025-10-29,Property,42,7550,0
L005665,2026-07-09,Property,24,5957,0
L005307,2026-07-22,Auto,26,300,0
L004247,2026-04-03,Liability,59,19988,0
L004212,2026-04-07,Property,56,4619,0
L000157,2025-08-01,Auto,30,6778,0
L001383,2025-11-30,Auto,41,3440,0
L002788,2026-01-04,Liability,38,25235,0
L000793,2025-09-17,Property,42,12241,0
L000918,2025-10-30,Auto,42,5785,0
L001007,2025-10-24,Auto,37,3270,0
L001108,2025-10-18,Auto,26,2864,0
L003628,2026-03-02,Property,37,2999,0
L004428,2026-05-21,Auto,14,8410,0
L000127,2025-08-01,Auto,50,9087,0
L004436,2026-05-12,Auto,16,6833,0
L002020,2025-12-31,Auto,48,4853,0
L000737,2025-09-05,Property,67,10300,1
L002698,2026-01-24,Property,47,4730,0
L001455,2025-11-25,Auto,29,6526,0
L000702,2025-09-12,Property,44,11534,0
L000766,2025-09-19,Property,43,16570,0
L000284,2025-08-09,Property,70,2065,0
L005309,2026-07-20,Auto,22,1196,0
L002430,2026-01-19,Auto,31,4613,0
L002385,2026-01-24,Auto,46,4315,1
L001114,2025-10-18,Auto,30,6934,0
L002566,2026-01-28,Auto,11,5797,0
L000811,2025-09-18,Property,58,4219,0
L005754,2026-07-27,Liability,20,26731,0
L000498,2025-09-12,Auto,38,7158,0
L000371,2025-08-31,Liability,58,29770,0
L004174,2026-04-04,Property,44,9369,0
L000513,2025-09-28,Auto,64,2685,0
L001537,2025-11-04,Auto,33,6289,0
L000601,2025-09-13,Auto,36,5857,0
L001897,2025-12-09,Auto,41,3104,0
L000877,2025-09-17,Liability,62,13607,0
L000292,2025-08-21,Property,35,9993,0
L005263,2026-06-03,Liability,46,1600,0
L002640,2026-01-13,Property,40,12295,1
L005095,2026-06-29,Property,23,11804,0
L003240,2026-02-12,Property,32,300,0
L004001,2026-04-30,Auto,25,9385,0
L005379,2026-07-22,Auto,17,3228,0
L002758,2026-01-02,Property,41,8528,0
L001828,2025-11-17,Liability,62,16418,0
L003701,2026-03-31,Property,73,9830,0
L004185,2026-04-14,Property,26,2074,0
L004548,2026-05-28,Property,15,7275,0
L005151,2026-06-26,Property,44,12167,0
L001717,2025-11-06,Property,5,6016,0
L000194,2025-08-13,Auto,40,7114,1
L003548,2026-03-16,Auto,21,3531,1
L005357,2026-07-04,Auto,15,1984,0
L002177,2025-12-27,Property,33,11545,1
L000826,2025-09-12,Liability,61,625,0
L004171,2026-04-10,Property,56,23990,0
L001167,2025-10-22,Property,61,16852,0
L000337,2025-08-28,Property,52,300,0
L004147,2026-04-14,Property,59,13840,0
L005286,2026-07-22,Auto,20,6024,0
L001377,2025-11-04,Auto,26,300,0
L000459,2025-09-04,Auto,35,9330,0
L001759,2025-11-16,Liability,76,26046,0
L001519,2025-11-07,Auto,58,7002,0
L004518,2026-05-17,Auto,18,5847,0
L003771,2026-03-15,Liability,63,17351,0
L003362,2026-03-01,Auto,32,4863,1
L000725,2025-09-27,Property,51,3641,0
L000483,2025-09-11,Auto,40,1176,0
L005326,2026-07-26,Auto,29,6499,0
L002611,2026-01-07,Property,66,1559,0
L000273,2025-08-15,Property,74,10844,0
L001987,2025-12-27,Auto,38,3429,0
L005556,2026-07-19,Property,33,15758,0
L005592,2026-07-02,Property,30,17718,0
L003471,2026-03-01,Auto,29,4807,0
L000344,2025-08-16,Property,36,14335,0
L004930,2026-06-26,Auto,23,1636,0
L001164,2025-10-17,Property,59,9392,0
L000999,2025-10-09,Auto,27,378,0
L002190,2025-12-18,Property,81,300,0
L004217,2026-04-25,Property,33,10621,0
L001760,2025-11-12,Liability,41,26975,0
L001168,2025-10-24,Property,39,19035,0
L000144,2025-08-03,Auto,28,2401,0
L002386,2026-01-23,Auto,35,5951,0
L000030,2025-08-13,Auto,5,8594,0
L003088,2026-02-15,Property,46,8860,0
L001672,2025-11-22,Property,64,7967,0
L002065,2025-12-06,Auto,5,4048,0
L005532,2026-07-04,Property,47,15886,0
L004074,2026-04-17,Property,32,15215,0
L004452,2026-05-22,Auto,20,7633,0
L004885,2026-06-29,Auto,33,2240,0
L004389,2026-05-10,Auto,22,1253,1
L003990,2026-04-29,Auto,21,4515,0
L001270,2025-10-21,Property,57,18101,0
L004029,2026-04-26,Auto,27,3375,0
L001033,2025-10-01,Auto,40,1862,1
L003307,2026-02-09,Liability,51,17128,0
L001232,2025-10-27,Property,69,15119,0
L001638,2025-11-23,Property,59,12352,0
L004963,2026-06-05,Auto,21,7518,0
L001008,2025-10-21,Auto,46,6884,0
L002830,2026-01-29,Liability,81,6734,0
L002043,2025-12-04,Auto,28,4550,0
L002036,2025-12-30,Auto,40,1296,0
L003265,2026-02-22,Liability,30,4086,0
L002105,2025-12-13,Property,56,7689,0
L000232,2025-08-05,Property,32,14059,0
L003736,2026-03-12,Property,88,17843,0
L001239,2025-10-02,Property,46,14735,0
L002151,2025-12-30,Property,59,8951,0
L003284,2026-02-14,Liability,106,10502,0
L005188,2026-06-19,Property,28,6844,0
L000355,2025-08-08,Property,38,16104,0
L003328,2026-02-25,Liability,74,5033,0
L005625,2026-07-15,Property,35,13714,0
L002615,2026-01-19,Property,61,20498,0
L002350,2025-12-28,Liability,34,10790,0
L003830,2026-03-16,Liability,56,21153,0
L000661,2025-09-15,Auto,31,3255,0
L001009,2025-10-26,Auto,55,1074,0
L001830,2025-11-22,Liability,79,16456,0
L000274,2025-08-14,Property,57,18468,0
L005023,2026-06-28,Auto,32,4798,0
L001547,2025-11-16,Auto,27,5868,1
L000943,2025-10-13,Auto,34,3225,0
L002871,2026-02-17,Auto,31,3807,0
L001322,2025-10-02,Liability,75,9848,0
L002063,2025-12-11,Auto,41,5464,0
L002837,2026-01-01,Liability,69,18868,0
L002127,2025-12-02,Property,56,300,0
L000280,2025-08-04,Property,42,8941,0
L000222,2025-08-05,Property,39,6488,0
L001409,2025-11-22,Auto,59,3758,0
L002411,2026-01-29,Auto,51,5155,0
L002328,2025-12-25,Liability,46,4447,0
L003083,2026-02-14,Auto,42,7767,0
L003679,2026-03-08,Property,40,13992,1
L000260,2025-08-05,Property,36,6818,0
L002240,2025-12-06,Property,20,20028,0
L004551,2026-05-01,Property,35,14576,1
L002608,2026-01-07,Property,86,13581,0
L004084,2026-04-24,Property,37,8447,0
L003994,2026-04-23,Auto,35,6518,0
L001863,2025-12-18,Auto,36,7112,0
L002847,2026-01-08,Liability,53,22431,0
L003219,2026-02-26,Property,40,7382,1
L001294,2025-10-19,Liability,53,300,0
L002059,2025-12-25,Auto,38,1906,0
L003089,2026-02-02,Property,79,7507,0
L000616,2025-09-23,Auto,35,2034,0
L004012,2026-04-03,Auto,17,5138,0
L000275,2025-08-17,Property,66,12165,0
L005227,2026-06-13,Liability,69,7698,0
L000290,2025-08-11,Property,42,9904,1
L000882,2025-09-27,Liability,50,8583,1
L001258,2025-10-02,Property,51,13133,0
L000683,2025-09-18,Property,55,5722,0
L005401,2026-07-04,Auto,31,4413,1
L000704,2025-09-11,Property,40,6830,0
L004135,2026-04-21,Property,46,20523,0
L000936,2025-10-12,Auto,25,5014,0
L005405,2026-07-26,Auto,14,2830,0
L004377,2026-05-23,Auto,17,340,0
L003315,2026-02-02,Liability,95,8895,0
L002284,2025-12-29,Liability,22,7542,0
L003793,2026-03-25,Liability,31,28118,0
L001809,2025-11-26,Liability,57,3264,0
L004465,2026-05-06,Auto,35,6012,0
L003747,2026-03-29,Liability,55,16096,0
L001215,2025-10-22,Property,58,10913,0
L004179,2026-04-16,Property,41,8695,0
L004691,2026-05-03,Property,49,16613,1
L002582,2026-01-23,Auto,26,4753,1
L001574,2025-11-28,Auto,21,3439,0
L005450,2026-07-13,Auto,11,3281,0
L004493,2026-05-17,Auto,26,919,0
L003692,2026-03-11,Property,45,4591,0
L000402,2025-08-08,Liability,107,23669,0
L003686,2026-03-28,Property,40,7378,0
L001637,2025-11-25,Property,20,13374,0
L000330,2025-08-19,Property,37,14745,0
L003649,2026-03-28,Property,87,22435,0
L001092,2025-10-18,Auto,35,6735,1
L003694,2026-03-21,Property,66,10673,0
L004700,2026-05-12,Property,40,14549,0
L003849,2026-04-09,Auto,33,4310,0
L002642,2026-01-21,Property,47,300,0
L002076,2025-12-27,Auto,50,7165,0
L003531,2026-03-10,Auto,33,999,0
L002373,2025-12-10,Liability,67,21991,0
L004242,2026-04-16,Liability,36,14537,0
L001212,2025-10-19,Property,59,14292,1
L004945,2026-06-15,Auto,5,5424,0
L001817,2025-11-28,Liability,60,12632,0
L004376,2026-05-02,Auto,25,1897,0
L004229,2026-04-07,Liability,57,10854,1
L002501,2026-01-05,Auto,57,4272,0
L001788,2025-11-12,Liability,49,21687,0
L003104,2026-02-27,Property,19,15744,0
L001013,2025-10-13,Auto,43,2453,1
L002022,2025-12-22,Auto,55,7930,0
L001188,2025-10-25,Property,37,13860,0
L000904,2025-09-29,Liability,60,20146,0
L001618,2025-11-15,Property,48,300,0
L000554,2025-09-01,Auto,21,1145,0
L005021,2026-06-01,Auto,16,4100,0
L000932,2025-10-21,Auto,40,2597,0
L005022,2026-06-29,Auto,22,2829,0
L004363,2026-05-18,Auto,22,3935,1
L000446,2025-08-24,Liability,104,300,0
L002525,2026-01-14,Auto,27,5966,0
L000452,2025-09-07,Auto,31,5121,0
L001012,2025-10-17,Auto,36,6022,0
L000492,2025-09-02,Auto,35,4320,0
L004114,2026-04-02,Property,30,18806,0
L003001,2026-02-20,Auto,39,2381,0
L002810,2026-01-23,Liability,71,23886,0
L000745,2025-09-02,Property,58,14053,0
L001035,2025-10-22,Auto,25,4474,0
L002572,2026-01-19,Auto,30,4633,0
L002732,2026-01-31,Property,64,12026,0
L005078,2026-06-30,Property,29,12766,0
L004454,2026-05-29,Auto,13,2472,0
L000478,2025-09-09,Auto,47,6127,1
L001084,2025-10-03,Auto,40,1948,0
L003666,2026-03-30,Property,53,17722,0
L004514,2026-05-09,Auto,11,4736,0
L004500,2026-05-12,Auto,25,7611,1
L004865,2026-06-28,Auto,16,5712,0
L000487,2025-09-21,Auto,49,3634,0
L004394,2026-05-29,Auto,28,2317,0
L001767,2025-11-18,Liability,71,8076,0
L004269,2026-04-04,Liability,48,13690,0
L003020,2026-02-19,Auto,34,2997,0
L000696,2025-09-24,Property,95,13257,0
L004285,2026-04-19,Liability,62,13498,0
L003209,2026-02-07,Property,23,2963,0
L000795,2025-09-09,Property,58,3991,0
L001988,2025-12-18,Auto,38,7279,0
L000101,2025-08-12,Auto,21,8469,0
L000193,2025-08-04,Auto,28,2193,0
L001296,2025-10-06,Liability,46,300,0
L002681,2026-01-29,Property,42,13974,0
L005706,2026-07-05,Liability,48,14986,0
L005332,2026-07-24,Auto,16,3566,0
L005518,2026-07-10,Property,18,7570,0
L002410,2026-01-31,Auto,29,6475,0
L002070,2025-12-04,Auto,35,6481,0
L000855,2025-09-28,Liability,90,9325,0
L004788,2026-05-01,Liability,83,6792,0
L001163,2025-10-13,Property,54,2977,0
L002077,2025-12-12,Auto,40,4229,0
L004338,2026-05-01,Auto,11,6012,0
L004740,2026-05-18,Liability,58,14235,0
L000500,2025-09-24,Auto,35,438,0
L003172,2026-02-14,Property,64,7312,0
L000802,2025-09-14,Property,36,1470,1
L001843,2025-11-28,Liability,55,13067,0
L002053,2025-12-24,Auto,38,3591,1
L000849,2025-09-16,Liability,65,300,0
L004526,2026-05-14,Auto,37,8053,0
L000135,2025-08-01,Auto,33,4486,0
L005680,2026-07-01,Liability,41,6428,0
L002551,2026-01-29,Auto,13,4159,0
L000622,2025-09-17,Auto,25,5465,0
L004515,2026-05-01,Auto,24,2715,1
L002007,2025-12-14,Auto,33,6091,0
L000332,2025-08-28,Property,39,15825,0
L002005,2025-12-23,Auto,56,2828,0
L003253,2026-02-14,Liability,62,14597,0
L001952,2025-12-14,Auto,35,9866,0
L001374,2025-11-11,Auto,55,4731,0
L000350,2025-08-20,Property,45,8952,0
L004721,2026-05-05,Liability,45,17367,0
L002189,2025-12-17,Property,57,11650,0
L001397,2025-11-20,Auto,36,1428,0
L002880,2026-02-01,Auto,33,3049,1
L004426,2026-05-27,Auto,17,4248,0
L001184,2025-10-28,Property,32,7846,0
L001127,2025-10-02,Property,86,3678,0
L001869,2025-12-27,Auto,35,5258,1
L000433,2025-08-06,Liability,5,8164,0
L002512,2026-01-11,Auto,37,5253,0
L002327,2025-12-24,Liability,77,13101,0
L002086,2025-12-16,Property,57,13490,0
L001073,2025-10-27,Auto,35,2962,0
L004245,2026-04-27,Liability,9,25855,0
L003483,2026-03-04,Auto,30,5278,0
L003948,2026-04-05,Auto,20,2232,0
L005250,2026-06-01,Liability,33,300,0
L001049,2025-10-05,Auto,44,1629,1
L000096,2025-08-25,Auto,38,6165,0
L004031,2026-04-20,Auto,23,3323,0
L003157,2026-02-05,Property,66,10807,0
L003723,2026-03-31,Property,49,18743,0
L005751,2026-07-24,Liability,5,28938,0
L000747,2025-09-25,Property,47,11225,0
L005173,2026-06-11,Property,22,8317,0
L000961,2025-10-05,Auto,21,7103,0
L000266,2025-08-30,Property,40,11774,0
L000897,2025-09-01,Liability,48,6370,0
L002983,2026-02-23,Auto,44,4732,1
L001576,2025-11-01,Auto,32,8731,0
L001279,2025-10-26,Liability,49,18082,0
L002176,2025-12-17,Property,55,7231,1
L003980,2026-04-28,Auto,25,8203,0
L004105,2026-04-18,Property,51,18994,0
L005202,2026-06-08,Liability,51,13574,0
L003542,2026-03-13,Auto,44,5648,0
L001245,2025-10-30,Property,42,5569,0
L001324,2025-10-24,Liability,54,22213,0
L003866,2026-04-11,Auto,29,300,0
L001795,2025-11-22,Liability,45,300,0
L000835,2025-09-23,Liability,63,15370,0
L000861,2025-09-12,Liability,40,10593,0
L002051,2025-12-19,Auto,16,2635,0
L001189,2025-10-10,Property,49,6431,0
L002547,2026-01-17,Auto,13,5549,0
L002671,2026-01-24,Property,71,10023,0
L001712,2025-11-23,Property,38,8242,0
L004863,2026-06-30,Auto,19,9170,0
L005230,2026-06-16,Liability,55,9126,0
L002080,2025-12-04,Auto,52,5043,0
L005343,2026-07-19,Auto,14,3499,1
L002505,2026-01-18,Auto,32,4479,1
L001851,2025-12-21,Auto,16,4140,0
L004569,2026-05-02,Property,26,8654,0
L001667,2025-11-16,Property,44,14695,0
L001318,2025-10-01,Liability,89,20150,0
L002961,2026-02-09,Auto,53,5029,1
L004456,2026-05-07,Auto,19,1825,0
L002110,2025-12-05,Property,50,12322,0
L000342,2025-08-27,Property,38,17700,0
L003152,2026-02-08,Property,42,10227,0
L003032,2026-02-15,Auto,24,6898,0
L003601,2026-03-09,Property,38,2026,0
L002814,2026-01-20,Liability,49,23572,0
L003739,2026-03-17,Liability,48,8853,0
L000519,2025-09-18,Auto,46,6313,0
L002653,2026-01-13,Property,27,10276,0
L005140,2026-06-16,Property,48,8718,0
L003786,2026-03-10,Liability,61,5791,0
L001118,2025-10-20,Auto,51,300,0
L002815,2026-01-04,Liability,27,300,0
L003574,2026-03-11,Property,56,12019,0
L003444,2026-03-07,Auto,48,7134,0
L003016,2026-02-10,Auto,37,641,0
L000773,2025-09-26,Property,45,5500,0
L005597,2026-07-14,Property,30,300,0
L001262,2025-10-18,Property,45,11175,0
L001256,2025-10-20,Property,63,15451,0
L000196,2025-08-01,Auto,31,6369,0
L000653,2025-09-26,Auto,41,7037,0
L002343,2025-12-23,Liability,68,19529,0
L004444,2026-05-11,Auto,32,5368,0
L001400,2025-11-30,Auto,34,6884,1
L001636,2025-11-29,Property,44,5128,0
L004926,2026-06-09,Auto,13,1719,0
L001264,2025-10-12,Property,43,9883,0
L003300,2026-02-03,Liability,66,18000,0
L000179,2025-08-03,Auto,23,3237,0
L001123,2025-10-09,Property,72,11911,0
L004180,2026-04-29,Property,47,4320,1
L004182,2026-04-04,Property,39,9113,0
L004348,2026-05-19,Auto,31,4176,0
L000677,2025-09-27,Property,32,10513,0
L003663,2026-03-30,Property,71,13014,0
L003373,2026-03-14,Auto,15,1396,0
L000827,2025-09-15,Liability,53,15485,0
L000968,2025-10-02,Auto,15,2767,0
L001650,2025-11-27,Property,48,3940,1
L002740,2026-01-09,Property,60,7351,0
L001651,2025-11-21,Property,36,20288,0
L003190,2026-02-02,Property,85,13767,0
L005388,2026-07-04,Auto,16,1915,0
L002057,2025-12-18,Auto,35,6127,0
L005576,2026-07-10,Property,20,11631,0
L001789,2025-11-26,Liability,47,5184,0
L003963,2026-04-15,Auto,14,7639,0
L000396,2025-08-09,Liability,71,24440,0
L002230,2025-12-05,Property,56,13953,0
L004702,2026-05-17,Property,53,11091,0
L004837,2026-06-01,Auto,24,1735,1
L001030,2025-10-02,Auto,35,4132,0
L001551,2025-11-20,Auto,10,7295,0
L001430,2025-11-09,Auto,35,2322,0
L002812,2026-01-03,Liability,60,21305,0
L001011,2025-10-14,Auto,36,2911,0
L003792,2026-03-15,Liability,42,16002,0
L002351,2025-12-20,Liability,101,21984,0
L002890,2026-02-05,Auto,31,300,0
L003756,2026-03-25,Liability,88,17500,0
L003728,2026-03-06,Property,84,19836,0
L003753,2026-03-27,Liability,23,300,0
L005105,2026-06-02,Property,26,8434,0
L000735,2025-09-14,Property,52,8997,0
L001571,2025-11-09,Auto,26,1810,0
L001666,2025-11-01,Property,25,14835,1
L001042,2025-10-07,Auto,22,4566,0
L005545,2026-07-13,Property,20,9546,0
L005030,2026-06-18,Auto,22,1957,0
L005591,2026-07-29,Property,26,16629,0
L005147,2026-06-14,Property,35,451,0
L003040,2026-02-14,Auto,16,4007,0
L004649,2026-05-14,Property,21,15171,0
L003566,2026-03-31,Auto,16,5960,0
L001656,2025-11-05,Property,38,9931,0
L001649,2025-11-03,Property,62,7037,0
L005391,2026-07-30,Auto,23,2853,0
L001439,2025-11-16,Auto,35,761,0
L005510,2026-07-12,Auto,15,8250,0
L003440,2026-03-19,Auto,56,8015,0
L000341,2025-08-02,Property,89,14760,0
L002245,2025-12-29,Property,44,11103,0
L000365,2025-08-06,Liability,114,300,0
L002726,2026-01-09,Property,51,3262,0
L000699,2025-09-21,Property,66,9214,0
L004993,2026-06-03,Auto,23,3851,0
L004002,2026-04-16,Auto,14,1060,0
L004536,2026-05-23,Auto,19,6923,0
L001289,2025-10-27,Liability,97,8912,0
L004537,2026-05-29,Auto,28,9070,0
L003332,2026-02-15,Liability,104,16018,0
L004810,2026-06-09,Auto,27,2636,1
L005746,2026-07-15,Liability,68,1382,0
L003005,2026-02-04,Auto,47,1990,0
L002267,2025-12-22,Property,70,10794,0
L003984,2026-04-29,Auto,37,6938,0
L002445,2026-01-07,Auto,33,3425,0
L002253,2025-12-16,Property,51,13644,0
L002263,2025-12-11,Property,86,2201,0
L001078,2025-10-28,Auto,27,5534,0
L000163,2025-08-24,Auto,41,1980,0
L001737,2025-11-06,Property,63,22562,0
L003928,2026-04-01,Auto,14,1083,0
L005125,2026-06-19,Property,34,15848,0
L002530,2026-01-20,Auto,63,9349,0
L004132,2026-04-01,Property,60,7202,0
L000444,2025-08-29,Liability,85,12140,0
L004491,2026-05-28,Auto,26,10546,1
L001098,2025-10-18,Auto,26,382,0
L001836,2025-11-03,Liability,84,31335,0
L000697,2025-09-26,Property,60,5913,1
L002737,2026-01-29,Property,26,6620,0
L002305,2025-12-30,Liability,29,19310,0
L000103,2025-08-25,Auto,40,3564,0
L003077,2026-02-24,Auto,24,7829,0
L005318,2026-07-24,Auto,9,7754,0
L000011,2025-08-06,Auto,33,6669,0
L001395,2025-11-10,Auto,40,8487,0
L004296,2026-04-08,Liability,16,21718,1
L000312,2025-08-18,Property,38,12506,0
L005099,2026-06-09,Property,30,12076,0
L002401,2026-01-22,Auto,36,6148,0
L002443,2026-01-14,Auto,50,555,0
L005546,2026-07-16,Property,20,2126,1
L001284,2025-10-25,Liability,63,300,0
L005129,2026-06-15,Property,39,14014,0
L005042,2026-06-27,Property,37,7605,0
L005658,2026-07-25,Property,29,8016,0
L004504,2026-05-07,Auto,24,9209,0
L004282,2026-04-02,Liability,72,17789,0
L000298,2025-08-29,Property,50,4365,0
L004794,2026-05-11,Liability,54,8816,0
L003048,2026-02-10,Auto,36,5651,0
L002256,2025-12-28,Property,65,16600,0
L001029,2025-10-23,Auto,41,6346,0
L001824,2025-11-24,Liability,57,13362,0
L000944,2025-10-16,Auto,43,300,0
L002074,2025-12-23,Auto,33,4027,0
L003763,2026-03-04,Liability,74,300,0
L005723,2026-07-28,Liability,84,16179,0
L003472,2026-03-01,Auto,38,4244,0
L000655,2025-09-17,Auto,46,6503,0
L004722,2026-05-22,Liability,57,14931,0
L002315,2025-12-02,Liability,85,5182,0
L003965,2026-04-16,Auto,5,4985,0
L005674,2026-07-07,Liability,59,23954,0
L002336,2025-12-24,Liability,39,25973,0
L005342,2026-07-03,Auto,25,300,0
L004236,2026-04-03,Liability,36,11403,0
L000200,2025-08-24,Auto,31,4022,0
L004824,2026-06-15,Auto,13,3230,0
L004965,2026-06-10,Auto,17,1802,0
L000113,2025-08-17,Auto,27,6711,0
L003286,2026-02-13,Liability,82,10590,0
L000430,2025-08-27,Liability,76,21337,0
L005635,2026-07-22,Property,26,3747,0
L000762,2025-09-07,Property,82,19649,0
L005721,2026-07-22,Liability,54,21253,0
L003586,2026-03-15,Property,66,11371,0
L002927,2026-02-12,Auto,32,8059,0
L000765,2025-09-14,Property,30,12906,0
L002486,2026-01-23,Auto,10,1550,0
L002893,2026-02-02,Auto,30,3118,1
L002773,2026-01-21,Liability,51,21909,0
L004177,2026-04-13,Property,59,7555,0
L001365,2025-10-28,Liability,18,4936,0
L003507,2026-03-13,Auto,34,4630,0
L000646,2025-09-15,Auto,32,3336,0
L003581,2026-03-29,Property,52,6805,0
L000593,2025-09-25,Auto,50,4534,1
L002933,2026-02-09,Auto,36,5315,0
L005475,2026-07-13,Auto,30,7189,0
L005421,2026-07-09,Auto,15,4887,0
L004828,2026-06-18,Auto,25,9819,0
L005707,2026-07-09,Liability,79,15658,0
L005429,2026-07-03,Auto,10,3614,0
L003298,2026-02-11,Liability,66,21674,0
L002049,2025-12-03,Auto,27,5458,0
L004820,2026-06-24,Auto,10,8646,0
L003408,2026-03-14,Auto,35,5387,0
L004181,2026-04-02,Property,59,9944,0
L002915,2026-02-17,Auto,56,3864,0
L002964,2026-02-24,Auto,39,6166,1
L001194,2025-10-18,Property,26,9651,0
L005521,2026-07-18,Property,51,5683,0
L003263,2026-02-22,Liability,28,300,0
L001799,2025-11-02,Liability,112,12946,0
L003349,2026-03-09,Auto,39,4394,0
L000351,2025-08-21,Property,70,7906,0
L000688,2025-09-14,Property,74,4685,0
L005163,2026-06-13,Property,28,9437,0
L000054,2025-08-31,Auto,42,2925,1
L000542,2025-09-12,Auto,19,3838,0
L001652,2025-11-20,Property,73,7908,1
L003101,2026-02-20,Property,30,4365,0
L000069,2025-08-09,Auto,33,2961,1
L003368,2026-03-21,Auto,16,2671,0
L001320,2025-10-04,Liability,68,8100,0
L003760,2026-03-05,Liability,87,300,0
L000085,2025-08-27,Auto,34,10583,0
L000974,2025-10-17,Auto,14,6092,0
L000117,2025-08-05,Auto,27,7355,0
L003208,2026-02-02,Property,61,12038,0
L002673,2026-01-27,Property,51,13267,0
L003376,2026-03-27,Auto,36,11078,0
L005577,2026-07-04,Property,49,17368,0
L001877,2025-12-25,Auto,10,300,0
L003352,2026-03-16,Auto,46,7345,0
L001606,2025-11-22,Property,41,15647,0
L000359,2025-08-05,Property,51,6231,0
L005590,2026-07-27,Property,38,8308,0
L000817,2025-09-20,Liability,51,27494,0
L000949,2025-10-05,Auto,36,12475,1
L004354,2026-05-03,Auto,25,733,0
L004356,2026-05-04,Auto,27,3509,0
L000996,2025-10-29,Auto,25,3672,0
L000236,2025-08-30,Property,51,15157,0
L004683,2026-05-15,Property,59,21368,0
L001044,2025-10-24,Auto,42,3487,1
L001494,2025-11-08,Auto,25,7138,0
L002590,2026-01-19,Auto,60,4275,0
L003287,2026-02-21,Liability,99,16524,0
L003685,2026-03-19,Property,48,16529,1
L004347,2026-05-23,Auto,25,5561,0
L001132,2025-10-20,Property,46,11608,0
L003011,2026-02-13,Auto,35,4210,0
L003634,2026-03-27,Property,41,3452,0
L003579,2026-03-20,Property,33,5243,0
L005600,2026-07-04,Property,47,21622,0
L000684,2025-09-07,Property,27,7354,0
L004898,2026-06-11,Auto,13,5069,0
L003594,2026-03-31,Property,73,14274,0
L000108,2025-08-02,Auto,10,3505,0
L002405,2026-01-11,Auto,11,3966,0
L003622,2026-03-24,Property,50,17537,0
L002859,2026-01-28,Liability,80,6165,1
L000576,2025-09-14,Auto,36,1822,0
L002527,2026-01-04,Auto,40,9221,0
L002363,2025-12-16,Liability,54,5479,0
L000239,2025-08-15,Property,40,13603,0
L004999,2026-06-26,Auto,14,7497,0
L001370,2025-11-04,Auto,44,300,0
L003038,2026-02-11,Auto,17,6685,0
L003272,2026-02-04,Liability,80,28279,0
L003690,2026-03-19,Property,8,11431,0
L000577,2025-09-20,Auto,23,4152,0
L003582,2026-03-21,Property,62,9939,0
L000540,2025-09-06,Auto,23,2832,0
L002416,2026-01-24,Auto,27,991,0
L002929,2026-02-02,Auto,34,8147,0
L004510,2026-05-11,Auto,5,5964,0
L003228,2026-02-24,Property,62,8468,0
L002900,2026-02-21,Auto,40,4661,0
L002693,2026-01-11,Property,44,17609,0
L001511,2025-11-09,Auto,63,4252,0
L003356,2026-03-09,Auto,57,10139,0
L003017,2026-02-27,Auto,45,4476,1
L001352,2025-10-24,Liability,85,10326,0
L000505,2025-09-28,Auto,19,5802,0
L000392,2025-08-25,Liability,70,18621,0
L004839,2026-06-15,Auto,17,1622,0
L001420,2025-11-07,Auto,22,1479,0
L000302,2025-08-03,Property,30,15061,0
L000682,2025-09-21,Property,30,7707,0
L002121,2025-12-24,Property,42,5825,0
L004466,2026-05-25,Auto,24,1588,1
L002337,2025-12-26,Liability,71,13863,1
L002963,2026-02-05,Auto,50,4193,1
L004800,2026-06-15,Auto,22,300,0
L003861,2026-04-04,Auto,21,3162,0
L001331,2025-10-08,Liability,52,23966,0
L005656,2026-07-02,Property,39,3959,0
L002850,2026-01-13,Liability,77,10228,0
L003249,2026-02-20,Property,80,2862,0
L000230,2025-08-11,Property,13,13628,1
L004941,2026-06-07,Auto,29,8749,0
L003029,2026-02-07,Auto,55,2272,0
L003306,2026-02-04,Liability,73,21833,0
L001625,2025-11-20,Property,43,10793,0
L004235,2026-04-07,Liability,58,38196,0
L004291,2026-04-28,Liability,39,8130,0
L005149,2026-06-15,Property,24,300,0
L002251,2025-12-07,Property,40,14410,0
L003047,2026-02-06,Auto,47,875,0
L002757,2026-01-19,Property,63,9608,0
L001058,2025-10-24,Auto,35,5534,0
L003535,2026-03-28,Auto,50,5703,0
L001752,2025-11-18,Property,60,5407,0
L000583,2025-09-21,Auto,30,5166,0
L003291,2026-02-11,Liability,74,8748,0
L003742,2026-03-30,Liability,53,14127,0
L005486,2026-07-18,Auto,27,2119,1
L000055,2025-08-12,Auto,43,1392,0
L004371,2026-05-22,Auto,27,5279,0
L001595,2025-11-20,Property,70,15377,0
L005514,2026-07-09,Auto,24,3098,0
L001047,2025-10-13,Auto,30,5137,0
L003266,2026-02-27,Liability,48,11363,0
L004271,2026-04-15,Liability,82,21536,0
L004139,2026-04-09,Property,49,12688,1
L000114,2025-08-29,Auto,5,8443,0
L001516,2025-11-27,Auto,37,300,1
L005361,2026-07-20,Auto,29,1913,0
L000201,2025-08-12,Auto,54,6142,0
L002264,2025-12-25,Property,31,4602,0
L002721,2026-01-03,Property,44,6497,0
L003598,2026-03-26,Property,60,8817,0
L005121,2026-06-05,Property,17,10659,1
L005197,2026-06-04,Liability,46,25713,0
L003547,2026-03-03,Auto,37,4542,0
L005116,2026-06-10,Property,28,13217,0
L005453,2026-07-18,Auto,36,7636,0
L001948,2025-12-20,Auto,35,5496,0
L000691,2025-09-02,Property,37,14079,0
L002318,2025-12-09,Liability,76,6221,0
L005115,2026-06-19,Property,47,3417,0
L004085,2026-04-02,Property,54,4766,0
L005553,2026-07-13,Property,37,7876,0
L002631,2026-01-28,Property,76,5083,0
L005124,2026-06-14,Property,38,15349,0
L000228,2025-08-26,Property,54,20720,1
L002155,2025-12-27,Property,5,8249,0
L003003,2026-02-22,Auto,25,6763,0
L003970,2026-04-15,Auto,36,5586,0
L002304,2025-12-09,Liability,69,12384,0
L005580,2026-07-23,Property,52,10816,0
L002293,2025-12-28,Liability,102,14830,1
L000067,2025-08-16,Auto,42,2650,1
L004697,2026-05-14,Property,40,12177,0
L002047,2025-12-17,Auto,44,300,0
L005539,2026-07-13,Property,48,5233,0
L002358,2025-12-03,Liability,76,18958,0
L004353,2026-05-07,Auto,17,2613,0
L000059,2025-08-08,Auto,29,5246,0
L000480,2025-09-03,Auto,20,5891,0
L000589,2025-09-13,Auto,41,3593,1
L004600,2026-05-04,Property,32,300,0
L004858,2026-06-03,Auto,26,6624,0
L002930,2026-02-19,Auto,18,4917,0
L000361,2025-08-12,Liability,53,30003,0
L005436,2026-07-28,Auto,28,7249,0
L001740,2025-11-16,Property,47,9305,0
L004330,2026-05-19,Auto,41,7114,0
L001744,2025-11-25,Property,46,13804,0
L001388,2025-11-26,Auto,29,1180,0
L001696,2025-11-25,Property,23,19575,0
L001999,2025-12-14,Auto,28,9716,0
L002669,2026-01-28,Property,61,16617,0
L001776,2025-11-13,Liability,59,20899,0
L002853,2026-01-16,Liability,85,24446,0
L004632,2026-05-18,Property,36,19100,1
L004605,2026-05-07,Property,32,3933,0
L004230,2026-04-15,Liability,57,31765,0
L003185,2026-02-14,Property,47,7756,1
L001268,2025-10-21,Property,54,11890,0
L002839,2026-01-22,Liability,93,20328,0
L002994,2026-02-07,Auto,33,4044,0
L001143,2025-10-05,Property,65,8792,0
L000924,2025-10-31,Auto,35,7167,0
L002909,2026-02-07,Auto,43,3572,1
L005249,2026-06-17,Liability,44,24643,0
L000587,2025-09-10,Auto,34,3173,0
L002159,2025-12-07,Property,84,8180,0
L004815,2026-06-17,Auto,15,2161,0
L001314,2025-10-31,Liability,71,28125,1
L000033,2025-08-31,Auto,44,5802,0
L001714,2025-11-25,Property,59,18276,0
L001103,2025-10-26,Auto,40,4833,1
L001723,2025-11-07,Property,28,15425,0
L000415,2025-08-24,Liability,49,30638,0
L002174,2025-12-06,Property,51,300,0
L004602,2026-05-18,Property,15,4831,0
L003687,2026-03-11,Property,52,12457,0
L004994,2026-06-22,Auto,19,3288,0
L002745,2026-01-12,Property,35,15244,0
L002002,2025-12-08,Auto,46,2416,0
L000844,2025-09-21,Liability,86,13595,0
L004289,2026-04-28,Liability,55,2687,0
L000431,2025-08-04,Liability,84,23867,1
L000633,2025-09-21,Auto,49,362,0
L001814,2025-11-16,Liability,28,15663,0
L001901,2025-12-22,Auto,31,3282,0
L000864,2025-09-16,Liability,103,13732,0
L002013,2025-12-28,Auto,41,2311,0
L001271,2025-10-17,Property,73,1764,0
L000792,2025-09-08,Property,32,9579,0
L000916,2025-10-06,Auto,38,5386,0
L001838,2025-11-14,Liability,70,24178,0
L000619,2025-09-22,Auto,31,2987,0
L004665,2026-05-23,Property,39,6011,0
L004208,2026-04-15,Property,47,15274,0
L002932,2026-02-07,Auto,30,6773,0
L002867,2026-02-25,Auto,28,6611,0
L000472,2025-09-13,Auto,41,2034,0
L003212,2026-02-07,Property,50,15927,0
L003892,2026-04-05,Auto,18,5603,1
L005629,2026-07-05,Property,40,8805,0
L004813,2026-06-08,Auto,27,4462,1
L002472,2026-01-29,Auto,35,5698,0
L002399,2026-01-07,Auto,38,4856,0
L001645,2025-11-20,Property,38,10385,0
L001941,2025-12-26,Auto,51,1697,0
L001230,2025-10-03,Property,35,300,0
L002926,2026-02-04,Auto,53,4580,1
L002922,2026-02-21,Auto,52,5749,0
L003269,2026-02-15,Liability,87,300,0
L005690,2026-07-20,Liability,79,17832,0
L000005,2025-08-19,Auto,47,4675,1
L004503,2026-05-31,Auto,33,5038,0
L005372,2026-07-26,Auto,20,2015,0
L003127,2026-02-28,Property,64,9607,0
L001338,2025-10-14,Liability,90,25304,0
L000965,2025-10-15,Auto,35,1509,0
L000485,2025-09-04,Auto,27,5563,1
L004887,2026-06-15,Auto,22,5232,0
L002477,2026-01-26,Auto,30,4692,0
L002629,2026-01-24,Property,47,10745,0
L001891,2025-12-20,Auto,46,1650,1
L003281,2026-02-23,Liability,74,11196,0
L002638,2026-01-29,Property,30,11008,0
L002242,2025-12-06,Property,18,3956,0
L003416,2026-03-04,Auto,25,2514,0
L001701,2025-11-04,Property,42,2789,0
L002724,2026-01-25,Property,31,5020,1
L001025,2025-10-15,Auto,29,6264,0
L001321,2025-10-29,Liability,40,11616,0
L003933,2026-04-28,Auto,28,7884,0
L004162,2026-04-05,Property,41,6631,0
L001524,2025-11-21,Auto,47,6624,0
L002409,2026-01-25,Auto,31,1688,0
L000466,2025-09-02,Auto,36,8012,0
L002594,2026-01-30,Auto,50,7271,0
L000052,2025-08-12,Auto,46,7530,0
L002273,2025-12-06,Property,60,7526,0
L005176,2026-06-04,Property,12,17209,0
L002599,2026-01-29,Property,45,11481,0
L005323,2026-07-24,Auto,11,7364,1
L005522,2026-07-26,Property,34,3777,0
L003986,2026-04-14,Auto,18,2278,0
L003936,2026-04-01,Auto,34,3889,0
L000213,2025-08-13,Property,65,11093,0
L005142,2026-06-03,Property,43,8659,0
L001483,2025-11-06,Auto,23,3900,0
L005256,2026-06-07,Liability,50,18226,0
L001880,2025-12-24,Auto,26,2358,0
L002285,2025-12-25,Liability,78,20889,0
L005663,2026-07-09,Property,40,300,0
L004169,2026-04-13,Property,45,10613,0
L003004,2026-02-05,Auto,29,5214,0
L000450,2025-08-05,Liability,25,4747,0
L003505,2026-03-24,Auto,27,1585,0
L003667,2026-03-06,Property,66,7097,0
L002622,2026-01-05,Property,65,1678,0
L005618,2026-07-30,Property,27,16842,0
L004129,2026-04-05,Property,50,14556,0
L002589,2026-01-01,Auto,36,6599,1
L002746,2026-01-21,Property,84,6420,0
L003658,2026-03-31,Property,62,5862,0
L001738,2025-11-22,Property,26,17387,0
L002248,2025-12-10,Property,49,11680,0
L001612,2025-11-18,Property,52,20224,0
L005632,2026-07-29,Property,46,6705,0
L005720,2026-07-14,Liability,59,13778,0
L000339,2025-08-02,Property,23,17107,0
L003983,2026-04-25,Auto,34,5955,0
L004273,2026-04-08,Liability,29,1081,0
L002354,2025-12-21,Liability,54,7821,1
L003329,2026-02-07,Liability,104,14715,0
L005584,2026-07-03,Property,23,16844,0
L003670,2026-03-08,Property,72,13762,0
L005346,2026-07-05,Auto,39,4397,0
L003544,2026-03-11,Auto,36,5298,0
L003946,2026-04-27,Auto,13,5341,0
L005585,2026-07-24,Property,17,17807,1
L001792,2025-11-25,Liability,24,28470,0
L001601,2025-11-06,Property,42,10825,0
L004165,2026-04-18,Property,19,19281,0
L003137,2026-02-17,Property,51,12973,0
L000374,2025-08-01,Liability,68,21085,0
L004036,2026-04-20,Auto,26,4922,0
L000594,2025-09-10,Auto,17,3523,0
L000231,2025-08-09,Property,75,17150,0
L004313,2026-04-19,Liability,87,30242,0
L002967,2026-02-20,Auto,23,300,0
L001023,2025-10-04,Auto,25,6796,1
L003260,2026-02-09,Liability,46,30027,0
L003831,2026-03-16,Liability,50,6533,0
L001847,2025-11-21,Liability,66,12979,0
L000906,2025-10-12,Auto,25,5935,1
L003572,2026-03-10,Auto,46,4866,0
L004623,2026-05-18,Property,47,23605,0
L001251,2025-10-22,Property,33,13695,0
L000838,2025-09-26,Liability,45,23317,1
L003708,2026-03-15,Property,28,13542,0
L004103,2026-04-21,Property,62,7914,0
L002493,2026-01-29,Auto,44,3247,0
L004315,2026-04-20,Liability,44,6710,0
L000214,2025-08-09,Property,64,18112,0
L000528,2025-09-11,Auto,11,4103,0
L001134,2025-10-21,Property,61,1925,0
L004575,2026-05-31,Property,57,2949,0
L001905,2025-12-12,Auto,29,7285,0
L003584,2026-03-12,Property,27,6730,0
L000018,2025-08-11,Auto,34,1435,0
L001391,2025-11-21,Auto,45,3551,0
L001006,2025-10-21,Auto,26,1965,0
L000920,2025-10-26,Auto,44,3954,0
L002844,2026-01-22,Liability,29,22243,1
L001963,2025-12-14,Auto,37,4299,0
L005206,2026-06-12,Liability,34,23019,0
L000233,2025-08-29,Property,63,2608,0
L002079,2025-12-11,Auto,39,5808,0
L001243,2025-10-18,Property,59,16651,0
L000821,2025-09-17,Liability,43,30495,0
L003078,2026-02-25,Auto,42,6394,0
L002801,2026-01-17,Liability,66,16864,0
L002753,2026-01-26,Property,25,17859,0
L000848,2025-09-12,Liability,68,14680,0
L003619,2026-03-24,Property,53,10051,0
L002834,2026-01-17,Liability,76,32533,0
L002962,2026-02-04,Auto,37,5563,1
L002809,2026-01-26,Liability,63,14493,0
L003714,2026-03-25,Property,64,300,0
L002620,2026-01-23,Property,63,15540,0
L004931,2026-06-11,Auto,26,3947,0
L005288,2026-07-27,Auto,24,6880,0
L003384,2026-03-26,Auto,35,3747,0
L004523,2026-05-31,Auto,9,6297,0
L004014,2026-04-16,Auto,35,2034,1
L003888,2026-04-28,Auto,47,601,1
L004827,2026-06-20,Auto,17,3770,1
L000449,2025-08-12,Liability,47,5818,0
L000604,2025-09-06,Auto,16,300,1
L002663,2026-01-10,Property,32,7334,0
L002364,2025-12-28,Liability,19,9596,0
L002000,2025-12-12,Auto,27,8274,0
L003871,2026-04-04,Auto,41,9816,0
L002616,2026-01-05,Property,45,22102,0
L005730,2026-07-31,Liability,9,16944,0
L005150,2026-06-22,Property,47,16595,0
L002488,2026-01-10,Auto,35,5327,0
L003474,2026-03-31,Auto,8,1600,0
L000153,2025-08-31,Auto,52,4560,0
L003876,2026-04-19,Auto,26,7224,0
L000241,2025-08-21,Property,29,8945,0
L005731,2026-07-06,Liability,63,9837,0
L003054,2026-02-07,Auto,48,7798,0
L004625,2026-05-30,Property,24,2392,0
L004802,2026-06-26,Auto,14,5014,0
L003465,2026-03-01,Auto,55,2786,0
L001775,2025-11-09,Liability,44,300,0
L001813,2025-11-28,Liability,75,8174,0
L001979,2025-12-23,Auto,29,8807,0
L003469,2026-03-23,Auto,24,6446,0
L004418,2026-05-29,Auto,24,5398,0
L005277,2026-06-11,Liability,65,17190,0
L003540,2026-03-14,Auto,17,6048,1
L001048,2025-10-11,Auto,30,5409,0
L002583,2026-01-21,Auto,36,4321,0
L004516,2026-05-08,Auto,22,300,0
L000353,2025-08-14,Property,44,2933,0
L005181,2026-06-10,Property,35,9428,0
L003109,2026-02-12,Property,44,13488,0
L001499,2025-11-10,Auto,48,6159,0
L001260,2025-10-05,Property,50,6167,0
L001569,2025-11-29,Auto,40,2461,1
L002802,2026-01-22,Liability,14,12565,0
L004655,2026-05-11,Property,34,9194,0
L000962,2025-10-01,Auto,52,8245,0
L004244,2026-04-05,Liability,49,23227,0
L003454,2026-03-30,Auto,26,7306,0
L002632,2026-01-28,Property,66,12100,0
L005093,2026-06-20,Property,30,15841,0
L004303,2026-04-07,Liability,70,21021,0
L004997,2026-06-21,Auto,29,4664,0
L005661,2026-07-19,Property,15,8055,0
L003347,2026-03-20,Auto,27,5827,0
L001724,2025-11-09,Property,64,6673,0
L004668,2026-05-27,Property,22,5825,0
L005637,2026-07-20,Property,54,6728,0
L001226,2025-10-28,Property,59,17409,0
L002297,2025-12-15,Liability,50,300,0
L000749,2025-09-12,Property,49,6994,0
L000670,2025-09-06,Property,19,8851,1
L005126,2026-06-04,Property,44,18997,0
L001783,2025-11-06,Liability,53,300,0
L003420,2026-03-08,Auto,47,10312,0
L003431,2026-03-08,Auto,67,3255,0
L005192,2026-06-02,Liability,35,8138,0
L004715,2026-05-19,Liability,41,6648,0
L000229,2025-08-11,Property,49,6921,0
L004387,2026-05-09,Auto,24,3319,0
L003971,2026-04-08,Auto,26,6652,0
L004682,2026-05-18,Property,44,14398,0
L005127,2026-06-03,Property,22,9113,0
L003320,2026-02-23,Liability,64,15651,0
L000851,2025-09-02,Liability,25,27778,0
L004108,2026-04-20,Property,45,814,0
L004087,2026-04-25,Property,61,8422,0
L004403,2026-05-06,Auto,20,2879,0
L005602,2026-07-11,Property,36,7943,0
L001896,2025-12-20,Auto,28,2835,0
L003492,2026-03-24,Auto,21,2061,1
L001853,2025-12-15,Auto,49,8855,1
L002586,2026-01-20,Auto,6,300,0
L002144,2025-12-10,Property,51,19955,0
L001036,2025-10-04,Auto,20,4729,0
L001005,2025-10-18,Auto,25,1221,0
L004150,2026-04-19,Property,47,9588,0
L000432,2025-08-22,Liability,58,2805,0
L000465,2025-09-26,Auto,35,5982,0
L004364,2026-05-07,Auto,28,3583,0
L002574,2026-01-02,Auto,44,5460,0
L002274,2025-12-02,Property,35,12864,0
L001535,2025-11-08,Auto,38,5776,0
L004868,2026-06-09,Auto,21,6907,1
L003053,2026-02-18,Auto,30,6992,1
L000832,2025-09-25,Liability,34,16699,0
L001648,2025-11-12,Property,60,18806,0
L000400,2025-08-29,Liability,67,20009,0
L001147,2025-10-23,Property,38,4098,0
L001539,2025-11-06,Auto,46,5440,0
L003836,2026-04-14,Auto,28,3950,0
L005033,2026-06-03,Property,45,9977,0
L003790,2026-03-10,Liability,65,38515,0
L002069,2025-12-04,Auto,28,7714,0
L003674,2026-03-13,Property,38,17686,0
L003378,2026-03-12,Auto,28,2355,0
L002011,2025-12-28,Auto,20,2039,0
L000767,2025-09-05,Property,47,300,0
L002142,2025-12-20,Property,86,24390,1
L001929,2025-12-26,Auto,35,857,0
L000535,2025-09-05,Auto,53,6456,0
L000648,2025-09-24,Auto,24,6272,0
L000679,2025-09-04,Property,65,4449,0
L000104,2025-08-19,Auto,53,595,0
L003731,2026-03-25,Property,38,12132,0
L003259,2026-02-16,Liability,39,24293,1
L000383,2025-08-06,Liability,77,16378,0
L001566,2025-11-08,Auto,50,3006,0
L005210,2026-06-30,Liability,75,38729,0
L004550,2026-05-20,Property,16,18198,0
L002249,2025-12-22,Property,17,14315,0
L002953,2026-02-20,Auto,68,2260,1
L001513,2025-11-11,Auto,24,8213,0
L001743,2025-11-29,Property,57,5764,0
L003059,2026-02-06,Auto,34,300,0
L005487,2026-07-31,Auto,26,2843,0
L001549,2025-11-11,Auto,39,7836,0
L004644,2026-05-23,Property,70,4985,0
L003143,2026-02-06,Property,56,10847,0
L003575,2026-03-25,Property,55,5924,0
L000960,2025-10-11,Auto,39,5072,1
L001269,2025-10-02,Property,38,20220,1
L002451,2026-01-31,Auto,45,4250,0
L005520,2026-07-10,Property,24,10852,0
L002919,2026-02-16,Auto,43,689,0
L004049,2026-04-07,Auto,33,5319,0
L005038,2026-06-26,Property,43,8217,0
L002418,2026-01-19,Auto,38,1297,0
L004453,2026-05-06,Auto,31,3937,0
L004531,2026-05-24,Auto,9,6545,0
L005369,2026-07-22,Auto,11,1518,0
L002219,2025-12-19,Property,94,16438,0
L000642,2025-09-28,Auto,33,2744,0
L000590,2025-09-17,Auto,52,8901,0
L002424,2026-01-23,Auto,33,3398,0
L001151,2025-10-14,Property,32,9732,0
L004448,2026-05-02,Auto,17,7389,0
L003100,2026-02-21,Property,62,7980,0
L002719,2026-01-28,Property,52,10950,0
L000192,2025-08-19,Auto,32,1184,1
L004003,2026-04-21,Auto,31,4439,1
L002185,2025-12-24,Property,92,2287,0
L001955,2025-12-12,Auto,44,5164,0
L002751,2026-01-19,Property,35,4938,0
L001852,2025-12-27,Auto,40,3030,1
L000751,2025-09-08,Property,45,10310,0
L001414,2025-11-06,Auto,32,1751,0
L001994,2025-12-21,Auto,21,6077,0
L004429,2026-05-22,Auto,12,5495,0
L000036,2025-08-09,Auto,27,1149,0
L000227,2025-08-02,Property,72,7557,0
L002210,2025-12-17,Property,56,5200,0
L000618,2025-09-12,Auto,38,6473,0
L000289,2025-08-07,Property,59,7296,0
L000006,2025-08-28,Auto,34,2843,0
L001825,2025-11-09,Liability,88,8003,0
L002910,2026-02-27,Auto,48,3153,0
L001003,2025-10-19,Auto,5,1076,0
L004912,2026-06-14,Auto,21,9494,0
L005182,2026-06-05,Property,17,13599,0
L002912,2026-02-20,Auto,29,5085,0
L001100,2025-10-01,Auto,27,4385,0
L005549,2026-07-07,Property,17,6944,0
L002976,2026-02-17,Auto,36,2565,0
L000497,2025-09-15,Auto,9,12661,0
L000253,2025-08-07,Property,37,4991,0
L004762,2026-05-10,Liability,59,24311,0
L001968,2025-12-29,Auto,41,5890,0
L002207,2025-12-11,Property,60,5926,0
L001670,2025-11-09,Property,66,2296,0
L001398,2025-11-23,Auto,41,3050,0
L002852,2026-01-15,Liability,65,24824,0
L003527,2026-03-08,Auto,5,1759,1
L000597,2025-09-25,Auto,50,6004,0
L000681,2025-09-13,Property,16,6559,0
L005104,2026-06-25,Property,23,12977,0
L002171,2025-12-08,Property,92,17646,0
L004641,2026-05-08,Property,45,13139,0
L004484,2026-05-03,Auto,32,1414,1
L001028,2025-10-23,Auto,32,9613,0
L004021,2026-04-24,Auto,32,5320,0
L005438,2026-07-09,Auto,22,7030,0
L004647,2026-05-17,Property,34,4229,0
L005512,2026-07-13,Auto,27,2966,0
L004409,2026-05-19,Auto,14,5138,0
L005079,2026-06-24,Property,19,4893,0
L000247,2025-08-25,Property,45,10118,0
L005281,2026-07-10,Auto,25,3482,0
L000401,2025-08-28,Liability,41,27203,0
L005387,2026-07-08,Auto,28,2837,1
L003631,2026-03-21,Property,64,19209,0
L003448,2026-03-14,Auto,52,1932,0
L000840,2025-09-19,Liability,70,9667,0
L002419,2026-01-03,Auto,67,5305,0
L002422,2026-01-10,Auto,30,4708,0
L003063,2026-02-10,Auto,44,3952,0
L003883,2026-04-18,Auto,30,3983,0
L001304,2025-10-19,Liability,76,21379,0
L002600,2026-01-28,Property,63,12843,0
L003806,2026-03-28,Liability,59,300,0
L005229,2026-06-18,Liability,41,18348,0
L005446,2026-07-02,Auto,15,9066,0
L002115,2025-12-20,Property,51,10218,0
L004544,2026-05-08,Auto,17,3996,0
L003055,2026-02-02,Auto,48,4442,0
L003765,2026-03-10,Liability,49,12758,0
L003256,2026-02-25,Liability,47,24292,0
L003070,2026-02-28,Auto,42,6912,0
L003326,2026-02-07,Liability,45,12014,0
L000568,2025-09-23,Auto,26,3013,0
L003189,2026-02-10,Property,55,10144,0
L002696,2026-01-24,Property,60,8602,0
L003953,2026-04-13,Auto,30,2105,0
L000820,2025-09-17,Liability,44,16182,0
L003580,2026-03-10,Property,46,4612,0
L003258,2026-02-05,Liability,91,1749,0
L002619,2026-01-19,Property,42,5610,0
L005203,2026-06-19,Liability,41,26523,0
L004890,2026-06-17,Auto,11,5060,0
L003637,2026-03-15,Property,44,15367,0
L003846,2026-04-17,Auto,31,7307,0
L001244,2025-10-04,Property,39,13790,0
L002931,2026-02-18,Auto,48,6438,0
L002529,2026-01-30,Auto,12,1060,0
L005195,2026-06-09,Liability,47,6369,0
L001361,2025-10-11,Liability,75,12939,0
L004188,2026-04-19,Property,62,11597,0
L003789,2026-03-21,Liability,43,5488,0
L001557,2025-11-27,Auto,36,5452,0
L002634,2026-01-09,Property,47,5508,0
L002427,2026-01-27,Auto,66,3946,0
L002973,2026-02-26,Auto,50,4437,0
L002479,2026-01-07,Auto,34,6214,0
L003616,2026-03-13,Property,58,9017,0
L003681,2026-03-13,Property,75,300,0
L002306,2025-12-03,Liability,54,25467,0
L003688,2026-03-13,Property,49,8185,0
L001160,2025-10-10,Property,24,7167,0
L002833,2026-01-17,Liability,78,25740,0
L005407,2026-07-02,Auto,8,11053,0
L002584,2026-01-06,Auto,23,1382,0
L005296,2026-07-02,Auto,33,2761,0
L000496,2025-09-06,Auto,40,6618,0
L005615,2026-07-17,Property,41,9772,0
L002901,2026-02-10,Auto,42,6464,1
L000997,2025-10-01,Auto,42,8418,0
L000185,2025-08-02,Auto,50,4394,0
L001521,2025-11-13,Auto,33,5621,0
L005569,2026-07-04,Property,51,2936,0
L003907,2026-04-30,Auto,13,3239,0
L004251,2026-04-13,Liability,67,2187,0
L002641,2026-01-11,Property,76,5763,0
L003848,2026-04-03,Auto,40,5178,1
L002692,2026-01-18,Property,43,300,0
L003812,2026-03-23,Liability,33,3245,0
L002132,2025-12-30,Property,37,11055,0
L002725,2026-01-23,Property,58,300,0
L003385,2026-03-29,Auto,36,6863,0
L004463,2026-05-15,Auto,25,7252,0
L005190,2026-06-13,Property,51,7317,0
L000721,2025-09-01,Property,42,5560,0
L005165,2026-06-06,Property,36,13006,0
L000527,2025-09-23,Auto,36,3540,0
L004847,2026-06-13,Auto,13,4366,0
L001201,2025-10-10,Property,52,9344,0
L000638,2025-09-19,Auto,45,9606,0
L005199,2026-06-27,Liability,60,8113,0
L004557,2026-05-27,Property,32,11597,0
L003310,2026-02-13,Liability,58,8733,0
L002311,2025-12-26,Liability,80,25133,0
L005742,2026-07-03,Liability,69,15170,0
L002001,2025-12-19,Auto,35,8299,0
L000045,2025-08-13,Auto,25,1405,0
L000634,2025-09-06,Auto,40,4000,0
L001616,2025-11-14,Property,48,13889,0
L003647,2026-03-29,Property,38,6642,0
L001038,2025-10-21,Auto,52,6020,0
L003013,2026-02-05,Auto,24,4460,0
L002081,2025-12-21,Auto,50,6027,0
L002546,2026-01-01,Auto,58,4245,0
L005363,2026-07-23,Auto,16,5412,0
L003956,2026-04-01,Auto,25,1977,0
L000448,2025-08-26,Liability,60,29166,0
L004149,2026-04-04,Property,26,12227,0
L004332,2026-05-14,Auto,51,3041,1
L004051,2026-04-11,Auto,17,2767,0
L002058,2025-12-24,Auto,46,756,0
L003403,2026-03-31,Auto,38,2685,0
L003418,2026-03-27,Auto,37,7976,0
L001438,2025-11-14,Auto,22,5721,0
L002383,2026-01-31,Auto,43,6245,0
L000637,2025-09-21,Auto,28,6379,0
L005094,2026-06-20,Property,51,12034,1
L002805,2026-01-16,Liability,51,12836,0
L004328,2026-05-15,Auto,24,5718,0
L000743,2025-09-15,Property,47,8195,0
L004113,2026-04-05,Property,36,13712,0
L003247,2026-02-05,Property,36,6576,0
L002123,2025-12-26,Property,55,8228,1
L002148,2025-12-22,Property,64,18932,0
L003107,2026-02-10,Property,45,2790,0
L003321,2026-02-01,Liability,45,24038,0
L003404,2026-03-07,Auto,29,5210,0
L001076,2025-10-24,Auto,22,4570,1
L003162,2026-02-09,Property,80,14006,0
L004007,2026-04-30,Auto,19,5766,1
L001945,2025-12-27,Auto,11,5886,0
L001052,2025-10-03,Auto,33,2178,0
L000173,2025-08-22,Auto,28,3633,0
L002714,2026-01-08,Property,61,19786,0
L001148,2025-10-10,Property,60,12929,0
L001315,2025-10-03,Liability,63,9144,0
L003382,2026-03-11,Auto,46,7283,0
L003804,2026-03-21,Liability,84,26840,0
L003937,2026-04-11,Auto,30,5059,0
L003755,2026-03-23,Liability,77,21685,0
L005758,2026-07-09,Liability,44,11153,0
L000876,2025-09-27,Liability,44,579,0
L004693,2026-05-02,Property,23,13560,0
L003239,2026-02-13,Property,26,18596,0
L001850,2025-12-27,Auto,13,8596,0
L001085,2025-10-14,Auto,17,1991,0
L005670,2026-07-21,Property,25,4544,0
L001972,2025-12-13,Auto,46,4774,0
L002627,2026-01-26,Property,63,4975,0
L005395,2026-07-08,Auto,5,7521,0
L002655,2026-01-04,Property,61,300,0
L001608,2025-11-27,Property,70,2718,0
L003481,2026-03-31,Auto,32,5699,0
L003276,2026-02-02,Liability,76,21094,0
L004964,2026-06-14,Auto,5,4419,0
L000270,2025-08-11,Property,42,19671,0
L002981,2026-02-28,Auto,27,3204,0
L002346,2025-12-20,Liability,77,32694,0
L000836,2025-09-26,Liability,52,3836,0
L004383,2026-05-13,Auto,54,7062,0
L001846,2025-11-22,Liability,69,25097,0
L002329,2025-12-24,Liability,73,16568,0
L004990,2026-06-03,Auto,29,3055,0
L004284,2026-04-25,Liability,74,16380,0
L002992,2026-02-22,Auto,47,1923,1
L002352,2025-12-27,Liability,62,300,0
L002897,2026-02-21,Auto,34,1258,0
L001721,2025-11-07,Property,65,7928,0
L000234,2025-08-06,Property,68,4076,0
L001381,2025-11-14,Auto,28,5132,0
L001739,2025-11-14,Property,20,15855,0
L002489,2026-01-26,Auto,36,7170,0
L004366,2026-05-17,Auto,24,300,0
L003135,2026-02-13,Property,60,7320,0
L004060,2026-04-14,Property,54,5792,0
L002913,2026-02-10,Auto,28,2410,0
L003993,2026-04-29,Auto,27,5562,0
L005274,2026-06-01,Liability,29,27520,0
L002592,2026-01-02,Auto,28,9594,0
L001366,2025-10-10,Liability,49,37697,0
L001895,2025-12-02,Auto,40,5734,0
L002986,2026-02-25,Auto,43,5290,0
L002798,2026-01-08,Liability,50,10198,1
L000206,2025-08-15,Auto,20,4849,0
L003644,2026-03-25,Property,48,2433,0
L001348,2025-10-01,Liability,53,36163,0
L005672,2026-07-04,Property,38,12242,0
L000522,2025-09-30,Auto,44,4302,0
L000092,2025-08-16,Auto,18,4029,0
L005427,2026-07-21,Auto,19,3640,0
L005064,2026-06-02,Property,43,13536,0
L001353,2025-10-05,Liability,84,19789,0
L004100,2026-04-08,Property,32,12804,0
L004117,2026-04-02,Property,48,13481,0
L000530,2025-09-23,Auto,23,7318,0
L003118,2026-02-26,Property,81,15417,0
L001018,2025-10-23,Auto,57,1150,0
L002588,2026-01-09,Auto,49,5410,1
L000623,2025-09-07,Auto,41,8361,0
L005313,2026-07-19,Auto,32,3071,0
L003669,2026-03-27,Property,41,4180,0
L004996,2026-06-04,Auto,10,3050,1
L000070,2025-08-31,Auto,53,5752,0
L005337,2026-07-26,Auto,21,2411,0
L001489,2025-11-22,Auto,37,300,0
L001982,2025-12-19,Auto,25,1994,0
L003264,2026-02-15,Liability,86,24597,0
L002984,2026-02-13,Auto,36,5332,0
L001200,2025-10-25,Property,61,14773,0
L003707,2026-03-02,Property,43,8581,0
L002580,2026-01-29,Auto,48,2479,0
L002473,2026-01-05,Auto,31,1751,0
L004578,2026-05-02,Property,50,10289,0
L000829,2025-09-08,Liability,67,25874,0
L002286,2025-12-06,Liability,48,10969,0
L004386,2026-05-14,Auto,19,6094,1
L004249,2026-04-20,Liability,45,12684,0
L000063,2025-08-03,Auto,16,300,1
L004769,2026-05-03,Liability,50,10572,0
L003182,2026-02-23,Property,12,300,0
L002344,2025-12-26,Liability,46,10397,0
L004673,2026-05-16,Property,14,2905,0
L001467,2025-11-23,Auto,36,3835,0
L004611,2026-05-24,Property,19,7517,0
L004709,2026-05-24,Liability,73,13654,0
L000300,2025-08-10,Property,79,14933,1
L003196,2026-02-21,Property,73,14376,0
L004141,2026-04-02,Property,8,12060,0
L005380,2026-07-29,Auto,7,1000,0
L002187,2025-12-19,Property,62,12671,0
L004918,2026-06-16,Auto,26,2712,0
L001659,2025-11-03,Property,76,10827,0
L003392,2026-03-23,Auto,39,3934,0
L000043,2025-08-10,Auto,30,4981,0
L002218,2025-12-02,Property,48,4713,0
L000258,2025-08-02,Property,57,15684,0
L003651,2026-03-21,Property,47,1878,0
L001520,2025-11-04,Auto,43,4761,0
L003791,2026-03-21,Liability,71,5328,0
L004790,2026-05-26,Liability,34,16789,0
L000847,2025-09-24,Liability,99,23743,0
L004936,2026-06-12,Auto,17,4121,0
L003657,2026-03-14,Property,31,13357,0
L003689,2026-03-22,Property,56,4008,0
L000317,2025-08-01,Property,35,5457,0
L004119,2026-04-19,Property,42,4479,0
L005753,2026-07-28,Liability,28,10797,0
L004010,2026-04-28,Auto,26,4282,0
L000555,2025-09-28,Auto,28,5594,1
L005726,2026-07-23,Liability,58,24289,0
L003623,2026-03-23,Property,57,389,0
L000102,2025-08-08,Auto,58,4940,0
L000950,2025-10-25,Auto,17,4955,0
L004095,2026-04-20,Property,61,15239,0
L005741,2026-07-02,Liability,54,11918,0
L003931,2026-04-25,Auto,28,8965,1
L003821,2026-03-22,Liability,15,9301,0
L004692,2026-05-27,Property,45,2631,0
L000004,2025-08-07,Auto,31,6509,0
L001764,2025-11-02,Liability,80,6817,1
L004948,2026-06-30,Auto,17,1697,0
L005060,2026-06-04,Property,48,9471,0
L005241,2026-06-01,Liability,16,345,0
L002456,2026-01-24,Auto,41,1759,0
L003358,2026-03-24,Auto,36,4777,0
L004215,2026-04-28,Property,35,5664,0
L004862,2026-06-12,Auto,29,1729,0
L002770,2026-01-16,Liability,71,14983,0
L002524,2026-01-23,Auto,30,2484,0
L003960,2026-04-19,Auto,20,888,0
L001591,2025-11-28,Property,28,14665,0
L000065,2025-08-20,Auto,48,8368,0
L003255,2026-02-21,Liability,38,9367,0
L001032,2025-10-06,Auto,8,3141,0
L002917,2026-02-18,Auto,26,300,0
L002780,2026-01-28,Liability,60,15613,0
L000340,2025-08-01,Property,20,9122,1
L000397,2025-08-18,Liability,80,20974,0
L002940,2026-02-11,Auto,37,300,0
L003818,2026-03-18,Liability,38,1435,0
L004666,2026-05-04,Property,22,2639,0
L004546,2026-05-12,Property,39,4756,0
L004157,2026-04-15,Property,61,6005,0
L000976,2025-10-10,Auto,30,8048,0
L003262,2026-02-15,Liability,78,21548,0
L001798,2025-11-02,Liability,47,842,0
L003096,2026-02-03,Property,53,17831,0
L002428,2026-01-17,Auto,33,564,0
L000062,2025-08-19,Auto,36,7365,0
L004719,2026-05-30,Liability,16,30804,0
L002141,2025-12-20,Property,86,2380,0
L002816,2026-01-23,Liability,41,18029,0
L001657,2025-11-15,Property,66,8147,0
L003979,2026-04-25,Auto,39,3489,0
L005660,2026-07-23,Property,34,9088,0
L003719,2026-03-16,Property,61,11306,0
L003661,2026-03-23,Property,36,25398,0
L005315,2026-07-31,Auto,5,300,0
L002688,2026-01-17,Property,38,11410,0
L001280,2025-10-03,Liability,83,16866,0
L003725,2026-03-17,Property,61,8350,0
L003900,2026-04-18,Auto,17,8511,1
L001780,2025-11-09,Liability,26,6181,0
L004378,2026-05-03,Auto,40,1437,0
L003393,2026-03-22,Auto,16,7205,1
L001848,2025-11-08,Liability,63,300,0
L003715,2026-03-24,Property,66,14517,0
L003497,2026-03-03,Auto,26,4429,0
L003698,2026-03-20,Property,75,13413,0
L000188,2025-08-08,Auto,21,2263,1
L003398,2026-03-11,Auto,51,7512,0
L002238,2025-12-26,Property,57,13060,0
L001075,2025-10-27,Auto,21,6787,1
L000991,2025-10-20,Auto,5,3992,0
L005106,2026-06-18,Property,49,17610,0
L001063,2025-10-24,Auto,21,6615,0
L004044,2026-04-27,Auto,33,3300,0
L002381,2026-01-02,Auto,11,6337,0
L005648,2026-07-24,Property,50,7007,0
L004814,2026-06-29,Auto,25,3261,0
L004488,2026-05-30,Auto,16,6659,1
L000510,2025-09-08,Auto,43,6197,0
L004830,2026-06-06,Auto,36,9502,1
L001448,2025-11-29,Auto,35,3853,0
L000770,2025-09-05,Property,42,15430,0
L001763,2025-11-17,Liability,102,35339,0
L000021,2025-08-29,Auto,39,4461,0
L005364,2026-07-10,Auto,25,5912,0
L001977,2025-12-18,Auto,48,5654,0
L005276,2026-06-13,Liability,45,5202,0
L003131,2026-02-11,Property,84,19919,0
L005537,2026-07-14,Property,36,8935,0
L003525,2026-03-25,Auto,25,3149,0
L003380,2026-03-10,Auto,11,7851,0
L001233,2025-10-04,Property,54,9294,0
L003743,2026-03-19,Liability,58,21732,0
L005244,2026-06-14,Liability,64,17513,0
L004424,2026-05-22,Auto,24,3233,0
L002212,2025-12-02,Property,42,6209,0
L005378,2026-07-29,Auto,20,3434,0
L002021,2025-12-09,Auto,24,3931,0
L003051,2026-02-15,Auto,28,2929,0
L001992,2025-12-22,Auto,35,4231,0
L004556,2026-05-01,Property,27,9527,1
L000335,2025-08-10,Property,50,13506,0
L000664,2025-09-13,Property,37,10417,0
L005265,2026-06-26,Liability,36,8372,0
L003951,2026-04-29,Auto,28,6668,0
L004593,2026-05-20,Property,29,13830,0
L003949,2026-04-23,Auto,23,4199,0
L000640,2025-09-28,Auto,30,3837,1
L001604,2025-11-18,Property,93,12196,0
L000783,2025-09-17,Property,54,769,0
L004248,2026-04-22,Liability,65,14170,0
L002573,2026-01-05,Auto,31,1272,0
L001287,2025-10-06,Liability,94,34995,0
L005082,2026-06-04,Property,45,13326,0
L000160,2025-08-02,Auto,35,5384,1
L003530,2026-03-30,Auto,37,6482,0
L000588,2025-09-12,Auto,41,3677,0
L005043,2026-06-19,Property,29,9581,1
L003796,2026-03-10,Liability,41,470,0
L000208,2025-08-04,Auto,41,3615,0
L001162,2025-10-25,Property,59,18898,0
L005350,2026-07-10,Auto,24,6493,0
L002806,2026-01-26,Liability,69,300,0
L003377,2026-03-14,Auto,33,2989,0
L001231,2025-10-01,Property,30,6143,0
L000872,2025-09-02,Liability,41,6671,0
L005118,2026-06-24,Property,28,11199,0
L002706,2026-01-16,Property,27,11285,0
L000733,2025-09-02,Property,73,300,0
L000172,2025-08-07,Auto,40,5993,0
L004854,2026-06-12,Auto,15,4549,0
L001525,2025-11-22,Auto,61,7460,0
L000686,2025-09-14,Property,65,8426,0
L000416,2025-08-01,Liability,78,3131,0
L003833,2026-04-27,Auto,33,1404,0
L005144,2026-06-02,Property,34,7306,0
L001367,2025-10-19,Liability,113,300,0
L000398,2025-08-11,Liability,101,7200,0
L000393,2025-08-08,Liability,8,7237,0
L001082,2025-10-29,Auto,40,2995,1
L004511,2026-05-03,Auto,23,5909,0
L002652,2026-01-22,Property,20,2604,0
L003867,2026-04-24,Auto,34,1440,0
L005484,2026-07-13,Auto,10,8123,0
L002400,2026-01-27,Auto,30,1446,0
L000846,2025-09-13,Liability,45,27270,0
L001022,2025-10-04,Auto,31,300,0
L003630,2026-03-01,Property,74,9278,0
L002178,2025-12-18,Property,33,12491,0
L002938,2026-02-04,Auto,55,8485,0
L002557,2026-01-11,Auto,54,5596,0
L004672,2026-05-10,Property,46,9006,0
L000047,2025-08-26,Auto,26,4384,0
L002978,2026-02-21,Auto,42,8102,0
L003500,2026-03-28,Auto,54,4509,0
L003110,2026-02-15,Property,43,14142,0
L000082,2025-08-06,Auto,55,3206,0
L003327,2026-02-15,Liability,48,300,0
L005262,2026-06-30,Liability,100,28194,0
L005254,2026-06-30,Liability,13,10204,0
L001105,2025-10-24,Auto,43,5402,0
L002625,2026-01-10,Property,80,9839,0
L000003,2025-08-30,Auto,32,3992,0
L001124,2025-10-23,Property,46,9198,1
L001180,2025-10-14,Property,40,15713,0
L001213,2025-10-26,Property,65,18116,0
L000169,2025-08-19,Auto,40,4911,0
L000730,2025-09-30,Property,56,5160,0
L002064,2025-12-04,Auto,57,300,0
L003570,2026-03-09,Auto,29,6892,0
L005490,2026-07-13,Auto,22,1028,0
L000967,2025-10-18,Auto,25,3521,0
L004645,2026-05-01,Property,49,18178,0
L000972,2025-10-07,Auto,31,2887,0
L004713,2026-05-11,Liability,26,11829,0
L005607,2026-07-02,Property,31,14373,0
L000952,2025-10-02,Auto,39,3641,0
L001086,2025-10-15,Auto,49,5445,0
L005018,2026-06-26,Auto,29,7182,0
L003680,2026-03-08,Property,31,300,0
L001093,2025-10-01,Auto,44,8951,1
L004618,2026-05-05,Property,42,13599,0
L003134,2026-02-07,Property,71,12037,0
L002017,2025-12-01,Auto,49,6533,0
L005052,2026-06-20,Property,33,10224,0
L001154,2025-10-08,Property,58,4755,0
L000435,2025-08-27,Liability,73,300,0
L000476,2025-09-11,Auto,24,1486,1
L001619,2025-11-02,Property,63,8046,0
L002396,2026-01-20,Auto,43,6429,0
L003359,2026-03-23,Auto,46,4259,0
L001061,2025-10-30,Auto,20,6470,0
L002626,2026-01-30,Property,52,7889,0
L000461,2025-09-25,Auto,59,2330,0
L003954,2026-04-12,Auto,32,7049,0
L004663,2026-05-16,Property,33,2006,0
L002601,2026-01-19,Property,47,7569,0
L001173,2025-10-11,Property,18,20654,0
L002645,2026-01-15,Property,27,9719,0
L002950,2026-02-18,Auto,28,4650,0
L000557,2025-09-29,Auto,31,708,0
L001583,2025-11-05,Auto,50,2452,0
L004653,2026-05-14,Property,39,10562,0
L001288,2025-10-06,Liability,42,4684,0
L002149,2025-12-02,Property,30,13656,0
L005696,2026-07-02,Liability,42,20499,0
L005383,2026-07-28,Auto,16,3375,0
L000027,2025-08-17,Auto,48,1384,0
L003360,2026-03-01,Auto,39,7170,0
L005617,2026-07-12,Property,24,10512,0
L001459,2025-11-11,Auto,60,5261,0
L004124,2026-04-30,Property,35,20909,0
L004879,2026-06-23,Auto,5,3586,0
L004601,2026-05-20,Property,42,6581,0
L000147,2025-08-19,Auto,36,4541,0
L003734,2026-03-19,Property,61,11870,1
L005657,2026-07-30,Property,35,8364,0
L001882,2025-12-25,Auto,40,6625,0
L003726,2026-03-10,Property,52,705,0
L003467,2026-03-27,Auto,33,6743,0
L003057,2026-02-10,Auto,29,2381,0
L000307,2025-08-07,Property,43,10503,0
L001989,2025-12-08,Auto,45,6909,0
L000628,2025-09-19,Auto,32,3898,0
L005647,2026-07-21,Property,32,9405,0
L004674,2026-05-01,Property,39,27284,0
L000417,2025-08-21,Liability,57,300,0
L000329,2025-08-10,Property,50,6856,0
L002287,2025-12-15,Liability,15,11958,0
L001931,2025-12-23,Auto,48,4679,0
L005292,2026-07-12,Auto,19,7533,0
L003330,2026-02-05,Liability,38,1808,0
L001829,2025-11-05,Liability,54,28951,0
L001609,2025-11-23,Property,42,6616,1
L000294,2025-08-06,Property,50,21423,0
L003319,2026-02-21,Liability,74,1756,0
L005646,2026-07-17,Property,19,22810,0
L003354,2026-03-09,Auto,38,5757,1
L000470,2025-09-24,Auto,39,8697,0
L002769,2026-01-23,Liability,86,18790,0
L003371,2026-03-14,Auto,23,1814,0
L000875,2025-09-27,Liability,28,14447,0
L001909,2025-12-01,Auto,46,715,0
L005075,2026-06-17,Property,43,16888,0
L002602,2026-01-10,Property,53,17381,0
L004004,2026-04-07,Auto,42,4993,0
L002990,2026-02-22,Auto,19,8145,0
L003709,2026-03-25,Property,37,8477,1
L003646,2026-03-08,Property,41,7156,0
L002892,2026-02-02,Auto,25,4325,0
L000078,2025-08-22,Auto,40,300,0
L004337,2026-05-26,Auto,28,5283,0
L002991,2026-02-17,Auto,46,1206,0
L003177,2026-02-05,Property,27,6648,0
L004833,2026-06-05,Auto,28,4786,0
L000084,2025-08-06,Auto,14,1037,0
L002799,2026-01-22,Liability,70,18308,0
L004011,2026-04-27,Auto,24,6750,0
L003490,2026-03-06,Auto,30,7930,0
L001427,2025-11-24,Auto,38,9780,0
L001445,2025-11-01,Auto,26,2239,0
L004553,2026-05-31,Property,42,4750,0
L003915,2026-04-25,Auto,33,8580,0
L002228,2025-12-26,Property,56,15812,0
L002119,2025-12-18,Property,42,10109,0
L004272,2026-04-17,Liability,57,33363,0
L001534,2025-11-12,Auto,5,7228,0
L003560,2026-03-13,Auto,49,2574,0
L003727,2026-03-13,Property,35,15682,0
L000741,2025-09-03,Property,44,11892,0
L001719,2025-11-06,Property,51,12820,0
L002855,2026-01-23,Liability,48,18483,0
L000118,2025-08-24,Auto,20,6438,0
L000985,2025-10-02,Auto,41,8084,0
L003218,2026-02-13,Property,28,12492,0
L004146,2026-04-03,Property,35,3325,0
L005246,2026-06-21,Liability,45,2627,0
L002998,2026-02-08,Auto,32,8011,0
L001665,2025-11-18,Property,46,6872,0
L005697,2026-07-12,Liability,57,24382,0
L004327,2026-05-13,Auto,26,300,0
L001426,2025-11-19,Auto,31,6352,0
L002649,2026-01-15,Property,55,4832,0
L004458,2026-05-10,Auto,34,3422,0
L003309,2026-02-19,Liability,18,33306,0
L001733,2025-11-28,Property,12,3254,0
L004766,2026-05-12,Liability,31,14463,0
L002864,2026-02-01,Auto,27,300,0
L001840,2025-11-01,Liability,44,28642,1
L000429,2025-08-24,Liability,61,300,0
L004290,2026-04-28,Liability,55,13113,0
L005464,2026-07-27,Auto,18,7276,0
L001835,2025-11-17,Liability,86,300,0
L001235,2025-10-25,Property,77,13558,0
L004474,2026-05-31,Auto,15,1750,0
L002623,2026-01-26,Property,49,11634,0
L004195,2026-04-27,Property,16,8329,0
L003712,2026-03-02,Property,32,13879,0
L004529,2026-05-12,Auto,24,3037,0
L002157,2025-12-31,Property,64,14343,0
L004803,2026-06-06,Auto,17,3416,0
L004850,2026-06-25,Auto,16,5124,0
L002613,2026-01-12,Property,58,22285,0
L005170,2026-06-02,Property,31,18543,1
L004779,2026-05-10,Liability,48,1731,0
L005119,2026-06-20,Property,34,1450,0
L000798,2025-09-21,Property,51,7978,0
L004419,2026-05-24,Auto,20,747,0
L002875,2026-02-14,Auto,31,5289,0
L003363,2026-03-26,Auto,16,3795,1
L000370,2025-08-21,Liability,67,8324,0
L003079,2026-02-20,Auto,33,7730,0
L004889,2026-06-08,Auto,16,7602,0
L002866,2026-02-18,Auto,40,7739,0
L000408,2025-08-13,Liability,58,28569,0
L000934,2025-10-02,Auto,24,851,1
L003608,2026-03-03,Property,33,15991,0
L001794,2025-11-03,Liability,44,13958,0
L004026,2026-04-01,Auto,31,6555,0
L004576,2026-05-24,Property,49,17651,0
L004413,2026-05-06,Auto,19,4496,1
L004542,2026-05-28,Auto,18,610,0
L001613,2025-11-16,Property,48,19652,0
L000833,2025-09-19,Liability,35,10046,0
L001144,2025-10-08,Property,56,16933,0
L005573,2026-07-28,Property,24,14710,0
L004494,2026-05-06,Auto,24,5411,1
L003696,2026-03-05,Property,59,4361,0
L000903,2025-09-14,Liability,69,14509,0
L004852,2026-06-24,Auto,40,2987,0
L003528,2026-03-09,Auto,39,377,0
L004630,2026-05-12,Property,38,10736,0
L002765,2026-01-07,Property,53,12746,0
L002821,2026-01-17,Liability,71,8902,0
L003355,2026-03-11,Auto,45,5189,0
L000815,2025-09-17,Liability,55,22916,0
L000607,2025-09-19,Auto,43,2266,0
L003682,2026-03-26,Property,81,300,0
L002822,2026-01-25,Liability,51,17734,0
L005715,2026-07-07,Liability,37,6281,0
L000984,2025-10-05,Auto,33,3628,0
L001501,2025-11-10,Auto,60,2285,0
L004664,2026-05-14,Property,19,19144,0
L001998,2025-12-29,Auto,38,6738,0
L004164,2026-04-10,Property,45,11140,1
L003720,2026-03-17,Property,47,3292,0
L005416,2026-07-30,Auto,14,2699,1
L002980,2026-02-21,Auto,50,1215,0
L001586,2025-11-10,Auto,51,3374,0
L002521,2026-01-13,Auto,27,3418,0
L005728,2026-07-28,Liability,53,19785,0
L004986,2026-06-16,Auto,24,3890,1
L003775,2026-03-30,Liability,99,1232,0
L003482,2026-03-02,Auto,39,6623,1
L000731,2025-09-09,Property,55,3772,0
L003730,2026-03-03,Property,37,11814,0
L002748,2026-01-28,Property,76,11174,0
L002379,2026-01-08,Auto,45,5496,0
L003583,2026-03-31,Property,62,9907,0
L004098,2026-04-11,Property,42,10702,0
L000467,2025-09-07,Auto,41,3839,0
L004633,2026-05-15,Property,51,3984,0
L003125,2026-02-18,Property,54,8504,0
L000651,2025-09-15,Auto,33,1888,0
L004613,2026-05-21,Property,9,14768,0
L005251,2026-06-28,Liability,44,18376,0
L002097,2025-12-23,Property,47,5141,0
L002647,2026-01-09,Property,81,16935,0
L000324,2025-08-30,Property,63,14483,1
L002300,2025-12-04,Liability,71,16314,0
L000778,2025-09-29,Property,42,22173,0
L005433,2026-07-01,Auto,21,4529,0
L003924,2026-04-18,Auto,19,3852,0
L002937,2026-02-04,Auto,50,9311,0
L005714,2026-07-17,Liability,31,23951,0
L004718,2026-05-06,Liability,73,29628,0
L001253,2025-10-22,Property,55,12576,0
L000072,2025-08-15,Auto,36,2919,0
L000107,2025-08-24,Auto,18,7850,0
L005287,2026-07-26,Auto,22,6800,0
L003216,2026-02-22,Property,50,4294,0
L000218,2025-08-15,Property,40,10672,0
L005489,2026-07-23,Auto,24,6249,0
L000132,2025-08-22,Auto,20,6424,0
L001561,2025-11-22,Auto,33,675,0
L001115,2025-10-08,Auto,23,3693,0
L001000,2025-10-03,Auto,47,6987,0
L002060,2025-12-12,Auto,12,4902,0
L005517,2026-07-17,Property,24,8111,0
L000933,2025-10-27,Auto,29,300,0
L005583,2026-07-09,Property,35,5856,0
L003761,2026-03-13,Liability,48,15831,0
L004742,2026-05-04,Liability,67,23743,0
L000966,2025-10-09,Auto,43,2122,0
L002195,2025-12-08,Property,72,300,0
L002301,2025-12-01,Liability,104,21514,0
L002282,2025-12-24,Liability,87,15573,0
L003389,2026-03-26,Auto,29,2624,0
L002921,2026-02-24,Auto,16,3717,0
L003976,2026-04-24,Auto,26,2395,0
L003693,2026-03-12,Property,64,10272,0
L001004,2025-10-14,Auto,45,8227,0
L005166,2026-06-17,Property,47,12032,0
L004109,2026-04-28,Property,32,3395,0
L000183,2025-08-23,Auto,35,3314,0
L001660,2025-11-11,Property,34,6743,0
L005595,2026-07-09,Property,23,1609,0
L004848,2026-06-29,Auto,16,4189,0
L001087,2025-10-09,Auto,24,1695,0
L002437,2026-01-25,Auto,24,6230,0
L000386,2025-08-20,Liability,38,26013,0
L001091,2025-10-22,Auto,41,11266,0
L002508,2026-01-09,Auto,6,8441,0
L002935,2026-02-15,Auto,41,6654,1
L004894,2026-06-17,Auto,21,7308,0
L005113,2026-06-14,Property,34,3389,0
L005761,2026-07-03,Liability,32,26041,0
L002597,2026-01-11,Property,26,7841,0
L003862,2026-04-30,Auto,17,2449,0
L003602,2026-03-28,Property,58,19342,0
L005221,2026-06-12,Liability,57,2632,0
L004895,2026-06-28,Auto,20,1843,0
L005666,2026-07-27,Property,37,8266,0
L001198,2025-10-23,Property,64,6213,0
L002133,2025-12-16,Property,71,2042,0
L002391,2026-01-15,Auto,24,4020,0
L005630,2026-07-09,Property,42,7284,0
L002215,2025-12-12,Property,36,12492,0
L005247,2026-06-01,Liability,49,8485,0
L001921,2025-12-07,Auto,42,300,0
L002376,2026-01-07,Auto,19,5994,0
L003593,2026-03-25,Property,52,300,0
L005516,2026-07-29,Property,25,10417,0
L004178,2026-04-13,Property,47,20378,0
L005258,2026-06-19,Liability,70,15551,0
L004720,2026-05-16,Liability,43,4908,0
L003744,2026-03-30,Liability,72,300,0
L000261,2025-08-26,Property,28,15326,0
L003438,2026-03-31,Auto,49,4034,0
L002536,2026-01-25,Auto,29,3770,1
L002958,2026-02-07,Auto,36,2801,0
L000982,2025-10-10,Auto,34,5960,0
L002326,2025-12-28,Liability,38,2354,0
L003600,2026-03-20,Property,27,11290,0
L000345,2025-08-15,Property,66,5479,0
L002995,2026-02-16,Auto,61,6016,0
L000338,2025-08-11,Property,35,6492,0
L001159,2025-10-21,Property,54,15554,0
L004072,2026-04-14,Property,47,7422,0
L005070,2026-06-15,Property,26,10137,0
L001272,2025-10-24,Property,44,19047,0
L001727,2025-11-21,Property,41,16665,0
L004151,2026-04-17,Property,45,4614,0
L004706,2026-05-27,Property,36,5334,0
L004069,2026-04-21,Property,27,1910,0
L002145,2025-12-15,Property,52,14657,0
L000596,2025-09-15,Auto,38,3855,0
L001981,2025-12-20,Auto,30,2370,0
L005217,2026-06-09,Liability,20,15336,0
L000989,2025-10-14,Auto,32,5101,0
L004637,2026-05-14,Property,23,12210,0
L002012,2025-12-29,Auto,51,6155,0
L001500,2025-11-04,Auto,28,2169,0
L002412,2026-01-03,Auto,46,3305,0
L004411,2026-05-14,Auto,12,5332,0
L003453,2026-03-31,Auto,47,4631,0
L005413,2026-07-29,Auto,20,1786,0
L002771,2026-01-04,Liability,82,300,0
L002302,2025-12-18,Liability,57,5842,0
L005740,2026-07-23,Liability,65,2113,0
L004924,2026-06-27,Auto,20,1745,0
L004194,2026-04-03,Property,43,10744,0
L003179,2026-02-02,Property,45,300,0
L005291,2026-07-06,Auto,23,8199,0
L002614,2026-01-23,Property,63,2535,0
L002605,2026-01-10,Property,89,12356,0
L003722,2026-03-21,Property,60,3727,0
L002701,2026-01-27,Property,50,15534,0
L001523,2025-11-29,Auto,21,4560,0
L001355,2025-10-19,Liability,84,18135,0
L003130,2026-02-01,Property,49,4707,1
L000029,2025-08-24,Auto,43,6232,0
L000539,2025-09-28,Auto,43,9338,0
L000037,2025-08-26,Auto,32,2052,0
L001528,2025-11-05,Auto,36,6918,0
L005738,2026-07-20,Liability,63,14003,0
L000251,2025-08-20,Property,39,6796,0
L001904,2025-12-25,Auto,50,2957,0
L001364,2025-10-01,Liability,60,4915,0
L004951,2026-06-29,Auto,23,8805,0
L002140,2025-12-05,Property,23,14685,0
L003435,2026-03-17,Auto,44,5553,1
L002886,2026-02-26,Auto,63,3690,0
L003750,2026-03-24,Liability,77,10774,0
L000883,2025-09-03,Liability,49,21404,0
L004921,2026-06-12,Auto,21,4177,0
L005280,2026-06-11,Liability,35,28358,0
L000777,2025-09-08,Property,58,13659,0
L002368,2025-12-01,Liability,67,10703,0
L004266,2026-04-26,Liability,64,300,1
L005261,2026-06-10,Liability,71,18816,0
L000945,2025-10-11,Auto,24,2102,0
L001481,2025-11-07,Auto,44,6704,0
L002370,2025-12-09,Liability,61,5320,0
L002736,2026-01-12,Property,57,16331,0
L005317,2026-07-28,Auto,19,6407,0
L003605,2026-03-15,Property,57,9702,0
L002884,2026-02-18,Auto,60,4545,1
L001317,2025-10-02,Liability,60,28637,0
L000304,2025-08-03,Property,38,15612,0
L005608,2026-07-14,Property,17,300,0
L005046,2026-06-17,Property,35,17444,0
L005009,2026-06-27,Auto,20,2923,0
L000358,2025-08-11,Property,29,2488,0
L002819,2026-01-18,Liability,38,24150,0
L004819,2026-06-01,Auto,23,8064,0
L004501,2026-05-16,Auto,34,6566,0
L005226,2026-06-21,Liability,56,19698,0
L003929,2026-04-24,Auto,21,3573,0
L002656,2026-01-13,Property,42,10820,0
L003569,2026-03-07,Auto,45,2520,0
L003801,2026-03-26,Liability,58,23206,0
L003588,2026-03-23,Property,50,2405,0
L004552,2026-05-15,Property,39,300,0
L005007,2026-06-13,Auto,13,3576,0
L004703,2026-05-24,Property,33,22233,0
L004962,2026-06-23,Auto,33,6334,0
L002862,2026-02-16,Auto,26,8266,0
L002008,2025-12-20,Auto,57,2862,1
L003002,2026-02-15,Auto,47,7227,0
L002186,2025-12-27,Property,38,9036,0
L004052,2026-04-15,Auto,32,4764,0
L001849,2025-11-26,Liability,66,23935,0
L001790,2025-11-23,Liability,80,7703,0
L003045,2026-02-04,Auto,34,6255,0
L003184,2026-02-03,Property,39,8124,0
L004502,2026-05-14,Auto,17,5694,1
L004756,2026-05-09,Liability,54,17453,0
L001533,2025-11-10,Auto,42,656,0
L003062,2026-02-18,Auto,37,3805,0
L003086,2026-02-26,Property,60,8340,0
L004382,2026-05-30,Auto,16,4041,0
L005087,2026-06-24,Property,11,14023,0
L004773,2026-05-20,Liability,92,13069,0
L001139,2025-10-04,Property,62,11188,0
L001249,2025-10-11,Property,27,300,1
L002545,2026-01-16,Auto,25,5282,0
L004746,2026-05-10,Liability,42,15236,0
L001634,2025-11-06,Property,35,9829,0
L004859,2026-06-06,Auto,20,5322,0
L004415,2026-05-15,Auto,15,1456,0
L001440,2025-11-17,Auto,26,968,0
L004410,2026-05-25,Auto,31,557,1
L003691,2026-03-09,Property,73,11095,0
L000711,2025-09-26,Property,36,18492,0
L001961,2025-12-11,Auto,64,5687,0
L002682,2026-01-20,Property,57,11320,0
L002666,2026-01-03,Property,26,11270,0
L004342,2026-05-18,Auto,18,5999,0
L005712,2026-07-04,Liability,35,16289,0
L003550,2026-03-18,Auto,43,3885,0
L000154,2025-08-02,Auto,38,2954,0
L000973,2025-10-23,Auto,36,4211,0
L003591,2026-03-13,Property,51,7150,0
L003587,2026-03-18,Property,50,6970,1
L003906,2026-04-22,Auto,40,3536,0
L004022,2026-04-16,Auto,47,6351,0
L001532,2025-11-29,Auto,31,7938,0
L001640,2025-11-24,Property,48,17219,0
L004677,2026-05-05,Property,56,17788,0
L000674,2025-09-15,Property,44,16616,0
L004293,2026-04-12,Liability,73,18158,1
L003044,2026-02-25,Auto,29,3334,0
L003555,2026-03-29,Auto,44,9425,0
L003207,2026-02-22,Property,47,13660,0
L002235,2025-12-03,Property,73,3514,0
L001460,2025-11-04,Auto,31,3943,0
L004695,2026-05-22,Property,30,4371,0
L003039,2026-02-23,Auto,51,1462,0
L005634,2026-07-23,Property,20,9666,0
L004970,2026-06-04,Auto,13,5997,0
L000243,2025-08-27,Property,54,18631,0
L000203,2025-08-17,Auto,53,3837,0
L003627,2026-03-03,Property,68,6093,0
L003292,2026-02-15,Liability,43,8156,0
L000309,2025-08-09,Property,15,9937,0
L000715,2025-09-17,Property,82,9717,0
L000093,2025-08-21,Auto,35,7928,0
L002898,2026-02-15,Auto,23,5717,0
L002510,2026-01-11,Auto,49,2268,0
L004959,2026-06-03,Auto,17,6276,1
L000856,2025-09-02,Liability,87,10512,0
L003353,2026-03-03,Auto,21,10796,0
L004657,2026-05-25,Property,42,12598,0
L000809,2025-09-26,Property,28,3164,0
L001704,2025-11-08,Property,57,7480,0
L003415,2026-03-22,Auto,29,3552,0
L003290,2026-02-25,Liability,69,4508,0
L002406,2026-01-02,Auto,33,3619,0
L001128,2025-10-18,Property,71,16398,0
L005143,2026-06-20,Property,23,12628,0
L000215,2025-08-08,Property,62,6141,0
L004777,2026-05-16,Liability,78,26607,0
L003882,2026-04-24,Auto,22,7684,0
L000884,2025-09-11,Liability,76,6589,0
L000578,2025-09-16,Auto,18,2542,0
L003782,2026-03-06,Liability,52,18506,0
L004191,2026-04-11,Property,16,7303,0
L002378,2026-01-04,Auto,45,2845,0
L004043,2026-04-13,Auto,32,4260,0
L001081,2025-10-30,Auto,38,5458,1
L001273,2025-10-18,Property,68,22056,0
L001914,2025-12-09,Auto,25,300,0
L005024,2026-06-06,Auto,31,3958,1
L001985,2025-12-11,Auto,53,6375,0
L001266,2025-10-27,Property,60,3239,0
L002675,2026-01-17,Property,35,16413,0
L004388,2026-05-03,Auto,29,6544,1
L005255,2026-06-11,Liability,29,11086,0
L004252,2026-04-07,Liability,45,10267,0
L001558,2025-11-28,Auto,28,3391,1
L003568,2026-03-05,Auto,17,3913,0
L000161,2025-08-06,Auto,38,7467,0
L005551,2026-07-17,Property,21,29365,0
L003231,2026-02-01,Property,28,5701,0
L002179,2025-12-03,Property,49,300,0
L003031,2026-02-25,Auto,30,9637,0
L003198,2026-02-22,Property,50,19036,0
L005178,2026-06-10,Property,21,6968,0
L001190,2025-10-05,Property,54,10851,0
L000667,2025-09-15,Property,21,3270,0
L001037,2025-10-13,Auto,47,4690,0
L004097,2026-04-12,Property,37,7939,0
L003322,2026-02-02,Liability,55,22351,0
L003524,2026-03-15,Auto,31,3909,0
L004981,2026-06-04,Auto,28,3599,0
L005611,2026-07-30,Property,44,11693,0
L000937,2025-10-25,Auto,52,4534,0
L002877,2026-02-05,Auto,47,1404,0
L001793,2025-11-16,Liability,30,25641,0
L004860,2026-06-15,Auto,22,3366,0
L003093,2026-02-10,Property,66,11301,0
L004946,2026-06-20,Auto,12,2661,0
L005333,2026-07-05,Auto,27,3816,0
L005655,2026-07-12,Property,18,14695,0
L003186,2026-02-13,Property,40,17702,0
L005154,2026-06-06,Property,45,6335,1
L000551,2025-09-03,Auto,30,7183,0
L001543,2025-11-21,Auto,37,300,0
L000009,2025-08-28,Auto,52,300,0
L002259,2025-12-09,Property,40,15482,0
L000980,2025-10-14,Auto,28,3433,0
L000914,2025-10-20,Auto,18,6150,0
L001378,2025-11-16,Auto,19,300,0
L002257,2025-12-28,Property,100,8015,0
L004220,2026-04-01,Property,41,8241,0
L000565,2025-09-04,Auto,40,6564,0
L003820,2026-03-14,Liability,92,22580,0
L005460,2026-07-05,Auto,10,6504,0
L003947,2026-04-30,Auto,25,6349,1
L004460,2026-05-08,Auto,30,4445,0
L002462,2026-01-18,Auto,42,1895,0
L001579,2025-11-03,Auto,28,3183,0
L000669,2025-09-16,Property,44,8598,0
L002015,2025-12-30,Auto,38,3605,0
L003065,2026-02-19,Auto,46,300,0
L004405,2026-05-20,Auto,5,5523,0
L002484,2026-01-16,Auto,63,1850,1
L002025,2025-12-10,Auto,44,6083,0
L001587,2025-11-23,Auto,37,6366,1
L000814,2025-09-20,Property,59,6726,0
L002889,2026-02-23,Auto,28,4415,0
L005120,2026-06-29,Property,28,15216,0
L004039,2026-04-19,Auto,27,300,0
L004856,2026-06-02,Auto,23,3189,0
L000349,2025-08-19,Property,53,8579,0
L005689,2026-07-05,Liability,77,20395,0
L005051,2026-06-09,Property,23,11757,0
L000543,2025-09-15,Auto,31,5749,0
L000124,2025-08-25,Auto,59,4707,0
L001101,2025-10-28,Auto,40,2359,0
L003613,2026-03-04,Property,60,6925,0
L000912,2025-10-09,Auto,45,6900,0
L003236,2026-02-08,Property,45,10631,0
L001865,2025-12-22,Auto,33,5089,0
L002134,2025-12-13,Property,59,6923,0
L002204,2025-12-04,Property,64,9675,1
L001473,2025-11-09,Auto,40,2310,0
L005245,2026-06-18,Liability,68,23336,1
L005687,2026-07-11,Liability,87,9930,0
L001179,2025-10-13,Property,31,1455,0
L002167,2025-12-16,Property,63,18955,0
L002194,2025-12-30,Property,72,12732,1
L001507,2025-11-22,Auto,38,4228,0
L002316,2025-12-12,Liability,70,22584,0
L002559,2026-01-07,Auto,51,7712,0
L001512,2025-11-18,Auto,47,6038,0
L002531,2026-01-24,Auto,34,4748,0
L004753,2026-05-03,Liability,73,14690,0
L003296,2026-02-26,Liability,67,18012,0
L005504,2026-07-30,Auto,36,2290,1
L001277,2025-10-31,Liability,98,9045,0
L005640,2026-07-13,Property,47,480,0
L005158,2026-06-23,Property,38,10645,0
L002090,2025-12-27,Property,16,387,0
L003773,2026-03-29,Liability,68,18647,0
L002349,2025-12-07,Liability,60,12370,0
L002227,2025-12-05,Property,54,22564,0
L001282,2025-10-29,Liability,48,21595,0
L004442,2026-05-26,Auto,34,1486,0
L001602,2025-11-24,Property,32,8287,0
L003052,2026-02-02,Auto,41,3339,0
L003021,2026-02-04,Auto,35,889,0
L000582,2025-09-05,Auto,16,6828,0
L001390,2025-11-07,Auto,35,300,0
L003537,2026-03-26,Auto,27,5559,0
L004738,2026-05-03,Liability,27,25735,0
L004130,2026-04-22,Property,34,12529,0
L002787,2026-01-14,Liability,88,25994,0
L004281,2026-04-05,Liability,63,25316,0
L004406,2026-05-01,Auto,44,4514,0
L005374,2026-07-10,Auto,15,3259,0
L003910,2026-04-17,Auto,36,3216,0
L003446,2026-03-27,Auto,33,1144,0
L004615,2026-05-03,Property,25,24303,0
L003526,2026-03-13,Auto,69,5105,0
L000845,2025-09-06,Liability,81,25744,0
L000367,2025-08-26,Liability,14,17119,0
L004968,2026-06-14,Auto,9,5605,0
L001227,2025-10-22,Property,54,13783,0
L005002,2026-06-15,Auto,20,4291,0
L001102,2025-10-16,Auto,15,5967,0
L001218,2025-10-16,Property,79,12553,0
L004350,2026-05-23,Auto,31,6722,0
L000867,2025-09-30,Liability,15,2604,0
L004317,2026-05-05,Auto,21,3149,1
L001433,2025-11-25,Auto,45,797,0
L004704,2026-05-03,Property,23,16491,1
L002905,2026-02-18,Auto,58,10953,0
L000863,2025-09-22,Liability,62,24906,1
L001518,2025-11-11,Auto,52,6926,0
L000626,2025-09-26,Auto,26,3800,0
L001116,2025-10-26,Auto,41,6680,0
L005218,2026-06-26,Liability,75,18662,0
L005306,2026-07-11,Auto,8,4295,0
L001805,2025-11-09,Liability,68,300,0
L005050,2026-06-05,Property,39,6151,0
L001405,2025-11-24,Auto,45,300,0
L004508,2026-05-05,Auto,33,4345,0
L000282,2025-08-02,Property,49,10066,0
L001293,2025-10-05,Liability,74,11302,0
L001350,2025-10-30,Liability,48,8102,0
L001958,2025-12-02,Auto,45,1094,1
L001942,2025-12-08,Auto,25,7712,0
L005509,2026-07-08,Auto,5,11709,0
L000781,2025-09-25,Property,54,15185,0
L000453,2025-09-14,Auto,47,1268,0
L001797,2025-11-08,Liability,68,20451,0
L005496,2026-07-25,Auto,26,4699,0
L005736,2026-07-20,Liability,73,17848,0
L000987,2025-10-29,Auto,39,5383,0
L001158,2025-10-22,Property,49,8682,0
L000852,2025-09-09,Liability,43,1126,0
L000507,2025-09-18,Auto,26,4671,1
L000016,2025-08-30,Auto,35,3747,0
L002708,2026-01-29,Property,72,8734,1
L003759,2026-03-26,Liability,35,12783,0
L003499,2026-03-17,Auto,32,7057,0
L003599,2026-03-16,Property,64,6744,0
L003841,2026-04-08,Auto,30,4127,0
L001031,2025-10-28,Auto,8,3419,0
L004357,2026-05-27,Auto,19,3564,1
L004808,2026-06-07,Auto,27,2544,0
L004310,2026-04-25,Liability,35,5520,0
L001155,2025-10-07,Property,28,6664,0
L001122,2025-10-16,Property,34,20238,0
L003562,2026-03-20,Auto,54,300,0
L003858,2026-04-30,Auto,12,1892,0
L000174,2025-08-05,Auto,22,4141,0
L003098,2026-02-11,Property,69,2554,0
L002520,2026-01-04,Auto,21,3945,0
L004929,2026-06-22,Auto,5,3012,0
L003923,2026-04-05,Auto,21,2306,0
L005495,2026-07-28,Auto,5,2635,0
L003082,2026-02-04,Auto,35,3205,0
L002044,2025-12-23,Auto,19,4079,0
L002458,2026-01-31,Auto,24,7289,0
L001900,2025-12-10,Auto,34,9351,0
L003012,2026-02-11,Auto,61,9049,0
L005423,2026-07-30,Auto,19,300,0
L004455,2026-05-02,Auto,19,8764,1
L005036,2026-06-26,Property,29,20804,0
L005385,2026-07-08,Auto,11,4409,0
L005327,2026-07-30,Auto,23,4183,0
L001211,2025-10-20,Property,35,8561,0
L004840,2026-06-04,Auto,19,5045,0
L000698,2025-09-16,Property,87,15253,0
L001682,2025-11-23,Property,48,23737,0
L000511,2025-09-19,Auto,53,5717,0
L002878,2026-02-11,Auto,45,6086,0
L002118,2025-12-25,Property,27,11666,0
L005641,2026-07-12,Property,32,2301,0
L001956,2025-12-29,Auto,18,6911,0
L001413,2025-11-15,Auto,15,375,0
L002347,2025-12-17,Liability,90,7532,0
L002894,2026-02-04,Auto,26,5519,0
L000058,2025-08-03,Auto,23,5395,1
L001382,2025-11-25,Auto,36,4783,0
L004148,2026-04-07,Property,47,11093,0
L004473,2026-05-06,Auto,18,855,0
L004607,2026-05-13,Property,38,10561,0
L003277,2026-02-08,Liability,100,15752,0
L004259,2026-04-24,Liability,83,10555,0
L001146,2025-10-03,Property,9,12180,0
L004806,2026-06-27,Auto,16,4280,1
L005169,2026-06-25,Property,5,7329,0
L001203,2025-10-10,Property,60,4186,0
L000022,2025-08-08,Auto,45,4459,0
L004090,2026-04-18,Property,17,12408,0
L003816,2026-03-08,Liability,27,23767,0
L002072,2025-12-13,Auto,24,5918,0
L004528,2026-05-28,Auto,21,6168,1
L003087,2026-02-06,Property,57,16138,0
L003798,2026-03-17,Liability,75,300,0
L003097,2026-02-20,Property,14,8503,0
L001498,2025-11-16,Auto,61,3323,0
L000970,2025-10-01,Auto,5,7875,0
L002448,2026-01-14,Auto,25,5244,0
L000922,2025-10-22,Auto,33,4590,0
L000772,2025-09-12,Property,33,9748,0
L004237,2026-04-18,Liability,88,7684,0
L004744,2026-05-30,Liability,49,7581,0
L003939,2026-04-27,Auto,21,2980,0
L003401,2026-03-02,Auto,22,4187,0
L002355,2025-12-28,Liability,77,13017,0
L002784,2026-01-22,Liability,77,13933,0
L003902,2026-04-05,Auto,20,3697,0
L001379,2025-11-26,Auto,42,3097,0
L005473,2026-07-17,Auto,18,7104,0
L004654,2026-05-04,Property,27,5434,0
L001801,2025-11-22,Liability,58,10494,0
L002309,2025-12-17,Liability,107,37637,0
L003056,2026-02-25,Auto,49,2603,0
L001255,2025-10-03,Property,33,13015,0
L001664,2025-11-24,Property,41,12476,0
L003921,2026-04-04,Auto,58,3867,0
L005267,2026-06-04,Liability,48,3506,0
L004207,2026-04-24,Property,53,13218,0
L002595,2026-01-30,Auto,38,682,0
L000291,2025-08-24,Property,30,11743,0
L000893,2025-09-20,Liability,24,5393,0
L002670,2026-01-14,Property,76,9972,0
L003201,2026-02-28,Property,65,2381,0
L003884,2026-04-17,Auto,29,5140,0
L003158,2026-02-24,Property,59,14810,0
L000570,2025-09-01,Auto,12,2203,1
L000050,2025-08-29,Auto,16,1690,0
L001429,2025-11-02,Auto,33,4026,1
L002408,2026-01-17,Auto,42,3670,0
L000272,2025-08-14,Property,44,15074,0
L001457,2025-11-01,Auto,42,3587,0
L000136,2025-08-19,Auto,37,5197,0
L002244,2025-12-08,Property,40,15704,0
L002689,2026-01-15,Property,76,13337,0
L003898,2026-04-02,Auto,35,6129,0
L005275,2026-06-19,Liability,79,12330,0
L003532,2026-03-05,Auto,26,5639,0
L003534,2026-03-14,Auto,25,5599,1
L003122,2026-02-06,Property,39,16059,0
L003341,2026-02-10,Liability,43,18441,0
L004832,2026-06-10,Auto,15,5186,0
L005643,2026-07-20,Property,45,15779,0
L004517,2026-05-16,Auto,29,300,0
L000310,2025-08-31,Property,35,300,0
L004153,2026-04-18,Property,44,300,1
L002199,2025-12-11,Property,58,3839,0
L004145,2026-04-05,Property,38,9420,0
L003512,2026-03-22,Auto,28,416,0
L000744,2025-09-14,Property,10,1581,0
L003123,2026-02-01,Property,46,7421,0
L002827,2026-01-14,Liability,70,19010,0
L000533,2025-09-21,Auto,53,1547,1
L002213,2025-12-15,Property,75,7004,0
L003285,2026-02-28,Liability,68,11012,0
L001096,2025-10-18,Auto,39,4017,0
L001960,2025-12-09,Auto,37,430,0
L005651,2026-07-05,Property,16,2505,0
L003451,2026-03-05,Auto,50,2458,0
L003868,2026-04-07,Auto,34,2119,0
L004838,2026-06-24,Auto,21,3148,1
L005624,2026-07-19,Property,31,11362,0
L003748,2026-03-25,Liability,72,2483,0
L000502,2025-09-04,Auto,24,1502,0
L003874,2026-04-14,Auto,24,5456,0
L003932,2026-04-27,Auto,32,3877,1
L002275,2025-12-15,Liability,50,18412,0
L003633,2026-03-24,Property,67,16048,0
L004897,2026-06-08,Auto,26,300,0
L000757,2025-09-28,Property,60,21248,0
L002052,2025-12-24,Auto,36,3446,0
L003578,2026-03-16,Property,32,12719,0
L002684,2026-01-22,Property,35,3346,0
L003095,2026-02-18,Property,30,6668,0
L004620,2026-05-25,Property,17,11341,0
L003966,2026-04-12,Auto,22,5409,1
L000389,2025-08-09,Liability,35,35573,0
L000709,2025-09-17,Property,53,3570,0
L003412,2026-03-15,Auto,44,2993,0
L001943,2025-12-31,Auto,42,3690,0
L004841,2026-06-29,Auto,20,300,0
L002674,2026-01-26,Property,65,9734,0
L000717,2025-09-20,Property,55,14527,0
L005756,2026-07-26,Liability,47,26325,0
L004627,2026-05-06,Property,62,300,0
L003222,2026-02-28,Property,66,9998,0
L004170,2026-04-16,Property,41,15814,0
L003146,2026-02-01,Property,47,14641,0
L001223,2025-10-15,Property,23,9355,0
L004635,2026-05-13,Property,50,11582,0
L000268,2025-08-07,Property,52,9680,0
L002568,2026-01-11,Auto,42,5583,0
L002181,2025-12-05,Property,81,9152,0
L003099,2026-02-05,Property,37,12444,0
L003151,2026-02-08,Property,58,9177,0
L004116,2026-04-24,Property,29,11832,0
L002851,2026-01-14,Liability,67,8658,0
L004156,2026-04-19,Property,34,16609,0
L003215,2026-02-02,Property,58,11589,0
L000486,2025-09-28,Auto,29,5631,0
L001864,2025-12-24,Auto,37,5345,0
L000263,2025-08-02,Property,49,7895,1
L002818,2026-01-06,Liability,75,34336,0
L001241,2025-10-04,Property,66,19233,0
L001119,2025-10-18,Auto,35,3298,0
L005175,2026-06-22,Property,36,9924,0
L005735,2026-07-18,Liability,47,11728,0
L002643,2026-01-20,Property,32,19987,0
L004209,2026-04-13,Property,26,2008,0
L003839,2026-04-05,Auto,33,5881,0
L001214,2025-10-23,Property,58,6414,0
L000580,2025-09-25,Auto,17,3750,0
L004555,2026-05-29,Property,40,15367,0
L000041,2025-08-22,Auto,32,1365,0
L000889,2025-09-24,Liability,48,32915,0
L001903,2025-12-09,Auto,21,5846,0
L003124,2026-02-04,Property,54,20181,0
L002621,2026-01-29,Property,74,2922,0
L002943,2026-02-20,Auto,38,3807,0
L004037,2026-04-22,Auto,33,4169,0
L001556,2025-11-14,Auto,48,4209,0
L004197,2026-04-14,Property,86,8446,0
L002492,2026-01-11,Auto,34,6115,0
L002977,2026-02-24,Auto,43,4831,0
L003241,2026-02-08,Property,9,12643,0
L004076,2026-04-17,Property,63,8611,0
L003120,2026-02-19,Property,62,13908,0
L000658,2025-09-25,Auto,33,5132,0
L002955,2026-02-26,Auto,35,6735,0
L005205,2026-06-16,Liability,41,11505,0
L004433,2026-05-29,Auto,12,2265,0
L004222,2026-04-21,Property,24,8278,0
L004123,2026-04-17,Property,21,7966,0
L002291,2025-12-04,Liability,97,300,0
L000326,2025-08-13,Property,53,9004,0
L005264,2026-06-20,Liability,44,300,0
L001761,2025-11-09,Liability,55,15332,1
L002564,2026-01-01,Auto,12,3722,0
L001940,2025-12-14,Auto,17,300,0
L003312,2026-02-07,Liability,66,12370,0
L000149,2025-08-31,Auto,31,7119,1
L004286,2026-04-30,Liability,75,5258,0
L002019,2025-12-16,Auto,21,1449,0
L003194,2026-02-21,Property,58,300,0
L004792,2026-05-03,Liability,77,27758,0
L004527,2026-05-25,Auto,12,5377,1
L003787,2026-03-12,Liability,57,23541,0
L000494,2025-09-28,Auto,47,4936,0
L003673,2026-03-03,Property,54,2021,0
L001125,2025-10-10,Property,41,14036,0
L002216,2025-12-30,Property,69,300,0
L003015,2026-02-24,Auto,25,2942,0
L000257,2025-08-12,Property,46,12375,0
L003156,2026-02-09,Property,85,10738,0
L000724,2025-09-09,Property,81,1052,0
L001893,2025-12-07,Auto,33,7846,0
L000074,2025-08-26,Auto,44,1496,0
L003128,2026-02-08,Property,27,14581,0
L005325,2026-07-02,Auto,15,3985,1
L001553,2025-11-18,Auto,21,7170,0
L005588,2026-07-20,Property,19,18553,0
L003181,2026-02-13,Property,49,11824,0
L004142,2026-04-19,Property,46,20707,0
L004980,2026-06-15,Auto,19,3995,0
L003495,2026-03-13,Auto,20,2558,0
L000534,2025-09-19,Auto,43,1058,0
L005601,2026-07-02,Property,47,7015,0
L001110,2025-10-07,Auto,25,3297,1
L001862,2025-12-05,Auto,52,7791,0
L000818,2025-09-29,Liability,51,6179,0
L005233,2026-06-05,Liability,31,26850,1
L004470,2026-05-06,Auto,29,300,0
L005015,2026-06-07,Auto,25,3735,1
L003585,2026-03-24,Property,40,300,0
L000441,2025-08-18,Liability,53,30801,0
L002024,2025-12-06,Auto,42,5839,0
L003433,2026-03-04,Auto,11,7773,0
L005412,2026-07-03,Auto,18,4756,0
L001545,2025-11-30,Auto,40,6030,0
L003076,2026-02-25,Auto,33,4402,0
L004570,2026-05-22,Property,30,12597,0
L000501,2025-09-07,Auto,30,2012,0
L004261,2026-04-06,Liability,62,20035,0
L002756,2026-01-24,Property,38,14024,1
L003549,2026-03-22,Auto,29,5276,0
L004379,2026-05-21,Auto,13,7841,0
L000608,2025-09-16,Auto,63,1823,1
L004907,2026-06-08,Auto,15,2555,0
L000301,2025-08-12,Property,58,300,0
L000871,2025-09-26,Liability,65,24213,0
L001676,2025-11-27,Property,49,23151,0
L000146,2025-08-10,Auto,20,1702,0
L002266,2025-12-22,Property,79,8655,1
L000780,2025-09-04,Property,37,300,0
L001698,2025-11-29,Property,5,5260,0
L003592,2026-03-16,Property,68,14416,0
L000546,2025-09-16,Auto,36,569,0
L000687,2025-09-10,Property,50,4224,0
L005708,2026-07-02,Liability,60,4688,0
L001386,2025-11-27,Auto,50,2372,0
L003603,2026-03-08,Property,54,9793,0
L001593,2025-11-30,Property,24,12709,0
L005570,2026-07-21,Property,33,9211,0
L004540,2026-05-17,Auto,13,1666,0
L002831,2026-01-20,Liability,39,10048,0
L002322,2025-12-30,Liability,9,14283,0
L001298,2025-10-08,Liability,55,9155,0
L005404,2026-07-02,Auto,18,3880,1
L001944,2025-12-17,Auto,42,4711,1
L003102,2026-02-02,Property,50,5320,0
L002211,2025-12-08,Property,68,12017,0
L005207,2026-06-02,Liability,47,11721,0
L003391,2026-03-21,Auto,52,5142,0
L002538,2026-01-05,Auto,9,4491,0
L001479,2025-11-26,Auto,34,6006,0
L005575,2026-07-05,Property,27,6978,0
L003203,2026-02-15,Property,33,16927,0
L001936,2025-12-19,Auto,31,3910,0
L000382,2025-08-19,Liability,81,12286,0
L001716,2025-11-27,Property,59,4923,0
L004300,2026-04-10,Liability,31,18117,0
L001039,2025-10-17,Auto,46,6033,0
L003814,2026-03-10,Liability,49,14142,0
L000895,2025-09-13,Liability,57,8563,0
L000362,2025-08-31,Liability,81,17411,0
L000525,2025-09-30,Auto,27,8162,0
L005398,2026-07-08,Auto,39,712,1
L005103,2026-06-04,Property,45,12956,0
L003880,2026-04-18,Auto,26,4495,0
L000890,2025-09-15,Liability,70,26739,0
L004008,2026-04-09,Auto,23,4492,0
L004882,2026-06-04,Auto,38,2961,1
L000420,2025-08-14,Liability,63,33072,0
L004786,2026-05-19,Liability,53,19465,0
L004539,2026-05-18,Auto,22,4583,0
L000051,2025-08-06,Auto,43,300,0
L000705,2025-09-15,Property,47,1666,0
L001332,2025-10-06,Liability,40,11669,0
L002835,2026-01-10,Liability,113,27947,0
L004521,2026-05-17,Auto,26,2749,0
L001544,2025-11-14,Auto,39,8575,0
L004276,2026-04-17,Liability,53,11955,0
L000110,2025-08-25,Auto,17,4674,0
L003764,2026-03-25,Liability,59,24409,0
L004172,2026-04-16,Property,34,3259,0
L003869,2026-04-22,Auto,31,7143,0
L003166,2026-02-19,Property,78,3173,0
L000044,2025-08-06,Auto,47,5373,0
L005400,2026-07-09,Auto,27,2926,0
L000076,2025-08-27,Auto,26,8245,0
L004122,2026-04-11,Property,27,4724,0
L003314,2026-02-12,Liability,75,23498,0
L003348,2026-03-02,Auto,54,2682,0
L001419,2025-11-10,Auto,46,6440,0
L005270,2026-06-26,Liability,43,25322,0
L003776,2026-03-18,Liability,115,300,0
L001726,2025-11-21,Property,29,10800,0
L002761,2026-01-21,Property,87,300,0
L004513,2026-05-31,Auto,23,4198,0
L004154,2026-04-11,Property,58,12028,0
L003092,2026-02-27,Property,32,1804,0
L005109,2026-06-20,Property,36,14183,0
L003335,2026-02-09,Liability,64,28726,0
L002169,2025-12-14,Property,67,6792,0
L001695,2025-11-28,Property,61,1866,0
L005498,2026-07-27,Auto,23,1968,0
L002604,2026-01-02,Property,64,9336,1
L002767,2026-01-21,Liability,54,8309,0
L000182,2025-08-31,Auto,52,2655,0
L003671,2026-03-10,Property,25,5138,0
L003935,2026-04-13,Auto,32,3713,1
L004900,2026-06-23,Auto,16,2062,0
L001166,2025-10-12,Property,24,13397,0
L001219,2025-10-20,Property,74,7090,0
L005101,2026-06-06,Property,34,6444,0
L000007,2025-08-14,Auto,46,2679,0
L000156,2025-08-10,Auto,26,4114,0
L001633,2025-11-28,Property,53,3867,0
L004349,2026-05-28,Auto,15,4866,0
L004396,2026-05-29,Auto,12,4434,0
L005067,2026-06-13,Property,47,15457,0
L004757,2026-05-10,Liability,30,13441,0
L002048,2025-12-24,Auto,37,3247,0
L000615,2025-09-15,Auto,35,4751,0
L001431,2025-11-06,Auto,36,7573,0
L001578,2025-11-22,Auto,46,300,0
L005606,2026-07-19,Property,21,25685,0
L000363,2025-08-24,Liability,27,14917,0
L004027,2026-04-18,Auto,27,4232,1
L001883,2025-12-16,Auto,21,6611,0
L003250,2026-02-23,Property,45,16248,0
L003447,2026-03-14,Auto,12,3715,0
L002338,2025-12-12,Liability,71,18076,0
L000026,2025-08-04,Auto,46,2095,0
L003283,2026-02-22,Liability,69,21103,1
L001820,2025-11-09,Liability,88,14836,0
L003597,2026-03-26,Property,93,9757,0
L003406,2026-03-24,Auto,24,2728,0
L005377,2026-07-15,Auto,12,4421,1
L003009,2026-02-28,Auto,30,3395,0
L000056,2025-08-31,Auto,25,4316,0
L005283,2026-07-04,Auto,22,6306,0
L004120,2026-04-05,Property,57,300,0
L004160,2026-04-21,Property,36,306,0
L003254,2026-02-03,Liability,47,20436,0
L003664,2026-03-18,Property,48,8093,0
L003084,2026-02-05,Auto,23,2557,0
L001265,2025-10-09,Property,47,17630,0
L002777,2026-01-22,Liability,98,300,0
L004339,2026-05-15,Auto,17,3368,0
L004784,2026-05-07,Liability,65,17846,0
L000650,2025-09-18,Auto,13,7360,0
L001993,2025-12-10,Auto,38,1855,1
L000249,2025-08-17,Property,63,4943,0
L005757,2026-07-30,Liability,42,33146,0
L000083,2025-08-12,Auto,42,5267,0
L003511,2026-03-25,Auto,36,6923,0
L001328,2025-10-25,Liability,62,15728,0
L000995,2025-10-01,Auto,40,755,1
L004025,2026-04-16,Auto,44,5334,1
L000373,2025-08-27,Liability,57,11166,1
L004306,2026-04-11,Liability,71,13650,0
L000269,2025-08-07,Property,35,3163,0
L005212,2026-06-13,Liability,21,8747,0
L000164,2025-08-28,Auto,36,5602,0
L003640,2026-03-11,Property,82,11347,0
L002661,2026-01-20,Property,46,22637,0
L003879,2026-04-27,Auto,7,4500,0
L000624,2025-09-26,Auto,49,9590,0
L000297,2025-08-13,Property,78,8749,1
L000708,2025-09-17,Property,45,8538,0
L000256,2025-08-28,Property,73,8034,0
L003351,2026-03-02,Auto,22,7809,0
L002549,2026-01-06,Auto,55,9068,0
L002237,2025-12-08,Property,35,6947,0
L001823,2025-11-21,Liability,38,32887,0
L005409,2026-07-01,Auto,14,8989,0
L001236,2025-10-12,Property,54,15681,0
L000019,2025-08-17,Auto,50,4730,0
L002276,2025-12-10,Liability,92,26654,0
L002533,2026-01-17,Auto,48,848,0
L004520,2026-05-19,Auto,32,4155,0
L003751,2026-03-12,Liability,37,3873,0
L001894,2025-12-27,Auto,28,432,0
L001822,2025-11-20,Liability,37,17364,0
L002667,2026-01-02,Property,43,8830,0
L001951,2025-12-20,Auto,45,1466,0
L002071,2025-12-26,Auto,50,6715,0
L000109,2025-08-19,Auto,46,1795,0
L001447,2025-11-01,Auto,19,300,0
L002023,2025-12-21,Auto,30,3488,1
L003998,2026-04-21,Auto,30,2260,0
L003844,2026-04-11,Auto,50,6076,0
L003026,2026-02-08,Auto,45,4142,1
L005272,2026-06-26,Liability,66,726,0
L005547,2026-07-28,Property,33,3889,1
L003957,2026-04-23,Auto,26,5002,1
L004957,2026-06-12,Auto,31,2243,0
L005012,2026-06-29,Auto,15,6243,1
L000379,2025-08-09,Liability,52,18771,0
L001639,2025-11-13,Property,74,1694,0
L000662,2025-09-19,Auto,19,5043,0
L001161,2025-10-14,Property,50,15941,1
L000636,2025-09-17,Auto,36,6273,0
L005373,2026-07-16,Auto,15,4045,1
L004482,2026-05-05,Auto,22,7315,0
L004204,2026-04-17,Property,25,21652,0
L003171,2026-02-08,Property,35,13620,0
L003854,2026-04-19,Auto,21,8616,0
L004533,2026-05-29,Auto,25,300,0
L001088,2025-10-22,Auto,29,4554,0
L004626,2026-05-27,Property,31,9225,0
L000437,2025-08-20,Liability,45,15063,0
L000671,2025-09-20,Property,65,16826,0
L005133,2026-06-07,Property,34,8034,0
L002003,2025-12-14,Auto,33,7872,0
L005437,2026-07-16,Auto,16,6819,0
L005386,2026-07-14,Auto,18,3039,0
L003060,2026-02-24,Auto,48,458,0
L002576,2026-01-24,Auto,35,5236,0
L004481,2026-05-31,Auto,32,5772,0
L001713,2025-11-26,Property,47,300,1
L002392,2026-01-04,Auto,22,6735,0
L003769,2026-03-22,Liability,50,28654,0
L005609,2026-07-25,Property,33,12842,0
L001423,2025-11-18,Auto,40,7119,0
L002711,2026-01-08,Property,81,14976,0
L005631,2026-07-11,Property,38,3753,0
L004316,2026-05-04,Auto,23,9233,0
L001541,2025-11-23,Auto,44,300,0
L003205,2026-02-25,Property,97,300,0
L001550,2025-11-16,Auto,47,5472,0
L004035,2026-04-07,Auto,34,2975,1
L005716,2026-07-11,Liability,46,13547,0
L004937,2026-06-10,Auto,26,6734,0
L000956,2025-10-16,Auto,38,5763,1
L000828,2025-09-13,Liability,34,19115,0
L000690,2025-09-03,Property,64,20127,0
L000119,2025-08-03,Auto,42,2287,0
L003520,2026-03-25,Auto,19,2655,0
L001671,2025-11-04,Property,32,12135,0
L003030,2026-02-21,Auto,31,4587,0
L004954,2026-06-10,Auto,18,6742,0
L003061,2026-02-11,Auto,37,10441,0
L005153,2026-06-13,Property,49,3751,0
L004186,2026-04-04,Property,53,8604,0
L005478,2026-07-22,Auto,26,1387,0
L005320,2026-07-30,Auto,28,9302,1
L001592,2025-11-05,Property,23,12011,0
L001969,2025-12-08,Auto,47,4324,0
L001474,2025-11-09,Auto,38,8131,0
L000652,2025-09-01,Auto,16,4578,0
L002811,2026-01-12,Liability,80,9327,0
L000254,2025-08-22,Property,5,7388,0
L003174,2026-02-18,Property,56,12158,0
L002907,2026-02-28,Auto,38,1757,0
L004888,2026-06-20,Auto,19,9776,0
L003317,2026-02-20,Liability,65,722,0
L000740,2025-09-26,Property,53,19615,0
L004038,2026-04-21,Auto,27,7519,0
L005081,2026-06-16,Property,25,7035,0
L004708,2026-05-07,Liability,56,11793,0
L000443,2025-08-21,Liability,56,12387,0
L001699,2025-11-28,Property,80,18688,1
L001711,2025-11-08,Property,47,11094,0
L002776,2026-01-15,Liability,79,11720,0
L002504,2026-01-31,Auto,29,1114,0
L002928,2026-02-20,Auto,33,1931,0
L004919,2026-06-24,Auto,27,300,0
L002542,2026-01-09,Auto,30,6709,0
L001401,2025-11-25,Auto,40,6566,1
L002969,2026-02-15,Auto,37,4325,0
L001720,2025-11-10,Property,47,22010,0
L003919,2026-04-15,Auto,32,1460,1
L002882,2026-02-05,Auto,39,6379,0
L000537,2025-09-04,Auto,37,4353,0
L002165,2025-12-18,Property,51,5238,0
L001614,2025-11-07,Property,26,10142,0
L001662,2025-11-23,Property,68,10440,0
L004906,2026-06-30,Auto,15,4920,0
L001384,2025-11-12,Auto,25,4544,0
L005304,2026-07-05,Auto,24,508,0
L000403,2025-08-13,Liability,26,17283,0
L002154,2025-12-13,Property,46,2529,0
L001980,2025-12-11,Auto,38,5185,0
L000204,2025-08-15,Auto,30,3280,0
L003523,2026-03-15,Auto,42,4951,1
L003094,2026-02-16,Property,58,13747,0
L003437,2026-03-07,Auto,19,4575,0
L004566,2026-05-13,Property,38,18768,0
L004062,2026-04-14,Property,21,17932,0
L003225,2026-02-23,Property,53,9973,0
L005541,2026-07-17,Property,35,17209,0
L002432,2026-01-20,Auto,35,1794,0
L003067,2026-02-10,Auto,22,3851,0
L002449,2026-01-04,Auto,7,3338,0
L004752,2026-05-14,Liability,56,21486,0
L000868,2025-09-03,Liability,60,9223,0
L000603,2025-09-26,Auto,40,2852,0
L004373,2026-05-23,Auto,30,6012,1
L003233,2026-02-21,Property,36,4264,0
L002333,2025-12-26,Liability,89,16061,0
L003334,2026-02-12,Liability,86,10047,0
L000610,2025-09-07,Auto,50,300,0
L000531,2025-09-21,Auto,41,1871,1
L000742,2025-09-04,Property,32,300,0
L004608,2026-05-04,Property,38,13239,0
L003153,2026-02-28,Property,42,9503,0
L001432,2025-11-15,Auto,32,1764,0
L000223,2025-08-04,Property,44,20776,0
L002996,2026-02-02,Auto,34,9516,0
L002651,2026-01-17,Property,36,12456,0
L005435,2026-07-30,Auto,23,300,0
L002707,2026-01-12,Property,69,24229,0
L003114,2026-02-26,Property,107,15839,1
L001962,2025-12-24,Auto,14,1041,0
L001826,2025-11-17,Liability,42,5329,0
L004904,2026-06-20,Auto,26,2872,1
L005394,2026-07-10,Auto,26,4218,0
L003019,2026-02-19,Auto,35,6048,0
L001046,2025-10-15,Auto,16,4761,0
L003372,2026-03-24,Auto,36,7293,0
L001567,2025-11-23,Auto,57,1836,0
L000954,2025-10-01,Auto,50,3383,0
L004604,2026-05-06,Property,28,4444,0
L001497,2025-11-27,Auto,44,5221,0
L000471,2025-09-10,Auto,46,3023,0
L003918,2026-04-06,Auto,38,6104,0
L001250,2025-10-09,Property,50,10278,0
L000710,2025-09-17,Property,46,300,0
L002356,2025-12-31,Liability,75,11038,0
L003851,2026-04-10,Auto,20,3673,0
L004471,2026-05-23,Auto,21,3434,0
L000262,2025-08-06,Property,46,3270,1
L000264,2025-08-27,Property,40,6565,0
L005112,2026-06-17,Property,35,428,0
L002083,2025-12-30,Auto,36,1327,0
L000008,2025-08-20,Auto,21,6537,0
L002532,2026-01-04,Auto,30,3101,0
L002217,2025-12-09,Property,77,12140,0
L005359,2026-07-13,Auto,29,2912,0
L003567,2026-03-23,Auto,34,4674,0
L000186,2025-08-31,Auto,14,500,0
L002975,2026-02-27,Auto,25,2821,0
L001112,2025-10-16,Auto,42,4228,0
L000369,2025-08-13,Liability,52,15387,0
L004260,2026-04-14,Liability,72,3325,0
L000390,2025-08-09,Liability,59,5239,0
L002281,2025-12-07,Liability,71,28855,1
L000726,2025-09-11,Property,43,2495,0
L002454,2026-01-25,Auto,43,6219,1
L004595,2026-05-05,Property,44,6163,0
L000288,2025-08-21,Property,51,11531,0
L002947,2026-02-07,Auto,30,3863,0
L002956,2026-02-06,Auto,29,6817,0
L000424,2025-08-06,Liability,56,16152,0
L001546,2025-11-18,Auto,12,7689,0
L001779,2025-11-03,Liability,47,31063,0
L004054,2026-04-02,Auto,25,6084,0
L004325,2026-05-17,Auto,24,3367,0
L000165,2025-08-09,Auto,46,3692,0
L002987,2026-02-06,Auto,63,7631,0
L002518,2026-01-19,Auto,54,3570,1
L003857,2026-04-09,Auto,44,2471,0
L002130,2025-12-29,Property,57,3072,0
L003610,2026-03-29,Property,80,13393,0
L002223,2025-12-14,Property,64,10080,0
L000521,2025-09-06,Auto,29,5793,0
L003103,2026-02-05,Property,35,2781,0
L003894,2026-04-30,Auto,26,3474,0
L000789,2025-09-07,Property,67,9269,0
L004976,2026-06-15,Auto,33,4449,0
L003075,2026-02-06,Auto,32,5473,0
L005111,2026-06-14,Property,41,15458,0
L001182,2025-10-28,Property,62,8619,0
L004522,2026-05-30,Auto,24,7844,1
L001041,2025-10-02,Auto,41,3048,1
L003338,2026-02-19,Liability,57,25884,0
L000457,2025-09-30,Auto,54,7722,0
L001385,2025-11-03,Auto,29,2650,0
L005089,2026-06-03,Property,25,13400,1
L002485,2026-01-29,Auto,38,6279,1
L004768,2026-05-19,Liability,74,11209,0
L005114,2026-06-12,Property,36,5778,0
L003457,2026-03-29,Auto,36,2869,0
L003397,2026-03-04,Auto,39,6501,0
L002067,2025-12-23,Auto,43,1464,1
L005236,2026-06-28,Liability,50,8012,0
L002413,2026-01-22,Auto,44,6829,0
L005410,2026-07-08,Auto,14,3375,0
L000279,2025-08-16,Property,93,19609,0
L005718,2026-07-01,Liability,57,15091,1
L001978,2025-12-23,Auto,42,4474,0
L002340,2025-12-05,Liability,66,5684,0
L003069,2026-02-02,Auto,43,3556,0
L002066,2025-12-24,Auto,27,3190,0
L004621,2026-05-30,Property,55,3185,0
L005282,2026-07-15,Auto,25,7840,0
L004845,2026-06-04,Auto,23,4936,0
L001510,2025-11-26,Auto,42,2293,0
L001868,2025-12-16,Auto,23,1524,0
L005215,2026-06-11,Liability,40,17353,0
L004984,2026-06-14,Auto,17,6551,0
L001485,2025-11-04,Auto,31,3908,0
L003853,2026-04-19,Auto,25,7341,0
L001278,2025-10-08,Liability,63,19618,0
L003396,2026-03-03,Auto,58,2304,0
L002783,2026-01-30,Liability,62,29063,0
L000319,2025-08-20,Property,20,8160,0
L002093,2025-12-31,Property,66,12345,0
L002792,2026-01-22,Liability,80,14681,0
L002680,2026-01-01,Property,91,2842,0
L001568,2025-11-28,Auto,36,4203,0
L004864,2026-06-17,Auto,33,4080,0
L003703,2026-03-19,Property,50,20134,0
L000308,2025-08-04,Property,50,8692,0
L000746,2025-09-25,Property,54,1630,0
L004942,2026-06-22,Auto,19,960,0
L004192,2026-04-08,Property,48,3608,0
L004055,2026-04-10,Auto,15,888,0
L000983,2025-10-11,Auto,35,6391,0
L005695,2026-07-11,Liability,33,25129,0
L002170,2025-12-11,Property,95,13237,0
L003379,2026-03-11,Auto,28,5428,0
L004764,2026-05-08,Liability,55,19104,0
L004761,2026-05-15,Liability,101,20692,0
L005452,2026-07-23,Auto,19,7128,0
L004823,2026-06-21,Auto,25,3460,0
L003642,2026-03-23,Property,40,16154,0
L000141,2025-08-30,Auto,46,7305,0
L005358,2026-07-26,Auto,17,7610,0
L002716,2026-01-24,Property,61,6376,0
L003758,2026-03-15,Liability,71,6625,0
L005253,2026-06-13,Liability,40,3825,0
L000719,2025-09-02,Property,62,9867,0
L001923,2025-12-11,Auto,35,4842,0
L002095,2025-12-30,Property,20,7006,0
L004078,2026-04-06,Property,17,22363,0
L003813,2026-03-25,Liability,54,22554,0
L003183,2026-02-01,Property,36,12435,0
L002480,2026-01-06,Auto,46,3486,0
L005223,2026-06-08,Liability,55,10327,0
L002752,2026-01-26,Property,39,6003,0
L001313,2025-10-27,Liability,67,27594,0
L003510,2026-03-26,Auto,27,1776,0
L005362,2026-07-09,Auto,17,300,0
L002421,2026-01-09,Auto,64,4211,0
L001045,2025-10-16,Auto,26,4375,0
L001947,2025-12-22,Auto,14,8606,0
L004030,2026-04-08,Auto,25,7703,0
L005692,2026-07-02,Liability,45,12299,0
L002662,2026-01-06,Property,24,17957,1
L002660,2026-01-19,Property,68,8629,0
L004998,2026-06-07,Auto,21,4243,0
L004978,2026-06-26,Auto,32,6081,0
L001842,2025-11-19,Liability,69,11612,0
L002959,2026-02-09,Auto,34,2134,0
L005297,2026-07-14,Auto,17,7954,0
L000380,2025-08-09,Liability,63,3601,0
L005301,2026-07-11,Auto,23,5976,0
L004279,2026-04-27,Liability,27,15753,0
L000538,2025-09-08,Auto,24,1232,0
L005321,2026-07-10,Auto,15,3287,0
L003257,2026-02-20,Liability,75,22210,0
L004547,2026-05-27,Property,42,5855,0
L003938,2026-04-30,Auto,26,4121,0
L003563,2026-03-03,Auto,41,3322,0
L003271,2026-02-04,Liability,92,12035,0
L000866,2025-09-16,Liability,93,15780,0
L004975,2026-06-16,Auto,10,383,0
L002054,2025-12-26,Auto,53,5716,0
L005750,2026-07-28,Liability,66,15009,0
L004603,2026-05-02,Property,34,300,0
L001359,2025-10-04,Liability,97,30877,0
L002359,2025-12-24,Liability,87,26254,0
L003852,2026-04-15,Auto,44,3766,0
L004046,2026-04-30,Auto,33,3296,0
L001597,2025-11-05,Property,5,5077,0
L002691,2026-01-13,Property,98,300,0
L000939,2025-10-26,Auto,33,4589,0
L000226,2025-08-03,Property,30,300,0
L004982,2026-06-24,Auto,28,567,0
L002790,2026-01-15,Liability,101,300,1
L003311,2026-02-01,Liability,20,15124,0
L005348,2026-07-29,Auto,19,5652,0
L001104,2025-10-18,Auto,58,6175,0
L002552,2026-01-27,Auto,31,2704,0
L000184,2025-08-14,Auto,31,1525,0
L000384,2025-08-09,Liability,65,406,0
L002367,2025-12-07,Liability,35,300,0
L003911,2026-04-08,Auto,19,4004,1
L001815,2025-11-20,Liability,108,24610,0
L004686,2026-05-04,Property,25,9964,0
L001133,2025-10-23,Property,36,6304,0
L002946,2026-02-04,Auto,27,9274,0
L005582,2026-07-08,Property,33,5605,0
L004255,2026-04-19,Liability,56,25589,0
L004323,2026-05-08,Auto,30,5359,0
L003752,2026-03-29,Liability,65,18505,0
L001658,2025-11-09,Property,36,17989,0
L000474,2025-09-30,Auto,35,3478,0
L004480,2026-05-30,Auto,26,4715,1
L003718,2026-03-07,Property,50,4984,0
L004189,2026-04-14,Property,38,5773,0
L001129,2025-10-13,Property,55,6641,0
L001736,2025-11-21,Property,52,6562,0
L001090,2025-10-17,Auto,31,7809,0
L003864,2026-04-22,Auto,13,300,0
L003695,2026-03-15,Property,48,16043,0
L003461,2026-03-11,Auto,53,6278,0
L000694,2025-09-01,Property,66,1399,0
L002762,2026-01-21,Property,71,300,0
L005000,2026-06-28,Auto,32,5125,0
L000495,2025-09-23,Auto,31,542,0
L004861,2026-06-22,Auto,28,8418,0
L002779,2026-01-23,Liability,42,17985,0
L001010,2025-10-02,Auto,34,3171,0
L002236,2025-12-24,Property,69,13749,1
L001387,2025-11-24,Auto,8,1100,1
L005596,2026-07-06,Property,30,10514,0
L002463,2026-01-16,Auto,31,3789,0
L004857,2026-06-10,Auto,14,873,0
L002128,2025-12-03,Property,85,18765,0
L000824,2025-09-19,Liability,82,8297,0
L000422,2025-08-14,Liability,76,20288,0
L002209,2025-12-17,Property,72,9346,0
L003345,2026-02-27,Liability,39,3894,0
L001748,2025-11-15,Property,79,13289,0
L004401,2026-05-12,Auto,23,3462,0
L004525,2026-05-06,Auto,7,7802,0
L000049,2025-08-02,Auto,36,6907,0
L000075,2025-08-23,Auto,40,5819,0
L003618,2026-03-15,Property,70,13095,0
L005187,2026-06-08,Property,14,14055,0
L002968,2026-02-16,Auto,29,3388,1
L002825,2026-01-16,Liability,52,30093,0
L000927,2025-10-16,Auto,22,3714,0
L002457,2026-01-12,Auto,43,2687,0
L002082,2025-12-07,Auto,27,6835,0
L003595,2026-03-09,Property,56,15870,0
L002843,2026-01-19,Liability,50,18906,0
L002945,2026-02-26,Auto,52,7274,0
L004512,2026-05-20,Auto,26,2080,0
L001559,2025-11-16,Auto,43,4196,0
L000926,2025-10-27,Auto,34,2805,0
L001017,2025-10-26,Auto,63,5580,0
L002705,2026-01-02,Property,33,21736,1
L002085,2025-12-12,Property,82,1852,0
L003797,2026-03-21,Liability,29,14947,0
L001950,2025-12-11,Auto,30,5061,0
L004770,2026-05-15,Liability,60,10450,0
L002440,2026-01-09,Auto,26,5890,0
L000088,2025-08-29,Auto,47,300,0
L000834,2025-09-05,Liability,60,17117,0
L001067,2025-10-15,Auto,27,5933,0
L002800,2026-01-20,Liability,39,16693,0
L002577,2026-01-03,Auto,45,3917,0
L002807,2026-01-30,Liability,97,17419,0
L000378,2025-08-20,Liability,61,12755,0
L004298,2026-04-21,Liability,57,9829,0
L000718,2025-09-05,Property,44,12823,0
L000385,2025-08-13,Liability,73,300,0
L001834,2025-11-17,Liability,72,6584,0
L003331,2026-02-17,Liability,69,21464,0
L003169,2026-02-21,Property,54,19797,1
L001685,2025-11-21,Property,28,7683,0
L004042,2026-04-05,Auto,15,3116,0
L003684,2026-03-25,Property,95,10294,0
L000121,2025-08-09,Auto,12,9231,0
L002150,2025-12-05,Property,27,14074,0
L000541,2025-09-17,Auto,42,7263,1
L000199,2025-08-28,Auto,16,4058,0
L001178,2025-10-09,Property,29,16772,1
L004362,2026-05-22,Auto,18,3673,0
L003942,2026-04-19,Auto,28,300,0
L000560,2025-09-25,Auto,34,5738,0
L004326,2026-05-22,Auto,16,2924,0
L005314,2026-07-30,Auto,22,2085,0
L002414,2026-01-10,Auto,39,2217,0
L000727,2025-09-08,Property,60,18371,0
L004144,2026-04-22,Property,62,7901,0
L003615,2026-03-19,Property,45,14062,0
L000663,2025-09-16,Property,58,13948,0
L001681,2025-11-29,Property,52,2014,0
L001772,2025-11-14,Liability,106,18128,0
L004275,2026-04-24,Liability,28,12750,0
L005293,2026-07-10,Auto,30,3776,0
L000477,2025-09-21,Auto,25,5433,0
L004640,2026-05-20,Property,14,8443,1
L000796,2025-09-30,Property,32,9486,0
L001832,2025-11-25,Liability,48,17811,0
L004321,2026-05-07,Auto,27,9422,0
L003342,2026-02-09,Liability,70,15187,0
L001442,2025-11-07,Auto,29,7827,0
L000993,2025-10-01,Auto,26,6863,1
L004267,2026-04-25,Liability,29,5583,0
L001598,2025-11-29,Property,58,1632,0
L003289,2026-02-14,Liability,46,19226,0
L001363,2025-10-30,Liability,28,35107,0
L001138,2025-10-03,Property,47,16505,0
L003829,2026-03-22,Liability,121,20081,0
L000888,2025-09-10,Liability,46,3005,0
L000611,2025-09-01,Auto,30,1329,0
L002567,2026-01-29,Auto,28,4431,1
L001292,2025-10-13,Liability,81,31781,0
L001949,2025-12-28,Auto,55,8676,0
