account_id,month,plan,arpu_usd,support_tickets,churned
A000001,2025-08,Month-to-month,29.39,2,0
A000002,2025-08,Month-to-month,53.82,1,0
A000003,2025-08,Month-to-month,49.37,4,0
A000004,2025-08,Month-to-month,50.97,2,0
A000005,2025-08,Month-to-month,73.76,2,0
A000006,2025-08,Month-to-month,78.81,2,0
A000007,2025-08,Month-to-month,63.05,0,0
A000008,2025-08,Month-to-month,90.85,5,0
A000009,2025-08,Month-to-month,76.73,4,0
A000010,2025-08,Month-to-month,60.06,3,0
A000011,2025-08,Month-to-month,87.03,3,0
A000012,2025-08,Month-to-month,72.47,3,0
A000013,2025-08,Month-to-month,45.62,1,0
A000014,2025-08,Month-to-month,76.1,3,0
A000015,2025-08,Month-to-month,70.11,4,0
A000016,2025-08,Month-to-month,69.1,2,0
A000017,2025-08,Month-to-month,63.26,3,0
A000018,2025-08,Month-to-month,71.85,0,0
A000019,2025-08,Month-to-month,67.76,0,0
A000020,2025-08,Month-to-month,73.81,2,0
A000021,2025-08,Month-to-month,67.26,5,1
A000022,2025-08,Month-to-month,69.17,3,0
A000023,2025-08,Month-to-month,78.74,3,0
A000024,2025-08,Month-to-month,59.84,2,0
A000025,2025-08,Month-to-month,65.79,3,0
A000026,2025-08,Month-to-month,49.51,3,0
A000027,2025-08,Month-to-month,71.71,0,0
A000028,2025-08,Month-to-month,60.1,2,0
A000029,2025-08,Month-to-month,74.24,5,0
A000030,2025-08,Month-to-month,107.96,0,0
A000031,2025-08,Month-to-month,54.91,1,0
A000032,2025-08,Month-to-month,71.7,0,0
A000033,2025-08,Month-to-month,63.62,2,0
A000034,2025-08,Month-to-month,60.82,2,0
A000035,2025-08,Month-to-month,72.2,2,0
A000036,2025-08,Month-to-month,59.38,3,0
A000037,2025-08,Month-to-month,68.04,3,0
A000038,2025-08,Month-to-month,61.28,2,0
A000039,2025-08,Month-to-month,56.57,2,0
A000040,2025-08,Month-to-month,78.79,3,0
A000041,2025-08,Month-to-month,35.78,5,0
A000042,2025-08,Month-to-month,72.13,5,0
A000043,2025-08,Month-to-month,71.66,3,0
A000044,2025-08,Month-to-month,93.68,1,1
A000045,2025-08,Month-to-month,50.87,4,0
A000046,2025-08,Month-to-month,101.01,3,0
A000047,2025-08,Month-to-month,70.72,3,0
A000048,2025-08,Month-to-month,58.67,1,0
A000049,2025-08,Month-to-month,47.44,3,0
A000050,2025-08,Month-to-month,61.6,2,0
A000051,2025-08,Month-to-month,57.71,3,0
A000052,2025-08,Month-to-month,84.45,2,0
A000053,2025-08,Month-to-month,70.37,2,0
A000054,2025-08,Month-to-month,65.37,1,0
A000055,2025-08,Month-to-month,45.07,4,0
A000056,2025-08,Month-to-month,66.89,3,0
A000057,2025-08,Month-to-month,57.24,4,0
A000058,2025-08,Month-to-month,59.37,3,0
A000059,2025-08,Month-to-month,83.59,1,0
A000060,2025-08,Month-to-month,64.47,4,0
A000061,2025-08,Month-to-month,69.32,4,0
A000062,2025-08,Month-to-month,94.81,0,0
A000063,2025-08,Month-to-month,66.19,0,0
A000064,2025-08,Month-to-month,79.01,3,1
A000065,2025-08,Month-to-month,66.75,1,1
A000066,2025-08,Month-to-month,50.53,4,0
A000067,2025-08,Month-to-month,73.41,2,0
A000068,2025-08,Month-to-month,64.44,0,0
A000069,2025-08,Month-to-month,58.83,2,0
A000070,2025-08,Month-to-month,43.96,1,1
A000071,2025-08,Month-to-month,55.5,2,0
A000072,2025-08,Month-to-month,63.65,2,0
A000073,2025-08,Month-to-month,63.72,4,0
A000074,2025-08,Month-to-month,104.45,3,0
A000075,2025-08,Month-to-month,98.65,0,0
A000076,2025-08,Month-to-month,78.45,3,0
A000077,2025-08,Month-to-month,63.13,4,0
A000078,2025-08,Month-to-month,53.66,1,0
A000079,2025-08,Month-to-month,51.94,3,0
A000080,2025-08,Month-to-month,56.95,3,0
A000081,2025-08,Month-to-month,53.91,2,0
A000082,2025-08,Month-to-month,85.57,3,0
A000083,2025-08,Month-to-month,54.41,3,0
A000084,2025-08,Month-to-month,76.49,4,0
A000085,2025-08,Month-to-month,56.6,1,0
A000086,2025-08,Month-to-month,63.73,3,0
A000087,2025-08,Month-to-month,83.03,2,0
A000088,2025-08,Month-to-month,54.94,3,0
A000089,2025-08,Month-to-month,72.69,3,0
A000090,2025-08,Month-to-month,69.79,2,0
A000091,2025-08,Month-to-month,63.97,2,0
A000092,2025-08,Month-to-month,54.16,2,0
A000093,2025-08,Month-to-month,60.84,2,0
A000094,2025-08,Month-to-month,54.52,0,0
A000095,2025-08,Month-to-month,70.71,1,0
A000096,2025-08,Month-to-month,73.22,2,0
A000097,2025-08,Month-to-month,70.01,0,0
A000098,2025-08,Month-to-month,48.44,3,0
A000099,2025-08,Month-to-month,71.79,4,0
A000100,2025-08,Month-to-month,65.69,3,0
A000101,2025-08,Month-to-month,47.18,0,0
A000102,2025-08,Month-to-month,77.36,2,0
A000103,2025-08,Month-to-month,54.19,3,0
A000104,2025-08,Month-to-month,53.94,3,0
A000105,2025-08,Month-to-month,57.2,4,0
A000106,2025-08,Month-to-month,53.15,2,0
A000107,2025-08,Month-to-month,74.94,6,1
A000108,2025-08,Month-to-month,43.33,2,0
A000109,2025-08,Month-to-month,66.38,0,0
A000110,2025-08,Month-to-month,90.47,1,0
A000111,2025-08,Month-to-month,66.16,1,0
A000112,2025-08,Month-to-month,46.75,0,0
A000113,2025-08,Month-to-month,54.69,2,0
A000114,2025-08,Month-to-month,59.97,2,0
A000115,2025-08,Month-to-month,77.64,3,0
A000116,2025-08,Month-to-month,52.67,3,0
A000117,2025-08,Month-to-month,41.2,5,0
A000118,2025-08,Month-to-month,61.69,4,1
A000119,2025-08,Month-to-month,64.03,4,0
A000120,2025-08,Month-to-month,57.54,3,0
A000121,2025-08,Month-to-month,73.76,2,0
A000122,2025-08,Month-to-month,63.34,0,0
A000123,2025-08,Month-to-month,62.92,1,0
A000124,2025-08,Month-to-month,50.41,2,0
A000125,2025-08,Month-to-month,57.14,3,0
A000126,2025-08,Month-to-month,69.81,2,0
A000127,2025-08,Month-to-month,40.77,2,1
A000128,2025-08,Month-to-month,70.99,3,0
A000129,2025-08,Month-to-month,77.18,4,0
A000130,2025-08,Month-to-month,95.0,3,1
A000131,2025-08,Month-to-month,92.22,3,0
A000132,2025-08,Month-to-month,64.9,3,0
A000133,2025-08,Month-to-month,61.1,3,0
A000134,2025-08,Month-to-month,79.57,3,0
A000135,2025-08,Month-to-month,41.57,3,1
A000136,2025-08,Month-to-month,65.86,5,0
A000137,2025-08,Month-to-month,57.51,4,0
A000138,2025-08,Month-to-month,53.35,2,0
A000139,2025-08,Month-to-month,65.19,4,0
A000140,2025-08,Month-to-month,56.73,3,0
A000141,2025-08,Month-to-month,70.42,3,0
A000142,2025-08,Month-to-month,103.5,2,0
A000143,2025-08,Month-to-month,57.18,2,1
A000144,2025-08,Month-to-month,85.27,4,1
A000145,2025-08,Month-to-month,66.18,1,0
A000146,2025-08,Month-to-month,59.98,2,0
A000147,2025-08,Month-to-month,56.72,3,0
A000148,2025-08,Month-to-month,42.11,1,0
A000149,2025-08,Month-to-month,72.08,1,0
A000150,2025-08,Month-to-month,55.29,0,0
A000151,2025-08,Month-to-month,85.93,1,0
A000152,2025-08,Month-to-month,97.41,2,0
A000153,2025-08,Month-to-month,73.6,3,0
A000154,2025-08,Month-to-month,91.27,1,0
A000155,2025-08,Month-to-month,84.47,4,1
A000156,2025-08,Month-to-month,57.37,5,0
A000157,2025-08,Month-to-month,54.36,2,0
A000158,2025-08,Month-to-month,53.73,1,0
A000159,2025-08,Month-to-month,62.71,2,0
A000160,2025-08,Month-to-month,80.01,2,1
A000161,2025-08,Month-to-month,59.15,1,0
A000162,2025-08,Month-to-month,74.99,4,0
A000163,2025-08,Month-to-month,57.64,3,0
A000164,2025-08,Month-to-month,89.06,3,1
A000165,2025-08,Month-to-month,70.96,2,0
A000166,2025-08,Month-to-month,55.69,2,0
A000167,2025-08,Month-to-month,57.68,2,0
A000168,2025-08,Month-to-month,58.34,1,0
A000169,2025-08,Month-to-month,78.93,3,0
A000170,2025-08,Month-to-month,65.51,2,0
A000171,2025-08,Month-to-month,72.11,3,0
A000172,2025-08,Month-to-month,73.2,2,1
A000173,2025-08,Month-to-month,79.21,3,0
A000174,2025-08,Month-to-month,96.73,2,0
A000175,2025-08,Month-to-month,61.65,3,0
A000176,2025-08,Month-to-month,80.12,0,1
A000177,2025-08,Month-to-month,65.87,4,0
A000178,2025-08,Month-to-month,60.45,3,0
A000179,2025-08,Month-to-month,80.28,3,0
A000180,2025-08,Month-to-month,83.93,2,0
A000181,2025-08,Month-to-month,65.21,4,0
A000182,2025-08,Month-to-month,70.07,3,0
A000183,2025-08,Month-to-month,70.76,3,0
A000184,2025-08,Month-to-month,64.53,1,0
A000185,2025-08,Month-to-month,66.27,1,0
A000186,2025-08,Month-to-month,71.36,3,0
A000187,2025-08,Month-to-month,85.46,3,0
A000188,2025-08,Month-to-month,61.35,2,0
A000189,2025-08,Month-to-month,88.73,3,0
A000190,2025-08,Month-to-month,59.45,1,0
A000191,2025-08,Month-to-month,83.56,1,0
A000192,2025-08,Month-to-month,83.8,3,0
A000193,2025-08,Month-to-month,86.43,2,0
A000194,2025-08,Month-to-month,28.48,2,0
A000195,2025-08,Month-to-month,83.88,1,0
A000196,2025-08,Month-to-month,72.35,3,0
A000197,2025-08,Month-to-month,60.95,5,0
A000198,2025-08,Month-to-month,62.57,3,1
A000199,2025-08,Month-to-month,73.07,0,0
A000200,2025-08,Month-to-month,56.38,1,0
A000201,2025-08,Month-to-month,94.27,5,0
A000202,2025-08,Month-to-month,58.0,0,0
A000203,2025-08,Month-to-month,84.85,3,0
A000204,2025-08,Month-to-month,62.16,1,0
A000205,2025-08,Month-to-month,39.43,3,0
A000206,2025-08,Month-to-month,61.47,0,0
A000207,2025-08,Month-to-month,79.62,0,0
A000208,2025-08,Month-to-month,67.22,1,0
A000209,2025-08,Month-to-month,42.79,1,0
A000210,2025-08,Month-to-month,78.2,4,0
A000211,2025-08,Month-to-month,82.03,1,0
A000212,2025-08,Month-to-month,92.64,5,0
A000213,2025-08,Month-to-month,67.72,2,0
A000214,2025-08,Month-to-month,53.33,6,1
A000215,2025-08,Month-to-month,69.18,5,0
A000216,2025-08,Month-to-month,77.7,4,0
A000217,2025-08,Month-to-month,64.88,4,0
A000218,2025-08,Month-to-month,67.04,3,0
A000219,2025-08,Month-to-month,81.96,4,0
A000220,2025-08,Month-to-month,56.78,2,0
A000221,2025-08,Month-to-month,61.8,4,0
A000222,2025-08,Month-to-month,68.01,3,0
A000223,2025-08,Month-to-month,67.17,1,0
A000224,2025-08,Month-to-month,58.87,3,0
A000225,2025-08,Month-to-month,63.85,3,0
A000226,2025-08,Month-to-month,75.27,2,0
A000227,2025-08,Month-to-month,74.11,3,0
A000228,2025-08,Month-to-month,81.1,2,0
A000229,2025-08,Month-to-month,46.81,2,0
A000230,2025-08,Month-to-month,70.6,2,0
A000231,2025-08,Month-to-month,63.3,3,0
A000232,2025-08,Month-to-month,68.35,3,0
A000233,2025-08,Month-to-month,48.35,0,0
A000234,2025-08,Month-to-month,50.85,3,0
A000235,2025-08,Month-to-month,56.2,2,0
A000236,2025-08,Month-to-month,74.98,3,0
A000237,2025-08,Month-to-month,56.72,3,0
A000238,2025-08,Month-to-month,66.88,2,0
A000239,2025-08,Month-to-month,60.63,2,0
A000240,2025-08,Month-to-month,57.89,2,0
A000241,2025-08,Month-to-month,63.75,0,0
A000242,2025-08,Month-to-month,74.32,2,0
A000243,2025-08,Month-to-month,75.23,4,0
A000244,2025-08,Month-to-month,82.29,2,0
A000245,2025-08,Month-to-month,67.12,2,0
A000246,2025-08,Month-to-month,53.85,3,0
A000247,2025-08,Month-to-month,55.33,3,0
A000248,2025-08,Month-to-month,53.31,3,0
A000249,2025-08,Month-to-month,73.6,1,1
A000250,2025-08,Month-to-month,60.78,3,0
A000251,2025-08,Month-to-month,50.94,3,0
A000252,2025-08,Month-to-month,41.28,1,0
A000253,2025-08,Month-to-month,59.8,2,0
A000254,2025-08,Month-to-month,76.35,0,0
A000255,2025-08,Month-to-month,86.38,2,0
A000256,2025-08,Month-to-month,71.41,2,0
A000257,2025-08,Month-to-month,45.69,2,0
A000258,2025-08,Month-to-month,76.37,4,0
A000259,2025-08,Month-to-month,58.45,2,0
A000260,2025-08,Month-to-month,74.3,3,0
A000261,2025-08,Month-to-month,45.82,2,0
A000262,2025-08,Month-to-month,88.59,2,0
A000263,2025-08,Month-to-month,57.62,4,0
A000264,2025-08,Month-to-month,96.27,3,0
A000265,2025-08,Month-to-month,69.52,4,0
A000266,2025-08,Month-to-month,77.06,4,0
A000267,2025-08,Month-to-month,49.12,1,0
A000268,2025-08,Month-to-month,69.14,0,0
A000269,2025-08,Month-to-month,80.98,4,0
A000270,2025-08,Month-to-month,68.67,1,0
A000271,2025-08,Month-to-month,86.44,3,1
A000272,2025-08,Month-to-month,81.87,4,0
A000273,2025-08,Month-to-month,70.62,3,0
A000274,2025-08,Month-to-month,73.35,1,0
A000275,2025-08,Month-to-month,65.26,3,0
A000276,2025-08,Month-to-month,93.1,3,0
A000277,2025-08,Month-to-month,56.09,0,0
A000278,2025-08,Month-to-month,75.68,3,0
A000279,2025-08,Month-to-month,68.13,2,0
A000280,2025-08,Month-to-month,65.2,3,0
A000281,2025-08,Month-to-month,70.31,3,1
A000282,2025-08,Month-to-month,58.29,2,0
A000283,2025-08,Month-to-month,64.5,1,0
A000284,2025-08,Month-to-month,80.51,2,0
A000285,2025-08,Month-to-month,59.21,3,0
A000286,2025-08,Month-to-month,74.12,3,0
A000287,2025-08,Month-to-month,74.0,4,0
A000288,2025-08,Month-to-month,63.65,5,0
A000289,2025-08,Month-to-month,52.57,2,0
A000290,2025-08,Month-to-month,80.84,3,0
A000291,2025-08,Month-to-month,85.03,4,0
A000292,2025-08,Month-to-month,73.72,4,0
A000293,2025-08,Month-to-month,72.55,2,0
A000294,2025-08,Month-to-month,35.72,5,1
A000295,2025-08,Month-to-month,72.43,3,0
A000296,2025-08,Month-to-month,84.5,1,0
A000297,2025-08,Month-to-month,48.76,3,0
A000298,2025-08,Month-to-month,66.52,3,0
A000299,2025-08,Month-to-month,56.93,1,0
A000300,2025-08,Month-to-month,45.53,5,0
A000301,2025-08,Month-to-month,55.97,3,0
A000302,2025-08,Month-to-month,67.88,3,0
A000303,2025-08,Month-to-month,46.58,2,0
A000304,2025-08,Month-to-month,54.81,2,0
A000305,2025-08,Month-to-month,58.32,4,0
A000306,2025-08,Month-to-month,77.53,2,0
A000307,2025-08,Month-to-month,71.45,2,0
A000308,2025-08,Month-to-month,51.95,1,0
A000309,2025-08,Month-to-month,92.81,2,0
A000310,2025-08,Month-to-month,63.61,3,0
A000311,2025-08,Month-to-month,50.72,1,0
A000312,2025-08,Month-to-month,73.59,3,0
A000313,2025-08,Month-to-month,62.33,2,0
A000314,2025-08,Month-to-month,71.11,1,0
A000315,2025-08,Month-to-month,91.45,1,0
A000316,2025-08,Month-to-month,77.21,1,0
A000317,2025-08,Month-to-month,26.11,2,0
A000318,2025-08,Month-to-month,63.93,5,0
A000319,2025-08,Month-to-month,54.91,3,0
A000320,2025-08,Month-to-month,59.15,0,0
A000321,2025-08,Month-to-month,67.17,1,1
A000322,2025-08,Month-to-month,55.43,2,0
A000323,2025-08,Month-to-month,53.24,1,0
A000324,2025-08,Month-to-month,57.36,3,0
A000325,2025-08,Month-to-month,43.38,5,0
A000326,2025-08,Month-to-month,66.98,1,0
A000327,2025-08,Month-to-month,41.24,3,0
A000328,2025-08,Month-to-month,67.46,3,0
A000329,2025-08,Month-to-month,69.09,2,0
A000330,2025-08,Month-to-month,35.2,3,0
A000331,2025-08,Month-to-month,57.35,1,0
A000332,2025-08,Month-to-month,77.22,5,0
A000333,2025-08,Month-to-month,74.49,0,0
A000334,2025-08,Month-to-month,80.33,1,0
A000335,2025-08,Month-to-month,75.0,3,0
A000336,2025-08,Month-to-month,73.26,2,0
A000337,2025-08,Month-to-month,50.34,1,0
A000338,2025-08,Month-to-month,67.38,3,0
A000339,2025-08,Month-to-month,36.99,3,0
A000340,2025-08,Month-to-month,83.92,4,0
A000341,2025-08,Month-to-month,58.24,2,0
A000342,2025-08,Month-to-month,47.9,4,0
A000343,2025-08,Month-to-month,58.89,3,0
A000344,2025-08,Month-to-month,43.61,3,0
A000345,2025-08,Month-to-month,80.49,3,0
A000346,2025-08,Month-to-month,81.83,1,0
A000347,2025-08,Month-to-month,48.32,4,0
A000348,2025-08,Month-to-month,48.04,0,0
A000349,2025-08,Month-to-month,107.56,4,0
A000350,2025-08,Month-to-month,91.21,0,0
A000351,2025-08,Month-to-month,71.98,3,0
A000352,2025-08,Month-to-month,72.49,2,0
A000353,2025-08,Month-to-month,72.44,4,1
A000354,2025-08,Month-to-month,59.51,3,0
A000355,2025-08,Month-to-month,98.82,4,0
A000356,2025-08,Month-to-month,80.31,1,0
A000357,2025-08,Month-to-month,64.73,6,0
A000358,2025-08,Month-to-month,34.87,3,0
A000359,2025-08,Month-to-month,87.38,0,0
A000360,2025-08,Month-to-month,65.07,3,0
A000361,2025-08,Month-to-month,97.07,3,0
A000362,2025-08,Month-to-month,82.47,4,0
A000363,2025-08,Month-to-month,48.05,2,0
A000364,2025-08,Month-to-month,70.25,3,0
A000365,2025-08,Month-to-month,61.99,2,0
A000366,2025-08,Month-to-month,91.69,3,0
A000367,2025-08,Month-to-month,78.75,2,0
A000368,2025-08,Month-to-month,47.6,1,0
A000369,2025-08,Month-to-month,78.8,3,0
A000370,2025-08,Month-to-month,67.67,1,0
A000371,2025-08,Month-to-month,68.58,3,0
A000372,2025-08,Month-to-month,58.98,3,0
A000373,2025-08,Month-to-month,65.97,1,0
A000374,2025-08,Month-to-month,58.29,4,0
A000375,2025-08,Month-to-month,79.75,5,0
A000376,2025-08,Month-to-month,75.34,4,0
A000377,2025-08,Month-to-month,68.92,4,0
A000378,2025-08,Month-to-month,75.68,3,0
A000379,2025-08,Month-to-month,53.0,3,0
A000380,2025-08,Month-to-month,71.33,2,1
A000381,2025-08,Month-to-month,40.14,4,0
A000382,2025-08,Month-to-month,59.71,2,0
A000383,2025-08,Month-to-month,94.4,4,0
A000384,2025-08,Month-to-month,104.62,4,0
A000385,2025-08,Month-to-month,65.16,3,0
A000386,2025-08,Month-to-month,84.63,3,0
A000387,2025-08,Month-to-month,51.88,5,0
A000388,2025-08,Month-to-month,61.39,2,0
A000389,2025-08,Month-to-month,54.24,1,0
A000390,2025-08,Month-to-month,86.56,1,0
A000391,2025-08,Month-to-month,47.52,3,0
A000392,2025-08,Month-to-month,75.27,0,0
A000393,2025-08,Month-to-month,80.55,4,0
A000394,2025-08,Month-to-month,59.69,3,0
A000395,2025-08,Month-to-month,51.41,1,0
A000396,2025-08,Month-to-month,97.21,1,0
A000397,2025-08,Month-to-month,78.61,0,0
A000398,2025-08,Month-to-month,64.06,2,0
A000399,2025-08,Month-to-month,79.48,4,0
A000400,2025-08,Month-to-month,91.32,1,0
A000401,2025-08,Month-to-month,61.65,3,0
A000402,2025-08,Month-to-month,77.72,3,0
A000403,2025-08,Month-to-month,93.72,4,0
A000404,2025-08,Month-to-month,49.11,3,0
A000405,2025-08,Month-to-month,80.63,4,0
A000406,2025-08,Month-to-month,60.88,3,0
A000407,2025-08,Month-to-month,78.62,2,0
A000408,2025-08,Month-to-month,73.82,2,0
A000409,2025-08,Month-to-month,86.77,1,0
A000410,2025-08,Month-to-month,63.05,3,0
A000411,2025-08,Month-to-month,36.66,1,0
A000412,2025-08,Month-to-month,44.0,1,0
A000413,2025-08,Month-to-month,87.2,4,1
A000414,2025-08,Month-to-month,56.49,3,0
A000415,2025-08,Month-to-month,61.44,2,0
A000416,2025-08,Month-to-month,60.06,4,0
A000417,2025-08,Month-to-month,98.63,2,0
A000418,2025-08,Month-to-month,43.15,1,0
A000419,2025-08,Month-to-month,55.9,0,0
A000420,2025-08,Month-to-month,65.44,2,1
A000421,2025-08,Month-to-month,57.07,2,0
A000422,2025-08,Month-to-month,29.38,4,0
A000423,2025-08,Month-to-month,51.34,1,0
A000424,2025-08,Month-to-month,61.59,3,0
A000425,2025-08,Month-to-month,61.44,0,0
A000426,2025-08,Month-to-month,64.17,2,0
A000427,2025-08,Month-to-month,34.74,4,0
A000428,2025-08,Month-to-month,61.24,0,0
A000429,2025-08,Month-to-month,82.86,2,0
A000430,2025-08,Month-to-month,71.32,1,0
A000431,2025-08,Month-to-month,70.61,3,0
A000432,2025-08,Month-to-month,52.05,3,1
A000433,2025-08,Month-to-month,82.42,3,0
A000434,2025-08,Month-to-month,69.75,1,0
A000435,2025-08,Month-to-month,69.1,3,0
A000436,2025-08,Month-to-month,64.49,4,0
A000437,2025-08,Month-to-month,57.07,1,0
A000438,2025-08,Month-to-month,79.92,2,0
A000439,2025-08,Month-to-month,71.57,1,0
A000440,2025-08,Month-to-month,80.58,0,0
A000441,2025-08,Month-to-month,82.98,5,0
A000442,2025-08,Month-to-month,76.9,3,0
A000443,2025-08,Month-to-month,71.3,3,0
A000444,2025-08,Month-to-month,63.21,4,0
A000445,2025-08,Month-to-month,58.37,3,1
A000446,2025-08,Month-to-month,59.88,5,0
A000447,2025-08,Month-to-month,76.63,3,0
A000448,2025-08,Month-to-month,55.53,0,0
A000449,2025-08,Month-to-month,64.52,0,0
A000450,2025-08,Month-to-month,97.21,1,0
A000451,2025-08,Month-to-month,91.39,3,0
A000452,2025-08,Month-to-month,51.07,4,0
A000453,2025-08,Month-to-month,40.21,1,0
A000454,2025-08,Month-to-month,52.69,1,0
A000455,2025-08,Month-to-month,94.28,3,0
A000456,2025-08,Month-to-month,71.15,2,0
A000457,2025-08,Month-to-month,76.65,1,0
A000458,2025-08,Month-to-month,102.01,1,0
A000459,2025-08,Month-to-month,65.4,4,0
A000460,2025-08,Month-to-month,67.97,1,0
A000461,2025-08,Month-to-month,46.67,1,0
A000462,2025-08,Month-to-month,58.38,4,0
A000463,2025-08,Month-to-month,65.86,0,0
A000464,2025-08,Month-to-month,73.81,4,0
A000465,2025-08,Month-to-month,71.4,0,0
A000466,2025-08,Month-to-month,61.79,1,0
A000467,2025-08,Month-to-month,69.41,2,0
A000468,2025-08,Month-to-month,51.94,2,0
A000469,2025-08,Month-to-month,70.19,1,0
A000470,2025-08,Month-to-month,50.45,4,0
A000471,2025-08,Month-to-month,74.75,4,0
A000472,2025-08,Month-to-month,76.63,4,0
A000473,2025-08,Month-to-month,62.84,4,0
A000474,2025-08,Month-to-month,83.38,4,0
A000475,2025-08,Month-to-month,61.58,1,0
A000476,2025-08,Month-to-month,43.0,3,0
A000477,2025-08,Month-to-month,79.02,4,0
A000478,2025-08,Month-to-month,56.63,3,0
A000479,2025-08,Month-to-month,81.07,2,0
A000480,2025-08,Month-to-month,46.63,3,0
A000481,2025-08,Month-to-month,38.06,3,0
A000482,2025-08,Month-to-month,67.06,3,0
A000483,2025-08,Month-to-month,97.84,2,0
A000484,2025-08,Month-to-month,67.78,1,0
A000485,2025-08,Month-to-month,74.39,0,0
A000486,2025-08,Month-to-month,71.37,2,0
A000487,2025-08,Month-to-month,51.47,2,0
A000488,2025-08,Month-to-month,75.42,3,0
A000489,2025-08,Month-to-month,63.95,0,0
A000490,2025-08,Month-to-month,53.39,0,0
A000491,2025-08,Month-to-month,62.08,2,0
A000492,2025-08,Month-to-month,32.6,2,0
A000493,2025-08,Month-to-month,72.06,4,0
A000494,2025-08,Month-to-month,75.8,6,1
A000495,2025-08,Month-to-month,47.08,1,0
A000496,2025-08,Month-to-month,42.9,2,0
A000497,2025-08,Month-to-month,57.47,1,0
A000498,2025-08,Month-to-month,62.63,2,0
A000499,2025-08,Month-to-month,82.35,1,0
A000500,2025-08,Month-to-month,73.41,3,0
A000501,2025-08,Month-to-month,75.81,1,1
A000502,2025-08,Month-to-month,72.11,1,0
A000503,2025-08,Month-to-month,81.95,2,0
A000504,2025-08,Month-to-month,82.6,4,0
A000505,2025-08,Month-to-month,83.88,4,0
A000506,2025-08,Month-to-month,72.74,1,0
A000507,2025-08,Month-to-month,58.33,3,0
A000508,2025-08,Month-to-month,112.23,2,0
A000509,2025-08,Month-to-month,65.76,1,0
A000510,2025-08,Month-to-month,63.29,2,0
A000511,2025-08,Month-to-month,68.47,2,0
A000512,2025-08,Month-to-month,80.09,1,0
A000513,2025-08,Month-to-month,78.67,2,0
A000514,2025-08,Month-to-month,42.37,5,0
A000515,2025-08,Month-to-month,72.03,3,0
A000516,2025-08,Month-to-month,75.64,3,0
A000517,2025-08,Month-to-month,74.5,4,0
A000518,2025-08,Month-to-month,30.27,4,0
A000519,2025-08,Month-to-month,73.66,3,0
A000520,2025-08,Month-to-month,80.96,3,0
A000521,2025-08,One-year,70.83,1,0
A000522,2025-08,One-year,77.28,3,0
A000523,2025-08,One-year,85.39,1,0
A000524,2025-08,One-year,57.68,2,0
A000525,2025-08,One-year,67.96,0,0
A000526,2025-08,One-year,61.1,3,0
A000527,2025-08,One-year,70.86,0,0
A000528,2025-08,One-year,77.69,3,0
A000529,2025-08,One-year,79.19,2,0
A000530,2025-08,One-year,66.2,3,0
A000531,2025-08,One-year,80.78,0,0
A000532,2025-08,One-year,80.62,3,0
A000533,2025-08,One-year,69.99,1,0
A000534,2025-08,One-year,73.74,1,0
A000535,2025-08,One-year,82.81,3,0
A000536,2025-08,One-year,94.37,0,0
A000537,2025-08,One-year,72.06,0,0
A000538,2025-08,One-year,60.41,0,0
A000539,2025-08,One-year,68.27,0,0
A000540,2025-08,One-year,94.96,0,0
A000541,2025-08,One-year,84.07,1,0
A000542,2025-08,One-year,87.67,2,0
A000543,2025-08,One-year,88.91,3,0
A000544,2025-08,One-year,89.0,2,0
A000545,2025-08,One-year,79.06,2,0
A000546,2025-08,One-year,67.44,1,0
A000547,2025-08,One-year,75.38,2,0
A000548,2025-08,One-year,73.3,1,0
A000549,2025-08,One-year,89.37,2,0
A000550,2025-08,One-year,86.38,2,0
A000551,2025-08,One-year,89.55,4,0
A000552,2025-08,One-year,81.43,3,1
A000553,2025-08,One-year,107.99,0,0
A000554,2025-08,One-year,72.52,2,0
A000555,2025-08,One-year,63.31,1,0
A000556,2025-08,One-year,78.54,2,0
A000557,2025-08,One-year,55.32,4,0
A000558,2025-08,One-year,58.43,0,0
A000559,2025-08,One-year,68.62,0,0
A000560,2025-08,One-year,67.56,1,0
A000561,2025-08,One-year,79.57,1,0
A000562,2025-08,One-year,77.47,1,0
A000563,2025-08,One-year,78.84,0,0
A000564,2025-08,One-year,92.32,1,0
A000565,2025-08,One-year,87.07,2,0
A000566,2025-08,One-year,79.34,0,1
A000567,2025-08,One-year,97.48,1,0
A000568,2025-08,One-year,95.75,3,0
A000569,2025-08,One-year,72.11,0,0
A000570,2025-08,One-year,52.59,1,0
A000571,2025-08,One-year,50.99,1,0
A000572,2025-08,One-year,80.95,1,0
A000573,2025-08,One-year,74.62,3,0
A000574,2025-08,One-year,81.59,1,0
A000575,2025-08,One-year,73.7,3,0
A000576,2025-08,One-year,100.4,1,0
A000577,2025-08,One-year,51.39,2,0
A000578,2025-08,One-year,72.7,0,0
A000579,2025-08,One-year,110.01,1,0
A000580,2025-08,One-year,67.25,3,0
A000581,2025-08,One-year,42.07,1,0
A000582,2025-08,One-year,68.39,3,0
A000583,2025-08,One-year,71.3,1,0
A000584,2025-08,One-year,71.67,0,0
A000585,2025-08,One-year,105.51,0,0
A000586,2025-08,One-year,48.07,2,0
A000587,2025-08,One-year,83.61,1,0
A000588,2025-08,One-year,34.46,0,0
A000589,2025-08,One-year,75.16,3,0
A000590,2025-08,One-year,101.68,1,0
A000591,2025-08,One-year,70.41,0,0
A000592,2025-08,One-year,77.59,0,0
A000593,2025-08,One-year,69.58,3,0
A000594,2025-08,One-year,79.81,1,0
A000595,2025-08,One-year,82.25,4,0
A000596,2025-08,One-year,91.87,2,0
A000597,2025-08,One-year,96.31,1,0
A000598,2025-08,One-year,73.67,1,0
A000599,2025-08,One-year,81.06,1,0
A000600,2025-08,One-year,65.96,0,0
A000601,2025-08,One-year,70.33,3,0
A000602,2025-08,One-year,68.9,4,0
A000603,2025-08,One-year,67.06,1,0
A000604,2025-08,One-year,81.29,3,0
A000605,2025-08,One-year,77.56,1,0
A000606,2025-08,One-year,88.92,2,0
A000607,2025-08,One-year,72.02,0,0
A000608,2025-08,One-year,83.53,0,0
A000609,2025-08,One-year,52.87,0,0
A000610,2025-08,One-year,53.43,3,0
A000611,2025-08,One-year,65.86,0,0
A000612,2025-08,One-year,74.42,4,0
A000613,2025-08,One-year,66.44,2,0
A000614,2025-08,One-year,89.74,0,0
A000615,2025-08,One-year,71.58,3,0
A000616,2025-08,One-year,68.9,1,0
A000617,2025-08,One-year,67.67,3,0
A000618,2025-08,One-year,57.96,1,0
A000619,2025-08,One-year,82.5,2,0
A000620,2025-08,One-year,46.26,0,0
A000621,2025-08,One-year,71.8,2,0
A000622,2025-08,One-year,69.16,1,0
A000623,2025-08,One-year,80.71,1,0
A000624,2025-08,One-year,62.84,2,0
A000625,2025-08,One-year,81.59,2,0
A000626,2025-08,One-year,63.58,1,1
A000627,2025-08,One-year,79.42,3,0
A000628,2025-08,One-year,66.47,0,0
A000629,2025-08,One-year,58.96,1,1
A000630,2025-08,One-year,77.27,2,0
A000631,2025-08,One-year,85.66,2,0
A000632,2025-08,One-year,63.71,0,0
A000633,2025-08,One-year,81.47,1,0
A000634,2025-08,One-year,54.03,1,1
A000635,2025-08,One-year,71.17,1,0
A000636,2025-08,One-year,79.94,3,0
A000637,2025-08,One-year,95.22,3,0
A000638,2025-08,One-year,96.56,2,0
A000639,2025-08,One-year,72.51,0,0
A000640,2025-08,One-year,70.48,2,0
A000641,2025-08,One-year,50.62,1,0
A000642,2025-08,One-year,54.89,1,0
A000643,2025-08,One-year,76.77,2,0
A000644,2025-08,One-year,73.49,0,0
A000645,2025-08,One-year,71.62,3,0
A000646,2025-08,One-year,84.26,1,0
A000647,2025-08,One-year,74.17,2,0
A000648,2025-08,One-year,81.68,0,0
A000649,2025-08,One-year,81.09,0,0
A000650,2025-08,One-year,76.6,2,0
A000651,2025-08,One-year,74.75,0,0
A000652,2025-08,One-year,71.49,0,0
A000653,2025-08,One-year,68.98,2,0
A000654,2025-08,One-year,83.95,1,0
A000655,2025-08,One-year,60.51,1,0
A000656,2025-08,One-year,61.77,2,0
A000657,2025-08,One-year,79.52,1,0
A000658,2025-08,One-year,75.95,1,0
A000659,2025-08,One-year,87.71,2,0
A000660,2025-08,One-year,80.77,1,0
A000661,2025-08,One-year,86.29,2,0
A000662,2025-08,One-year,96.19,0,0
A000663,2025-08,One-year,91.07,1,0
A000664,2025-08,One-year,52.22,2,1
A000665,2025-08,One-year,93.41,3,0
A000666,2025-08,One-year,61.91,1,0
A000667,2025-08,One-year,70.02,0,0
A000668,2025-08,One-year,74.42,1,0
A000669,2025-08,One-year,94.03,1,1
A000670,2025-08,One-year,80.81,0,0
A000671,2025-08,One-year,97.8,0,0
A000672,2025-08,One-year,93.8,0,0
A000673,2025-08,One-year,93.08,2,0
A000674,2025-08,One-year,83.55,1,0
A000675,2025-08,One-year,78.61,0,0
A000676,2025-08,One-year,91.48,1,0
A000677,2025-08,One-year,48.74,0,0
A000678,2025-08,One-year,74.92,4,0
A000679,2025-08,One-year,86.98,4,0
A000680,2025-08,One-year,91.9,0,0
A000681,2025-08,One-year,106.29,3,0
A000682,2025-08,One-year,60.55,0,0
A000683,2025-08,One-year,63.92,0,0
A000684,2025-08,One-year,85.01,2,0
A000685,2025-08,One-year,56.96,1,0
A000686,2025-08,One-year,90.47,2,0
A000687,2025-08,One-year,63.81,1,0
A000688,2025-08,One-year,70.51,1,0
A000689,2025-08,One-year,72.78,3,0
A000690,2025-08,One-year,70.18,0,0
A000691,2025-08,One-year,101.3,1,0
A000692,2025-08,One-year,65.46,2,0
A000693,2025-08,One-year,79.01,3,0
A000694,2025-08,One-year,71.67,2,0
A000695,2025-08,One-year,65.59,3,0
A000696,2025-08,One-year,80.27,2,0
A000697,2025-08,One-year,62.61,1,0
A000698,2025-08,One-year,68.56,1,0
A000699,2025-08,One-year,102.99,0,1
A000700,2025-08,One-year,80.45,0,0
A000701,2025-08,One-year,54.23,0,0
A000702,2025-08,One-year,82.8,0,0
A000703,2025-08,One-year,69.61,2,0
A000704,2025-08,One-year,62.34,4,0
A000705,2025-08,One-year,57.45,3,0
A000706,2025-08,One-year,61.47,2,0
A000707,2025-08,One-year,63.26,1,0
A000708,2025-08,One-year,76.58,0,0
A000709,2025-08,One-year,79.42,0,1
A000710,2025-08,One-year,59.04,2,0
A000711,2025-08,One-year,74.46,1,0
A000712,2025-08,One-year,65.93,2,0
A000713,2025-08,One-year,71.46,1,1
A000714,2025-08,One-year,57.68,2,0
A000715,2025-08,One-year,74.13,0,0
A000716,2025-08,One-year,58.5,1,0
A000717,2025-08,One-year,60.51,2,0
A000718,2025-08,One-year,61.31,0,0
A000719,2025-08,One-year,80.66,2,0
A000720,2025-08,One-year,56.89,2,0
A000721,2025-08,One-year,48.18,2,0
A000722,2025-08,One-year,41.02,1,0
A000723,2025-08,One-year,92.19,2,0
A000724,2025-08,One-year,58.57,0,0
A000725,2025-08,One-year,47.08,0,0
A000726,2025-08,One-year,67.53,2,0
A000727,2025-08,One-year,55.47,1,0
A000728,2025-08,One-year,82.82,3,0
A000729,2025-08,One-year,87.85,0,0
A000730,2025-08,One-year,70.3,2,0
A000731,2025-08,One-year,55.28,2,0
A000732,2025-08,One-year,82.04,3,0
A000733,2025-08,One-year,49.48,0,0
A000734,2025-08,One-year,82.14,1,0
A000735,2025-08,One-year,65.28,0,0
A000736,2025-08,One-year,84.83,0,0
A000737,2025-08,One-year,89.14,0,0
A000738,2025-08,One-year,74.56,2,0
A000739,2025-08,One-year,65.06,3,0
A000740,2025-08,One-year,93.84,3,0
A000741,2025-08,One-year,77.58,4,0
A000742,2025-08,One-year,53.12,2,0
A000743,2025-08,One-year,73.27,2,0
A000744,2025-08,One-year,38.62,2,0
A000745,2025-08,One-year,79.53,4,0
A000746,2025-08,One-year,76.18,0,0
A000747,2025-08,One-year,63.36,1,0
A000748,2025-08,One-year,65.83,1,0
A000749,2025-08,One-year,93.42,2,0
A000750,2025-08,One-year,80.26,2,0
A000751,2025-08,One-year,102.77,1,0
A000752,2025-08,One-year,50.53,3,0
A000753,2025-08,One-year,62.26,2,0
A000754,2025-08,One-year,73.75,3,0
A000755,2025-08,One-year,73.51,2,0
A000756,2025-08,One-year,97.69,4,0
A000757,2025-08,One-year,65.24,0,0
A000758,2025-08,One-year,73.06,1,0
A000759,2025-08,One-year,83.7,1,0
A000760,2025-08,One-year,68.85,5,0
A000761,2025-08,One-year,74.69,2,0
A000762,2025-08,One-year,65.59,0,0
A000763,2025-08,One-year,65.02,5,0
A000764,2025-08,One-year,59.31,2,0
A000765,2025-08,One-year,86.31,2,0
A000766,2025-08,One-year,67.91,1,0
A000767,2025-08,One-year,62.11,2,0
A000768,2025-08,One-year,41.98,3,0
A000769,2025-08,One-year,63.9,1,0
A000770,2025-08,One-year,87.15,1,0
A000771,2025-08,One-year,71.82,2,0
A000772,2025-08,One-year,70.96,3,0
A000773,2025-08,One-year,80.05,0,0
A000774,2025-08,One-year,69.4,1,0
A000775,2025-08,One-year,85.65,0,0
A000776,2025-08,One-year,59.01,0,0
A000777,2025-08,One-year,73.62,1,0
A000778,2025-08,One-year,71.59,0,0
A000779,2025-08,One-year,79.07,2,0
A000780,2025-08,One-year,53.74,2,0
A000781,2025-08,One-year,65.11,0,0
A000782,2025-08,One-year,74.22,0,0
A000783,2025-08,One-year,73.75,0,0
A000784,2025-08,One-year,65.14,1,0
A000785,2025-08,One-year,60.82,0,0
A000786,2025-08,One-year,91.42,2,0
A000787,2025-08,One-year,109.21,0,0
A000788,2025-08,One-year,51.95,0,0
A000789,2025-08,One-year,94.4,2,0
A000790,2025-08,One-year,68.85,3,0
A000791,2025-08,One-year,68.79,0,0
A000792,2025-08,One-year,79.2,2,0
A000793,2025-08,One-year,58.96,1,1
A000794,2025-08,One-year,56.26,2,0
A000795,2025-08,One-year,87.41,0,0
A000796,2025-08,One-year,47.33,4,1
A000797,2025-08,One-year,92.18,0,0
A000798,2025-08,One-year,61.14,0,0
A000799,2025-08,One-year,76.22,3,0
A000800,2025-08,One-year,46.16,3,0
A000801,2025-08,One-year,73.48,1,0
A000802,2025-08,One-year,51.94,2,0
A000803,2025-08,One-year,57.62,4,0
A000804,2025-08,One-year,49.84,0,0
A000805,2025-08,One-year,80.31,1,0
A000806,2025-08,One-year,75.25,1,0
A000807,2025-08,One-year,70.16,1,0
A000808,2025-08,One-year,80.6,2,0
A000809,2025-08,One-year,61.08,1,0
A000810,2025-08,One-year,72.44,2,0
A000811,2025-08,One-year,56.75,1,0
A000812,2025-08,One-year,70.29,2,0
A000813,2025-08,One-year,94.51,1,0
A000814,2025-08,One-year,86.66,0,0
A000815,2025-08,One-year,75.19,1,0
A000816,2025-08,One-year,90.03,1,0
A000817,2025-08,One-year,88.64,1,0
A000818,2025-08,One-year,61.48,2,0
A000819,2025-08,One-year,99.54,0,0
A000820,2025-08,One-year,96.98,3,0
A000821,2025-08,One-year,77.27,2,0
A000822,2025-08,One-year,83.48,0,0
A000823,2025-08,One-year,89.35,0,0
A000824,2025-08,One-year,68.79,2,0
A000825,2025-08,One-year,65.44,2,0
A000826,2025-08,One-year,78.33,0,0
A000827,2025-08,One-year,79.89,0,0
A000828,2025-08,One-year,55.51,3,0
A000829,2025-08,One-year,82.32,0,0
A000830,2025-08,One-year,72.09,2,0
A000831,2025-08,One-year,70.36,1,0
A000832,2025-08,One-year,51.19,3,0
A000833,2025-08,One-year,85.67,0,0
A000834,2025-08,One-year,81.17,2,0
A000835,2025-08,One-year,58.42,3,0
A000836,2025-08,One-year,70.43,2,0
A000837,2025-08,One-year,77.18,1,0
A000838,2025-08,One-year,46.63,0,0
A000839,2025-08,One-year,79.31,1,0
A000840,2025-08,One-year,77.12,2,0
A000841,2025-08,One-year,72.21,0,0
A000842,2025-08,One-year,93.44,1,0
A000843,2025-08,One-year,65.19,0,0
A000844,2025-08,One-year,76.62,0,1
A000845,2025-08,One-year,70.9,2,0
A000846,2025-08,One-year,66.99,1,0
A000847,2025-08,One-year,82.41,0,0
A000848,2025-08,One-year,78.0,2,1
A000849,2025-08,One-year,75.33,1,0
A000850,2025-08,One-year,92.41,4,0
A000851,2025-08,One-year,68.78,1,0
A000852,2025-08,One-year,73.14,0,0
A000853,2025-08,One-year,74.78,1,0
A000854,2025-08,One-year,70.62,0,0
A000855,2025-08,One-year,69.87,1,0
A000856,2025-08,One-year,54.32,1,0
A000857,2025-08,One-year,70.23,2,0
A000858,2025-08,One-year,87.95,1,0
A000859,2025-08,One-year,93.83,3,0
A000860,2025-08,One-year,66.62,1,0
A000861,2025-08,One-year,93.37,3,0
A000862,2025-08,One-year,61.01,1,0
A000863,2025-08,One-year,65.66,2,0
A000864,2025-08,One-year,73.32,1,0
A000865,2025-08,One-year,64.39,2,0
A000866,2025-08,One-year,54.26,0,0
A000867,2025-08,One-year,64.49,0,0
A000868,2025-08,One-year,79.56,0,0
A000869,2025-08,One-year,56.94,2,1
A000870,2025-08,One-year,86.85,0,0
A000871,2025-08,One-year,66.14,1,0
A000872,2025-08,One-year,79.04,3,0
A000873,2025-08,One-year,52.04,2,0
A000874,2025-08,One-year,69.58,2,0
A000875,2025-08,One-year,63.29,2,0
A000876,2025-08,One-year,108.42,3,0
A000877,2025-08,One-year,74.9,3,0
A000878,2025-08,One-year,77.52,2,0
A000879,2025-08,One-year,95.08,1,0
A000880,2025-08,One-year,66.09,1,0
A000881,2025-08,One-year,65.07,1,0
A000882,2025-08,One-year,55.58,3,0
A000883,2025-08,One-year,86.19,3,0
A000884,2025-08,One-year,78.58,1,0
A000885,2025-08,One-year,60.41,0,0
A000886,2025-08,One-year,50.11,2,0
A000887,2025-08,One-year,69.28,0,0
A000888,2025-08,One-year,69.68,2,0
A000889,2025-08,One-year,88.36,0,0
A000890,2025-08,One-year,47.08,2,0
A000891,2025-08,One-year,108.26,1,0
A000892,2025-08,One-year,78.69,1,0
A000893,2025-08,One-year,69.93,3,0
A000894,2025-08,One-year,43.99,1,0
A000895,2025-08,One-year,80.2,0,0
A000896,2025-08,One-year,71.78,2,0
A000897,2025-08,One-year,57.69,0,0
A000898,2025-08,One-year,62.33,2,0
A000899,2025-08,One-year,67.35,2,0
A000900,2025-08,One-year,70.01,2,0
A000901,2025-08,One-year,66.25,1,0
A000902,2025-08,One-year,69.73,2,0
A000903,2025-08,One-year,49.07,0,0
A000904,2025-08,One-year,79.2,2,0
A000905,2025-08,One-year,55.22,0,0
A000906,2025-08,One-year,72.94,1,0
A000907,2025-08,One-year,64.31,2,1
A000908,2025-08,One-year,86.12,0,0
A000909,2025-08,One-year,83.99,2,0
A000910,2025-08,One-year,99.5,0,0
A000911,2025-08,One-year,92.61,1,0
A000912,2025-08,One-year,86.9,3,0
A000913,2025-08,One-year,65.56,2,0
A000914,2025-08,One-year,73.1,3,1
A000915,2025-08,One-year,60.38,3,0
A000916,2025-08,One-year,82.88,0,0
A000917,2025-08,One-year,50.1,2,0
A000918,2025-08,One-year,84.83,0,0
A000919,2025-08,One-year,65.85,2,0
A000920,2025-08,One-year,77.52,1,0
A000921,2025-08,One-year,75.64,1,0
A000922,2025-08,One-year,58.67,0,0
A000923,2025-08,One-year,74.82,0,0
A000924,2025-08,One-year,64.9,0,1
A000925,2025-08,One-year,73.23,2,0
A000926,2025-08,One-year,61.23,2,0
A000927,2025-08,One-year,70.5,2,0
A000928,2025-08,One-year,75.61,2,0
A000929,2025-08,One-year,52.58,4,0
A000930,2025-08,One-year,45.36,4,0
A000931,2025-08,One-year,74.15,0,0
A000932,2025-08,One-year,58.19,2,0
A000933,2025-08,One-year,73.73,1,0
A000934,2025-08,One-year,82.0,2,0
A000935,2025-08,One-year,77.64,3,0
A000936,2025-08,One-year,70.53,3,0
A000937,2025-08,One-year,68.68,2,0
A000938,2025-08,One-year,81.55,2,0
A000939,2025-08,One-year,85.41,4,0
A000940,2025-08,One-year,81.27,1,0
A000941,2025-08,One-year,55.91,1,0
A000942,2025-08,One-year,56.01,4,0
A000943,2025-08,One-year,47.36,1,0
A000944,2025-08,One-year,81.61,3,0
A000945,2025-08,One-year,83.71,1,0
A000946,2025-08,One-year,71.75,3,0
A000947,2025-08,One-year,80.63,5,0
A000948,2025-08,One-year,71.99,2,0
A000949,2025-08,One-year,86.23,0,0
A000950,2025-08,One-year,71.66,1,0
A000951,2025-08,Two-year,109.57,1,0
A000952,2025-08,Two-year,108.92,0,0
A000953,2025-08,Two-year,46.2,1,0
A000954,2025-08,Two-year,53.65,1,0
A000955,2025-08,Two-year,75.05,4,0
A000956,2025-08,Two-year,76.31,1,0
A000957,2025-08,Two-year,113.35,2,0
A000958,2025-08,Two-year,65.98,0,0
A000959,2025-08,Two-year,88.5,2,0
A000960,2025-08,Two-year,66.79,0,0
A000961,2025-08,Two-year,82.95,1,0
A000962,2025-08,Two-year,88.62,0,0
A000963,2025-08,Two-year,88.28,1,0
A000964,2025-08,Two-year,97.34,0,0
A000965,2025-08,Two-year,79.21,0,0
A000966,2025-08,Two-year,79.39,1,0
A000967,2025-08,Two-year,93.38,0,0
A000968,2025-08,Two-year,84.13,1,0
A000969,2025-08,Two-year,63.39,3,0
A000970,2025-08,Two-year,84.13,0,0
A000971,2025-08,Two-year,80.38,1,0
A000972,2025-08,Two-year,78.63,4,0
A000973,2025-08,Two-year,65.24,0,0
A000974,2025-08,Two-year,71.69,2,0
A000975,2025-08,Two-year,91.34,0,0
A000976,2025-08,Two-year,58.66,1,0
A000977,2025-08,Two-year,83.08,1,0
A000978,2025-08,Two-year,85.15,1,0
A000979,2025-08,Two-year,59.68,0,0
A000980,2025-08,Two-year,92.01,1,0
A000981,2025-08,Two-year,82.92,1,0
A000982,2025-08,Two-year,95.15,1,0
A000983,2025-08,Two-year,65.44,1,0
A000984,2025-08,Two-year,90.75,1,0
A000985,2025-08,Two-year,81.07,2,0
A000986,2025-08,Two-year,90.24,2,0
A000987,2025-08,Two-year,82.24,0,0
A000988,2025-08,Two-year,76.35,0,0
A000989,2025-08,Two-year,101.72,3,0
A000990,2025-08,Two-year,92.5,1,0
A000991,2025-08,Two-year,81.34,3,0
A000992,2025-08,Two-year,81.9,1,0
A000993,2025-08,Two-year,61.53,0,0
A000994,2025-08,Two-year,66.97,2,0
A000995,2025-08,Two-year,78.01,1,0
A000996,2025-08,Two-year,74.38,4,0
A000997,2025-08,Two-year,77.93,0,0
A000998,2025-08,Two-year,86.61,1,0
A000999,2025-08,Two-year,66.65,0,0
A001000,2025-08,Two-year,84.67,0,0
A001001,2025-08,Two-year,78.85,0,0
A001002,2025-08,Two-year,116.0,2,0
A001003,2025-08,Two-year,74.62,4,0
A001004,2025-08,Two-year,55.14,1,0
A001005,2025-08,Two-year,76.92,0,0
A001006,2025-08,Two-year,81.55,3,0
A001007,2025-08,Two-year,84.43,0,0
A001008,2025-08,Two-year,84.67,2,0
A001009,2025-08,Two-year,101.17,1,0
A001010,2025-08,Two-year,70.83,0,0
A001011,2025-08,Two-year,97.53,1,0
A001012,2025-08,Two-year,62.39,2,0
A001013,2025-08,Two-year,73.11,3,0
A001014,2025-08,Two-year,62.74,2,0
A001015,2025-08,Two-year,88.78,2,0
A001016,2025-08,Two-year,71.18,2,0
A001017,2025-08,Two-year,57.78,3,0
A001018,2025-08,Two-year,63.12,3,0
A001019,2025-08,Two-year,70.13,1,0
A001020,2025-08,Two-year,74.55,0,0
A001021,2025-08,Two-year,87.3,2,0
A001022,2025-08,Two-year,79.8,0,0
A001023,2025-08,Two-year,96.16,3,0
A001024,2025-08,Two-year,76.22,0,0
A001025,2025-08,Two-year,58.08,0,0
A001026,2025-08,Two-year,59.94,0,0
A001027,2025-08,Two-year,72.04,1,0
A001028,2025-08,Two-year,105.2,2,0
A001029,2025-08,Two-year,93.03,1,0
A001030,2025-08,Two-year,74.02,2,0
A001031,2025-08,Two-year,61.37,2,0
A001032,2025-08,Two-year,67.65,2,0
A001033,2025-08,Two-year,74.42,0,0
A001034,2025-08,Two-year,117.04,3,0
A001035,2025-08,Two-year,102.23,1,0
A001036,2025-08,Two-year,74.75,2,0
A001037,2025-08,Two-year,75.97,0,0
A001038,2025-08,Two-year,80.25,0,0
A001039,2025-08,Two-year,65.72,2,0
A001040,2025-08,Two-year,81.97,1,0
A001041,2025-08,Two-year,46.41,3,0
A001042,2025-08,Two-year,86.8,1,0
A001043,2025-08,Two-year,73.11,1,0
A001044,2025-08,Two-year,78.31,2,0
A001045,2025-08,Two-year,78.32,0,0
A001046,2025-08,Two-year,81.08,0,0
A001047,2025-08,Two-year,84.94,2,0
A001048,2025-08,Two-year,49.01,0,0
A001049,2025-08,Two-year,71.2,0,0
A001050,2025-08,Two-year,84.02,0,0
A001051,2025-08,Two-year,74.96,0,0
A001052,2025-08,Two-year,71.53,1,0
A001053,2025-08,Two-year,63.27,2,0
A001054,2025-08,Two-year,56.69,0,0
A001055,2025-08,Two-year,72.37,1,0
A001056,2025-08,Two-year,72.91,4,0
A001057,2025-08,Two-year,72.88,0,0
A001058,2025-08,Two-year,97.44,0,0
A001059,2025-08,Two-year,90.87,0,0
A001060,2025-08,Two-year,84.1,0,0
A001061,2025-08,Two-year,100.11,1,0
A001062,2025-08,Two-year,88.04,0,0
A001063,2025-08,Two-year,85.36,2,0
A001064,2025-08,Two-year,79.62,0,0
A001065,2025-08,Two-year,68.78,1,0
A001066,2025-08,Two-year,76.65,2,0
A001067,2025-08,Two-year,84.73,1,0
A001068,2025-08,Two-year,91.68,0,0
A001069,2025-08,Two-year,59.96,3,0
A001070,2025-08,Two-year,69.37,2,0
A001071,2025-08,Two-year,66.91,1,0
A001072,2025-08,Two-year,76.03,0,0
A001073,2025-08,Two-year,62.64,0,0
A001074,2025-08,Two-year,69.37,0,0
A001075,2025-08,Two-year,73.54,4,0
A001076,2025-08,Two-year,79.92,0,0
A001077,2025-08,Two-year,74.86,2,0
A001078,2025-08,Two-year,84.95,2,0
A001079,2025-08,Two-year,89.16,2,0
A001080,2025-08,Two-year,67.72,0,0
A001081,2025-08,Two-year,83.88,1,0
A001082,2025-08,Two-year,96.66,3,0
A001083,2025-08,Two-year,92.46,2,0
A001084,2025-08,Two-year,106.3,0,0
A001085,2025-08,Two-year,75.21,1,1
A001086,2025-08,Two-year,106.99,0,0
A001087,2025-08,Two-year,70.51,4,0
A001088,2025-08,Two-year,95.32,2,0
A001089,2025-08,Two-year,84.05,0,0
A001090,2025-08,Two-year,87.58,1,0
A001091,2025-08,Two-year,87.87,1,0
A001092,2025-08,Two-year,73.82,0,0
A001093,2025-08,Two-year,80.92,1,0
A001094,2025-08,Two-year,77.65,2,0
A001095,2025-08,Two-year,60.04,2,0
A001096,2025-08,Two-year,97.42,1,0
A001097,2025-08,Two-year,66.27,0,0
A001098,2025-08,Two-year,70.47,2,0
A001099,2025-08,Two-year,60.63,4,1
A001100,2025-08,Two-year,99.01,0,0
A001101,2025-08,Two-year,86.46,2,0
A001102,2025-08,Two-year,96.52,2,0
A001103,2025-08,Two-year,78.92,0,1
A001104,2025-08,Two-year,86.92,3,0
A001105,2025-08,Two-year,74.78,2,0
A001106,2025-08,Two-year,95.64,0,0
A001107,2025-08,Two-year,75.47,0,0
A001108,2025-08,Two-year,66.08,1,0
A001109,2025-08,Two-year,61.53,0,0
A001110,2025-08,Two-year,105.93,4,0
A001111,2025-08,Two-year,83.21,1,0
A001112,2025-08,Two-year,75.57,2,0
A001113,2025-08,Two-year,75.6,2,0
A001114,2025-08,Two-year,65.11,0,0
A001115,2025-08,Two-year,70.1,0,0
A001116,2025-08,Two-year,70.04,1,0
A001117,2025-08,Two-year,60.21,0,0
A001118,2025-08,Two-year,83.93,0,0
A001119,2025-08,Two-year,73.57,0,0
A001120,2025-08,Two-year,77.17,0,0
A001121,2025-08,Two-year,74.79,0,0
A001122,2025-08,Two-year,67.04,1,0
A001123,2025-08,Two-year,82.73,2,0
A001124,2025-08,Two-year,75.86,1,0
A001125,2025-08,Two-year,93.33,2,0
A001126,2025-08,Two-year,108.04,0,0
A001127,2025-08,Two-year,100.49,2,0
A001128,2025-08,Two-year,73.51,0,0
A001129,2025-08,Two-year,77.53,5,0
A001130,2025-08,Two-year,70.59,2,0
A001131,2025-08,Two-year,75.21,1,0
A001132,2025-08,Two-year,78.79,3,0
A001133,2025-08,Two-year,53.42,0,0
A001134,2025-08,Two-year,86.82,1,0
A001135,2025-08,Two-year,84.71,1,0
A001136,2025-08,Two-year,56.63,5,1
A001137,2025-08,Two-year,92.43,2,0
A001138,2025-08,Two-year,106.2,0,0
A001139,2025-08,Two-year,88.64,1,0
A001140,2025-08,Two-year,99.63,1,0
A001141,2025-08,Two-year,87.53,1,0
A001142,2025-08,Two-year,68.34,0,0
A001143,2025-08,Two-year,73.21,0,0
A001144,2025-08,Two-year,79.3,0,0
A001145,2025-08,Two-year,77.06,1,0
A001146,2025-08,Two-year,81.62,2,0
A001147,2025-08,Two-year,73.0,1,0
A001148,2025-08,Two-year,87.93,1,0
A001149,2025-08,Two-year,83.73,0,0
A001150,2025-08,Two-year,86.22,1,0
A001151,2025-08,Two-year,58.88,2,0
A001152,2025-08,Two-year,87.52,2,0
A001153,2025-08,Two-year,98.47,2,0
A001154,2025-08,Two-year,64.8,1,0
A001155,2025-08,Two-year,99.93,0,0
A001156,2025-08,Two-year,71.7,1,0
A001157,2025-08,Two-year,84.38,0,0
A001158,2025-08,Two-year,79.02,0,0
A001159,2025-08,Two-year,47.43,2,0
A001160,2025-08,Two-year,84.49,3,0
A001161,2025-08,Two-year,68.55,0,0
A001162,2025-08,Two-year,69.17,2,0
A001163,2025-08,Two-year,82.82,1,0
A001164,2025-08,Two-year,123.7,3,0
A001165,2025-08,Two-year,52.42,2,0
A001166,2025-08,Two-year,69.13,2,0
A001167,2025-08,Two-year,76.43,1,0
A001168,2025-08,Two-year,54.88,1,0
A001169,2025-08,Two-year,86.67,4,0
A001170,2025-08,Two-year,103.02,5,0
A001171,2025-08,Two-year,103.05,0,0
A001172,2025-08,Two-year,70.24,3,0
A001173,2025-08,Two-year,78.02,0,0
A001174,2025-08,Two-year,89.37,2,0
A001175,2025-08,Two-year,96.08,0,0
A001176,2025-08,Two-year,69.09,1,0
A001177,2025-08,Two-year,75.73,0,0
A001178,2025-08,Two-year,68.64,0,0
A001179,2025-08,Two-year,62.8,0,0
A001180,2025-08,Two-year,90.02,0,0
A001181,2025-08,Two-year,53.61,0,0
A001182,2025-08,Two-year,41.74,3,0
A001183,2025-08,Two-year,73.79,1,0
A001184,2025-08,Two-year,77.86,0,0
A001185,2025-08,Two-year,67.11,0,0
A001186,2025-08,Two-year,104.78,3,0
A001187,2025-08,Two-year,91.32,1,0
A001188,2025-08,Two-year,64.36,0,0
A001189,2025-08,Two-year,62.1,0,0
A001190,2025-08,Two-year,85.19,0,0
A001191,2025-08,Two-year,75.2,1,0
A001192,2025-08,Two-year,63.11,0,0
A001193,2025-08,Two-year,97.88,1,0
A001194,2025-08,Two-year,90.18,2,0
A001195,2025-08,Two-year,106.93,0,0
A001196,2025-08,Two-year,94.75,4,0
A001197,2025-08,Two-year,89.82,1,0
A001198,2025-08,Two-year,87.96,2,0
A001199,2025-08,Two-year,97.22,2,0
A001200,2025-08,Two-year,92.56,3,0
A001201,2025-08,Two-year,70.54,3,0
A001202,2025-08,Two-year,68.3,2,0
A001203,2025-08,Two-year,96.93,0,0
A001204,2025-08,Two-year,58.05,3,0
A001205,2025-08,Two-year,100.66,1,0
A001206,2025-08,Two-year,77.74,3,0
A001207,2025-08,Two-year,97.57,0,0
A001208,2025-08,Two-year,107.09,0,0
A001209,2025-08,Two-year,94.49,3,0
A001210,2025-08,Two-year,82.19,0,0
A001211,2025-08,Two-year,69.16,3,0
A001212,2025-08,Two-year,98.78,2,0
A001213,2025-08,Two-year,83.24,0,0
A001214,2025-08,Two-year,61.18,1,0
A001215,2025-08,Two-year,76.07,2,0
A001216,2025-08,Two-year,80.6,2,0
A001217,2025-08,Two-year,82.54,1,0
A001218,2025-08,Two-year,64.53,1,0
A001219,2025-08,Two-year,76.11,2,0
A001220,2025-08,Two-year,74.58,0,0
A001221,2025-08,Two-year,143.9,0,0
A001222,2025-08,Two-year,105.29,2,0
A001223,2025-08,Two-year,73.95,1,0
A001224,2025-08,Two-year,68.17,1,0
A001225,2025-08,Two-year,79.98,0,0
A001226,2025-08,Two-year,101.42,2,0
A001227,2025-08,Two-year,94.27,3,0
A001228,2025-08,Two-year,73.42,3,0
A001229,2025-08,Two-year,97.67,2,0
A001230,2025-08,Two-year,76.87,1,0
A001231,2025-08,Two-year,77.36,1,0
A001232,2025-08,Two-year,93.57,1,0
A001233,2025-08,Two-year,60.41,1,0
A001234,2025-08,Two-year,95.92,2,0
A001235,2025-08,Two-year,60.15,1,0
A001236,2025-08,Two-year,49.35,1,0
A001237,2025-08,Two-year,62.39,0,0
A001238,2025-08,Two-year,85.51,1,0
A001239,2025-08,Two-year,92.96,2,0
A001240,2025-08,Two-year,70.88,2,0
A001241,2025-08,Two-year,83.15,3,0
A001242,2025-08,Two-year,59.39,4,0
A001243,2025-08,Two-year,53.77,2,0
A001244,2025-08,Two-year,91.44,0,0
A001245,2025-08,Two-year,97.17,1,0
A001246,2025-08,Two-year,83.11,2,0
A001247,2025-08,Two-year,89.52,0,0
A001248,2025-08,Two-year,75.55,0,0
A001249,2025-08,Two-year,88.56,0,0
A001250,2025-08,Two-year,68.76,2,0
A001251,2025-08,Two-year,77.0,0,0
A001252,2025-08,Two-year,76.23,2,0
A001253,2025-08,Two-year,62.71,0,0
A001254,2025-08,Two-year,70.13,1,0
A001255,2025-08,Two-year,91.74,2,0
A001256,2025-08,Two-year,59.56,1,0
A001257,2025-08,Two-year,81.29,3,0
A001258,2025-08,Two-year,84.11,1,0
A001259,2025-08,Two-year,69.45,1,0
A001260,2025-08,Two-year,66.36,0,0
A001261,2025-08,Two-year,74.5,2,0
A001262,2025-08,Two-year,83.76,2,0
A001263,2025-08,Two-year,91.42,0,0
A001264,2025-08,Two-year,98.83,0,0
A001265,2025-08,Two-year,92.55,0,0
A001266,2025-08,Two-year,102.51,0,0
A001267,2025-08,Two-year,63.16,2,0
A001268,2025-08,Two-year,91.32,0,0
A001269,2025-08,Two-year,79.63,0,0
A001270,2025-08,Two-year,93.85,2,0
A001271,2025-08,Two-year,60.92,1,0
A001272,2025-08,Two-year,92.83,3,0
A001273,2025-08,Two-year,82.4,0,0
A001274,2025-08,Two-year,63.72,3,0
A001275,2025-08,Two-year,85.84,1,0
A001276,2025-08,Two-year,55.96,1,0
A001277,2025-08,Two-year,97.07,0,0
A001278,2025-08,Two-year,104.81,0,0
A001279,2025-08,Two-year,67.35,0,0
A001280,2025-08,Two-year,72.85,0,0
A001281,2025-08,Two-year,84.46,1,0
A001282,2025-08,Two-year,81.97,0,0
A001283,2025-08,Two-year,72.68,3,0
A001284,2025-08,Two-year,74.0,1,0
A001285,2025-08,Two-year,95.13,2,0
A001286,2025-08,Two-year,99.93,0,0
A001287,2025-08,Two-year,105.12,2,0
A001288,2025-08,Two-year,70.34,3,0
A001289,2025-08,Two-year,71.58,1,0
A001290,2025-08,Two-year,87.54,0,0
A001291,2025-08,Two-year,71.43,0,0
A001292,2025-08,Two-year,92.0,2,0
A001293,2025-08,Two-year,55.63,1,0
A001294,2025-08,Two-year,71.39,4,0
A001295,2025-08,Two-year,77.59,0,0
A001296,2025-08,Two-year,76.18,3,0
A001297,2025-08,Two-year,75.52,1,0
A001298,2025-08,Two-year,68.71,2,0
A001299,2025-08,Two-year,67.24,2,0
A001300,2025-08,Two-year,91.66,1,0
A001301,2025-08,Two-year,81.09,1,0
A001302,2025-08,Two-year,73.66,1,0
A001303,2025-08,Two-year,87.01,0,0
A001304,2025-08,Two-year,66.21,1,0
A001305,2025-08,Two-year,68.94,3,0
A001306,2025-08,Two-year,65.31,2,0
A001307,2025-08,Two-year,82.55,2,1
A001308,2025-08,Two-year,72.85,2,1
A001309,2025-08,Two-year,77.82,2,0
A001310,2025-08,Two-year,111.22,3,0
A001311,2025-08,Two-year,81.69,0,0
A001312,2025-08,Two-year,81.39,1,0
A001313,2025-08,Two-year,67.87,0,0
A001314,2025-08,Two-year,76.06,0,0
A001315,2025-08,Two-year,82.42,1,0
A001316,2025-08,Two-year,39.26,1,0
A001317,2025-08,Two-year,88.89,0,0
A001318,2025-08,Two-year,82.83,0,0
A001319,2025-08,Two-year,89.75,2,0
A001320,2025-08,Two-year,61.03,2,0
A001321,2025-08,Two-year,72.53,1,0
A001322,2025-08,Two-year,87.72,3,0
A001323,2025-08,Two-year,107.4,2,0
A001324,2025-08,Two-year,65.95,0,0
A001325,2025-08,Two-year,79.08,0,0
A001326,2025-08,Two-year,90.27,2,0
A001327,2025-08,Two-year,88.21,0,0
A001328,2025-08,Two-year,50.57,0,0
A001329,2025-08,Two-year,53.7,2,0
A001330,2025-08,Two-year,92.29,0,0
A001331,2025-08,Two-year,92.15,0,0
A001332,2025-08,Two-year,51.61,2,0
A001333,2025-08,Two-year,76.51,2,0
A001334,2025-08,Two-year,85.75,1,0
A001335,2025-08,Two-year,102.39,1,0
A001336,2025-08,Two-year,62.39,1,0
A001337,2025-08,Two-year,98.69,2,0
A001338,2025-08,Two-year,64.72,1,0
A001339,2025-08,Two-year,58.67,0,0
A001340,2025-08,Two-year,89.04,2,0
A001341,2025-09,Month-to-month,73.11,1,0
A001342,2025-09,Month-to-month,83.88,2,0
A001343,2025-09,Month-to-month,71.21,5,0
A001344,2025-09,Month-to-month,75.44,2,0
A001345,2025-09,Month-to-month,58.33,1,0
A001346,2025-09,Month-to-month,63.77,3,0
A001347,2025-09,Month-to-month,68.19,2,0
A001348,2025-09,Month-to-month,36.95,4,0
A001349,2025-09,Month-to-month,61.12,2,0
A001350,2025-09,Month-to-month,54.84,3,0
A001351,2025-09,Month-to-month,59.75,0,0
A001352,2025-09,Month-to-month,78.66,2,0
A001353,2025-09,Month-to-month,69.76,7,0
A001354,2025-09,Month-to-month,79.96,2,0
A001355,2025-09,Month-to-month,56.95,3,0
A001356,2025-09,Month-to-month,68.81,1,1
A001357,2025-09,Month-to-month,64.68,4,1
A001358,2025-09,Month-to-month,66.86,0,0
A001359,2025-09,Month-to-month,55.83,4,0
A001360,2025-09,Month-to-month,93.04,5,0
A001361,2025-09,Month-to-month,79.31,3,0
A001362,2025-09,Month-to-month,61.74,3,0
A001363,2025-09,Month-to-month,71.81,0,0
A001364,2025-09,Month-to-month,53.57,5,1
A001365,2025-09,Month-to-month,72.89,4,0
A001366,2025-09,Month-to-month,81.8,2,0
A001367,2025-09,Month-to-month,74.05,0,0
A001368,2025-09,Month-to-month,77.83,2,1
A001369,2025-09,Month-to-month,51.72,3,1
A001370,2025-09,Month-to-month,79.79,2,0
A001371,2025-09,Month-to-month,73.54,2,0
A001372,2025-09,Month-to-month,60.85,1,0
A001373,2025-09,Month-to-month,75.24,2,0
A001374,2025-09,Month-to-month,56.18,2,0
A001375,2025-09,Month-to-month,62.32,4,0
A001376,2025-09,Month-to-month,66.99,3,0
A001377,2025-09,Month-to-month,83.79,3,0
A001378,2025-09,Month-to-month,77.55,2,0
A001379,2025-09,Month-to-month,82.62,2,0
A001380,2025-09,Month-to-month,74.22,2,0
A001381,2025-09,Month-to-month,67.6,4,0
A001382,2025-09,Month-to-month,41.85,0,0
A001383,2025-09,Month-to-month,103.1,4,0
A001384,2025-09,Month-to-month,53.8,1,0
A001385,2025-09,Month-to-month,87.82,2,0
A001386,2025-09,Month-to-month,85.42,1,0
A001387,2025-09,Month-to-month,86.52,1,0
A001388,2025-09,Month-to-month,85.08,4,0
A001389,2025-09,Month-to-month,104.43,1,0
A001390,2025-09,Month-to-month,50.3,1,0
A001391,2025-09,Month-to-month,94.3,1,0
A001392,2025-09,Month-to-month,78.53,2,0
A001393,2025-09,Month-to-month,85.74,1,0
A001394,2025-09,Month-to-month,57.83,2,0
A001395,2025-09,Month-to-month,55.16,2,0
A001396,2025-09,Month-to-month,71.08,2,0
A001397,2025-09,Month-to-month,73.3,4,0
A001398,2025-09,Month-to-month,67.23,3,0
A001399,2025-09,Month-to-month,65.73,0,0
A001400,2025-09,Month-to-month,57.1,2,0
A001401,2025-09,Month-to-month,65.82,1,0
A001402,2025-09,Month-to-month,59.84,3,0
A001403,2025-09,Month-to-month,42.48,3,0
A001404,2025-09,Month-to-month,90.51,5,0
A001405,2025-09,Month-to-month,77.3,1,0
A001406,2025-09,Month-to-month,54.61,3,0
A001407,2025-09,Month-to-month,74.19,4,1
A001408,2025-09,Month-to-month,62.71,4,0
A001409,2025-09,Month-to-month,86.98,1,0
A001410,2025-09,Month-to-month,86.89,1,0
A001411,2025-09,Month-to-month,54.66,6,1
A001412,2025-09,Month-to-month,71.07,5,0
A001413,2025-09,Month-to-month,41.12,3,0
A001414,2025-09,Month-to-month,47.19,0,0
A001415,2025-09,Month-to-month,43.44,3,0
A001416,2025-09,Month-to-month,53.41,0,1
A001417,2025-09,Month-to-month,71.58,4,0
A001418,2025-09,Month-to-month,51.2,0,0
A001419,2025-09,Month-to-month,64.3,0,0
A001420,2025-09,Month-to-month,53.7,3,0
A001421,2025-09,Month-to-month,85.0,2,0
A001422,2025-09,Month-to-month,47.75,2,1
A001423,2025-09,Month-to-month,80.56,5,0
A001424,2025-09,Month-to-month,66.38,4,0
A001425,2025-09,Month-to-month,46.13,3,0
A001426,2025-09,Month-to-month,75.62,0,0
A001427,2025-09,Month-to-month,63.65,0,0
A001428,2025-09,Month-to-month,87.35,3,0
A001429,2025-09,Month-to-month,58.86,3,0
A001430,2025-09,Month-to-month,66.76,1,0
A001431,2025-09,Month-to-month,55.91,4,0
A001432,2025-09,Month-to-month,64.34,2,0
A001433,2025-09,Month-to-month,68.89,2,0
A001434,2025-09,Month-to-month,80.22,1,0
A001435,2025-09,Month-to-month,35.83,2,0
A001436,2025-09,Month-to-month,55.08,2,0
A001437,2025-09,Month-to-month,59.28,5,0
A001438,2025-09,Month-to-month,85.86,0,0
A001439,2025-09,Month-to-month,79.44,4,0
A001440,2025-09,Month-to-month,65.27,1,0
A001441,2025-09,Month-to-month,58.55,5,0
A001442,2025-09,Month-to-month,37.0,3,1
A001443,2025-09,Month-to-month,61.16,4,0
A001444,2025-09,Month-to-month,73.16,1,0
A001445,2025-09,Month-to-month,70.97,3,0
A001446,2025-09,Month-to-month,50.42,3,0
A001447,2025-09,Month-to-month,56.86,2,1
A001448,2025-09,Month-to-month,93.14,2,0
A001449,2025-09,Month-to-month,64.52,4,0
A001450,2025-09,Month-to-month,73.54,3,0
A001451,2025-09,Month-to-month,60.55,4,0
A001452,2025-09,Month-to-month,72.58,2,0
A001453,2025-09,Month-to-month,75.83,2,0
A001454,2025-09,Month-to-month,83.41,1,0
A001455,2025-09,Month-to-month,53.01,5,0
A001456,2025-09,Month-to-month,60.39,0,0
A001457,2025-09,Month-to-month,66.03,5,1
A001458,2025-09,Month-to-month,83.97,0,0
A001459,2025-09,Month-to-month,69.42,1,0
A001460,2025-09,Month-to-month,96.05,2,0
A001461,2025-09,Month-to-month,64.67,2,0
A001462,2025-09,Month-to-month,58.52,2,1
A001463,2025-09,Month-to-month,77.14,2,0
A001464,2025-09,Month-to-month,77.4,2,0
A001465,2025-09,Month-to-month,100.73,1,0
A001466,2025-09,Month-to-month,69.32,2,0
A001467,2025-09,Month-to-month,105.49,2,0
A001468,2025-09,Month-to-month,73.46,2,0
A001469,2025-09,Month-to-month,69.86,4,1
A001470,2025-09,Month-to-month,55.99,4,0
A001471,2025-09,Month-to-month,56.54,1,0
A001472,2025-09,Month-to-month,75.67,2,0
A001473,2025-09,Month-to-month,73.99,1,0
A001474,2025-09,Month-to-month,49.21,2,0
A001475,2025-09,Month-to-month,57.76,5,0
A001476,2025-09,Month-to-month,93.77,1,0
A001477,2025-09,Month-to-month,51.38,0,0
A001478,2025-09,Month-to-month,56.17,3,0
A001479,2025-09,Month-to-month,97.4,1,0
A001480,2025-09,Month-to-month,66.29,3,0
A001481,2025-09,Month-to-month,80.55,3,0
A001482,2025-09,Month-to-month,81.53,3,0
A001483,2025-09,Month-to-month,69.11,2,0
A001484,2025-09,Month-to-month,53.78,2,0
A001485,2025-09,Month-to-month,99.36,3,0
A001486,2025-09,Month-to-month,92.5,3,0
A001487,2025-09,Month-to-month,46.67,0,0
A001488,2025-09,Month-to-month,91.59,2,0
A001489,2025-09,Month-to-month,91.35,3,0
A001490,2025-09,Month-to-month,63.38,3,1
A001491,2025-09,Month-to-month,60.32,0,0
A001492,2025-09,Month-to-month,62.57,3,0
A001493,2025-09,Month-to-month,67.94,5,0
A001494,2025-09,Month-to-month,88.48,3,0
A001495,2025-09,Month-to-month,71.54,4,0
A001496,2025-09,Month-to-month,60.51,4,0
A001497,2025-09,Month-to-month,60.46,0,0
A001498,2025-09,Month-to-month,69.77,1,0
A001499,2025-09,Month-to-month,41.06,0,0
A001500,2025-09,Month-to-month,53.0,3,0
A001501,2025-09,Month-to-month,64.24,1,0
A001502,2025-09,Month-to-month,75.75,2,0
A001503,2025-09,Month-to-month,59.64,1,0
A001504,2025-09,Month-to-month,59.71,2,0
A001505,2025-09,Month-to-month,92.26,3,0
A001506,2025-09,Month-to-month,47.77,5,0
A001507,2025-09,Month-to-month,33.42,0,0
A001508,2025-09,Month-to-month,90.65,0,0
A001509,2025-09,Month-to-month,81.07,2,0
A001510,2025-09,Month-to-month,80.3,2,0
A001511,2025-09,Month-to-month,89.03,2,0
A001512,2025-09,Month-to-month,79.93,3,0
A001513,2025-09,Month-to-month,40.47,3,1
A001514,2025-09,Month-to-month,71.07,1,0
A001515,2025-09,Month-to-month,73.04,3,0
A001516,2025-09,Month-to-month,84.12,2,0
A001517,2025-09,Month-to-month,89.61,0,0
A001518,2025-09,Month-to-month,102.38,2,0
A001519,2025-09,Month-to-month,85.4,4,0
A001520,2025-09,Month-to-month,71.27,3,0
A001521,2025-09,Month-to-month,42.63,1,0
A001522,2025-09,Month-to-month,59.19,3,0
A001523,2025-09,Month-to-month,69.48,2,0
A001524,2025-09,Month-to-month,50.99,0,0
A001525,2025-09,Month-to-month,74.85,3,0
A001526,2025-09,Month-to-month,83.89,2,0
A001527,2025-09,Month-to-month,77.48,3,0
A001528,2025-09,Month-to-month,63.24,1,0
A001529,2025-09,Month-to-month,74.64,4,0
A001530,2025-09,Month-to-month,63.14,3,0
A001531,2025-09,Month-to-month,80.32,3,0
A001532,2025-09,Month-to-month,74.89,1,0
A001533,2025-09,Month-to-month,56.57,4,0
A001534,2025-09,Month-to-month,60.74,3,0
A001535,2025-09,Month-to-month,79.26,3,0
A001536,2025-09,Month-to-month,77.72,3,0
A001537,2025-09,Month-to-month,57.18,3,0
A001538,2025-09,Month-to-month,71.74,3,0
A001539,2025-09,Month-to-month,58.77,2,0
A001540,2025-09,Month-to-month,78.43,1,0
A001541,2025-09,Month-to-month,62.73,1,0
A001542,2025-09,Month-to-month,76.96,3,0
A001543,2025-09,Month-to-month,54.2,5,0
A001544,2025-09,Month-to-month,69.28,1,0
A001545,2025-09,Month-to-month,71.48,3,0
A001546,2025-09,Month-to-month,67.43,0,0
A001547,2025-09,Month-to-month,67.52,4,0
A001548,2025-09,Month-to-month,74.98,5,0
A001549,2025-09,Month-to-month,61.96,1,0
A001550,2025-09,Month-to-month,38.84,0,0
A001551,2025-09,Month-to-month,65.78,5,0
A001552,2025-09,Month-to-month,93.17,3,0
A001553,2025-09,Month-to-month,71.5,1,0
A001554,2025-09,Month-to-month,45.53,3,0
A001555,2025-09,Month-to-month,67.33,4,0
A001556,2025-09,Month-to-month,58.11,3,0
A001557,2025-09,Month-to-month,53.62,3,0
A001558,2025-09,Month-to-month,61.33,2,0
A001559,2025-09,Month-to-month,60.12,2,1
A001560,2025-09,Month-to-month,77.37,4,0
A001561,2025-09,Month-to-month,75.24,4,1
A001562,2025-09,Month-to-month,50.72,0,1
A001563,2025-09,Month-to-month,55.01,2,0
A001564,2025-09,Month-to-month,64.15,4,0
A001565,2025-09,Month-to-month,72.17,3,0
A001566,2025-09,Month-to-month,58.51,2,0
A001567,2025-09,Month-to-month,78.46,3,0
A001568,2025-09,Month-to-month,61.77,3,0
A001569,2025-09,Month-to-month,63.42,3,0
A001570,2025-09,Month-to-month,82.93,2,0
A001571,2025-09,Month-to-month,64.76,2,0
A001572,2025-09,Month-to-month,61.27,3,0
A001573,2025-09,Month-to-month,68.48,2,0
A001574,2025-09,Month-to-month,57.13,4,1
A001575,2025-09,Month-to-month,81.69,3,0
A001576,2025-09,Month-to-month,67.46,0,0
A001577,2025-09,Month-to-month,50.3,2,0
A001578,2025-09,Month-to-month,53.5,3,0
A001579,2025-09,Month-to-month,45.15,4,0
A001580,2025-09,Month-to-month,71.67,4,0
A001581,2025-09,Month-to-month,50.7,5,0
A001582,2025-09,Month-to-month,73.01,2,0
A001583,2025-09,Month-to-month,77.03,4,0
A001584,2025-09,Month-to-month,91.81,3,0
A001585,2025-09,Month-to-month,80.41,1,0
A001586,2025-09,Month-to-month,82.06,2,0
A001587,2025-09,Month-to-month,66.72,3,0
A001588,2025-09,Month-to-month,78.75,2,0
A001589,2025-09,Month-to-month,67.61,1,0
A001590,2025-09,Month-to-month,77.66,4,0
A001591,2025-09,Month-to-month,87.17,3,0
A001592,2025-09,Month-to-month,76.16,0,0
A001593,2025-09,Month-to-month,67.13,2,1
A001594,2025-09,Month-to-month,73.35,2,0
A001595,2025-09,Month-to-month,77.28,3,0
A001596,2025-09,Month-to-month,71.75,2,0
A001597,2025-09,Month-to-month,54.03,2,0
A001598,2025-09,Month-to-month,42.95,2,0
A001599,2025-09,Month-to-month,81.7,1,0
A001600,2025-09,Month-to-month,63.82,0,0
A001601,2025-09,Month-to-month,64.42,4,0
A001602,2025-09,Month-to-month,56.32,3,0
A001603,2025-09,Month-to-month,70.55,0,0
A001604,2025-09,Month-to-month,69.67,5,0
A001605,2025-09,Month-to-month,60.69,4,0
A001606,2025-09,Month-to-month,79.88,1,1
A001607,2025-09,Month-to-month,56.31,1,0
A001608,2025-09,Month-to-month,75.78,4,0
A001609,2025-09,Month-to-month,93.44,1,0
A001610,2025-09,Month-to-month,64.08,3,1
A001611,2025-09,Month-to-month,41.09,4,0
A001612,2025-09,Month-to-month,62.45,1,0
A001613,2025-09,Month-to-month,61.71,3,0
A001614,2025-09,Month-to-month,46.51,3,0
A001615,2025-09,Month-to-month,61.86,4,0
A001616,2025-09,Month-to-month,61.94,2,0
A001617,2025-09,Month-to-month,63.2,3,0
A001618,2025-09,Month-to-month,48.9,4,0
A001619,2025-09,Month-to-month,62.67,2,0
A001620,2025-09,Month-to-month,43.93,0,0
A001621,2025-09,Month-to-month,66.11,3,0
A001622,2025-09,Month-to-month,63.74,4,0
A001623,2025-09,Month-to-month,57.68,2,0
A001624,2025-09,Month-to-month,71.05,3,0
A001625,2025-09,Month-to-month,61.32,1,0
A001626,2025-09,Month-to-month,52.28,2,0
A001627,2025-09,Month-to-month,76.3,0,1
A001628,2025-09,Month-to-month,77.73,3,0
A001629,2025-09,Month-to-month,63.72,1,0
A001630,2025-09,Month-to-month,85.51,3,0
A001631,2025-09,Month-to-month,64.54,3,0
A001632,2025-09,Month-to-month,43.99,1,0
A001633,2025-09,Month-to-month,68.02,3,0
A001634,2025-09,Month-to-month,74.19,1,0
A001635,2025-09,Month-to-month,80.52,4,0
A001636,2025-09,Month-to-month,73.05,0,1
A001637,2025-09,Month-to-month,67.45,4,1
A001638,2025-09,Month-to-month,70.79,2,0
A001639,2025-09,Month-to-month,50.26,2,0
A001640,2025-09,Month-to-month,73.82,3,0
A001641,2025-09,Month-to-month,53.57,4,0
A001642,2025-09,Month-to-month,66.16,6,0
A001643,2025-09,Month-to-month,38.99,3,0
A001644,2025-09,Month-to-month,70.05,1,0
A001645,2025-09,Month-to-month,76.76,3,0
A001646,2025-09,Month-to-month,65.84,3,0
A001647,2025-09,Month-to-month,62.87,2,0
A001648,2025-09,Month-to-month,66.83,4,0
A001649,2025-09,Month-to-month,98.07,2,0
A001650,2025-09,Month-to-month,79.57,1,0
A001651,2025-09,Month-to-month,71.95,1,0
A001652,2025-09,Month-to-month,52.99,4,0
A001653,2025-09,Month-to-month,78.28,1,1
A001654,2025-09,Month-to-month,51.92,3,0
A001655,2025-09,Month-to-month,70.34,4,0
A001656,2025-09,Month-to-month,60.81,2,0
A001657,2025-09,Month-to-month,50.72,4,0
A001658,2025-09,Month-to-month,64.78,2,0
A001659,2025-09,Month-to-month,77.19,4,0
A001660,2025-09,Month-to-month,67.97,4,0
A001661,2025-09,Month-to-month,66.58,1,0
A001662,2025-09,Month-to-month,95.98,2,0
A001663,2025-09,Month-to-month,68.86,3,0
A001664,2025-09,Month-to-month,73.79,0,0
A001665,2025-09,Month-to-month,76.57,1,0
A001666,2025-09,Month-to-month,56.11,1,0
A001667,2025-09,Month-to-month,91.69,3,0
A001668,2025-09,Month-to-month,61.16,0,0
A001669,2025-09,Month-to-month,59.62,4,0
A001670,2025-09,Month-to-month,104.05,4,0
A001671,2025-09,Month-to-month,66.81,2,0
A001672,2025-09,Month-to-month,58.13,2,0
A001673,2025-09,Month-to-month,80.67,2,0
A001674,2025-09,Month-to-month,71.33,4,1
A001675,2025-09,Month-to-month,73.71,2,0
A001676,2025-09,Month-to-month,71.33,3,0
A001677,2025-09,Month-to-month,30.38,1,0
A001678,2025-09,Month-to-month,64.45,5,0
A001679,2025-09,Month-to-month,87.23,0,0
A001680,2025-09,Month-to-month,50.71,2,0
A001681,2025-09,Month-to-month,56.98,3,0
A001682,2025-09,Month-to-month,89.49,0,0
A001683,2025-09,Month-to-month,71.37,4,0
A001684,2025-09,Month-to-month,60.99,3,0
A001685,2025-09,Month-to-month,62.14,2,0
A001686,2025-09,Month-to-month,89.32,1,0
A001687,2025-09,Month-to-month,48.88,3,0
A001688,2025-09,Month-to-month,58.64,1,0
A001689,2025-09,Month-to-month,74.64,2,0
A001690,2025-09,Month-to-month,63.56,4,0
A001691,2025-09,Month-to-month,41.18,5,1
A001692,2025-09,Month-to-month,52.09,3,0
A001693,2025-09,Month-to-month,48.72,1,0
A001694,2025-09,Month-to-month,57.06,1,0
A001695,2025-09,Month-to-month,50.87,3,0
A001696,2025-09,Month-to-month,82.25,1,0
A001697,2025-09,Month-to-month,76.89,2,0
A001698,2025-09,Month-to-month,90.57,1,0
A001699,2025-09,Month-to-month,76.31,3,0
A001700,2025-09,Month-to-month,66.08,1,0
A001701,2025-09,Month-to-month,87.55,4,0
A001702,2025-09,Month-to-month,71.47,3,0
A001703,2025-09,Month-to-month,76.78,3,0
A001704,2025-09,Month-to-month,73.93,2,0
A001705,2025-09,Month-to-month,76.0,1,0
A001706,2025-09,Month-to-month,76.07,5,1
A001707,2025-09,Month-to-month,89.78,3,0
A001708,2025-09,Month-to-month,64.82,2,0
A001709,2025-09,Month-to-month,70.87,2,0
A001710,2025-09,Month-to-month,57.21,3,0
A001711,2025-09,Month-to-month,43.95,1,0
A001712,2025-09,Month-to-month,75.5,3,0
A001713,2025-09,Month-to-month,70.05,3,0
A001714,2025-09,Month-to-month,64.82,3,0
A001715,2025-09,Month-to-month,78.91,2,0
A001716,2025-09,Month-to-month,50.23,1,0
A001717,2025-09,Month-to-month,63.57,1,0
A001718,2025-09,Month-to-month,67.66,0,0
A001719,2025-09,Month-to-month,94.37,2,0
A001720,2025-09,Month-to-month,52.8,3,0
A001721,2025-09,Month-to-month,73.46,2,0
A001722,2025-09,Month-to-month,72.92,2,0
A001723,2025-09,Month-to-month,69.98,2,0
A001724,2025-09,Month-to-month,64.47,2,0
A001725,2025-09,Month-to-month,67.84,3,1
A001726,2025-09,Month-to-month,61.82,2,0
A001727,2025-09,Month-to-month,73.43,1,0
A001728,2025-09,Month-to-month,77.28,1,0
A001729,2025-09,Month-to-month,55.71,3,0
A001730,2025-09,Month-to-month,35.33,3,0
A001731,2025-09,Month-to-month,72.03,2,0
A001732,2025-09,Month-to-month,64.92,4,0
A001733,2025-09,Month-to-month,70.08,2,0
A001734,2025-09,Month-to-month,75.15,2,0
A001735,2025-09,Month-to-month,90.23,2,0
A001736,2025-09,Month-to-month,85.48,3,0
A001737,2025-09,Month-to-month,51.18,1,0
A001738,2025-09,Month-to-month,55.3,1,0
A001739,2025-09,Month-to-month,68.06,1,0
A001740,2025-09,Month-to-month,45.52,2,0
A001741,2025-09,Month-to-month,50.16,1,0
A001742,2025-09,Month-to-month,88.04,3,1
A001743,2025-09,Month-to-month,71.13,0,0
A001744,2025-09,Month-to-month,77.95,3,0
A001745,2025-09,Month-to-month,71.94,2,0
A001746,2025-09,Month-to-month,73.55,3,0
A001747,2025-09,Month-to-month,63.78,2,0
A001748,2025-09,Month-to-month,57.29,0,0
A001749,2025-09,Month-to-month,74.01,4,0
A001750,2025-09,Month-to-month,54.7,5,0
A001751,2025-09,Month-to-month,65.71,0,0
A001752,2025-09,Month-to-month,51.19,0,0
A001753,2025-09,Month-to-month,95.22,3,0
A001754,2025-09,Month-to-month,52.89,3,1
A001755,2025-09,Month-to-month,79.58,0,0
A001756,2025-09,Month-to-month,72.04,1,0
A001757,2025-09,Month-to-month,71.33,1,0
A001758,2025-09,Month-to-month,77.03,1,0
A001759,2025-09,Month-to-month,58.85,1,0
A001760,2025-09,Month-to-month,75.02,3,0
A001761,2025-09,Month-to-month,67.74,4,0
A001762,2025-09,Month-to-month,79.17,4,0
A001763,2025-09,Month-to-month,92.32,1,0
A001764,2025-09,Month-to-month,73.82,0,0
A001765,2025-09,Month-to-month,67.8,3,0
A001766,2025-09,Month-to-month,87.08,4,1
A001767,2025-09,Month-to-month,63.52,1,0
A001768,2025-09,Month-to-month,81.96,3,0
A001769,2025-09,Month-to-month,76.71,0,0
A001770,2025-09,Month-to-month,50.63,1,0
A001771,2025-09,Month-to-month,45.05,5,0
A001772,2025-09,Month-to-month,71.29,2,0
A001773,2025-09,Month-to-month,79.32,3,0
A001774,2025-09,Month-to-month,74.6,0,0
A001775,2025-09,Month-to-month,74.82,1,1
A001776,2025-09,Month-to-month,59.55,4,0
A001777,2025-09,Month-to-month,64.49,3,0
A001778,2025-09,Month-to-month,59.84,2,0
A001779,2025-09,Month-to-month,85.34,0,0
A001780,2025-09,Month-to-month,99.47,1,0
A001781,2025-09,Month-to-month,94.97,3,0
A001782,2025-09,Month-to-month,73.93,5,0
A001783,2025-09,Month-to-month,77.36,2,0
A001784,2025-09,Month-to-month,52.92,3,0
A001785,2025-09,Month-to-month,31.63,1,0
A001786,2025-09,Month-to-month,71.76,4,0
A001787,2025-09,Month-to-month,75.06,1,0
A001788,2025-09,Month-to-month,58.79,3,0
A001789,2025-09,Month-to-month,54.41,3,0
A001790,2025-09,Month-to-month,59.64,4,0
A001791,2025-09,Month-to-month,56.0,1,0
A001792,2025-09,Month-to-month,79.14,0,0
A001793,2025-09,Month-to-month,50.9,2,0
A001794,2025-09,Month-to-month,89.52,3,0
A001795,2025-09,Month-to-month,72.05,2,0
A001796,2025-09,Month-to-month,84.99,2,0
A001797,2025-09,Month-to-month,55.97,5,0
A001798,2025-09,Month-to-month,68.4,3,0
A001799,2025-09,Month-to-month,55.4,1,0
A001800,2025-09,Month-to-month,72.03,4,0
A001801,2025-09,Month-to-month,65.46,3,0
A001802,2025-09,Month-to-month,98.37,3,0
A001803,2025-09,Month-to-month,66.5,2,0
A001804,2025-09,Month-to-month,61.75,0,0
A001805,2025-09,Month-to-month,61.78,4,0
A001806,2025-09,Month-to-month,43.01,2,0
A001807,2025-09,Month-to-month,60.35,2,0
A001808,2025-09,Month-to-month,79.23,3,0
A001809,2025-09,Month-to-month,83.94,1,0
A001810,2025-09,Month-to-month,80.29,4,0
A001811,2025-09,Month-to-month,68.83,2,0
A001812,2025-09,Month-to-month,91.86,1,0
A001813,2025-09,Month-to-month,58.38,3,0
A001814,2025-09,Month-to-month,85.03,3,0
A001815,2025-09,Month-to-month,58.28,6,0
A001816,2025-09,Month-to-month,57.88,3,0
A001817,2025-09,Month-to-month,93.93,4,0
A001818,2025-09,Month-to-month,66.41,4,0
A001819,2025-09,Month-to-month,59.64,4,0
A001820,2025-09,Month-to-month,74.71,1,0
A001821,2025-09,Month-to-month,71.04,3,0
A001822,2025-09,Month-to-month,71.33,3,0
A001823,2025-09,Month-to-month,56.44,3,0
A001824,2025-09,Month-to-month,77.5,4,0
A001825,2025-09,Month-to-month,58.46,2,0
A001826,2025-09,Month-to-month,68.3,3,0
A001827,2025-09,Month-to-month,78.04,2,0
A001828,2025-09,Month-to-month,81.78,0,0
A001829,2025-09,Month-to-month,84.17,3,0
A001830,2025-09,Month-to-month,112.17,4,0
A001831,2025-09,Month-to-month,62.81,3,0
A001832,2025-09,Month-to-month,46.12,3,0
A001833,2025-09,Month-to-month,58.4,3,0
A001834,2025-09,Month-to-month,47.96,3,0
A001835,2025-09,Month-to-month,83.37,2,0
A001836,2025-09,Month-to-month,76.57,3,1
A001837,2025-09,Month-to-month,75.22,3,0
A001838,2025-09,Month-to-month,63.48,5,1
A001839,2025-09,Month-to-month,73.8,2,0
A001840,2025-09,Month-to-month,74.12,1,0
A001841,2025-09,Month-to-month,63.09,2,0
A001842,2025-09,Month-to-month,62.67,4,0
A001843,2025-09,Month-to-month,60.56,3,0
A001844,2025-09,Month-to-month,87.2,5,0
A001845,2025-09,Month-to-month,76.06,4,0
A001846,2025-09,Month-to-month,68.25,6,0
A001847,2025-09,Month-to-month,70.68,5,0
A001848,2025-09,Month-to-month,93.37,3,0
A001849,2025-09,Month-to-month,70.09,3,0
A001850,2025-09,Month-to-month,71.44,2,0
A001851,2025-09,Month-to-month,55.27,1,0
A001852,2025-09,Month-to-month,64.32,2,0
A001853,2025-09,Month-to-month,74.66,4,1
A001854,2025-09,Month-to-month,91.26,2,0
A001855,2025-09,Month-to-month,52.9,6,0
A001856,2025-09,Month-to-month,67.99,1,0
A001857,2025-09,Month-to-month,71.28,3,0
A001858,2025-09,Month-to-month,60.87,2,0
A001859,2025-09,Month-to-month,64.4,5,1
A001860,2025-09,Month-to-month,83.34,2,0
A001861,2025-09,One-year,101.36,1,0
A001862,2025-09,One-year,64.71,2,0
A001863,2025-09,One-year,78.29,1,0
A001864,2025-09,One-year,71.9,0,0
A001865,2025-09,One-year,68.86,3,0
A001866,2025-09,One-year,83.51,0,0
A001867,2025-09,One-year,70.52,2,0
A001868,2025-09,One-year,60.2,1,0
A001869,2025-09,One-year,85.81,0,0
A001870,2025-09,One-year,60.66,2,0
A001871,2025-09,One-year,50.7,1,0
A001872,2025-09,One-year,75.15,2,0
A001873,2025-09,One-year,69.99,2,1
A001874,2025-09,One-year,60.67,0,0
A001875,2025-09,One-year,92.75,2,0
A001876,2025-09,One-year,62.13,3,0
A001877,2025-09,One-year,83.52,2,0
A001878,2025-09,One-year,92.96,0,0
A001879,2025-09,One-year,81.61,0,0
A001880,2025-09,One-year,66.8,1,0
A001881,2025-09,One-year,79.8,3,1
A001882,2025-09,One-year,88.46,3,0
A001883,2025-09,One-year,99.73,2,0
A001884,2025-09,One-year,81.11,4,0
A001885,2025-09,One-year,74.55,0,0
A001886,2025-09,One-year,78.34,2,0
A001887,2025-09,One-year,91.39,0,0
A001888,2025-09,One-year,57.02,4,0
A001889,2025-09,One-year,67.26,3,0
A001890,2025-09,One-year,63.51,2,0
A001891,2025-09,One-year,80.56,1,0
A001892,2025-09,One-year,75.65,0,0
A001893,2025-09,One-year,71.32,0,0
A001894,2025-09,One-year,80.55,0,0
A001895,2025-09,One-year,61.71,4,0
A001896,2025-09,One-year,82.61,1,0
A001897,2025-09,One-year,75.57,2,0
A001898,2025-09,One-year,54.66,4,0
A001899,2025-09,One-year,35.92,1,0
A001900,2025-09,One-year,79.81,2,0
A001901,2025-09,One-year,76.9,0,0
A001902,2025-09,One-year,79.24,3,0
A001903,2025-09,One-year,65.29,2,0
A001904,2025-09,One-year,53.79,1,0
A001905,2025-09,One-year,74.52,0,0
A001906,2025-09,One-year,76.05,2,0
A001907,2025-09,One-year,66.04,0,0
A001908,2025-09,One-year,90.92,4,0
A001909,2025-09,One-year,72.51,1,0
A001910,2025-09,One-year,63.87,0,0
A001911,2025-09,One-year,77.02,1,0
A001912,2025-09,One-year,81.3,2,0
A001913,2025-09,One-year,71.4,0,0
A001914,2025-09,One-year,74.17,2,0
A001915,2025-09,One-year,64.9,2,0
A001916,2025-09,One-year,89.32,0,0
A001917,2025-09,One-year,81.97,2,0
A001918,2025-09,One-year,83.6,0,0
A001919,2025-09,One-year,61.04,0,0
A001920,2025-09,One-year,102.44,0,1
A001921,2025-09,One-year,46.67,1,0
A001922,2025-09,One-year,75.26,0,0
A001923,2025-09,One-year,77.43,4,0
A001924,2025-09,One-year,53.39,2,0
A001925,2025-09,One-year,93.86,1,0
A001926,2025-09,One-year,76.36,0,0
A001927,2025-09,One-year,37.3,2,0
A001928,2025-09,One-year,72.96,3,0
A001929,2025-09,One-year,73.9,1,0
A001930,2025-09,One-year,76.7,3,0
A001931,2025-09,One-year,53.37,2,0
A001932,2025-09,One-year,71.71,2,0
A001933,2025-09,One-year,88.43,4,0
A001934,2025-09,One-year,60.99,0,0
A001935,2025-09,One-year,59.57,1,0
A001936,2025-09,One-year,69.21,3,0
A001937,2025-09,One-year,74.76,2,0
A001938,2025-09,One-year,98.68,1,0
A001939,2025-09,One-year,66.49,2,0
A001940,2025-09,One-year,76.22,1,0
A001941,2025-09,One-year,76.86,4,0
A001942,2025-09,One-year,37.6,1,0
A001943,2025-09,One-year,85.73,1,0
A001944,2025-09,One-year,55.6,4,0
A001945,2025-09,One-year,49.56,1,0
A001946,2025-09,One-year,65.66,1,0
A001947,2025-09,One-year,66.06,0,0
A001948,2025-09,One-year,53.2,1,0
A001949,2025-09,One-year,85.6,3,0
A001950,2025-09,One-year,75.46,4,0
A001951,2025-09,One-year,78.09,0,0
A001952,2025-09,One-year,69.5,3,0
A001953,2025-09,One-year,60.67,0,0
A001954,2025-09,One-year,85.0,0,0
A001955,2025-09,One-year,65.92,2,0
A001956,2025-09,One-year,72.31,2,0
A001957,2025-09,One-year,62.12,0,0
A001958,2025-09,One-year,74.84,1,0
A001959,2025-09,One-year,77.92,0,0
A001960,2025-09,One-year,67.25,2,0
A001961,2025-09,One-year,46.74,1,0
A001962,2025-09,One-year,74.36,1,0
A001963,2025-09,One-year,67.06,2,0
A001964,2025-09,One-year,82.39,2,0
A001965,2025-09,One-year,80.17,4,0
A001966,2025-09,One-year,66.36,1,0
A001967,2025-09,One-year,81.35,2,0
A001968,2025-09,One-year,78.99,0,0
A001969,2025-09,One-year,98.49,4,0
A001970,2025-09,One-year,76.71,1,0
A001971,2025-09,One-year,123.06,2,0
A001972,2025-09,One-year,80.49,4,0
A001973,2025-09,One-year,74.38,1,0
A001974,2025-09,One-year,95.63,1,0
A001975,2025-09,One-year,53.38,1,0
A001976,2025-09,One-year,75.53,1,0
A001977,2025-09,One-year,74.36,2,0
A001978,2025-09,One-year,73.08,1,0
A001979,2025-09,One-year,69.19,1,0
A001980,2025-09,One-year,81.4,0,0
A001981,2025-09,One-year,74.42,2,0
A001982,2025-09,One-year,63.72,3,0
A001983,2025-09,One-year,73.98,2,0
A001984,2025-09,One-year,70.58,2,0
A001985,2025-09,One-year,65.92,0,0
A001986,2025-09,One-year,68.38,2,0
A001987,2025-09,One-year,70.67,2,0
A001988,2025-09,One-year,66.56,0,0
A001989,2025-09,One-year,86.59,2,0
A001990,2025-09,One-year,92.78,0,0
A001991,2025-09,One-year,55.03,2,0
A001992,2025-09,One-year,68.37,1,0
A001993,2025-09,One-year,61.12,1,0
A001994,2025-09,One-year,60.82,1,0
A001995,2025-09,One-year,72.93,2,0
A001996,2025-09,One-year,84.04,1,0
A001997,2025-09,One-year,69.35,0,0
A001998,2025-09,One-year,73.88,2,0
A001999,2025-09,One-year,96.82,0,0
A002000,2025-09,One-year,85.51,3,0
A002001,2025-09,One-year,95.62,3,0
A002002,2025-09,One-year,65.75,3,0
A002003,2025-09,One-year,80.17,4,0
A002004,2025-09,One-year,57.93,4,0
A002005,2025-09,One-year,76.13,2,0
A002006,2025-09,One-year,68.49,2,0
A002007,2025-09,One-year,56.46,1,1
A002008,2025-09,One-year,108.63,0,0
A002009,2025-09,One-year,45.42,4,0
A002010,2025-09,One-year,61.6,2,0
A002011,2025-09,One-year,67.95,3,1
A002012,2025-09,One-year,78.2,1,0
A002013,2025-09,One-year,55.32,2,0
A002014,2025-09,One-year,81.34,0,0
A002015,2025-09,One-year,72.71,4,0
A002016,2025-09,One-year,72.09,2,0
A002017,2025-09,One-year,83.41,2,0
A002018,2025-09,One-year,86.33,4,0
A002019,2025-09,One-year,93.68,0,0
A002020,2025-09,One-year,99.77,1,0
A002021,2025-09,One-year,52.03,0,0
A002022,2025-09,One-year,93.53,2,0
A002023,2025-09,One-year,90.06,3,0
A002024,2025-09,One-year,90.37,2,0
A002025,2025-09,One-year,72.71,1,0
A002026,2025-09,One-year,87.78,0,0
A002027,2025-09,One-year,50.65,1,0
A002028,2025-09,One-year,91.5,1,0
A002029,2025-09,One-year,44.12,3,0
A002030,2025-09,One-year,83.81,2,0
A002031,2025-09,One-year,68.04,1,0
A002032,2025-09,One-year,70.7,3,0
A002033,2025-09,One-year,40.95,1,0
A002034,2025-09,One-year,58.59,4,0
A002035,2025-09,One-year,71.77,3,0
A002036,2025-09,One-year,87.35,3,0
A002037,2025-09,One-year,72.7,1,0
A002038,2025-09,One-year,56.42,1,0
A002039,2025-09,One-year,68.42,2,0
A002040,2025-09,One-year,84.97,1,0
A002041,2025-09,One-year,77.97,3,0
A002042,2025-09,One-year,70.59,1,0
A002043,2025-09,One-year,86.26,3,0
A002044,2025-09,One-year,67.32,3,1
A002045,2025-09,One-year,69.7,1,0
A002046,2025-09,One-year,85.67,2,0
A002047,2025-09,One-year,86.11,0,0
A002048,2025-09,One-year,69.74,0,0
A002049,2025-09,One-year,96.45,0,1
A002050,2025-09,One-year,65.01,3,0
A002051,2025-09,One-year,90.95,0,0
A002052,2025-09,One-year,81.44,3,0
A002053,2025-09,One-year,74.06,1,0
A002054,2025-09,One-year,86.69,3,0
A002055,2025-09,One-year,50.15,2,0
A002056,2025-09,One-year,71.38,1,0
A002057,2025-09,One-year,108.17,2,1
A002058,2025-09,One-year,74.69,2,0
A002059,2025-09,One-year,97.82,0,0
A002060,2025-09,One-year,56.65,2,0
A002061,2025-09,One-year,48.41,4,0
A002062,2025-09,One-year,73.58,4,0
A002063,2025-09,One-year,71.88,2,0
A002064,2025-09,One-year,68.09,0,0
A002065,2025-09,One-year,44.67,3,0
A002066,2025-09,One-year,88.05,3,0
A002067,2025-09,One-year,25.67,3,0
A002068,2025-09,One-year,108.42,0,0
A002069,2025-09,One-year,71.09,2,0
A002070,2025-09,One-year,126.46,4,0
A002071,2025-09,One-year,71.39,0,0
A002072,2025-09,One-year,74.12,3,0
A002073,2025-09,One-year,73.16,3,0
A002074,2025-09,One-year,63.67,0,0
A002075,2025-09,One-year,90.15,0,0
A002076,2025-09,One-year,83.69,0,0
A002077,2025-09,One-year,58.68,1,0
A002078,2025-09,One-year,69.12,2,0
A002079,2025-09,One-year,82.55,1,0
A002080,2025-09,One-year,70.76,2,0
A002081,2025-09,One-year,93.85,1,0
A002082,2025-09,One-year,73.49,0,0
A002083,2025-09,One-year,84.7,2,0
A002084,2025-09,One-year,67.42,0,0
A002085,2025-09,One-year,69.37,0,0
A002086,2025-09,One-year,45.84,0,0
A002087,2025-09,One-year,83.15,2,0
A002088,2025-09,One-year,60.95,1,0
A002089,2025-09,One-year,47.06,4,0
A002090,2025-09,One-year,51.58,4,0
A002091,2025-09,One-year,61.69,4,0
A002092,2025-09,One-year,78.24,0,0
A002093,2025-09,One-year,77.0,0,0
A002094,2025-09,One-year,77.11,2,0
A002095,2025-09,One-year,89.11,3,0
A002096,2025-09,One-year,78.76,1,0
A002097,2025-09,One-year,71.95,5,0
A002098,2025-09,One-year,78.18,2,0
A002099,2025-09,One-year,67.17,2,0
A002100,2025-09,One-year,59.86,1,0
A002101,2025-09,One-year,80.15,2,0
A002102,2025-09,One-year,97.75,0,0
A002103,2025-09,One-year,92.73,1,0
A002104,2025-09,One-year,65.61,0,0
A002105,2025-09,One-year,60.16,1,0
A002106,2025-09,One-year,61.95,4,0
A002107,2025-09,One-year,88.46,1,0
A002108,2025-09,One-year,68.3,1,0
A002109,2025-09,One-year,67.46,3,0
A002110,2025-09,One-year,75.97,0,0
A002111,2025-09,One-year,95.55,0,0
A002112,2025-09,One-year,64.19,4,0
A002113,2025-09,One-year,72.55,2,0
A002114,2025-09,One-year,56.57,0,0
A002115,2025-09,One-year,53.81,3,1
A002116,2025-09,One-year,52.37,2,0
A002117,2025-09,One-year,62.32,2,0
A002118,2025-09,One-year,70.41,1,0
A002119,2025-09,One-year,69.42,4,0
A002120,2025-09,One-year,90.83,2,0
A002121,2025-09,One-year,74.78,2,0
A002122,2025-09,One-year,98.05,1,1
A002123,2025-09,One-year,66.37,0,0
A002124,2025-09,One-year,73.37,0,0
A002125,2025-09,One-year,46.64,1,0
A002126,2025-09,One-year,60.52,1,0
A002127,2025-09,One-year,69.34,1,0
A002128,2025-09,One-year,86.57,3,0
A002129,2025-09,One-year,72.23,2,0
A002130,2025-09,One-year,70.14,1,0
A002131,2025-09,One-year,62.37,2,0
A002132,2025-09,One-year,62.36,1,0
A002133,2025-09,One-year,87.51,2,0
A002134,2025-09,One-year,89.2,2,0
A002135,2025-09,One-year,52.68,1,0
A002136,2025-09,One-year,87.81,1,0
A002137,2025-09,One-year,81.44,0,0
A002138,2025-09,One-year,77.49,2,0
A002139,2025-09,One-year,96.37,0,0
A002140,2025-09,One-year,66.29,1,0
A002141,2025-09,One-year,88.36,2,1
A002142,2025-09,One-year,77.36,0,0
A002143,2025-09,One-year,78.9,0,0
A002144,2025-09,One-year,65.85,2,0
A002145,2025-09,One-year,58.22,1,0
A002146,2025-09,One-year,72.24,3,0
A002147,2025-09,One-year,95.63,0,0
A002148,2025-09,One-year,88.04,0,0
A002149,2025-09,One-year,60.53,2,0
A002150,2025-09,One-year,56.22,2,0
A002151,2025-09,One-year,74.68,3,0
A002152,2025-09,One-year,52.05,0,0
A002153,2025-09,One-year,53.63,0,0
A002154,2025-09,One-year,74.83,1,0
A002155,2025-09,One-year,63.81,1,0
A002156,2025-09,One-year,71.11,1,0
A002157,2025-09,One-year,72.32,2,0
A002158,2025-09,One-year,73.66,2,0
A002159,2025-09,One-year,48.81,1,0
A002160,2025-09,One-year,77.87,1,0
A002161,2025-09,One-year,104.87,3,0
A002162,2025-09,One-year,54.33,1,0
A002163,2025-09,One-year,64.8,2,0
A002164,2025-09,One-year,70.27,1,0
A002165,2025-09,One-year,77.03,0,0
A002166,2025-09,One-year,46.37,2,0
A002167,2025-09,One-year,71.21,4,0
A002168,2025-09,One-year,99.03,0,0
A002169,2025-09,One-year,63.35,2,0
A002170,2025-09,One-year,72.57,2,0
A002171,2025-09,One-year,77.64,1,0
A002172,2025-09,One-year,99.08,4,0
A002173,2025-09,One-year,70.31,0,0
A002174,2025-09,One-year,62.64,0,0
A002175,2025-09,One-year,88.77,2,0
A002176,2025-09,One-year,55.39,1,0
A002177,2025-09,One-year,58.05,3,0
A002178,2025-09,One-year,66.67,1,0
A002179,2025-09,One-year,54.86,2,0
A002180,2025-09,One-year,75.9,2,0
A002181,2025-09,One-year,61.08,1,0
A002182,2025-09,One-year,45.15,0,0
A002183,2025-09,One-year,62.75,2,0
A002184,2025-09,One-year,75.06,1,0
A002185,2025-09,One-year,83.97,2,0
A002186,2025-09,One-year,65.95,2,0
A002187,2025-09,One-year,76.11,3,0
A002188,2025-09,One-year,68.61,2,0
A002189,2025-09,One-year,79.45,1,0
A002190,2025-09,One-year,87.47,1,0
A002191,2025-09,One-year,37.63,1,0
A002192,2025-09,One-year,76.62,2,0
A002193,2025-09,One-year,86.5,2,0
A002194,2025-09,One-year,74.97,0,0
A002195,2025-09,One-year,72.67,3,0
A002196,2025-09,One-year,54.44,4,0
A002197,2025-09,One-year,89.48,4,0
A002198,2025-09,One-year,64.59,2,0
A002199,2025-09,One-year,98.91,1,0
A002200,2025-09,One-year,53.83,1,0
A002201,2025-09,One-year,73.75,1,0
A002202,2025-09,One-year,67.36,3,0
A002203,2025-09,One-year,78.86,1,0
A002204,2025-09,One-year,100.2,3,0
A002205,2025-09,One-year,85.24,0,0
A002206,2025-09,One-year,77.27,1,0
A002207,2025-09,One-year,86.3,2,0
A002208,2025-09,One-year,73.72,2,0
A002209,2025-09,One-year,74.09,0,0
A002210,2025-09,One-year,90.7,2,0
A002211,2025-09,One-year,63.49,1,0
A002212,2025-09,One-year,84.34,0,0
A002213,2025-09,One-year,80.52,0,0
A002214,2025-09,One-year,86.46,1,0
A002215,2025-09,One-year,64.22,1,0
A002216,2025-09,One-year,94.64,2,0
A002217,2025-09,One-year,85.19,2,0
A002218,2025-09,One-year,50.15,3,1
A002219,2025-09,One-year,78.7,2,0
A002220,2025-09,One-year,68.77,1,0
A002221,2025-09,One-year,63.54,2,0
A002222,2025-09,One-year,40.51,0,0
A002223,2025-09,One-year,83.81,0,0
A002224,2025-09,One-year,82.67,0,0
A002225,2025-09,One-year,69.02,2,0
A002226,2025-09,One-year,62.49,0,0
A002227,2025-09,One-year,84.88,1,0
A002228,2025-09,One-year,58.2,2,0
A002229,2025-09,One-year,71.64,0,0
A002230,2025-09,One-year,90.41,0,0
A002231,2025-09,One-year,61.98,3,0
A002232,2025-09,One-year,39.4,2,0
A002233,2025-09,One-year,74.9,2,0
A002234,2025-09,One-year,86.13,0,0
A002235,2025-09,One-year,61.38,3,0
A002236,2025-09,One-year,90.5,3,0
A002237,2025-09,One-year,91.75,1,0
A002238,2025-09,One-year,70.74,2,0
A002239,2025-09,One-year,66.82,2,0
A002240,2025-09,One-year,63.08,4,0
A002241,2025-09,One-year,70.05,1,0
A002242,2025-09,One-year,75.81,3,0
A002243,2025-09,One-year,67.21,4,0
A002244,2025-09,One-year,71.04,1,0
A002245,2025-09,One-year,98.88,0,0
A002246,2025-09,One-year,55.5,1,0
A002247,2025-09,One-year,91.38,0,0
A002248,2025-09,One-year,92.45,1,0
A002249,2025-09,One-year,73.34,3,0
A002250,2025-09,One-year,66.41,1,0
A002251,2025-09,One-year,69.22,1,0
A002252,2025-09,One-year,72.41,0,0
A002253,2025-09,One-year,69.07,0,0
A002254,2025-09,One-year,56.65,2,0
A002255,2025-09,One-year,77.81,1,0
A002256,2025-09,One-year,63.11,3,0
A002257,2025-09,One-year,59.7,1,0
A002258,2025-09,One-year,38.58,0,0
A002259,2025-09,One-year,65.82,1,0
A002260,2025-09,One-year,47.78,1,0
A002261,2025-09,One-year,69.75,0,0
A002262,2025-09,One-year,86.73,1,0
A002263,2025-09,One-year,60.3,0,0
A002264,2025-09,One-year,55.18,2,0
A002265,2025-09,One-year,76.6,2,0
A002266,2025-09,One-year,65.3,2,0
A002267,2025-09,One-year,80.62,0,0
A002268,2025-09,One-year,78.72,0,0
A002269,2025-09,One-year,55.68,0,0
A002270,2025-09,One-year,69.37,1,0
A002271,2025-09,One-year,63.08,2,0
A002272,2025-09,One-year,61.53,2,0
A002273,2025-09,One-year,90.4,1,0
A002274,2025-09,One-year,83.76,0,0
A002275,2025-09,One-year,90.81,0,0
A002276,2025-09,One-year,75.4,1,0
A002277,2025-09,One-year,78.03,4,1
A002278,2025-09,One-year,60.88,4,0
A002279,2025-09,One-year,57.1,2,0
A002280,2025-09,One-year,104.77,4,0
A002281,2025-09,One-year,57.55,0,0
A002282,2025-09,One-year,70.28,3,0
A002283,2025-09,One-year,88.62,2,0
A002284,2025-09,One-year,53.61,1,0
A002285,2025-09,One-year,67.2,1,0
A002286,2025-09,One-year,75.27,2,0
A002287,2025-09,One-year,85.51,3,0
A002288,2025-09,One-year,55.95,3,0
A002289,2025-09,One-year,73.93,2,0
A002290,2025-09,One-year,58.33,2,0
A002291,2025-09,Two-year,106.97,0,0
A002292,2025-09,Two-year,74.75,0,0
A002293,2025-09,Two-year,75.12,1,0
A002294,2025-09,Two-year,93.68,0,0
A002295,2025-09,Two-year,89.4,0,0
A002296,2025-09,Two-year,88.66,0,0
A002297,2025-09,Two-year,80.98,4,0
A002298,2025-09,Two-year,82.16,0,0
A002299,2025-09,Two-year,73.37,0,0
A002300,2025-09,Two-year,81.53,3,0
A002301,2025-09,Two-year,52.2,1,0
A002302,2025-09,Two-year,99.37,0,0
A002303,2025-09,Two-year,70.56,2,0
A002304,2025-09,Two-year,62.25,3,0
A002305,2025-09,Two-year,93.91,1,0
A002306,2025-09,Two-year,84.26,0,0
A002307,2025-09,Two-year,68.95,0,0
A002308,2025-09,Two-year,65.86,0,0
A002309,2025-09,Two-year,73.37,2,0
A002310,2025-09,Two-year,95.78,2,0
A002311,2025-09,Two-year,92.26,4,0
A002312,2025-09,Two-year,91.2,5,0
A002313,2025-09,Two-year,84.55,0,0
A002314,2025-09,Two-year,96.56,2,0
A002315,2025-09,Two-year,86.35,0,0
A002316,2025-09,Two-year,59.77,4,0
A002317,2025-09,Two-year,81.52,1,0
A002318,2025-09,Two-year,86.93,0,0
A002319,2025-09,Two-year,104.17,0,0
A002320,2025-09,Two-year,77.15,2,0
A002321,2025-09,Two-year,102.83,0,0
A002322,2025-09,Two-year,77.09,2,0
A002323,2025-09,Two-year,77.9,0,0
A002324,2025-09,Two-year,83.72,0,0
A002325,2025-09,Two-year,92.99,0,0
A002326,2025-09,Two-year,76.96,2,0
A002327,2025-09,Two-year,93.31,3,0
A002328,2025-09,Two-year,68.38,1,0
A002329,2025-09,Two-year,78.53,1,0
A002330,2025-09,Two-year,72.44,2,0
A002331,2025-09,Two-year,86.15,1,0
A002332,2025-09,Two-year,100.05,1,0
A002333,2025-09,Two-year,83.17,3,0
A002334,2025-09,Two-year,94.04,1,0
A002335,2025-09,Two-year,101.48,3,0
A002336,2025-09,Two-year,48.98,1,0
A002337,2025-09,Two-year,117.95,0,0
A002338,2025-09,Two-year,55.39,3,0
A002339,2025-09,Two-year,74.86,0,0
A002340,2025-09,Two-year,76.08,1,0
A002341,2025-09,Two-year,64.21,0,0
A002342,2025-09,Two-year,74.85,2,0
A002343,2025-09,Two-year,106.03,3,0
A002344,2025-09,Two-year,90.58,1,0
A002345,2025-09,Two-year,85.95,0,0
A002346,2025-09,Two-year,90.49,1,0
A002347,2025-09,Two-year,83.83,2,0
A002348,2025-09,Two-year,53.89,0,0
A002349,2025-09,Two-year,81.58,0,0
A002350,2025-09,Two-year,81.87,3,0
A002351,2025-09,Two-year,78.09,0,0
A002352,2025-09,Two-year,85.27,0,0
A002353,2025-09,Two-year,109.98,1,0
A002354,2025-09,Two-year,63.77,2,0
A002355,2025-09,Two-year,75.88,2,0
A002356,2025-09,Two-year,92.46,1,0
A002357,2025-09,Two-year,83.88,0,0
A002358,2025-09,Two-year,76.22,0,0
A002359,2025-09,Two-year,96.72,5,0
A002360,2025-09,Two-year,101.46,1,0
A002361,2025-09,Two-year,74.16,2,0
A002362,2025-09,Two-year,68.42,1,0
A002363,2025-09,Two-year,93.22,1,0
A002364,2025-09,Two-year,78.8,2,0
A002365,2025-09,Two-year,84.25,1,0
A002366,2025-09,Two-year,93.92,2,0
A002367,2025-09,Two-year,76.83,2,0
A002368,2025-09,Two-year,89.35,0,0
A002369,2025-09,Two-year,82.98,2,0
A002370,2025-09,Two-year,51.57,0,0
A002371,2025-09,Two-year,78.93,0,0
A002372,2025-09,Two-year,80.86,0,0
A002373,2025-09,Two-year,97.11,0,0
A002374,2025-09,Two-year,83.3,0,0
A002375,2025-09,Two-year,101.72,1,0
A002376,2025-09,Two-year,86.06,0,0
A002377,2025-09,Two-year,86.86,2,0
A002378,2025-09,Two-year,74.42,2,0
A002379,2025-09,Two-year,118.49,2,0
A002380,2025-09,Two-year,61.91,1,0
A002381,2025-09,Two-year,76.11,1,0
A002382,2025-09,Two-year,98.6,3,0
A002383,2025-09,Two-year,90.67,0,0
A002384,2025-09,Two-year,90.91,1,0
A002385,2025-09,Two-year,84.76,0,0
A002386,2025-09,Two-year,47.92,0,0
A002387,2025-09,Two-year,78.42,2,0
A002388,2025-09,Two-year,107.33,0,0
A002389,2025-09,Two-year,54.7,0,0
A002390,2025-09,Two-year,81.77,0,0
A002391,2025-09,Two-year,71.29,1,0
A002392,2025-09,Two-year,65.11,1,0
A002393,2025-09,Two-year,94.75,1,0
A002394,2025-09,Two-year,78.7,2,0
A002395,2025-09,Two-year,67.02,2,0
A002396,2025-09,Two-year,65.04,1,0
A002397,2025-09,Two-year,78.49,1,0
A002398,2025-09,Two-year,75.18,1,0
A002399,2025-09,Two-year,76.28,2,0
A002400,2025-09,Two-year,47.92,0,0
A002401,2025-09,Two-year,79.45,0,0
A002402,2025-09,Two-year,81.02,0,0
A002403,2025-09,Two-year,70.7,4,0
A002404,2025-09,Two-year,72.88,0,0
A002405,2025-09,Two-year,77.5,2,0
A002406,2025-09,Two-year,70.62,1,0
A002407,2025-09,Two-year,81.98,4,0
A002408,2025-09,Two-year,90.82,0,0
A002409,2025-09,Two-year,82.45,0,0
A002410,2025-09,Two-year,83.52,3,0
A002411,2025-09,Two-year,80.23,0,0
A002412,2025-09,Two-year,67.98,1,0
A002413,2025-09,Two-year,86.73,0,0
A002414,2025-09,Two-year,85.44,0,0
A002415,2025-09,Two-year,81.42,0,0
A002416,2025-09,Two-year,86.36,2,0
A002417,2025-09,Two-year,71.2,1,1
A002418,2025-09,Two-year,102.19,0,0
A002419,2025-09,Two-year,71.15,6,0
A002420,2025-09,Two-year,87.88,2,0
A002421,2025-09,Two-year,80.86,3,0
A002422,2025-09,Two-year,74.28,0,0
A002423,2025-09,Two-year,97.46,1,0
A002424,2025-09,Two-year,70.7,3,0
A002425,2025-09,Two-year,92.34,2,0
A002426,2025-09,Two-year,82.56,1,0
A002427,2025-09,Two-year,91.98,2,0
A002428,2025-09,Two-year,85.1,0,0
A002429,2025-09,Two-year,70.79,1,0
A002430,2025-09,Two-year,83.06,4,0
A002431,2025-09,Two-year,87.35,0,0
A002432,2025-09,Two-year,93.37,1,0
A002433,2025-09,Two-year,65.6,2,0
A002434,2025-09,Two-year,91.99,1,0
A002435,2025-09,Two-year,89.77,2,0
A002436,2025-09,Two-year,72.65,0,0
A002437,2025-09,Two-year,66.61,1,0
A002438,2025-09,Two-year,93.68,2,0
A002439,2025-09,Two-year,89.1,1,0
A002440,2025-09,Two-year,80.65,0,0
A002441,2025-09,Two-year,83.81,1,0
A002442,2025-09,Two-year,87.88,2,0
A002443,2025-09,Two-year,75.67,2,0
A002444,2025-09,Two-year,77.26,4,0
A002445,2025-09,Two-year,96.27,0,0
A002446,2025-09,Two-year,73.96,1,0
A002447,2025-09,Two-year,83.81,0,0
A002448,2025-09,Two-year,81.22,0,0
A002449,2025-09,Two-year,71.53,1,0
A002450,2025-09,Two-year,87.7,1,0
A002451,2025-09,Two-year,53.79,3,0
A002452,2025-09,Two-year,95.56,2,0
A002453,2025-09,Two-year,75.85,0,0
A002454,2025-09,Two-year,61.32,0,0
A002455,2025-09,Two-year,82.17,2,0
A002456,2025-09,Two-year,82.63,1,0
A002457,2025-09,Two-year,80.19,0,0
A002458,2025-09,Two-year,65.05,1,0
A002459,2025-09,Two-year,78.06,0,0
A002460,2025-09,Two-year,102.68,1,0
A002461,2025-09,Two-year,72.84,0,0
A002462,2025-09,Two-year,64.68,1,0
A002463,2025-09,Two-year,76.87,1,0
A002464,2025-09,Two-year,90.97,1,0
A002465,2025-09,Two-year,80.29,0,0
A002466,2025-09,Two-year,77.94,2,0
A002467,2025-09,Two-year,84.5,0,0
A002468,2025-09,Two-year,91.22,0,0
A002469,2025-09,Two-year,76.87,1,0
A002470,2025-09,Two-year,77.02,1,0
A002471,2025-09,Two-year,92.97,1,0
A002472,2025-09,Two-year,86.39,2,0
A002473,2025-09,Two-year,84.94,2,0
A002474,2025-09,Two-year,78.11,0,0
A002475,2025-09,Two-year,103.26,0,0
A002476,2025-09,Two-year,95.49,3,0
A002477,2025-09,Two-year,79.31,0,0
A002478,2025-09,Two-year,84.39,2,0
A002479,2025-09,Two-year,73.91,3,0
A002480,2025-09,Two-year,82.17,0,0
A002481,2025-09,Two-year,72.08,3,0
A002482,2025-09,Two-year,70.23,1,0
A002483,2025-09,Two-year,81.43,2,0
A002484,2025-09,Two-year,86.59,1,0
A002485,2025-09,Two-year,103.29,0,0
A002486,2025-09,Two-year,91.51,2,0
A002487,2025-09,Two-year,102.44,0,0
A002488,2025-09,Two-year,67.41,1,0
A002489,2025-09,Two-year,68.95,0,0
A002490,2025-09,Two-year,94.79,3,1
A002491,2025-09,Two-year,67.88,1,0
A002492,2025-09,Two-year,74.4,1,0
A002493,2025-09,Two-year,78.98,4,0
A002494,2025-09,Two-year,68.99,1,0
A002495,2025-09,Two-year,61.89,0,0
A002496,2025-09,Two-year,85.84,1,0
A002497,2025-09,Two-year,83.65,0,0
A002498,2025-09,Two-year,93.08,0,0
A002499,2025-09,Two-year,96.83,2,0
A002500,2025-09,Two-year,75.72,0,0
A002501,2025-09,Two-year,85.64,1,0
A002502,2025-09,Two-year,74.5,1,0
A002503,2025-09,Two-year,59.6,3,0
A002504,2025-09,Two-year,63.88,0,0
A002505,2025-09,Two-year,89.81,2,0
A002506,2025-09,Two-year,101.52,0,0
A002507,2025-09,Two-year,48.93,0,0
A002508,2025-09,Two-year,108.38,2,0
A002509,2025-09,Two-year,77.24,1,0
A002510,2025-09,Two-year,73.06,1,0
A002511,2025-09,Two-year,67.05,1,0
A002512,2025-09,Two-year,81.41,3,0
A002513,2025-09,Two-year,98.62,1,0
A002514,2025-09,Two-year,77.14,0,0
A002515,2025-09,Two-year,70.5,0,0
A002516,2025-09,Two-year,106.16,1,0
A002517,2025-09,Two-year,88.24,1,0
A002518,2025-09,Two-year,51.87,0,0
A002519,2025-09,Two-year,75.48,0,0
A002520,2025-09,Two-year,89.82,0,0
A002521,2025-09,Two-year,106.59,1,0
A002522,2025-09,Two-year,78.32,0,0
A002523,2025-09,Two-year,77.31,3,0
A002524,2025-09,Two-year,74.81,1,0
A002525,2025-09,Two-year,120.4,0,0
A002526,2025-09,Two-year,52.46,2,0
A002527,2025-09,Two-year,79.56,1,0
A002528,2025-09,Two-year,81.93,0,0
A002529,2025-09,Two-year,82.72,3,0
A002530,2025-09,Two-year,88.18,1,0
A002531,2025-09,Two-year,65.57,3,0
A002532,2025-09,Two-year,70.64,0,0
A002533,2025-09,Two-year,81.85,0,0
A002534,2025-09,Two-year,80.5,0,0
A002535,2025-09,Two-year,88.35,1,0
A002536,2025-09,Two-year,97.29,0,0
A002537,2025-09,Two-year,87.3,0,0
A002538,2025-09,Two-year,71.69,0,0
A002539,2025-09,Two-year,75.92,0,0
A002540,2025-09,Two-year,96.94,0,0
A002541,2025-09,Two-year,80.39,1,0
A002542,2025-09,Two-year,70.1,3,0
A002543,2025-09,Two-year,100.94,0,0
A002544,2025-09,Two-year,88.07,2,0
A002545,2025-09,Two-year,69.76,2,0
A002546,2025-09,Two-year,85.89,0,0
A002547,2025-09,Two-year,87.67,0,0
A002548,2025-09,Two-year,82.28,0,0
A002549,2025-09,Two-year,130.79,0,0
A002550,2025-09,Two-year,100.77,4,0
A002551,2025-09,Two-year,69.62,2,0
A002552,2025-09,Two-year,91.91,1,0
A002553,2025-09,Two-year,88.58,1,0
A002554,2025-09,Two-year,72.21,0,0
A002555,2025-09,Two-year,83.79,0,0
A002556,2025-09,Two-year,62.52,2,0
A002557,2025-09,Two-year,70.64,0,0
A002558,2025-09,Two-year,77.07,2,0
A002559,2025-09,Two-year,88.26,1,0
A002560,2025-09,Two-year,88.41,0,0
A002561,2025-09,Two-year,84.79,2,0
A002562,2025-09,Two-year,85.76,1,0
A002563,2025-09,Two-year,91.88,0,0
A002564,2025-09,Two-year,64.5,0,0
A002565,2025-09,Two-year,68.71,1,1
A002566,2025-09,Two-year,77.2,0,0
A002567,2025-09,Two-year,73.2,0,0
A002568,2025-09,Two-year,66.58,2,0
A002569,2025-09,Two-year,73.76,1,0
A002570,2025-09,Two-year,68.51,3,0
A002571,2025-09,Two-year,81.3,0,0
A002572,2025-09,Two-year,81.76,1,0
A002573,2025-09,Two-year,97.65,0,0
A002574,2025-09,Two-year,78.25,1,0
A002575,2025-09,Two-year,87.98,0,0
A002576,2025-09,Two-year,59.12,0,0
A002577,2025-09,Two-year,64.1,1,0
A002578,2025-09,Two-year,62.09,1,0
A002579,2025-09,Two-year,74.1,2,0
A002580,2025-09,Two-year,73.31,0,0
A002581,2025-09,Two-year,98.55,2,0
A002582,2025-09,Two-year,75.16,1,0
A002583,2025-09,Two-year,71.62,0,0
A002584,2025-09,Two-year,89.71,1,0
A002585,2025-09,Two-year,75.14,3,0
A002586,2025-09,Two-year,97.63,0,0
A002587,2025-09,Two-year,95.1,0,0
A002588,2025-09,Two-year,74.11,1,0
A002589,2025-09,Two-year,83.34,2,0
A002590,2025-09,Two-year,107.67,0,0
A002591,2025-09,Two-year,77.86,2,0
A002592,2025-09,Two-year,109.03,3,0
A002593,2025-09,Two-year,72.97,2,0
A002594,2025-09,Two-year,71.81,0,0
A002595,2025-09,Two-year,59.59,0,0
A002596,2025-09,Two-year,86.81,1,0
A002597,2025-09,Two-year,84.95,0,0
A002598,2025-09,Two-year,61.84,0,0
A002599,2025-09,Two-year,75.37,0,0
A002600,2025-09,Two-year,54.57,1,0
A002601,2025-09,Two-year,67.29,0,0
A002602,2025-09,Two-year,103.1,2,0
A002603,2025-09,Two-year,90.03,4,0
A002604,2025-09,Two-year,81.12,4,0
A002605,2025-09,Two-year,85.57,2,0
A002606,2025-09,Two-year,83.71,1,0
A002607,2025-09,Two-year,90.3,3,0
A002608,2025-09,Two-year,85.43,0,0
A002609,2025-09,Two-year,71.42,0,0
A002610,2025-09,Two-year,54.31,0,0
A002611,2025-09,Two-year,82.34,1,0
A002612,2025-09,Two-year,81.17,0,0
A002613,2025-09,Two-year,65.78,2,0
A002614,2025-09,Two-year,87.14,1,0
A002615,2025-09,Two-year,94.71,0,0
A002616,2025-09,Two-year,84.51,1,0
A002617,2025-09,Two-year,74.74,2,0
A002618,2025-09,Two-year,74.82,0,0
A002619,2025-09,Two-year,97.23,0,0
A002620,2025-09,Two-year,85.97,0,0
A002621,2025-09,Two-year,87.95,1,0
A002622,2025-09,Two-year,86.96,1,0
A002623,2025-09,Two-year,87.79,3,0
A002624,2025-09,Two-year,64.18,0,0
A002625,2025-09,Two-year,76.13,1,0
A002626,2025-09,Two-year,79.96,0,0
A002627,2025-09,Two-year,54.34,2,0
A002628,2025-09,Two-year,55.6,0,0
A002629,2025-09,Two-year,96.73,2,0
A002630,2025-09,Two-year,60.06,2,0
A002631,2025-09,Two-year,60.04,2,0
A002632,2025-09,Two-year,65.09,3,0
A002633,2025-09,Two-year,82.97,1,0
A002634,2025-09,Two-year,86.57,3,0
A002635,2025-09,Two-year,87.74,1,0
A002636,2025-09,Two-year,70.04,0,0
A002637,2025-09,Two-year,69.12,0,0
A002638,2025-09,Two-year,67.95,1,0
A002639,2025-09,Two-year,77.92,0,0
A002640,2025-09,Two-year,58.87,2,0
A002641,2025-09,Two-year,53.53,1,0
A002642,2025-09,Two-year,77.94,3,0
A002643,2025-09,Two-year,81.54,0,0
A002644,2025-09,Two-year,89.98,3,0
A002645,2025-09,Two-year,71.37,3,0
A002646,2025-09,Two-year,73.01,3,0
A002647,2025-09,Two-year,80.36,2,0
A002648,2025-09,Two-year,82.51,1,0
A002649,2025-09,Two-year,84.48,0,0
A002650,2025-09,Two-year,91.86,0,0
A002651,2025-09,Two-year,95.87,0,0
A002652,2025-09,Two-year,78.7,1,0
A002653,2025-09,Two-year,67.77,0,0
A002654,2025-09,Two-year,56.51,0,0
A002655,2025-09,Two-year,68.2,0,0
A002656,2025-09,Two-year,94.42,2,0
A002657,2025-09,Two-year,89.94,3,0
A002658,2025-09,Two-year,77.49,1,0
A002659,2025-09,Two-year,46.1,0,0
A002660,2025-09,Two-year,66.33,0,0
A002661,2025-09,Two-year,84.02,0,0
A002662,2025-09,Two-year,84.45,0,0
A002663,2025-09,Two-year,81.5,2,0
A002664,2025-09,Two-year,81.58,0,0
A002665,2025-09,Two-year,69.15,1,0
A002666,2025-09,Two-year,96.02,0,0
A002667,2025-09,Two-year,66.43,3,0
A002668,2025-09,Two-year,111.46,2,0
A002669,2025-09,Two-year,78.28,2,0
A002670,2025-09,Two-year,78.7,0,0
A002671,2025-09,Two-year,88.5,3,0
A002672,2025-09,Two-year,68.45,0,0
A002673,2025-09,Two-year,75.33,0,0
A002674,2025-09,Two-year,73.05,2,0
A002675,2025-09,Two-year,61.31,1,0
A002676,2025-09,Two-year,90.5,1,0
A002677,2025-09,Two-year,61.55,4,0
A002678,2025-09,Two-year,64.17,3,0
A002679,2025-09,Two-year,77.03,0,0
A002680,2025-09,Two-year,106.17,4,0
A002681,2025-10,Month-to-month,67.11,1,0
A002682,2025-10,Month-to-month,45.73,3,0
A002683,2025-10,Month-to-month,89.64,2,0
A002684,2025-10,Month-to-month,41.85,1,0
A002685,2025-10,Month-to-month,62.14,2,1
A002686,2025-10,Month-to-month,44.71,0,0
A002687,2025-10,Month-to-month,82.17,3,0
A002688,2025-10,Month-to-month,75.47,2,0
A002689,2025-10,Month-to-month,78.28,2,0
A002690,2025-10,Month-to-month,59.67,0,0
A002691,2025-10,Month-to-month,85.58,3,0
A002692,2025-10,Month-to-month,73.6,0,0
A002693,2025-10,Month-to-month,86.79,2,0
A002694,2025-10,Month-to-month,81.27,2,0
A002695,2025-10,Month-to-month,86.26,3,0
A002696,2025-10,Month-to-month,74.8,3,1
A002697,2025-10,Month-to-month,68.45,4,0
A002698,2025-10,Month-to-month,70.24,2,1
A002699,2025-10,Month-to-month,74.46,1,1
A002700,2025-10,Month-to-month,81.77,2,0
A002701,2025-10,Month-to-month,48.68,2,0
A002702,2025-10,Month-to-month,82.93,3,0
A002703,2025-10,Month-to-month,53.68,4,0
A002704,2025-10,Month-to-month,52.4,4,0
A002705,2025-10,Month-to-month,76.12,2,0
A002706,2025-10,Month-to-month,110.79,4,0
A002707,2025-10,Month-to-month,103.31,1,0
A002708,2025-10,Month-to-month,74.92,3,0
A002709,2025-10,Month-to-month,87.08,3,0
A002710,2025-10,Month-to-month,83.11,3,0
A002711,2025-10,Month-to-month,57.49,4,0
A002712,2025-10,Month-to-month,45.51,1,0
A002713,2025-10,Month-to-month,51.41,3,0
A002714,2025-10,Month-to-month,60.99,3,0
A002715,2025-10,Month-to-month,34.87,3,0
A002716,2025-10,Month-to-month,71.83,0,0
A002717,2025-10,Month-to-month,75.03,5,0
A002718,2025-10,Month-to-month,67.3,2,0
A002719,2025-10,Month-to-month,75.38,1,0
A002720,2025-10,Month-to-month,55.3,2,0
A002721,2025-10,Month-to-month,85.96,1,0
A002722,2025-10,Month-to-month,76.87,5,0
A002723,2025-10,Month-to-month,96.59,2,0
A002724,2025-10,Month-to-month,66.62,2,1
A002725,2025-10,Month-to-month,62.49,3,0
A002726,2025-10,Month-to-month,49.56,1,0
A002727,2025-10,Month-to-month,83.54,4,0
A002728,2025-10,Month-to-month,96.05,3,0
A002729,2025-10,Month-to-month,66.67,4,0
A002730,2025-10,Month-to-month,62.29,4,0
A002731,2025-10,Month-to-month,70.89,1,1
A002732,2025-10,Month-to-month,59.91,3,0
A002733,2025-10,Month-to-month,59.58,2,0
A002734,2025-10,Month-to-month,67.33,4,0
A002735,2025-10,Month-to-month,72.75,3,0
A002736,2025-10,Month-to-month,80.33,2,0
A002737,2025-10,Month-to-month,74.91,3,0
A002738,2025-10,Month-to-month,83.17,2,0
A002739,2025-10,Month-to-month,54.02,1,0
A002740,2025-10,Month-to-month,58.82,3,0
A002741,2025-10,Month-to-month,43.73,4,0
A002742,2025-10,Month-to-month,82.58,4,0
A002743,2025-10,Month-to-month,56.72,2,0
A002744,2025-10,Month-to-month,90.8,0,0
A002745,2025-10,Month-to-month,63.44,5,0
A002746,2025-10,Month-to-month,69.3,1,0
A002747,2025-10,Month-to-month,72.83,3,0
A002748,2025-10,Month-to-month,85.45,2,0
A002749,2025-10,Month-to-month,68.32,5,0
A002750,2025-10,Month-to-month,102.14,2,0
A002751,2025-10,Month-to-month,68.57,1,0
A002752,2025-10,Month-to-month,67.82,2,0
A002753,2025-10,Month-to-month,65.21,5,0
A002754,2025-10,Month-to-month,54.97,0,0
A002755,2025-10,Month-to-month,82.98,3,0
A002756,2025-10,Month-to-month,67.72,2,0
A002757,2025-10,Month-to-month,52.79,1,0
A002758,2025-10,Month-to-month,101.03,1,0
A002759,2025-10,Month-to-month,51.78,3,0
A002760,2025-10,Month-to-month,56.03,4,0
A002761,2025-10,Month-to-month,78.51,3,0
A002762,2025-10,Month-to-month,87.23,2,0
A002763,2025-10,Month-to-month,69.56,2,0
A002764,2025-10,Month-to-month,46.08,3,0
A002765,2025-10,Month-to-month,54.0,4,0
A002766,2025-10,Month-to-month,71.71,2,0
A002767,2025-10,Month-to-month,75.06,4,0
A002768,2025-10,Month-to-month,25,2,1
A002769,2025-10,Month-to-month,41.52,2,0
A002770,2025-10,Month-to-month,93.1,2,0
A002771,2025-10,Month-to-month,74.41,1,0
A002772,2025-10,Month-to-month,73.27,5,1
A002773,2025-10,Month-to-month,91.2,1,0
A002774,2025-10,Month-to-month,41.76,3,0
A002775,2025-10,Month-to-month,77.8,3,0
A002776,2025-10,Month-to-month,75.65,1,0
A002777,2025-10,Month-to-month,54.3,2,0
A002778,2025-10,Month-to-month,47.39,0,0
A002779,2025-10,Month-to-month,78.43,3,0
A002780,2025-10,Month-to-month,73.16,2,0
A002781,2025-10,Month-to-month,44.65,4,1
A002782,2025-10,Month-to-month,70.06,4,0
A002783,2025-10,Month-to-month,99.29,3,0
A002784,2025-10,Month-to-month,84.71,1,0
A002785,2025-10,Month-to-month,69.57,0,0
A002786,2025-10,Month-to-month,70.28,2,0
A002787,2025-10,Month-to-month,53.93,4,0
A002788,2025-10,Month-to-month,88.23,0,0
A002789,2025-10,Month-to-month,83.48,3,0
A002790,2025-10,Month-to-month,73.5,3,1
A002791,2025-10,Month-to-month,63.63,2,0
A002792,2025-10,Month-to-month,60.94,1,0
A002793,2025-10,Month-to-month,89.86,3,0
A002794,2025-10,Month-to-month,60.48,2,0
A002795,2025-10,Month-to-month,72.13,4,0
A002796,2025-10,Month-to-month,53.65,3,0
A002797,2025-10,Month-to-month,49.29,3,0
A002798,2025-10,Month-to-month,55.02,5,0
A002799,2025-10,Month-to-month,65.62,3,0
A002800,2025-10,Month-to-month,46.8,3,0
A002801,2025-10,Month-to-month,73.15,2,0
A002802,2025-10,Month-to-month,61.17,2,0
A002803,2025-10,Month-to-month,37.04,5,0
A002804,2025-10,Month-to-month,86.48,0,0
A002805,2025-10,Month-to-month,102.26,0,0
A002806,2025-10,Month-to-month,68.1,2,0
A002807,2025-10,Month-to-month,57.56,0,0
A002808,2025-10,Month-to-month,69.17,4,0
A002809,2025-10,Month-to-month,61.92,2,0
A002810,2025-10,Month-to-month,63.21,2,0
A002811,2025-10,Month-to-month,68.98,2,0
A002812,2025-10,Month-to-month,74.06,6,0
A002813,2025-10,Month-to-month,50.35,1,0
A002814,2025-10,Month-to-month,68.9,3,0
A002815,2025-10,Month-to-month,58.57,1,0
A002816,2025-10,Month-to-month,80.55,0,0
A002817,2025-10,Month-to-month,79.45,4,0
A002818,2025-10,Month-to-month,70.28,1,0
A002819,2025-10,Month-to-month,76.6,3,0
A002820,2025-10,Month-to-month,62.99,4,0
A002821,2025-10,Month-to-month,75.17,3,0
A002822,2025-10,Month-to-month,58.72,2,0
A002823,2025-10,Month-to-month,92.33,1,0
A002824,2025-10,Month-to-month,41.52,2,0
A002825,2025-10,Month-to-month,50.0,2,0
A002826,2025-10,Month-to-month,58.02,3,0
A002827,2025-10,Month-to-month,75.11,0,0
A002828,2025-10,Month-to-month,62.88,1,0
A002829,2025-10,Month-to-month,68.92,2,0
A002830,2025-10,Month-to-month,74.83,4,0
A002831,2025-10,Month-to-month,76.85,2,0
A002832,2025-10,Month-to-month,43.6,4,0
A002833,2025-10,Month-to-month,85.75,4,0
A002834,2025-10,Month-to-month,63.58,2,0
A002835,2025-10,Month-to-month,74.39,2,0
A002836,2025-10,Month-to-month,84.71,1,0
A002837,2025-10,Month-to-month,87.32,2,0
A002838,2025-10,Month-to-month,49.65,3,0
A002839,2025-10,Month-to-month,61.84,4,0
A002840,2025-10,Month-to-month,59.8,4,0
A002841,2025-10,Month-to-month,46.54,2,0
A002842,2025-10,Month-to-month,78.24,3,0
A002843,2025-10,Month-to-month,70.55,1,1
A002844,2025-10,Month-to-month,60.73,2,0
A002845,2025-10,Month-to-month,42.44,1,0
A002846,2025-10,Month-to-month,87.61,5,0
A002847,2025-10,Month-to-month,64.76,5,0
A002848,2025-10,Month-to-month,62.16,2,0
A002849,2025-10,Month-to-month,72.07,5,0
A002850,2025-10,Month-to-month,86.65,3,0
A002851,2025-10,Month-to-month,41.0,1,0
A002852,2025-10,Month-to-month,77.82,3,0
A002853,2025-10,Month-to-month,79.83,4,0
A002854,2025-10,Month-to-month,94.74,2,0
A002855,2025-10,Month-to-month,61.62,0,0
A002856,2025-10,Month-to-month,76.65,3,0
A002857,2025-10,Month-to-month,55.39,3,1
A002858,2025-10,Month-to-month,74.24,2,0
A002859,2025-10,Month-to-month,55.73,2,0
A002860,2025-10,Month-to-month,65.31,0,0
A002861,2025-10,Month-to-month,65.43,4,0
A002862,2025-10,Month-to-month,76.17,3,0
A002863,2025-10,Month-to-month,44.02,4,0
A002864,2025-10,Month-to-month,52.2,3,0
A002865,2025-10,Month-to-month,62.05,2,0
A002866,2025-10,Month-to-month,61.43,0,0
A002867,2025-10,Month-to-month,77.59,3,0
A002868,2025-10,Month-to-month,87.61,3,0
A002869,2025-10,Month-to-month,41.91,3,0
A002870,2025-10,Month-to-month,70.02,5,0
A002871,2025-10,Month-to-month,64.36,1,0
A002872,2025-10,Month-to-month,66.48,3,0
A002873,2025-10,Month-to-month,68.11,2,0
A002874,2025-10,Month-to-month,64.41,1,0
A002875,2025-10,Month-to-month,63.96,2,0
A002876,2025-10,Month-to-month,70.01,3,0
A002877,2025-10,Month-to-month,78.38,1,0
A002878,2025-10,Month-to-month,74.12,2,0
A002879,2025-10,Month-to-month,104.56,4,0
A002880,2025-10,Month-to-month,84.03,3,0
A002881,2025-10,Month-to-month,74.36,1,0
A002882,2025-10,Month-to-month,60.91,2,0
A002883,2025-10,Month-to-month,60.84,2,0
A002884,2025-10,Month-to-month,58.69,3,0
A002885,2025-10,Month-to-month,50.83,2,0
A002886,2025-10,Month-to-month,81.59,4,0
A002887,2025-10,Month-to-month,60.24,3,0
A002888,2025-10,Month-to-month,63.19,1,0
A002889,2025-10,Month-to-month,61.6,3,0
A002890,2025-10,Month-to-month,70.0,2,0
A002891,2025-10,Month-to-month,82.12,2,0
A002892,2025-10,Month-to-month,62.99,2,1
A002893,2025-10,Month-to-month,91.96,4,0
A002894,2025-10,Month-to-month,64.59,3,0
A002895,2025-10,Month-to-month,95.2,2,0
A002896,2025-10,Month-to-month,43.64,2,0
A002897,2025-10,Month-to-month,57.97,4,0
A002898,2025-10,Month-to-month,84.84,3,0
A002899,2025-10,Month-to-month,50.1,0,0
A002900,2025-10,Month-to-month,51.94,4,0
A002901,2025-10,Month-to-month,64.03,2,0
A002902,2025-10,Month-to-month,97.09,3,0
A002903,2025-10,Month-to-month,58.16,3,0
A002904,2025-10,Month-to-month,70.85,3,0
A002905,2025-10,Month-to-month,77.25,4,0
A002906,2025-10,Month-to-month,67.07,3,0
A002907,2025-10,Month-to-month,60.93,2,1
A002908,2025-10,Month-to-month,76.2,3,0
A002909,2025-10,Month-to-month,48.08,3,0
A002910,2025-10,Month-to-month,52.52,3,0
A002911,2025-10,Month-to-month,63.39,4,0
A002912,2025-10,Month-to-month,66.38,4,0
A002913,2025-10,Month-to-month,53.78,4,0
A002914,2025-10,Month-to-month,100.46,2,0
A002915,2025-10,Month-to-month,47.98,2,0
A002916,2025-10,Month-to-month,49.85,0,0
A002917,2025-10,Month-to-month,103.03,6,0
A002918,2025-10,Month-to-month,93.57,4,0
A002919,2025-10,Month-to-month,81.94,3,0
A002920,2025-10,Month-to-month,56.33,3,0
A002921,2025-10,Month-to-month,62.47,3,0
A002922,2025-10,Month-to-month,80.36,2,0
A002923,2025-10,Month-to-month,73.8,3,0
A002924,2025-10,Month-to-month,64.95,1,0
A002925,2025-10,Month-to-month,60.88,5,0
A002926,2025-10,Month-to-month,55.97,5,0
A002927,2025-10,Month-to-month,66.59,2,0
A002928,2025-10,Month-to-month,77.92,3,0
A002929,2025-10,Month-to-month,72.21,1,0
A002930,2025-10,Month-to-month,79.4,1,0
A002931,2025-10,Month-to-month,60.4,4,0
A002932,2025-10,Month-to-month,71.11,5,0
A002933,2025-10,Month-to-month,75.44,2,0
A002934,2025-10,Month-to-month,81.51,6,0
A002935,2025-10,Month-to-month,88.19,5,0
A002936,2025-10,Month-to-month,79.38,2,0
A002937,2025-10,Month-to-month,68.91,3,0
A002938,2025-10,Month-to-month,70.11,3,0
A002939,2025-10,Month-to-month,78.93,5,0
A002940,2025-10,Month-to-month,59.46,4,0
A002941,2025-10,Month-to-month,87.84,2,0
A002942,2025-10,Month-to-month,67.85,0,0
A002943,2025-10,Month-to-month,48.76,4,0
A002944,2025-10,Month-to-month,94.2,1,0
A002945,2025-10,Month-to-month,68.33,2,0
A002946,2025-10,Month-to-month,63.74,2,0
A002947,2025-10,Month-to-month,58.54,2,0
A002948,2025-10,Month-to-month,80.95,1,0
A002949,2025-10,Month-to-month,79.22,2,0
A002950,2025-10,Month-to-month,54.81,4,0
A002951,2025-10,Month-to-month,75.8,1,0
A002952,2025-10,Month-to-month,56.83,2,0
A002953,2025-10,Month-to-month,60.28,3,0
A002954,2025-10,Month-to-month,57.59,1,1
A002955,2025-10,Month-to-month,55.51,2,0
A002956,2025-10,Month-to-month,66.13,3,0
A002957,2025-10,Month-to-month,62.27,2,0
A002958,2025-10,Month-to-month,47.78,0,0
A002959,2025-10,Month-to-month,74.69,3,0
A002960,2025-10,Month-to-month,57.29,3,0
A002961,2025-10,Month-to-month,66.39,1,0
A002962,2025-10,Month-to-month,79.9,2,0
A002963,2025-10,Month-to-month,65.66,3,0
A002964,2025-10,Month-to-month,61.72,2,0
A002965,2025-10,Month-to-month,98.38,2,0
A002966,2025-10,Month-to-month,46.43,2,0
A002967,2025-10,Month-to-month,78.85,3,0
A002968,2025-10,Month-to-month,86.65,4,0
A002969,2025-10,Month-to-month,79.76,2,0
A002970,2025-10,Month-to-month,82.17,6,0
A002971,2025-10,Month-to-month,77.15,1,0
A002972,2025-10,Month-to-month,80.43,0,0
A002973,2025-10,Month-to-month,89.72,1,0
A002974,2025-10,Month-to-month,67.82,3,0
A002975,2025-10,Month-to-month,66.55,2,0
A002976,2025-10,Month-to-month,65.36,4,0
A002977,2025-10,Month-to-month,60.91,3,0
A002978,2025-10,Month-to-month,61.38,2,0
A002979,2025-10,Month-to-month,67.2,4,0
A002980,2025-10,Month-to-month,70.61,2,0
A002981,2025-10,Month-to-month,76.87,4,1
A002982,2025-10,Month-to-month,59.83,0,1
A002983,2025-10,Month-to-month,81.99,2,0
A002984,2025-10,Month-to-month,78.74,3,0
A002985,2025-10,Month-to-month,55.7,3,0
A002986,2025-10,Month-to-month,68.46,2,0
A002987,2025-10,Month-to-month,67.36,2,0
A002988,2025-10,Month-to-month,48.91,4,0
A002989,2025-10,Month-to-month,65.27,1,0
A002990,2025-10,Month-to-month,52.98,3,0
A002991,2025-10,Month-to-month,75.58,2,0
A002992,2025-10,Month-to-month,46.91,1,0
A002993,2025-10,Month-to-month,66.63,3,0
A002994,2025-10,Month-to-month,69.72,7,0
A002995,2025-10,Month-to-month,62.89,4,0
A002996,2025-10,Month-to-month,54.7,3,0
A002997,2025-10,Month-to-month,56.99,1,0
A002998,2025-10,Month-to-month,49.51,3,0
A002999,2025-10,Month-to-month,55.99,1,0
A003000,2025-10,Month-to-month,61.27,4,0
A003001,2025-10,Month-to-month,89.59,6,0
A003002,2025-10,Month-to-month,74.04,3,0
A003003,2025-10,Month-to-month,89.67,0,0
A003004,2025-10,Month-to-month,52.79,2,0
A003005,2025-10,Month-to-month,65.56,5,0
A003006,2025-10,Month-to-month,75.83,3,0
A003007,2025-10,Month-to-month,64.23,2,0
A003008,2025-10,Month-to-month,81.56,2,0
A003009,2025-10,Month-to-month,64.89,3,0
A003010,2025-10,Month-to-month,83.05,0,0
A003011,2025-10,Month-to-month,83.97,3,0
A003012,2025-10,Month-to-month,65.0,3,0
A003013,2025-10,Month-to-month,56.7,4,0
A003014,2025-10,Month-to-month,55.1,5,0
A003015,2025-10,Month-to-month,65.79,3,0
A003016,2025-10,Month-to-month,44.19,3,0
A003017,2025-10,Month-to-month,50.24,5,0
A003018,2025-10,Month-to-month,63.75,3,0
A003019,2025-10,Month-to-month,65.05,2,0
A003020,2025-10,Month-to-month,60.76,0,0
A003021,2025-10,Month-to-month,78.24,1,0
A003022,2025-10,Month-to-month,83.77,4,0
A003023,2025-10,Month-to-month,74.2,3,0
A003024,2025-10,Month-to-month,80.98,3,0
A003025,2025-10,Month-to-month,52.47,2,0
A003026,2025-10,Month-to-month,55.85,3,1
A003027,2025-10,Month-to-month,36.54,1,0
A003028,2025-10,Month-to-month,55.55,0,0
A003029,2025-10,Month-to-month,84.07,1,0
A003030,2025-10,Month-to-month,70.78,3,0
A003031,2025-10,Month-to-month,65.36,2,0
A003032,2025-10,Month-to-month,87.75,3,0
A003033,2025-10,Month-to-month,87.11,1,0
A003034,2025-10,Month-to-month,55.4,1,0
A003035,2025-10,Month-to-month,70.49,0,0
A003036,2025-10,Month-to-month,84.42,5,0
A003037,2025-10,Month-to-month,47.82,1,0
A003038,2025-10,Month-to-month,70.17,4,0
A003039,2025-10,Month-to-month,65.42,2,0
A003040,2025-10,Month-to-month,63.32,2,0
A003041,2025-10,Month-to-month,62.6,3,0
A003042,2025-10,Month-to-month,58.49,1,0
A003043,2025-10,Month-to-month,70.95,5,0
A003044,2025-10,Month-to-month,59.62,4,0
A003045,2025-10,Month-to-month,68.29,3,0
A003046,2025-10,Month-to-month,61.72,1,0
A003047,2025-10,Month-to-month,89.23,4,0
A003048,2025-10,Month-to-month,55.59,1,0
A003049,2025-10,Month-to-month,61.66,1,0
A003050,2025-10,Month-to-month,90.12,0,0
A003051,2025-10,Month-to-month,71.22,1,0
A003052,2025-10,Month-to-month,91.46,2,0
A003053,2025-10,Month-to-month,53.88,5,1
A003054,2025-10,Month-to-month,65.58,0,0
A003055,2025-10,Month-to-month,81.4,3,0
A003056,2025-10,Month-to-month,80.56,2,0
A003057,2025-10,Month-to-month,47.81,3,0
A003058,2025-10,Month-to-month,67.43,3,0
A003059,2025-10,Month-to-month,82.12,2,0
A003060,2025-10,Month-to-month,61.83,1,0
A003061,2025-10,Month-to-month,59.54,5,0
A003062,2025-10,Month-to-month,41.52,2,0
A003063,2025-10,Month-to-month,78.71,3,0
A003064,2025-10,Month-to-month,91.67,2,1
A003065,2025-10,Month-to-month,55.33,2,0
A003066,2025-10,Month-to-month,70.51,3,0
A003067,2025-10,Month-to-month,40.57,1,0
A003068,2025-10,Month-to-month,48.53,3,0
A003069,2025-10,Month-to-month,66.38,3,0
A003070,2025-10,Month-to-month,49.76,0,0
A003071,2025-10,Month-to-month,32.52,3,0
A003072,2025-10,Month-to-month,57.49,2,0
A003073,2025-10,Month-to-month,46.03,1,0
A003074,2025-10,Month-to-month,55.87,3,0
A003075,2025-10,Month-to-month,74.66,4,0
A003076,2025-10,Month-to-month,86.43,0,0
A003077,2025-10,Month-to-month,74.3,2,0
A003078,2025-10,Month-to-month,54.37,2,0
A003079,2025-10,Month-to-month,86.84,3,0
A003080,2025-10,Month-to-month,71.57,4,0
A003081,2025-10,Month-to-month,67.14,3,0
A003082,2025-10,Month-to-month,50.69,5,1
A003083,2025-10,Month-to-month,75.73,3,0
A003084,2025-10,Month-to-month,74.12,1,0
A003085,2025-10,Month-to-month,81.6,2,0
A003086,2025-10,Month-to-month,86.14,0,0
A003087,2025-10,Month-to-month,48.94,2,0
A003088,2025-10,Month-to-month,88.62,4,1
A003089,2025-10,Month-to-month,49.19,4,0
A003090,2025-10,Month-to-month,64.6,1,0
A003091,2025-10,Month-to-month,61.04,2,0
A003092,2025-10,Month-to-month,55.7,1,0
A003093,2025-10,Month-to-month,53.59,2,1
A003094,2025-10,Month-to-month,100.38,2,0
A003095,2025-10,Month-to-month,49.39,3,0
A003096,2025-10,Month-to-month,78.27,2,0
A003097,2025-10,Month-to-month,93.03,4,0
A003098,2025-10,Month-to-month,63.55,2,0
A003099,2025-10,Month-to-month,80.65,2,0
A003100,2025-10,Month-to-month,76.2,2,0
A003101,2025-10,Month-to-month,73.05,1,0
A003102,2025-10,Month-to-month,73.1,2,0
A003103,2025-10,Month-to-month,64.48,2,0
A003104,2025-10,Month-to-month,91.4,3,0
A003105,2025-10,Month-to-month,60.29,1,0
A003106,2025-10,Month-to-month,88.11,3,0
A003107,2025-10,Month-to-month,47.28,2,0
A003108,2025-10,Month-to-month,93.05,2,0
A003109,2025-10,Month-to-month,90.1,3,1
A003110,2025-10,Month-to-month,82.66,2,0
A003111,2025-10,Month-to-month,72.74,4,0
A003112,2025-10,Month-to-month,60.42,3,0
A003113,2025-10,Month-to-month,48.68,3,0
A003114,2025-10,Month-to-month,55.16,1,0
A003115,2025-10,Month-to-month,65.95,0,0
A003116,2025-10,Month-to-month,55.71,3,0
A003117,2025-10,Month-to-month,68.07,3,0
A003118,2025-10,Month-to-month,55.62,0,0
A003119,2025-10,Month-to-month,55.89,3,0
A003120,2025-10,Month-to-month,44.71,1,0
A003121,2025-10,Month-to-month,70.17,2,0
A003122,2025-10,Month-to-month,63.11,1,0
A003123,2025-10,Month-to-month,87.69,1,0
A003124,2025-10,Month-to-month,54.69,3,0
A003125,2025-10,Month-to-month,60.87,1,0
A003126,2025-10,Month-to-month,67.76,2,0
A003127,2025-10,Month-to-month,65.48,4,0
A003128,2025-10,Month-to-month,46.39,2,0
A003129,2025-10,Month-to-month,61.47,4,0
A003130,2025-10,Month-to-month,39.68,1,0
A003131,2025-10,Month-to-month,63.39,1,0
A003132,2025-10,Month-to-month,77.46,1,0
A003133,2025-10,Month-to-month,63.84,4,0
A003134,2025-10,Month-to-month,67.09,4,0
A003135,2025-10,Month-to-month,63.34,4,0
A003136,2025-10,Month-to-month,82.11,3,0
A003137,2025-10,Month-to-month,73.33,3,0
A003138,2025-10,Month-to-month,50.78,1,0
A003139,2025-10,Month-to-month,51.13,1,0
A003140,2025-10,Month-to-month,39.7,3,0
A003141,2025-10,Month-to-month,49.83,0,0
A003142,2025-10,Month-to-month,77.07,3,0
A003143,2025-10,Month-to-month,60.38,2,0
A003144,2025-10,Month-to-month,52.07,1,0
A003145,2025-10,Month-to-month,67.97,0,0
A003146,2025-10,Month-to-month,69.27,5,0
A003147,2025-10,Month-to-month,83.51,1,0
A003148,2025-10,Month-to-month,66.0,1,0
A003149,2025-10,Month-to-month,100.51,5,0
A003150,2025-10,Month-to-month,57.04,1,0
A003151,2025-10,Month-to-month,92.24,4,0
A003152,2025-10,Month-to-month,76.15,2,0
A003153,2025-10,Month-to-month,71.6,3,0
A003154,2025-10,Month-to-month,54.91,3,0
A003155,2025-10,Month-to-month,70.37,3,0
A003156,2025-10,Month-to-month,44.37,2,0
A003157,2025-10,Month-to-month,40.12,1,0
A003158,2025-10,Month-to-month,46.69,0,0
A003159,2025-10,Month-to-month,94.25,3,0
A003160,2025-10,Month-to-month,73.75,2,0
A003161,2025-10,Month-to-month,76.76,2,0
A003162,2025-10,Month-to-month,73.03,1,0
A003163,2025-10,Month-to-month,76.68,5,0
A003164,2025-10,Month-to-month,64.48,4,0
A003165,2025-10,Month-to-month,70.27,2,0
A003166,2025-10,Month-to-month,83.23,4,0
A003167,2025-10,Month-to-month,70.62,3,0
A003168,2025-10,Month-to-month,59.04,2,0
A003169,2025-10,Month-to-month,78.05,1,0
A003170,2025-10,Month-to-month,50.93,3,0
A003171,2025-10,Month-to-month,54.32,0,0
A003172,2025-10,Month-to-month,75.49,0,0
A003173,2025-10,Month-to-month,86.11,4,0
A003174,2025-10,Month-to-month,52.8,5,0
A003175,2025-10,Month-to-month,98.47,1,0
A003176,2025-10,Month-to-month,52.62,1,0
A003177,2025-10,Month-to-month,63.03,3,0
A003178,2025-10,Month-to-month,62.55,3,0
A003179,2025-10,Month-to-month,73.49,2,0
A003180,2025-10,Month-to-month,61.41,1,0
A003181,2025-10,Month-to-month,108.66,4,0
A003182,2025-10,Month-to-month,75.6,2,0
A003183,2025-10,Month-to-month,74.29,0,0
A003184,2025-10,Month-to-month,62.71,2,0
A003185,2025-10,Month-to-month,78.29,4,0
A003186,2025-10,Month-to-month,63.63,0,0
A003187,2025-10,Month-to-month,72.67,2,0
A003188,2025-10,Month-to-month,41.26,3,0
A003189,2025-10,Month-to-month,53.59,3,1
A003190,2025-10,Month-to-month,50.93,2,0
A003191,2025-10,Month-to-month,66.21,4,0
A003192,2025-10,Month-to-month,112.23,2,0
A003193,2025-10,Month-to-month,43.01,2,0
A003194,2025-10,Month-to-month,88.02,2,1
A003195,2025-10,Month-to-month,87.65,3,0
A003196,2025-10,Month-to-month,59.88,1,0
A003197,2025-10,Month-to-month,56.02,5,0
A003198,2025-10,Month-to-month,80.23,2,0
A003199,2025-10,Month-to-month,87.17,1,1
A003200,2025-10,Month-to-month,53.44,1,0
A003201,2025-10,One-year,70.72,1,0
A003202,2025-10,One-year,78.83,0,0
A003203,2025-10,One-year,91.62,4,0
A003204,2025-10,One-year,50.17,3,0
A003205,2025-10,One-year,90.01,1,0
A003206,2025-10,One-year,68.45,4,0
A003207,2025-10,One-year,53.14,4,0
A003208,2025-10,One-year,70.74,0,0
A003209,2025-10,One-year,81.18,0,0
A003210,2025-10,One-year,61.41,1,0
A003211,2025-10,One-year,39.91,1,0
A003212,2025-10,One-year,73.91,2,0
A003213,2025-10,One-year,49.38,2,0
A003214,2025-10,One-year,75.41,1,0
A003215,2025-10,One-year,70.5,0,0
A003216,2025-10,One-year,83.2,2,0
A003217,2025-10,One-year,70.84,1,0
A003218,2025-10,One-year,53.65,1,0
A003219,2025-10,One-year,74.93,2,0
A003220,2025-10,One-year,82.59,2,0
A003221,2025-10,One-year,75.19,1,0
A003222,2025-10,One-year,68.53,1,0
A003223,2025-10,One-year,75.79,0,1
A003224,2025-10,One-year,108.22,1,0
A003225,2025-10,One-year,58.97,1,0
A003226,2025-10,One-year,84.45,0,0
A003227,2025-10,One-year,105.97,4,0
A003228,2025-10,One-year,61.68,2,0
A003229,2025-10,One-year,68.83,0,0
A003230,2025-10,One-year,55.78,2,0
A003231,2025-10,One-year,83.43,0,0
A003232,2025-10,One-year,69.52,1,0
A003233,2025-10,One-year,100.72,2,0
A003234,2025-10,One-year,84.27,5,0
A003235,2025-10,One-year,91.42,0,0
A003236,2025-10,One-year,88.21,2,0
A003237,2025-10,One-year,62.24,1,0
A003238,2025-10,One-year,62.75,2,0
A003239,2025-10,One-year,46.61,0,0
A003240,2025-10,One-year,70.94,1,0
A003241,2025-10,One-year,73.93,2,0
A003242,2025-10,One-year,27.5,2,0
A003243,2025-10,One-year,62.92,0,0
A003244,2025-10,One-year,51.59,1,0
A003245,2025-10,One-year,86.94,0,0
A003246,2025-10,One-year,34.57,1,0
A003247,2025-10,One-year,72.77,1,0
A003248,2025-10,One-year,52.35,2,0
A003249,2025-10,One-year,73.82,3,0
A003250,2025-10,One-year,86.77,0,0
A003251,2025-10,One-year,85.76,1,0
A003252,2025-10,One-year,92.46,4,0
A003253,2025-10,One-year,52.7,0,0
A003254,2025-10,One-year,89.91,4,0
A003255,2025-10,One-year,59.11,2,0
A003256,2025-10,One-year,55.71,4,0
A003257,2025-10,One-year,83.21,2,0
A003258,2025-10,One-year,83.68,2,0
A003259,2025-10,One-year,91.05,1,0
A003260,2025-10,One-year,62.86,3,0
A003261,2025-10,One-year,58.46,1,0
A003262,2025-10,One-year,76.38,4,0
A003263,2025-10,One-year,63.3,3,0
A003264,2025-10,One-year,80.26,1,0
A003265,2025-10,One-year,76.06,1,0
A003266,2025-10,One-year,72.46,4,0
A003267,2025-10,One-year,65.98,1,0
A003268,2025-10,One-year,108.73,3,0
A003269,2025-10,One-year,62.44,1,0
A003270,2025-10,One-year,75.67,2,0
A003271,2025-10,One-year,63.71,1,0
A003272,2025-10,One-year,73.16,0,0
A003273,2025-10,One-year,85.99,3,0
A003274,2025-10,One-year,60.94,0,0
A003275,2025-10,One-year,60.24,1,0
A003276,2025-10,One-year,94.96,0,0
A003277,2025-10,One-year,91.9,2,0
A003278,2025-10,One-year,81.06,1,1
A003279,2025-10,One-year,73.52,2,0
A003280,2025-10,One-year,74.55,3,1
A003281,2025-10,One-year,90.03,0,0
A003282,2025-10,One-year,96.84,4,0
A003283,2025-10,One-year,94.52,4,0
A003284,2025-10,One-year,68.54,1,0
A003285,2025-10,One-year,92.64,3,0
A003286,2025-10,One-year,79.78,1,0
A003287,2025-10,One-year,69.45,2,0
A003288,2025-10,One-year,59.63,2,0
A003289,2025-10,One-year,60.42,0,0
A003290,2025-10,One-year,75.67,0,0
A003291,2025-10,One-year,56.27,4,0
A003292,2025-10,One-year,78.37,2,0
A003293,2025-10,One-year,77.36,2,1
A003294,2025-10,One-year,44.48,3,0
A003295,2025-10,One-year,71.54,0,0
A003296,2025-10,One-year,48.78,0,0
A003297,2025-10,One-year,68.01,1,0
A003298,2025-10,One-year,85.98,2,0
A003299,2025-10,One-year,75.8,3,0
A003300,2025-10,One-year,69.89,3,0
A003301,2025-10,One-year,68.29,2,0
A003302,2025-10,One-year,65.81,2,0
A003303,2025-10,One-year,79.37,2,1
A003304,2025-10,One-year,77.56,2,0
A003305,2025-10,One-year,94.35,0,0
A003306,2025-10,One-year,76.46,0,0
A003307,2025-10,One-year,57.23,1,0
A003308,2025-10,One-year,72.85,2,0
A003309,2025-10,One-year,62.83,0,0
A003310,2025-10,One-year,78.68,2,0
A003311,2025-10,One-year,65.87,4,0
A003312,2025-10,One-year,83.41,1,0
A003313,2025-10,One-year,100.9,1,0
A003314,2025-10,One-year,49.69,1,0
A003315,2025-10,One-year,73.44,0,0
A003316,2025-10,One-year,79.4,1,0
A003317,2025-10,One-year,80.27,2,0
A003318,2025-10,One-year,87.18,3,0
A003319,2025-10,One-year,67.71,2,0
A003320,2025-10,One-year,63.34,1,0
A003321,2025-10,One-year,84.4,2,0
A003322,2025-10,One-year,89.52,1,0
A003323,2025-10,One-year,84.1,2,0
A003324,2025-10,One-year,79.97,2,0
A003325,2025-10,One-year,57.91,0,0
A003326,2025-10,One-year,64.27,0,0
A003327,2025-10,One-year,93.47,2,0
A003328,2025-10,One-year,75.77,2,0
A003329,2025-10,One-year,94.66,2,0
A003330,2025-10,One-year,71.99,3,0
A003331,2025-10,One-year,80.01,0,0
A003332,2025-10,One-year,60.05,2,0
A003333,2025-10,One-year,82.32,3,0
A003334,2025-10,One-year,72.18,1,0
A003335,2025-10,One-year,66.27,2,0
A003336,2025-10,One-year,78.87,3,0
A003337,2025-10,One-year,102.07,2,0
A003338,2025-10,One-year,52.17,2,0
A003339,2025-10,One-year,79.08,1,0
A003340,2025-10,One-year,80.1,3,0
A003341,2025-10,One-year,63.7,0,0
A003342,2025-10,One-year,85.38,3,0
A003343,2025-10,One-year,88.11,3,0
A003344,2025-10,One-year,95.59,2,1
A003345,2025-10,One-year,81.6,0,0
A003346,2025-10,One-year,64.43,2,0
A003347,2025-10,One-year,94.95,0,0
A003348,2025-10,One-year,70.04,3,0
A003349,2025-10,One-year,95.11,0,0
A003350,2025-10,One-year,47.27,3,0
A003351,2025-10,One-year,78.35,3,0
A003352,2025-10,One-year,49.44,0,0
A003353,2025-10,One-year,51.2,0,0
A003354,2025-10,One-year,63.57,5,0
A003355,2025-10,One-year,58.83,1,0
A003356,2025-10,One-year,87.63,1,0
A003357,2025-10,One-year,82.82,0,0
A003358,2025-10,One-year,73.75,2,0
A003359,2025-10,One-year,62.57,2,0
A003360,2025-10,One-year,64.29,0,0
A003361,2025-10,One-year,38.72,3,0
A003362,2025-10,One-year,52.34,3,0
A003363,2025-10,One-year,67.35,0,0
A003364,2025-10,One-year,72.59,1,0
A003365,2025-10,One-year,63.83,0,0
A003366,2025-10,One-year,76.98,2,0
A003367,2025-10,One-year,78.53,5,0
A003368,2025-10,One-year,100.8,4,0
A003369,2025-10,One-year,84.29,1,0
A003370,2025-10,One-year,89.65,3,0
A003371,2025-10,One-year,91.35,3,0
A003372,2025-10,One-year,66.04,2,0
A003373,2025-10,One-year,107.11,4,0
A003374,2025-10,One-year,90.98,0,0
A003375,2025-10,One-year,76.42,2,0
A003376,2025-10,One-year,62.81,0,0
A003377,2025-10,One-year,84.14,2,0
A003378,2025-10,One-year,71.4,4,0
A003379,2025-10,One-year,71.52,0,0
A003380,2025-10,One-year,78.91,1,0
A003381,2025-10,One-year,86.19,5,0
A003382,2025-10,One-year,79.14,4,0
A003383,2025-10,One-year,67.2,2,0
A003384,2025-10,One-year,84.21,0,0
A003385,2025-10,One-year,70.19,1,0
A003386,2025-10,One-year,62.92,3,0
A003387,2025-10,One-year,73.63,2,0
A003388,2025-10,One-year,68.79,0,0
A003389,2025-10,One-year,58.78,3,0
A003390,2025-10,One-year,47.27,3,0
A003391,2025-10,One-year,78.98,2,0
A003392,2025-10,One-year,71.69,1,0
A003393,2025-10,One-year,67.73,1,0
A003394,2025-10,One-year,52.66,1,0
A003395,2025-10,One-year,73.22,0,0
A003396,2025-10,One-year,54.17,2,0
A003397,2025-10,One-year,92.66,2,0
A003398,2025-10,One-year,61.8,2,0
A003399,2025-10,One-year,71.7,1,0
A003400,2025-10,One-year,74.34,2,0
A003401,2025-10,One-year,81.37,1,0
A003402,2025-10,One-year,75.26,1,0
A003403,2025-10,One-year,73.31,2,0
A003404,2025-10,One-year,87.66,0,0
A003405,2025-10,One-year,76.86,2,0
A003406,2025-10,One-year,93.35,0,0
A003407,2025-10,One-year,67.37,3,0
A003408,2025-10,One-year,88.59,2,0
A003409,2025-10,One-year,107.68,2,0
A003410,2025-10,One-year,64.72,2,0
A003411,2025-10,One-year,81.91,0,0
A003412,2025-10,One-year,106.27,0,0
A003413,2025-10,One-year,57.95,1,0
A003414,2025-10,One-year,66.8,1,0
A003415,2025-10,One-year,73.28,3,0
A003416,2025-10,One-year,105.46,2,0
A003417,2025-10,One-year,68.47,1,0
A003418,2025-10,One-year,80.53,0,0
A003419,2025-10,One-year,51.14,0,0
A003420,2025-10,One-year,97.02,0,0
A003421,2025-10,One-year,80.57,3,0
A003422,2025-10,One-year,62.02,1,0
A003423,2025-10,One-year,74.8,3,0
A003424,2025-10,One-year,73.09,0,0
A003425,2025-10,One-year,84.63,3,0
A003426,2025-10,One-year,74.39,1,0
A003427,2025-10,One-year,89.87,2,0
A003428,2025-10,One-year,73.72,0,0
A003429,2025-10,One-year,89.96,2,0
A003430,2025-10,One-year,45.38,3,0
A003431,2025-10,One-year,79.82,3,0
A003432,2025-10,One-year,77.06,1,0
A003433,2025-10,One-year,63.88,1,0
A003434,2025-10,One-year,84.36,1,0
A003435,2025-10,One-year,54.7,0,0
A003436,2025-10,One-year,69.07,1,0
A003437,2025-10,One-year,68.81,1,0
A003438,2025-10,One-year,71.99,2,0
A003439,2025-10,One-year,92.86,3,0
A003440,2025-10,One-year,80.97,4,0
A003441,2025-10,One-year,89.79,2,0
A003442,2025-10,One-year,55.64,1,0
A003443,2025-10,One-year,70.71,0,0
A003444,2025-10,One-year,64.22,3,0
A003445,2025-10,One-year,63.81,3,0
A003446,2025-10,One-year,75.59,1,0
A003447,2025-10,One-year,37.59,2,0
A003448,2025-10,One-year,50.73,2,0
A003449,2025-10,One-year,64.74,0,0
A003450,2025-10,One-year,84.58,4,0
A003451,2025-10,One-year,83.73,1,0
A003452,2025-10,One-year,56.2,3,0
A003453,2025-10,One-year,82.2,0,0
A003454,2025-10,One-year,71.21,2,0
A003455,2025-10,One-year,78.19,1,0
A003456,2025-10,One-year,80.24,1,0
A003457,2025-10,One-year,47.81,0,0
A003458,2025-10,One-year,60.61,1,0
A003459,2025-10,One-year,91.9,3,0
A003460,2025-10,One-year,73.67,3,0
A003461,2025-10,One-year,72.6,2,0
A003462,2025-10,One-year,91.66,1,0
A003463,2025-10,One-year,69.07,1,0
A003464,2025-10,One-year,101.38,1,0
A003465,2025-10,One-year,72.26,0,0
A003466,2025-10,One-year,80.21,0,0
A003467,2025-10,One-year,73.43,1,0
A003468,2025-10,One-year,79.77,1,0
A003469,2025-10,One-year,65.91,3,0
A003470,2025-10,One-year,105.89,2,0
A003471,2025-10,One-year,107.68,2,0
A003472,2025-10,One-year,80.13,0,0
A003473,2025-10,One-year,69.16,0,0
A003474,2025-10,One-year,80.52,0,0
A003475,2025-10,One-year,79.65,3,0
A003476,2025-10,One-year,77.15,2,0
A003477,2025-10,One-year,67.63,0,0
A003478,2025-10,One-year,62.8,2,0
A003479,2025-10,One-year,62.27,1,0
A003480,2025-10,One-year,47.76,1,0
A003481,2025-10,One-year,94.0,1,0
A003482,2025-10,One-year,94.04,2,0
A003483,2025-10,One-year,63.48,1,0
A003484,2025-10,One-year,66.13,2,0
A003485,2025-10,One-year,76.13,0,0
A003486,2025-10,One-year,103.3,1,0
A003487,2025-10,One-year,69.72,0,0
A003488,2025-10,One-year,78.2,2,0
A003489,2025-10,One-year,82.7,3,0
A003490,2025-10,One-year,90.18,0,0
A003491,2025-10,One-year,84.01,0,0
A003492,2025-10,One-year,68.57,1,0
A003493,2025-10,One-year,84.59,2,0
A003494,2025-10,One-year,57.9,2,0
A003495,2025-10,One-year,64.0,3,0
A003496,2025-10,One-year,73.84,3,0
A003497,2025-10,One-year,85.48,2,0
A003498,2025-10,One-year,84.89,2,0
A003499,2025-10,One-year,93.51,1,0
A003500,2025-10,One-year,52.92,2,0
A003501,2025-10,One-year,79.14,2,1
A003502,2025-10,One-year,73.13,1,0
A003503,2025-10,One-year,68.22,2,0
A003504,2025-10,One-year,88.58,0,0
A003505,2025-10,One-year,90.64,1,0
A003506,2025-10,One-year,97.52,0,0
A003507,2025-10,One-year,109.95,2,0
A003508,2025-10,One-year,81.54,3,0
A003509,2025-10,One-year,72.5,0,0
A003510,2025-10,One-year,73.25,3,0
A003511,2025-10,One-year,73.41,2,0
A003512,2025-10,One-year,80.99,3,0
A003513,2025-10,One-year,86.2,0,0
A003514,2025-10,One-year,59.73,3,0
A003515,2025-10,One-year,84.63,2,0
A003516,2025-10,One-year,74.65,2,0
A003517,2025-10,One-year,67.51,2,0
A003518,2025-10,One-year,72.42,4,0
A003519,2025-10,One-year,78.8,0,0
A003520,2025-10,One-year,61.1,1,0
A003521,2025-10,One-year,79.5,0,0
A003522,2025-10,One-year,67.44,4,0
A003523,2025-10,One-year,83.46,4,0
A003524,2025-10,One-year,49.65,1,0
A003525,2025-10,One-year,42.25,2,0
A003526,2025-10,One-year,70.77,0,0
A003527,2025-10,One-year,69.96,3,0
A003528,2025-10,One-year,84.16,0,0
A003529,2025-10,One-year,60.14,2,0
A003530,2025-10,One-year,76.24,1,0
A003531,2025-10,One-year,78.83,0,0
A003532,2025-10,One-year,84.96,0,0
A003533,2025-10,One-year,83.73,3,1
A003534,2025-10,One-year,74.5,1,0
A003535,2025-10,One-year,53.59,0,0
A003536,2025-10,One-year,94.36,2,0
A003537,2025-10,One-year,62.05,0,0
A003538,2025-10,One-year,61.26,0,0
A003539,2025-10,One-year,66.46,2,0
A003540,2025-10,One-year,39.62,0,0
A003541,2025-10,One-year,50.12,1,0
A003542,2025-10,One-year,66.08,1,0
A003543,2025-10,One-year,79.05,1,0
A003544,2025-10,One-year,67.95,0,0
A003545,2025-10,One-year,75.53,2,0
A003546,2025-10,One-year,58.42,4,0
A003547,2025-10,One-year,61.61,4,0
A003548,2025-10,One-year,79.16,2,0
A003549,2025-10,One-year,77.74,3,0
A003550,2025-10,One-year,71.18,3,0
A003551,2025-10,One-year,71.52,3,0
A003552,2025-10,One-year,100.06,2,0
A003553,2025-10,One-year,69.09,2,0
A003554,2025-10,One-year,50.23,3,0
A003555,2025-10,One-year,76.09,1,0
A003556,2025-10,One-year,57.83,1,0
A003557,2025-10,One-year,74.46,4,0
A003558,2025-10,One-year,87.17,2,0
A003559,2025-10,One-year,63.71,0,0
A003560,2025-10,One-year,79.59,1,0
A003561,2025-10,One-year,90.79,5,0
A003562,2025-10,One-year,54.87,2,0
A003563,2025-10,One-year,80.83,2,0
A003564,2025-10,One-year,75.95,3,0
A003565,2025-10,One-year,51.29,5,0
A003566,2025-10,One-year,81.41,0,0
A003567,2025-10,One-year,72.79,2,0
A003568,2025-10,One-year,64.73,1,0
A003569,2025-10,One-year,77.74,1,0
A003570,2025-10,One-year,66.18,0,0
A003571,2025-10,One-year,82.68,4,0
A003572,2025-10,One-year,75.45,3,0
A003573,2025-10,One-year,72.2,1,0
A003574,2025-10,One-year,77.82,2,0
A003575,2025-10,One-year,71.07,2,0
A003576,2025-10,One-year,91.69,0,0
A003577,2025-10,One-year,63.43,3,0
A003578,2025-10,One-year,77.68,1,0
A003579,2025-10,One-year,81.29,1,0
A003580,2025-10,One-year,73.92,3,0
A003581,2025-10,One-year,68.73,3,0
A003582,2025-10,One-year,81.14,2,0
A003583,2025-10,One-year,90.31,0,0
A003584,2025-10,One-year,71.42,4,0
A003585,2025-10,One-year,59.04,0,0
A003586,2025-10,One-year,68.88,5,0
A003587,2025-10,One-year,56.21,4,0
A003588,2025-10,One-year,55.98,3,0
A003589,2025-10,One-year,61.08,1,0
A003590,2025-10,One-year,74.57,2,0
A003591,2025-10,One-year,79.11,4,0
A003592,2025-10,One-year,66.23,3,1
A003593,2025-10,One-year,65.01,3,0
A003594,2025-10,One-year,86.99,4,0
A003595,2025-10,One-year,86.02,2,0
A003596,2025-10,One-year,45.18,2,0
A003597,2025-10,One-year,61.13,3,0
A003598,2025-10,One-year,57.07,2,0
A003599,2025-10,One-year,81.61,3,0
A003600,2025-10,One-year,81.84,3,0
A003601,2025-10,One-year,62.24,3,0
A003602,2025-10,One-year,66.52,2,0
A003603,2025-10,One-year,51.32,3,0
A003604,2025-10,One-year,78.66,1,0
A003605,2025-10,One-year,78.06,3,0
A003606,2025-10,One-year,98.62,0,1
A003607,2025-10,One-year,56.85,0,0
A003608,2025-10,One-year,77.61,2,0
A003609,2025-10,One-year,50.82,0,0
A003610,2025-10,One-year,75.34,0,0
A003611,2025-10,One-year,50.82,1,0
A003612,2025-10,One-year,73.8,3,0
A003613,2025-10,One-year,80.48,2,0
A003614,2025-10,One-year,78.44,2,0
A003615,2025-10,One-year,88.43,0,0
A003616,2025-10,One-year,89.07,4,0
A003617,2025-10,One-year,94.42,2,0
A003618,2025-10,One-year,80.82,0,0
A003619,2025-10,One-year,85.85,0,0
A003620,2025-10,One-year,84.28,4,0
A003621,2025-10,One-year,53.2,1,0
A003622,2025-10,One-year,67.15,2,0
A003623,2025-10,One-year,78.87,0,0
A003624,2025-10,One-year,75.98,1,0
A003625,2025-10,One-year,76.49,1,0
A003626,2025-10,One-year,68.19,3,0
A003627,2025-10,One-year,74.18,3,0
A003628,2025-10,One-year,62.48,2,0
A003629,2025-10,One-year,69.04,1,0
A003630,2025-10,One-year,91.4,4,0
A003631,2025-10,Two-year,116.24,4,0
A003632,2025-10,Two-year,80.45,3,1
A003633,2025-10,Two-year,51.78,0,0
A003634,2025-10,Two-year,91.64,2,0
A003635,2025-10,Two-year,97.6,3,0
A003636,2025-10,Two-year,80.25,3,0
A003637,2025-10,Two-year,88.6,2,0
A003638,2025-10,Two-year,83.67,0,0
A003639,2025-10,Two-year,70.44,0,0
A003640,2025-10,Two-year,89.68,3,0
A003641,2025-10,Two-year,84.64,1,0
A003642,2025-10,Two-year,74.99,0,0
A003643,2025-10,Two-year,88.55,0,0
A003644,2025-10,Two-year,81.82,1,0
A003645,2025-10,Two-year,85.3,1,0
A003646,2025-10,Two-year,79.76,0,0
A003647,2025-10,Two-year,100.58,2,0
A003648,2025-10,Two-year,77.64,1,0
A003649,2025-10,Two-year,74.16,0,0
A003650,2025-10,Two-year,89.72,2,0
A003651,2025-10,Two-year,85.43,1,0
A003652,2025-10,Two-year,88.35,0,0
A003653,2025-10,Two-year,90.2,1,0
A003654,2025-10,Two-year,70.4,1,0
A003655,2025-10,Two-year,89.36,0,0
A003656,2025-10,Two-year,108.29,2,0
A003657,2025-10,Two-year,71.9,1,0
A003658,2025-10,Two-year,77.53,0,0
A003659,2025-10,Two-year,86.72,3,0
A003660,2025-10,Two-year,61.54,1,0
A003661,2025-10,Two-year,79.66,3,0
A003662,2025-10,Two-year,67.36,4,0
A003663,2025-10,Two-year,79.62,0,0
A003664,2025-10,Two-year,102.38,0,0
A003665,2025-10,Two-year,82.85,2,0
A003666,2025-10,Two-year,94.61,2,0
A003667,2025-10,Two-year,92.35,0,0
A003668,2025-10,Two-year,71.5,0,0
A003669,2025-10,Two-year,54.23,1,0
A003670,2025-10,Two-year,67.36,1,0
A003671,2025-10,Two-year,60.69,2,0
A003672,2025-10,Two-year,64.36,0,0
A003673,2025-10,Two-year,88.3,2,0
A003674,2025-10,Two-year,87.11,1,0
A003675,2025-10,Two-year,103.74,3,0
A003676,2025-10,Two-year,99.14,0,0
A003677,2025-10,Two-year,75.91,1,0
A003678,2025-10,Two-year,102.38,2,0
A003679,2025-10,Two-year,76.64,3,0
A003680,2025-10,Two-year,96.56,1,0
A003681,2025-10,Two-year,94.22,0,0
A003682,2025-10,Two-year,84.99,2,0
A003683,2025-10,Two-year,92.87,1,0
A003684,2025-10,Two-year,114.55,0,0
A003685,2025-10,Two-year,81.33,0,0
A003686,2025-10,Two-year,84.77,3,0
A003687,2025-10,Two-year,111.64,0,0
A003688,2025-10,Two-year,84.06,0,0
A003689,2025-10,Two-year,66.19,3,0
A003690,2025-10,Two-year,63.61,0,0
A003691,2025-10,Two-year,81.94,2,0
A003692,2025-10,Two-year,101.55,3,0
A003693,2025-10,Two-year,98.37,1,0
A003694,2025-10,Two-year,79.72,0,0
A003695,2025-10,Two-year,87.86,0,0
A003696,2025-10,Two-year,68.13,1,0
A003697,2025-10,Two-year,65.07,0,0
A003698,2025-10,Two-year,82.03,3,1
A003699,2025-10,Two-year,88.85,0,0
A003700,2025-10,Two-year,104.68,1,0
A003701,2025-10,Two-year,92.38,1,0
A003702,2025-10,Two-year,80.83,2,0
A003703,2025-10,Two-year,73.48,1,0
A003704,2025-10,Two-year,101.18,2,0
A003705,2025-10,Two-year,70.38,2,0
A003706,2025-10,Two-year,68.54,1,0
A003707,2025-10,Two-year,74.79,0,0
A003708,2025-10,Two-year,77.45,1,0
A003709,2025-10,Two-year,76.08,0,0
A003710,2025-10,Two-year,77.8,1,0
A003711,2025-10,Two-year,91.8,3,0
A003712,2025-10,Two-year,53.92,0,0
A003713,2025-10,Two-year,94.52,1,0
A003714,2025-10,Two-year,77.95,0,0
A003715,2025-10,Two-year,62.27,1,0
A003716,2025-10,Two-year,69.05,0,0
A003717,2025-10,Two-year,86.76,5,0
A003718,2025-10,Two-year,102.25,0,0
A003719,2025-10,Two-year,107.71,0,0
A003720,2025-10,Two-year,83.69,0,0
A003721,2025-10,Two-year,84.69,0,0
A003722,2025-10,Two-year,75.62,1,0
A003723,2025-10,Two-year,57.67,0,0
A003724,2025-10,Two-year,84.95,3,0
A003725,2025-10,Two-year,89.2,2,0
A003726,2025-10,Two-year,82.95,2,0
A003727,2025-10,Two-year,80.38,3,0
A003728,2025-10,Two-year,69.96,0,0
A003729,2025-10,Two-year,82.61,2,0
A003730,2025-10,Two-year,74.07,3,0
A003731,2025-10,Two-year,64.56,2,0
A003732,2025-10,Two-year,73.79,0,0
A003733,2025-10,Two-year,75.81,3,0
A003734,2025-10,Two-year,109.55,1,0
A003735,2025-10,Two-year,70.13,1,0
A003736,2025-10,Two-year,90.1,0,0
A003737,2025-10,Two-year,89.74,0,0
A003738,2025-10,Two-year,75.47,1,0
A003739,2025-10,Two-year,86.91,1,0
A003740,2025-10,Two-year,72.8,1,0
A003741,2025-10,Two-year,61.63,0,0
A003742,2025-10,Two-year,71.32,0,0
A003743,2025-10,Two-year,89.16,1,0
A003744,2025-10,Two-year,96.28,0,0
A003745,2025-10,Two-year,81.27,1,0
A003746,2025-10,Two-year,72.79,2,0
A003747,2025-10,Two-year,89.04,0,0
A003748,2025-10,Two-year,74.73,0,0
A003749,2025-10,Two-year,49.13,0,0
A003750,2025-10,Two-year,88.35,1,0
A003751,2025-10,Two-year,78.15,1,0
A003752,2025-10,Two-year,84.8,1,0
A003753,2025-10,Two-year,95.77,0,0
A003754,2025-10,Two-year,75.66,0,0
A003755,2025-10,Two-year,86.08,0,0
A003756,2025-10,Two-year,76.23,2,0
A003757,2025-10,Two-year,66.17,2,0
A003758,2025-10,Two-year,75.97,0,0
A003759,2025-10,Two-year,69.14,3,0
A003760,2025-10,Two-year,79.44,4,0
A003761,2025-10,Two-year,68.31,4,0
A003762,2025-10,Two-year,90.45,1,0
A003763,2025-10,Two-year,65.21,1,0
A003764,2025-10,Two-year,67.97,0,0
A003765,2025-10,Two-year,69.29,1,0
A003766,2025-10,Two-year,84.34,3,0
A003767,2025-10,Two-year,97.12,3,0
A003768,2025-10,Two-year,100.88,0,0
A003769,2025-10,Two-year,69.59,1,0
A003770,2025-10,Two-year,69.99,2,0
A003771,2025-10,Two-year,83.79,3,0
A003772,2025-10,Two-year,66.54,2,0
A003773,2025-10,Two-year,70.76,3,0
A003774,2025-10,Two-year,94.98,1,0
A003775,2025-10,Two-year,78.52,2,0
A003776,2025-10,Two-year,82.21,0,0
A003777,2025-10,Two-year,67.25,3,0
A003778,2025-10,Two-year,94.62,4,0
A003779,2025-10,Two-year,58.47,0,0
A003780,2025-10,Two-year,116.85,1,0
A003781,2025-10,Two-year,94.83,0,0
A003782,2025-10,Two-year,87.04,4,0
A003783,2025-10,Two-year,84.15,1,0
A003784,2025-10,Two-year,81.47,2,0
A003785,2025-10,Two-year,113.08,3,0
A003786,2025-10,Two-year,89.68,2,0
A003787,2025-10,Two-year,87.42,2,0
A003788,2025-10,Two-year,100.45,0,0
A003789,2025-10,Two-year,64.86,2,0
A003790,2025-10,Two-year,91.7,2,0
A003791,2025-10,Two-year,64.89,1,0
A003792,2025-10,Two-year,72.12,4,0
A003793,2025-10,Two-year,52.25,1,0
A003794,2025-10,Two-year,84.26,3,0
A003795,2025-10,Two-year,122.25,0,0
A003796,2025-10,Two-year,63.19,1,0
A003797,2025-10,Two-year,75.17,0,0
A003798,2025-10,Two-year,78.78,2,0
A003799,2025-10,Two-year,96.9,3,0
A003800,2025-10,Two-year,104.35,2,0
A003801,2025-10,Two-year,52.95,0,1
A003802,2025-10,Two-year,82.35,0,0
A003803,2025-10,Two-year,61.84,1,0
A003804,2025-10,Two-year,82.24,2,0
A003805,2025-10,Two-year,72.7,1,0
A003806,2025-10,Two-year,61.84,0,0
A003807,2025-10,Two-year,91.65,2,0
A003808,2025-10,Two-year,73.86,1,0
A003809,2025-10,Two-year,99.42,2,0
A003810,2025-10,Two-year,91.45,1,0
A003811,2025-10,Two-year,67.11,0,0
A003812,2025-10,Two-year,63.44,1,0
A003813,2025-10,Two-year,107.97,0,0
A003814,2025-10,Two-year,101.86,0,0
A003815,2025-10,Two-year,98.37,2,0
A003816,2025-10,Two-year,86.17,1,0
A003817,2025-10,Two-year,91.87,0,0
A003818,2025-10,Two-year,68.49,2,0
A003819,2025-10,Two-year,76.59,1,0
A003820,2025-10,Two-year,63.02,2,0
A003821,2025-10,Two-year,71.4,0,0
A003822,2025-10,Two-year,52.33,1,0
A003823,2025-10,Two-year,75.36,0,0
A003824,2025-10,Two-year,75.82,1,0
A003825,2025-10,Two-year,93.89,3,0
A003826,2025-10,Two-year,79.35,1,0
A003827,2025-10,Two-year,78.13,0,0
A003828,2025-10,Two-year,76.88,2,0
A003829,2025-10,Two-year,72.67,2,0
A003830,2025-10,Two-year,76.41,0,0
A003831,2025-10,Two-year,68.77,1,0
A003832,2025-10,Two-year,87.08,0,1
A003833,2025-10,Two-year,97.55,1,0
A003834,2025-10,Two-year,77.91,3,0
A003835,2025-10,Two-year,59.86,0,0
A003836,2025-10,Two-year,59.27,3,0
A003837,2025-10,Two-year,101.05,0,0
A003838,2025-10,Two-year,69.13,2,0
A003839,2025-10,Two-year,56.69,1,0
A003840,2025-10,Two-year,64.29,2,0
A003841,2025-10,Two-year,90.95,0,0
A003842,2025-10,Two-year,92.91,3,0
A003843,2025-10,Two-year,98.4,1,0
A003844,2025-10,Two-year,126.34,0,0
A003845,2025-10,Two-year,77.22,0,0
A003846,2025-10,Two-year,85.75,1,0
A003847,2025-10,Two-year,89.73,1,0
A003848,2025-10,Two-year,82.02,0,0
A003849,2025-10,Two-year,93.14,1,0
A003850,2025-10,Two-year,83.85,0,0
A003851,2025-10,Two-year,81.58,1,0
A003852,2025-10,Two-year,85.74,2,0
A003853,2025-10,Two-year,73.38,1,0
A003854,2025-10,Two-year,68.87,2,0
A003855,2025-10,Two-year,70.35,1,0
A003856,2025-10,Two-year,78.46,4,0
A003857,2025-10,Two-year,80.92,3,0
A003858,2025-10,Two-year,77.33,1,0
A003859,2025-10,Two-year,82.88,0,0
A003860,2025-10,Two-year,94.97,3,1
A003861,2025-10,Two-year,82.72,0,0
A003862,2025-10,Two-year,101.49,1,0
A003863,2025-10,Two-year,84.1,1,0
A003864,2025-10,Two-year,71.19,3,0
A003865,2025-10,Two-year,86.65,0,0
A003866,2025-10,Two-year,70.88,1,0
A003867,2025-10,Two-year,72.45,0,0
A003868,2025-10,Two-year,79.39,0,0
A003869,2025-10,Two-year,110.44,2,0
A003870,2025-10,Two-year,76.82,1,0
A003871,2025-10,Two-year,75.03,0,0
A003872,2025-10,Two-year,83.6,3,0
A003873,2025-10,Two-year,61.18,0,0
A003874,2025-10,Two-year,77.0,0,0
A003875,2025-10,Two-year,92.44,3,0
A003876,2025-10,Two-year,86.43,2,0
A003877,2025-10,Two-year,76.77,0,0
A003878,2025-10,Two-year,85.9,0,0
A003879,2025-10,Two-year,84.64,0,0
A003880,2025-10,Two-year,42.22,2,0
A003881,2025-10,Two-year,59.62,0,0
A003882,2025-10,Two-year,91.35,1,0
A003883,2025-10,Two-year,97.78,0,0
A003884,2025-10,Two-year,71.23,0,0
A003885,2025-10,Two-year,77.0,0,0
A003886,2025-10,Two-year,80.42,1,0
A003887,2025-10,Two-year,78.79,1,0
A003888,2025-10,Two-year,70.26,1,0
A003889,2025-10,Two-year,72.69,1,0
A003890,2025-10,Two-year,69.54,0,0
A003891,2025-10,Two-year,94.16,1,0
A003892,2025-10,Two-year,90.18,1,0
A003893,2025-10,Two-year,73.23,3,0
A003894,2025-10,Two-year,87.63,0,0
A003895,2025-10,Two-year,93.57,3,0
A003896,2025-10,Two-year,93.3,2,0
A003897,2025-10,Two-year,89.27,0,0
A003898,2025-10,Two-year,67.15,0,0
A003899,2025-10,Two-year,83.61,4,0
A003900,2025-10,Two-year,81.33,0,0
A003901,2025-10,Two-year,84.68,1,0
A003902,2025-10,Two-year,72.86,1,0
A003903,2025-10,Two-year,78.55,0,0
A003904,2025-10,Two-year,84.18,2,0
A003905,2025-10,Two-year,83.06,0,0
A003906,2025-10,Two-year,65.0,0,0
A003907,2025-10,Two-year,95.2,6,0
A003908,2025-10,Two-year,87.78,0,0
A003909,2025-10,Two-year,85.34,0,0
A003910,2025-10,Two-year,83.2,1,0
A003911,2025-10,Two-year,96.73,0,0
A003912,2025-10,Two-year,84.1,1,0
A003913,2025-10,Two-year,72.46,1,0
A003914,2025-10,Two-year,89.27,0,0
A003915,2025-10,Two-year,109.13,1,0
A003916,2025-10,Two-year,99.03,0,0
A003917,2025-10,Two-year,100.46,2,0
A003918,2025-10,Two-year,119.76,0,0
A003919,2025-10,Two-year,82.18,0,0
A003920,2025-10,Two-year,76.1,0,0
A003921,2025-10,Two-year,85.8,1,0
A003922,2025-10,Two-year,74.82,0,0
A003923,2025-10,Two-year,89.31,2,0
A003924,2025-10,Two-year,86.92,0,0
A003925,2025-10,Two-year,92.35,3,0
A003926,2025-10,Two-year,95.29,3,0
A003927,2025-10,Two-year,104.35,0,0
A003928,2025-10,Two-year,76.96,3,0
A003929,2025-10,Two-year,71.25,3,0
A003930,2025-10,Two-year,90.85,1,0
A003931,2025-10,Two-year,64.54,3,0
A003932,2025-10,Two-year,108.86,1,0
A003933,2025-10,Two-year,67.17,0,0
A003934,2025-10,Two-year,82.89,0,0
A003935,2025-10,Two-year,87.48,0,0
A003936,2025-10,Two-year,96.01,1,0
A003937,2025-10,Two-year,83.48,2,0
A003938,2025-10,Two-year,78.14,0,0
A003939,2025-10,Two-year,78.43,1,0
A003940,2025-10,Two-year,108.56,1,0
A003941,2025-10,Two-year,76.86,1,0
A003942,2025-10,Two-year,90.39,1,0
A003943,2025-10,Two-year,55.13,1,0
A003944,2025-10,Two-year,78.94,0,0
A003945,2025-10,Two-year,59.45,2,0
A003946,2025-10,Two-year,71.78,0,0
A003947,2025-10,Two-year,84.84,3,0
A003948,2025-10,Two-year,98.79,0,0
A003949,2025-10,Two-year,78.74,2,0
A003950,2025-10,Two-year,90.28,2,0
A003951,2025-10,Two-year,75.33,2,0
A003952,2025-10,Two-year,67.14,1,0
A003953,2025-10,Two-year,73.24,1,0
A003954,2025-10,Two-year,82.02,0,0
A003955,2025-10,Two-year,68.59,0,0
A003956,2025-10,Two-year,89.0,2,0
A003957,2025-10,Two-year,83.18,3,0
A003958,2025-10,Two-year,86.1,2,0
A003959,2025-10,Two-year,71.25,2,0
A003960,2025-10,Two-year,98.81,2,0
A003961,2025-10,Two-year,107.39,1,0
A003962,2025-10,Two-year,79.53,1,0
A003963,2025-10,Two-year,61.84,0,0
A003964,2025-10,Two-year,74.53,2,0
A003965,2025-10,Two-year,97.62,0,0
A003966,2025-10,Two-year,77.72,1,0
A003967,2025-10,Two-year,46.86,0,0
A003968,2025-10,Two-year,58.32,1,0
A003969,2025-10,Two-year,97.97,0,0
A003970,2025-10,Two-year,68.57,2,0
A003971,2025-10,Two-year,87.41,1,0
A003972,2025-10,Two-year,69.07,0,0
A003973,2025-10,Two-year,91.21,0,0
A003974,2025-10,Two-year,92.7,0,0
A003975,2025-10,Two-year,81.82,4,0
A003976,2025-10,Two-year,67.95,3,0
A003977,2025-10,Two-year,64.3,0,0
A003978,2025-10,Two-year,78.59,0,0
A003979,2025-10,Two-year,58.66,1,0
A003980,2025-10,Two-year,69.97,0,0
A003981,2025-10,Two-year,77.89,2,0
A003982,2025-10,Two-year,90.44,3,0
A003983,2025-10,Two-year,80.79,2,0
A003984,2025-10,Two-year,70.44,1,0
A003985,2025-10,Two-year,89.95,0,0
A003986,2025-10,Two-year,88.15,2,0
A003987,2025-10,Two-year,81.58,1,0
A003988,2025-10,Two-year,67.47,0,0
A003989,2025-10,Two-year,75.07,1,0
A003990,2025-10,Two-year,75.53,0,0
A003991,2025-10,Two-year,60.37,2,0
A003992,2025-10,Two-year,72.77,0,0
A003993,2025-10,Two-year,71.69,0,0
A003994,2025-10,Two-year,97.92,0,0
A003995,2025-10,Two-year,89.78,4,0
A003996,2025-10,Two-year,101.39,1,0
A003997,2025-10,Two-year,74.02,0,0
A003998,2025-10,Two-year,69.13,1,0
A003999,2025-10,Two-year,102.42,1,0
A004000,2025-10,Two-year,77.94,0,0
A004001,2025-10,Two-year,80.05,0,0
A004002,2025-10,Two-year,99.81,2,0
A004003,2025-10,Two-year,84.19,0,0
A004004,2025-10,Two-year,79.18,2,0
A004005,2025-10,Two-year,62.53,1,0
A004006,2025-10,Two-year,64.44,1,0
A004007,2025-10,Two-year,106.98,3,0
A004008,2025-10,Two-year,93.42,2,0
A004009,2025-10,Two-year,70.43,2,0
A004010,2025-10,Two-year,73.56,1,0
A004011,2025-10,Two-year,70.15,2,0
A004012,2025-10,Two-year,78.22,0,0
A004013,2025-10,Two-year,91.37,1,0
A004014,2025-10,Two-year,100.79,1,0
A004015,2025-10,Two-year,70.39,1,0
A004016,2025-10,Two-year,58.99,5,0
A004017,2025-10,Two-year,87.0,0,0
A004018,2025-10,Two-year,75.86,0,0
A004019,2025-10,Two-year,93.74,0,0
A004020,2025-10,Two-year,85.19,4,0
A004021,2025-11,Month-to-month,74.25,3,0
A004022,2025-11,Month-to-month,62.73,2,0
A004023,2025-11,Month-to-month,68.19,5,1
A004024,2025-11,Month-to-month,62.24,2,0
A004025,2025-11,Month-to-month,66.85,3,0
A004026,2025-11,Month-to-month,70.19,1,0
A004027,2025-11,Month-to-month,90.21,1,0
A004028,2025-11,Month-to-month,71.61,2,0
A004029,2025-11,Month-to-month,70.12,0,0
A004030,2025-11,Month-to-month,67.72,3,0
A004031,2025-11,Month-to-month,58.82,3,0
A004032,2025-11,Month-to-month,92.81,3,0
A004033,2025-11,Month-to-month,67.9,0,0
A004034,2025-11,Month-to-month,49.4,3,0
A004035,2025-11,Month-to-month,74.64,1,0
A004036,2025-11,Month-to-month,69.03,4,0
A004037,2025-11,Month-to-month,63.32,0,0
A004038,2025-11,Month-to-month,59.56,2,0
A004039,2025-11,Month-to-month,70.23,6,0
A004040,2025-11,Month-to-month,70.27,0,0
A004041,2025-11,Month-to-month,83.79,3,0
A004042,2025-11,Month-to-month,42.7,2,0
A004043,2025-11,Month-to-month,36.48,4,0
A004044,2025-11,Month-to-month,100.29,1,0
A004045,2025-11,Month-to-month,60.58,1,0
A004046,2025-11,Month-to-month,75.92,4,0
A004047,2025-11,Month-to-month,73.18,1,0
A004048,2025-11,Month-to-month,46.53,2,0
A004049,2025-11,Month-to-month,69.47,2,0
A004050,2025-11,Month-to-month,49.36,2,0
A004051,2025-11,Month-to-month,76.18,2,0
A004052,2025-11,Month-to-month,81.81,4,0
A004053,2025-11,Month-to-month,65.85,3,0
A004054,2025-11,Month-to-month,58.39,3,0
A004055,2025-11,Month-to-month,89.26,0,0
A004056,2025-11,Month-to-month,71.76,4,0
A004057,2025-11,Month-to-month,74.08,3,0
A004058,2025-11,Month-to-month,76.08,0,0
A004059,2025-11,Month-to-month,67.66,2,0
A004060,2025-11,Month-to-month,48.38,1,0
A004061,2025-11,Month-to-month,70.23,1,0
A004062,2025-11,Month-to-month,70.05,3,0
A004063,2025-11,Month-to-month,65.03,2,0
A004064,2025-11,Month-to-month,39.94,2,0
A004065,2025-11,Month-to-month,86.7,3,0
A004066,2025-11,Month-to-month,49.2,3,0
A004067,2025-11,Month-to-month,59.91,4,0
A004068,2025-11,Month-to-month,63.75,0,0
A004069,2025-11,Month-to-month,78.47,2,0
A004070,2025-11,Month-to-month,57.29,2,0
A004071,2025-11,Month-to-month,63.89,2,0
A004072,2025-11,Month-to-month,66.48,4,0
A004073,2025-11,Month-to-month,75.62,2,0
A004074,2025-11,Month-to-month,46.82,4,0
A004075,2025-11,Month-to-month,67.11,1,0
A004076,2025-11,Month-to-month,93.18,4,0
A004077,2025-11,Month-to-month,76.79,2,0
A004078,2025-11,Month-to-month,81.14,2,0
A004079,2025-11,Month-to-month,74.37,6,0
A004080,2025-11,Month-to-month,55.74,3,0
A004081,2025-11,Month-to-month,54.25,1,0
A004082,2025-11,Month-to-month,74.51,0,0
A004083,2025-11,Month-to-month,61.93,0,0
A004084,2025-11,Month-to-month,61.66,3,0
A004085,2025-11,Month-to-month,61.44,0,0
A004086,2025-11,Month-to-month,76.85,3,0
A004087,2025-11,Month-to-month,67.91,3,0
A004088,2025-11,Month-to-month,41.66,4,0
A004089,2025-11,Month-to-month,64.06,1,1
A004090,2025-11,Month-to-month,57.2,2,0
A004091,2025-11,Month-to-month,48.11,0,0
A004092,2025-11,Month-to-month,90.75,4,0
A004093,2025-11,Month-to-month,73.19,3,0
A004094,2025-11,Month-to-month,66.86,5,0
A004095,2025-11,Month-to-month,69.65,3,0
A004096,2025-11,Month-to-month,76.38,4,0
A004097,2025-11,Month-to-month,38.19,3,0
A004098,2025-11,Month-to-month,77.6,2,0
A004099,2025-11,Month-to-month,61.29,3,0
A004100,2025-11,Month-to-month,52.19,2,0
A004101,2025-11,Month-to-month,79.68,2,0
A004102,2025-11,Month-to-month,75.36,5,0
A004103,2025-11,Month-to-month,77.81,1,0
A004104,2025-11,Month-to-month,78.43,5,0
A004105,2025-11,Month-to-month,61.35,1,0
A004106,2025-11,Month-to-month,69.5,6,0
A004107,2025-11,Month-to-month,80.13,3,0
A004108,2025-11,Month-to-month,52.49,2,1
A004109,2025-11,Month-to-month,43.14,3,0
A004110,2025-11,Month-to-month,64.29,4,0
A004111,2025-11,Month-to-month,89.21,3,0
A004112,2025-11,Month-to-month,73.41,5,1
A004113,2025-11,Month-to-month,58.16,5,1
A004114,2025-11,Month-to-month,73.69,2,0
A004115,2025-11,Month-to-month,72.19,4,0
A004116,2025-11,Month-to-month,43.35,2,0
A004117,2025-11,Month-to-month,87.6,0,0
A004118,2025-11,Month-to-month,72.09,2,1
A004119,2025-11,Month-to-month,76.1,6,0
A004120,2025-11,Month-to-month,53.44,4,0
A004121,2025-11,Month-to-month,70.88,4,0
A004122,2025-11,Month-to-month,73.37,4,0
A004123,2025-11,Month-to-month,84.54,3,0
A004124,2025-11,Month-to-month,64.38,2,0
A004125,2025-11,Month-to-month,65.66,2,0
A004126,2025-11,Month-to-month,65.12,2,0
A004127,2025-11,Month-to-month,111.7,2,0
A004128,2025-11,Month-to-month,69.39,1,0
A004129,2025-11,Month-to-month,82.04,3,0
A004130,2025-11,Month-to-month,50.73,3,0
A004131,2025-11,Month-to-month,67.38,2,0
A004132,2025-11,Month-to-month,49.46,1,0
A004133,2025-11,Month-to-month,63.74,3,1
A004134,2025-11,Month-to-month,67.06,2,0
A004135,2025-11,Month-to-month,73.99,2,0
A004136,2025-11,Month-to-month,76.69,2,0
A004137,2025-11,Month-to-month,75.06,4,0
A004138,2025-11,Month-to-month,61.46,2,0
A004139,2025-11,Month-to-month,89.41,3,0
A004140,2025-11,Month-to-month,59.31,4,0
A004141,2025-11,Month-to-month,87.51,3,0
A004142,2025-11,Month-to-month,42.0,3,0
A004143,2025-11,Month-to-month,77.47,3,0
A004144,2025-11,Month-to-month,86.4,3,0
A004145,2025-11,Month-to-month,64.34,0,0
A004146,2025-11,Month-to-month,64.93,1,0
A004147,2025-11,Month-to-month,74.29,1,1
A004148,2025-11,Month-to-month,74.49,3,0
A004149,2025-11,Month-to-month,56.87,1,0
A004150,2025-11,Month-to-month,103.54,3,0
A004151,2025-11,Month-to-month,84.02,3,0
A004152,2025-11,Month-to-month,68.85,0,0
A004153,2025-11,Month-to-month,84.79,0,0
A004154,2025-11,Month-to-month,53.77,0,0
A004155,2025-11,Month-to-month,57.0,2,0
A004156,2025-11,Month-to-month,63.65,5,0
A004157,2025-11,Month-to-month,52.45,2,0
A004158,2025-11,Month-to-month,88.79,1,0
A004159,2025-11,Month-to-month,69.67,4,0
A004160,2025-11,Month-to-month,45.49,4,0
A004161,2025-11,Month-to-month,69.64,4,0
A004162,2025-11,Month-to-month,64.97,0,0
A004163,2025-11,Month-to-month,63.87,4,0
A004164,2025-11,Month-to-month,79.54,3,0
A004165,2025-11,Month-to-month,57.8,3,1
A004166,2025-11,Month-to-month,58.55,1,0
A004167,2025-11,Month-to-month,84.06,1,0
A004168,2025-11,Month-to-month,79.33,1,0
A004169,2025-11,Month-to-month,59.63,3,0
A004170,2025-11,Month-to-month,75.0,2,0
A004171,2025-11,Month-to-month,83.83,2,0
A004172,2025-11,Month-to-month,71.1,3,0
A004173,2025-11,Month-to-month,72.13,2,0
A004174,2025-11,Month-to-month,78.39,6,0
A004175,2025-11,Month-to-month,50.71,1,0
A004176,2025-11,Month-to-month,95.16,1,0
A004177,2025-11,Month-to-month,73.37,2,0
A004178,2025-11,Month-to-month,57.44,1,0
A004179,2025-11,Month-to-month,71.19,4,0
A004180,2025-11,Month-to-month,79.01,3,0
A004181,2025-11,Month-to-month,43.08,1,0
A004182,2025-11,Month-to-month,89.92,1,0
A004183,2025-11,Month-to-month,75.71,4,0
A004184,2025-11,Month-to-month,84.78,1,0
A004185,2025-11,Month-to-month,103.05,1,0
A004186,2025-11,Month-to-month,73.94,5,0
A004187,2025-11,Month-to-month,84.91,3,0
A004188,2025-11,Month-to-month,50.55,1,0
A004189,2025-11,Month-to-month,62.09,2,0
A004190,2025-11,Month-to-month,80.25,2,0
A004191,2025-11,Month-to-month,87.56,1,0
A004192,2025-11,Month-to-month,66.97,5,0
A004193,2025-11,Month-to-month,60.62,3,0
A004194,2025-11,Month-to-month,78.99,3,0
A004195,2025-11,Month-to-month,69.4,2,0
A004196,2025-11,Month-to-month,84.9,3,0
A004197,2025-11,Month-to-month,63.11,4,0
A004198,2025-11,Month-to-month,64.87,4,0
A004199,2025-11,Month-to-month,63.22,5,0
A004200,2025-11,Month-to-month,51.77,1,0
A004201,2025-11,Month-to-month,46.23,2,0
A004202,2025-11,Month-to-month,40.62,4,0
A004203,2025-11,Month-to-month,56.15,0,0
A004204,2025-11,Month-to-month,97.66,4,0
A004205,2025-11,Month-to-month,56.42,5,0
A004206,2025-11,Month-to-month,45.02,2,0
A004207,2025-11,Month-to-month,71.72,0,0
A004208,2025-11,Month-to-month,64.25,4,0
A004209,2025-11,Month-to-month,85.92,4,0
A004210,2025-11,Month-to-month,73.21,1,0
A004211,2025-11,Month-to-month,72.68,3,0
A004212,2025-11,Month-to-month,72.72,4,0
A004213,2025-11,Month-to-month,73.26,1,0
A004214,2025-11,Month-to-month,43.92,3,0
A004215,2025-11,Month-to-month,70.61,3,0
A004216,2025-11,Month-to-month,90.67,2,1
A004217,2025-11,Month-to-month,86.17,5,0
A004218,2025-11,Month-to-month,75.73,2,0
A004219,2025-11,Month-to-month,58.08,0,0
A004220,2025-11,Month-to-month,62.38,4,0
A004221,2025-11,Month-to-month,63.93,1,0
A004222,2025-11,Month-to-month,65.21,1,0
A004223,2025-11,Month-to-month,54.2,2,0
A004224,2025-11,Month-to-month,77.3,5,1
A004225,2025-11,Month-to-month,63.68,0,0
A004226,2025-11,Month-to-month,70.37,3,0
A004227,2025-11,Month-to-month,62.46,2,0
A004228,2025-11,Month-to-month,58.48,4,0
A004229,2025-11,Month-to-month,80.16,2,0
A004230,2025-11,Month-to-month,56.04,3,0
A004231,2025-11,Month-to-month,91.5,4,0
A004232,2025-11,Month-to-month,72.51,3,0
A004233,2025-11,Month-to-month,65.28,3,0
A004234,2025-11,Month-to-month,56.86,2,0
A004235,2025-11,Month-to-month,78.29,3,0
A004236,2025-11,Month-to-month,50.48,2,1
A004237,2025-11,Month-to-month,57.36,3,0
A004238,2025-11,Month-to-month,73.73,3,0
A004239,2025-11,Month-to-month,66.63,3,0
A004240,2025-11,Month-to-month,85.68,4,0
A004241,2025-11,Month-to-month,36.99,2,0
A004242,2025-11,Month-to-month,92.19,2,0
A004243,2025-11,Month-to-month,61.86,2,0
A004244,2025-11,Month-to-month,54.5,1,0
A004245,2025-11,Month-to-month,72.69,4,0
A004246,2025-11,Month-to-month,68.71,2,0
A004247,2025-11,Month-to-month,92.44,6,0
A004248,2025-11,Month-to-month,75.46,5,1
A004249,2025-11,Month-to-month,65.24,3,0
A004250,2025-11,Month-to-month,66.54,1,0
A004251,2025-11,Month-to-month,97.85,3,0
A004252,2025-11,Month-to-month,54.71,3,1
A004253,2025-11,Month-to-month,52.48,3,0
A004254,2025-11,Month-to-month,72.37,2,0
A004255,2025-11,Month-to-month,82.29,1,0
A004256,2025-11,Month-to-month,54.32,1,0
A004257,2025-11,Month-to-month,63.5,2,0
A004258,2025-11,Month-to-month,42.49,3,0
A004259,2025-11,Month-to-month,47.17,0,0
A004260,2025-11,Month-to-month,64.26,5,1
A004261,2025-11,Month-to-month,62.33,2,0
A004262,2025-11,Month-to-month,73.49,0,0
A004263,2025-11,Month-to-month,48.93,2,0
A004264,2025-11,Month-to-month,74.98,1,0
A004265,2025-11,Month-to-month,49.07,4,0
A004266,2025-11,Month-to-month,81.01,2,0
A004267,2025-11,Month-to-month,81.08,3,0
A004268,2025-11,Month-to-month,67.23,4,0
A004269,2025-11,Month-to-month,66.33,1,0
A004270,2025-11,Month-to-month,45.47,3,0
A004271,2025-11,Month-to-month,51.78,3,0
A004272,2025-11,Month-to-month,42.28,1,0
A004273,2025-11,Month-to-month,52.26,3,0
A004274,2025-11,Month-to-month,57.44,4,1
A004275,2025-11,Month-to-month,63.91,3,0
A004276,2025-11,Month-to-month,36.38,0,0
A004277,2025-11,Month-to-month,57.5,3,0
A004278,2025-11,Month-to-month,68.18,2,0
A004279,2025-11,Month-to-month,82.9,4,0
A004280,2025-11,Month-to-month,50.62,0,0
A004281,2025-11,Month-to-month,73.02,4,0
A004282,2025-11,Month-to-month,87.48,3,0
A004283,2025-11,Month-to-month,80.89,2,0
A004284,2025-11,Month-to-month,49.12,2,0
A004285,2025-11,Month-to-month,57.58,4,0
A004286,2025-11,Month-to-month,85.08,4,0
A004287,2025-11,Month-to-month,79.7,4,0
A004288,2025-11,Month-to-month,48.89,5,0
A004289,2025-11,Month-to-month,64.96,2,0
A004290,2025-11,Month-to-month,47.66,5,0
A004291,2025-11,Month-to-month,59.99,4,0
A004292,2025-11,Month-to-month,64.25,1,0
A004293,2025-11,Month-to-month,70.03,3,0
A004294,2025-11,Month-to-month,68.32,1,0
A004295,2025-11,Month-to-month,58.79,3,0
A004296,2025-11,Month-to-month,76.03,3,0
A004297,2025-11,Month-to-month,35.54,2,0
A004298,2025-11,Month-to-month,91.73,4,0
A004299,2025-11,Month-to-month,66.15,3,0
A004300,2025-11,Month-to-month,77.36,4,0
A004301,2025-11,Month-to-month,71.65,0,0
A004302,2025-11,Month-to-month,70.06,2,0
A004303,2025-11,Month-to-month,63.82,2,0
A004304,2025-11,Month-to-month,54.41,1,0
A004305,2025-11,Month-to-month,70.99,3,0
A004306,2025-11,Month-to-month,74.06,3,0
A004307,2025-11,Month-to-month,62.26,5,0
A004308,2025-11,Month-to-month,70.67,3,0
A004309,2025-11,Month-to-month,67.38,5,0
A004310,2025-11,Month-to-month,76.47,3,0
A004311,2025-11,Month-to-month,45.59,2,0
A004312,2025-11,Month-to-month,67.25,2,0
A004313,2025-11,Month-to-month,50.43,1,0
A004314,2025-11,Month-to-month,48.75,3,0
A004315,2025-11,Month-to-month,58.02,3,0
A004316,2025-11,Month-to-month,60.68,1,0
A004317,2025-11,Month-to-month,59.89,1,0
A004318,2025-11,Month-to-month,70.59,0,0
A004319,2025-11,Month-to-month,66.77,0,0
A004320,2025-11,Month-to-month,46.58,2,0
A004321,2025-11,Month-to-month,58.63,2,1
A004322,2025-11,Month-to-month,66.66,1,0
A004323,2025-11,Month-to-month,89.26,1,0
A004324,2025-11,Month-to-month,50.14,4,0
A004325,2025-11,Month-to-month,84.8,4,0
A004326,2025-11,Month-to-month,91.59,1,0
A004327,2025-11,Month-to-month,80.26,4,0
A004328,2025-11,Month-to-month,73.27,5,0
A004329,2025-11,Month-to-month,56.13,2,0
A004330,2025-11,Month-to-month,45.09,3,0
A004331,2025-11,Month-to-month,56.21,2,0
A004332,2025-11,Month-to-month,64.89,1,0
A004333,2025-11,Month-to-month,98.12,3,0
A004334,2025-11,Month-to-month,70.49,2,0
A004335,2025-11,Month-to-month,73.1,2,0
A004336,2025-11,Month-to-month,75.46,2,0
A004337,2025-11,Month-to-month,50.73,5,0
A004338,2025-11,Month-to-month,64.55,2,0
A004339,2025-11,Month-to-month,87.53,6,0
A004340,2025-11,Month-to-month,57.57,1,0
A004341,2025-11,Month-to-month,71.44,3,0
A004342,2025-11,Month-to-month,72.14,3,0
A004343,2025-11,Month-to-month,49.64,1,0
A004344,2025-11,Month-to-month,63.39,0,0
A004345,2025-11,Month-to-month,64.45,1,0
A004346,2025-11,Month-to-month,82.79,2,0
A004347,2025-11,Month-to-month,90.85,1,0
A004348,2025-11,Month-to-month,46.14,2,0
A004349,2025-11,Month-to-month,68.57,1,0
A004350,2025-11,Month-to-month,77.51,3,0
A004351,2025-11,Month-to-month,62.27,3,0
A004352,2025-11,Month-to-month,67.92,5,0
A004353,2025-11,Month-to-month,81.28,2,0
A004354,2025-11,Month-to-month,79.93,3,0
A004355,2025-11,Month-to-month,83.52,3,1
A004356,2025-11,Month-to-month,49.7,3,0
A004357,2025-11,Month-to-month,56.92,0,0
A004358,2025-11,Month-to-month,71.48,3,0
A004359,2025-11,Month-to-month,69.34,1,0
A004360,2025-11,Month-to-month,77.58,3,0
A004361,2025-11,Month-to-month,42.71,5,0
A004362,2025-11,Month-to-month,75.78,3,0
A004363,2025-11,Month-to-month,86.27,1,0
A004364,2025-11,Month-to-month,48.17,3,0
A004365,2025-11,Month-to-month,71.68,2,0
A004366,2025-11,Month-to-month,69.8,3,0
A004367,2025-11,Month-to-month,69.92,1,0
A004368,2025-11,Month-to-month,78.68,3,0
A004369,2025-11,Month-to-month,69.14,0,0
A004370,2025-11,Month-to-month,76.01,2,1
A004371,2025-11,Month-to-month,68.61,2,0
A004372,2025-11,Month-to-month,61.97,0,0
A004373,2025-11,Month-to-month,54.66,1,0
A004374,2025-11,Month-to-month,43.73,1,0
A004375,2025-11,Month-to-month,46.34,2,0
A004376,2025-11,Month-to-month,60.01,0,0
A004377,2025-11,Month-to-month,47.79,4,0
A004378,2025-11,Month-to-month,63.84,0,0
A004379,2025-11,Month-to-month,74.28,3,1
A004380,2025-11,Month-to-month,93.77,1,0
A004381,2025-11,Month-to-month,48.53,4,0
A004382,2025-11,Month-to-month,72.55,2,1
A004383,2025-11,Month-to-month,53.98,2,0
A004384,2025-11,Month-to-month,66.52,0,0
A004385,2025-11,Month-to-month,87.93,3,0
A004386,2025-11,Month-to-month,70.68,3,0
A004387,2025-11,Month-to-month,69.65,2,0
A004388,2025-11,Month-to-month,103.05,3,0
A004389,2025-11,Month-to-month,83.61,2,0
A004390,2025-11,Month-to-month,63.28,1,0
A004391,2025-11,Month-to-month,61.18,5,0
A004392,2025-11,Month-to-month,64.82,3,0
A004393,2025-11,Month-to-month,68.25,3,0
A004394,2025-11,Month-to-month,70.11,1,0
A004395,2025-11,Month-to-month,81.67,5,0
A004396,2025-11,Month-to-month,65.85,2,0
A004397,2025-11,Month-to-month,74.2,3,0
A004398,2025-11,Month-to-month,66.18,1,0
A004399,2025-11,Month-to-month,52.31,3,0
A004400,2025-11,Month-to-month,60.15,3,0
A004401,2025-11,Month-to-month,72.61,2,0
A004402,2025-11,Month-to-month,72.15,1,0
A004403,2025-11,Month-to-month,35.97,1,0
A004404,2025-11,Month-to-month,80.57,2,0
A004405,2025-11,Month-to-month,89.05,1,0
A004406,2025-11,Month-to-month,81.03,4,0
A004407,2025-11,Month-to-month,80.34,3,0
A004408,2025-11,Month-to-month,51.93,1,0
A004409,2025-11,Month-to-month,63.28,2,0
A004410,2025-11,Month-to-month,44.84,5,0
A004411,2025-11,Month-to-month,59.64,1,0
A004412,2025-11,Month-to-month,78.15,5,0
A004413,2025-11,Month-to-month,78.14,2,0
A004414,2025-11,Month-to-month,63.61,2,0
A004415,2025-11,Month-to-month,83.86,1,0
A004416,2025-11,Month-to-month,78.4,3,0
A004417,2025-11,Month-to-month,70.11,5,0
A004418,2025-11,Month-to-month,69.41,4,0
A004419,2025-11,Month-to-month,51.32,0,0
A004420,2025-11,Month-to-month,51.63,4,0
A004421,2025-11,Month-to-month,74.96,3,0
A004422,2025-11,Month-to-month,81.81,2,0
A004423,2025-11,Month-to-month,47.13,2,0
A004424,2025-11,Month-to-month,63.6,3,0
A004425,2025-11,Month-to-month,57.48,1,0
A004426,2025-11,Month-to-month,54.0,1,0
A004427,2025-11,Month-to-month,83.79,0,0
A004428,2025-11,Month-to-month,63.37,4,0
A004429,2025-11,Month-to-month,80.3,1,0
A004430,2025-11,Month-to-month,64.88,3,0
A004431,2025-11,Month-to-month,52.11,2,0
A004432,2025-11,Month-to-month,80.6,4,0
A004433,2025-11,Month-to-month,40.96,5,0
A004434,2025-11,Month-to-month,82.83,3,0
A004435,2025-11,Month-to-month,68.72,2,0
A004436,2025-11,Month-to-month,49.66,4,0
A004437,2025-11,Month-to-month,56.69,5,0
A004438,2025-11,Month-to-month,64.56,3,0
A004439,2025-11,Month-to-month,83.39,5,0
A004440,2025-11,Month-to-month,66.77,0,0
A004441,2025-11,Month-to-month,61.37,4,0
A004442,2025-11,Month-to-month,66.41,4,0
A004443,2025-11,Month-to-month,92.89,5,0
A004444,2025-11,Month-to-month,60.61,4,0
A004445,2025-11,Month-to-month,51.3,2,0
A004446,2025-11,Month-to-month,85.73,2,0
A004447,2025-11,Month-to-month,91.1,5,0
A004448,2025-11,Month-to-month,49.88,0,0
A004449,2025-11,Month-to-month,82.37,4,0
A004450,2025-11,Month-to-month,80.29,2,0
A004451,2025-11,Month-to-month,36.19,2,0
A004452,2025-11,Month-to-month,53.86,3,0
A004453,2025-11,Month-to-month,64.78,1,0
A004454,2025-11,Month-to-month,62.61,4,0
A004455,2025-11,Month-to-month,80.79,1,0
A004456,2025-11,Month-to-month,60.85,2,0
A004457,2025-11,Month-to-month,64.62,2,0
A004458,2025-11,Month-to-month,97.97,2,0
A004459,2025-11,Month-to-month,79.7,1,0
A004460,2025-11,Month-to-month,64.9,2,0
A004461,2025-11,Month-to-month,54.87,3,0
A004462,2025-11,Month-to-month,74.98,1,0
A004463,2025-11,Month-to-month,65.19,4,0
A004464,2025-11,Month-to-month,79.17,2,0
A004465,2025-11,Month-to-month,79.83,2,0
A004466,2025-11,Month-to-month,79.55,2,0
A004467,2025-11,Month-to-month,45.24,1,0
A004468,2025-11,Month-to-month,86.23,4,0
A004469,2025-11,Month-to-month,63.94,4,0
A004470,2025-11,Month-to-month,86.43,0,0
A004471,2025-11,Month-to-month,53.3,3,0
A004472,2025-11,Month-to-month,73.1,2,0
A004473,2025-11,Month-to-month,66.83,6,0
A004474,2025-11,Month-to-month,42.52,2,0
A004475,2025-11,Month-to-month,50.15,0,0
A004476,2025-11,Month-to-month,62.86,4,0
A004477,2025-11,Month-to-month,56.79,1,0
A004478,2025-11,Month-to-month,75.33,4,1
A004479,2025-11,Month-to-month,71.73,1,0
A004480,2025-11,Month-to-month,77.33,2,0
A004481,2025-11,Month-to-month,40.62,1,0
A004482,2025-11,Month-to-month,59.47,1,0
A004483,2025-11,Month-to-month,56.41,1,0
A004484,2025-11,Month-to-month,70.82,3,0
A004485,2025-11,Month-to-month,57.44,3,1
A004486,2025-11,Month-to-month,53.4,3,0
A004487,2025-11,Month-to-month,54.64,3,0
A004488,2025-11,Month-to-month,61.79,3,0
A004489,2025-11,Month-to-month,53.62,3,0
A004490,2025-11,Month-to-month,66.52,3,0
A004491,2025-11,Month-to-month,59.25,3,0
A004492,2025-11,Month-to-month,81.91,3,0
A004493,2025-11,Month-to-month,79.93,0,0
A004494,2025-11,Month-to-month,91.71,3,0
A004495,2025-11,Month-to-month,86.55,4,0
A004496,2025-11,Month-to-month,60.65,3,1
A004497,2025-11,Month-to-month,59.85,3,0
A004498,2025-11,Month-to-month,73.53,2,0
A004499,2025-11,Month-to-month,58.51,1,0
A004500,2025-11,Month-to-month,68.03,2,0
A004501,2025-11,Month-to-month,68.2,3,0
A004502,2025-11,Month-to-month,73.44,0,0
A004503,2025-11,Month-to-month,78.44,2,0
A004504,2025-11,Month-to-month,51.45,2,0
A004505,2025-11,Month-to-month,76.4,2,0
A004506,2025-11,Month-to-month,77.09,2,0
A004507,2025-11,Month-to-month,50.49,1,0
A004508,2025-11,Month-to-month,52.11,0,0
A004509,2025-11,Month-to-month,39.03,4,0
A004510,2025-11,Month-to-month,88.62,3,0
A004511,2025-11,Month-to-month,45.41,3,0
A004512,2025-11,Month-to-month,79.19,2,0
A004513,2025-11,Month-to-month,76.02,2,0
A004514,2025-11,Month-to-month,39.84,3,0
A004515,2025-11,Month-to-month,43.37,4,0
A004516,2025-11,Month-to-month,66.13,3,0
A004517,2025-11,Month-to-month,57.14,4,0
A004518,2025-11,Month-to-month,68.82,0,0
A004519,2025-11,Month-to-month,61.47,3,1
A004520,2025-11,Month-to-month,75.04,2,0
A004521,2025-11,Month-to-month,62.43,4,0
A004522,2025-11,Month-to-month,59.2,4,0
A004523,2025-11,Month-to-month,85.95,3,1
A004524,2025-11,Month-to-month,55.91,1,0
A004525,2025-11,Month-to-month,65.94,4,0
A004526,2025-11,Month-to-month,49.08,1,0
A004527,2025-11,Month-to-month,39.81,1,1
A004528,2025-11,Month-to-month,65.85,4,0
A004529,2025-11,Month-to-month,70.62,3,0
A004530,2025-11,Month-to-month,43.19,0,0
A004531,2025-11,Month-to-month,88.81,5,0
A004532,2025-11,Month-to-month,69.97,3,1
A004533,2025-11,Month-to-month,70.23,1,0
A004534,2025-11,Month-to-month,64.36,4,0
A004535,2025-11,Month-to-month,74.04,3,1
A004536,2025-11,Month-to-month,60.74,1,0
A004537,2025-11,Month-to-month,66.54,1,0
A004538,2025-11,Month-to-month,50.1,2,0
A004539,2025-11,Month-to-month,67.91,2,0
A004540,2025-11,Month-to-month,81.13,2,0
A004541,2025-11,One-year,74.96,0,0
A004542,2025-11,One-year,64.37,1,0
A004543,2025-11,One-year,93.89,2,0
A004544,2025-11,One-year,66.66,3,0
A004545,2025-11,One-year,50.4,3,0
A004546,2025-11,One-year,81.43,3,0
A004547,2025-11,One-year,73.77,1,0
A004548,2025-11,One-year,78.93,2,0
A004549,2025-11,One-year,79.83,0,1
A004550,2025-11,One-year,82.26,0,0
A004551,2025-11,One-year,68.47,3,0
A004552,2025-11,One-year,68.75,1,0
A004553,2025-11,One-year,94.29,0,0
A004554,2025-11,One-year,56.04,2,0
A004555,2025-11,One-year,71.5,2,1
A004556,2025-11,One-year,61.08,2,0
A004557,2025-11,One-year,70.4,2,0
A004558,2025-11,One-year,84.92,1,0
A004559,2025-11,One-year,71.08,0,0
A004560,2025-11,One-year,35.57,2,0
A004561,2025-11,One-year,74.89,0,0
A004562,2025-11,One-year,39.9,1,0
A004563,2025-11,One-year,86.82,1,0
A004564,2025-11,One-year,69.92,3,0
A004565,2025-11,One-year,95.29,2,0
A004566,2025-11,One-year,61.97,2,0
A004567,2025-11,One-year,47.2,1,0
A004568,2025-11,One-year,66.78,3,0
A004569,2025-11,One-year,68.55,4,0
A004570,2025-11,One-year,66.91,2,0
A004571,2025-11,One-year,99.81,1,0
A004572,2025-11,One-year,96.82,4,0
A004573,2025-11,One-year,81.11,2,0
A004574,2025-11,One-year,62.05,1,0
A004575,2025-11,One-year,67.86,1,0
A004576,2025-11,One-year,85.96,3,0
A004577,2025-11,One-year,86.16,0,0
A004578,2025-11,One-year,57.35,4,0
A004579,2025-11,One-year,76.13,1,0
A004580,2025-11,One-year,90.6,5,0
A004581,2025-11,One-year,61.18,0,0
A004582,2025-11,One-year,71.43,2,0
A004583,2025-11,One-year,87.89,2,0
A004584,2025-11,One-year,78.49,1,0
A004585,2025-11,One-year,61.91,2,1
A004586,2025-11,One-year,87.17,2,0
A004587,2025-11,One-year,75.47,0,0
A004588,2025-11,One-year,58.36,1,0
A004589,2025-11,One-year,59.92,1,0
A004590,2025-11,One-year,98.84,1,0
A004591,2025-11,One-year,83.1,4,0
A004592,2025-11,One-year,71.11,4,0
A004593,2025-11,One-year,77.72,3,0
A004594,2025-11,One-year,101.09,2,0
A004595,2025-11,One-year,44.39,1,0
A004596,2025-11,One-year,79.77,2,0
A004597,2025-11,One-year,79.84,3,0
A004598,2025-11,One-year,93.38,3,0
A004599,2025-11,One-year,52.04,0,0
A004600,2025-11,One-year,73.29,0,0
A004601,2025-11,One-year,78.21,2,0
A004602,2025-11,One-year,73.69,3,0
A004603,2025-11,One-year,75.55,2,0
A004604,2025-11,One-year,68.03,0,0
A004605,2025-11,One-year,84.29,0,0
A004606,2025-11,One-year,70.3,3,0
A004607,2025-11,One-year,88.05,2,0
A004608,2025-11,One-year,63.71,1,0
A004609,2025-11,One-year,72.39,0,0
A004610,2025-11,One-year,95.03,3,0
A004611,2025-11,One-year,71.98,1,0
A004612,2025-11,One-year,75.96,2,0
A004613,2025-11,One-year,56.04,1,0
A004614,2025-11,One-year,70.52,2,0
A004615,2025-11,One-year,80.28,3,0
A004616,2025-11,One-year,66.13,0,0
A004617,2025-11,One-year,70.23,1,0
A004618,2025-11,One-year,62.02,1,0
A004619,2025-11,One-year,66.62,0,0
A004620,2025-11,One-year,64.19,2,0
A004621,2025-11,One-year,69.95,4,0
A004622,2025-11,One-year,47.77,0,0
A004623,2025-11,One-year,51.91,1,0
A004624,2025-11,One-year,86.32,2,0
A004625,2025-11,One-year,62.51,1,0
A004626,2025-11,One-year,72.41,1,0
A004627,2025-11,One-year,78.41,0,0
A004628,2025-11,One-year,95.96,2,0
A004629,2025-11,One-year,78.07,3,0
A004630,2025-11,One-year,79.75,0,0
A004631,2025-11,One-year,37.41,4,0
A004632,2025-11,One-year,81.99,1,0
A004633,2025-11,One-year,55.44,1,0
A004634,2025-11,One-year,82.76,0,0
A004635,2025-11,One-year,102.99,0,0
A004636,2025-11,One-year,95.52,2,0
A004637,2025-11,One-year,71.78,2,0
A004638,2025-11,One-year,70.87,2,0
A004639,2025-11,One-year,111.46,2,0
A004640,2025-11,One-year,76.33,1,0
A004641,2025-11,One-year,72.78,2,0
A004642,2025-11,One-year,66.97,1,0
A004643,2025-11,One-year,62.72,2,0
A004644,2025-11,One-year,85.18,1,0
A004645,2025-11,One-year,71.11,2,0
A004646,2025-11,One-year,63.18,0,0
A004647,2025-11,One-year,86.14,1,0
A004648,2025-11,One-year,45.5,0,0
A004649,2025-11,One-year,76.03,0,0
A004650,2025-11,One-year,48.38,2,0
A004651,2025-11,One-year,61.67,4,0
A004652,2025-11,One-year,74.18,1,0
A004653,2025-11,One-year,75.41,0,0
A004654,2025-11,One-year,69.14,3,0
A004655,2025-11,One-year,76.35,4,0
A004656,2025-11,One-year,68.49,0,0
A004657,2025-11,One-year,41.55,1,0
A004658,2025-11,One-year,86.72,3,0
A004659,2025-11,One-year,94.49,0,0
A004660,2025-11,One-year,97.89,4,0
A004661,2025-11,One-year,59.17,2,0
A004662,2025-11,One-year,59.76,1,0
A004663,2025-11,One-year,81.83,5,0
A004664,2025-11,One-year,92.9,2,0
A004665,2025-11,One-year,69.73,2,0
A004666,2025-11,One-year,89.5,4,0
A004667,2025-11,One-year,45.94,1,0
A004668,2025-11,One-year,64.69,0,0
A004669,2025-11,One-year,66.46,2,0
A004670,2025-11,One-year,88.25,2,0
A004671,2025-11,One-year,60.71,2,0
A004672,2025-11,One-year,79.28,2,0
A004673,2025-11,One-year,77.66,1,0
A004674,2025-11,One-year,83.99,0,0
A004675,2025-11,One-year,74.05,3,0
A004676,2025-11,One-year,74.64,1,0
A004677,2025-11,One-year,102.42,0,0
A004678,2025-11,One-year,92.46,3,0
A004679,2025-11,One-year,87.38,1,0
A004680,2025-11,One-year,81.44,1,0
A004681,2025-11,One-year,75.55,0,0
A004682,2025-11,One-year,63.63,2,0
A004683,2025-11,One-year,66.87,0,0
A004684,2025-11,One-year,68.99,1,0
A004685,2025-11,One-year,102.25,0,0
A004686,2025-11,One-year,68.87,0,0
A004687,2025-11,One-year,71.68,2,0
A004688,2025-11,One-year,92.08,0,0
A004689,2025-11,One-year,68.3,4,0
A004690,2025-11,One-year,92.33,3,0
A004691,2025-11,One-year,84.52,1,0
A004692,2025-11,One-year,113.12,4,0
A004693,2025-11,One-year,55.28,0,0
A004694,2025-11,One-year,64.82,2,0
A004695,2025-11,One-year,49.7,0,0
A004696,2025-11,One-year,83.43,2,0
A004697,2025-11,One-year,82.91,2,0
A004698,2025-11,One-year,98.6,2,0
A004699,2025-11,One-year,81.75,3,0
A004700,2025-11,One-year,77.18,2,0
A004701,2025-11,One-year,66.75,0,0
A004702,2025-11,One-year,61.54,2,0
A004703,2025-11,One-year,75.88,1,0
A004704,2025-11,One-year,64.22,3,1
A004705,2025-11,One-year,80.26,1,0
A004706,2025-11,One-year,56.72,0,0
A004707,2025-11,One-year,72.16,0,0
A004708,2025-11,One-year,95.79,3,0
A004709,2025-11,One-year,68.49,1,0
A004710,2025-11,One-year,64.51,2,0
A004711,2025-11,One-year,74.37,0,0
A004712,2025-11,One-year,67.46,1,0
A004713,2025-11,One-year,62.94,0,0
A004714,2025-11,One-year,72.09,2,0
A004715,2025-11,One-year,101.23,0,0
A004716,2025-11,One-year,61.1,0,0
A004717,2025-11,One-year,61.04,0,0
A004718,2025-11,One-year,65.6,2,0
A004719,2025-11,One-year,69.79,2,1
A004720,2025-11,One-year,86.48,2,0
A004721,2025-11,One-year,77.15,3,0
A004722,2025-11,One-year,57.79,1,0
A004723,2025-11,One-year,59.82,1,0
A004724,2025-11,One-year,94.54,0,0
A004725,2025-11,One-year,71.98,0,0
A004726,2025-11,One-year,94.21,1,0
A004727,2025-11,One-year,87.8,1,0
A004728,2025-11,One-year,46.91,1,0
A004729,2025-11,One-year,71.61,1,0
A004730,2025-11,One-year,81.45,0,0
A004731,2025-11,One-year,75.67,3,0
A004732,2025-11,One-year,89.63,4,0
A004733,2025-11,One-year,68.76,2,0
A004734,2025-11,One-year,106.45,2,0
A004735,2025-11,One-year,80.51,2,0
A004736,2025-11,One-year,67.53,1,0
A004737,2025-11,One-year,84.61,2,0
A004738,2025-11,One-year,74.72,2,0
A004739,2025-11,One-year,72.74,0,0
A004740,2025-11,One-year,72.16,3,0
A004741,2025-11,One-year,72.5,0,0
A004742,2025-11,One-year,61.01,1,1
A004743,2025-11,One-year,81.25,2,0
A004744,2025-11,One-year,71.83,2,0
A004745,2025-11,One-year,71.09,0,0
A004746,2025-11,One-year,73.58,2,0
A004747,2025-11,One-year,57.47,2,0
A004748,2025-11,One-year,61.87,1,0
A004749,2025-11,One-year,66.4,0,0
A004750,2025-11,One-year,58.31,0,0
A004751,2025-11,One-year,84.75,2,0
A004752,2025-11,One-year,51.17,1,0
A004753,2025-11,One-year,92.33,1,0
A004754,2025-11,One-year,97.7,3,0
A004755,2025-11,One-year,83.13,3,0
A004756,2025-11,One-year,83.87,0,0
A004757,2025-11,One-year,85.07,2,1
A004758,2025-11,One-year,67.06,1,0
A004759,2025-11,One-year,75.65,2,0
A004760,2025-11,One-year,52.34,2,0
A004761,2025-11,One-year,64.92,2,0
A004762,2025-11,One-year,47.21,2,0
A004763,2025-11,One-year,65.35,1,0
A004764,2025-11,One-year,83.19,2,0
A004765,2025-11,One-year,42.0,3,0
A004766,2025-11,One-year,65.36,3,0
A004767,2025-11,One-year,75.44,0,0
A004768,2025-11,One-year,87.2,0,0
A004769,2025-11,One-year,59.36,0,0
A004770,2025-11,One-year,93.5,0,0
A004771,2025-11,One-year,91.44,2,0
A004772,2025-11,One-year,58.58,0,0
A004773,2025-11,One-year,72.17,2,0
A004774,2025-11,One-year,87.08,3,0
A004775,2025-11,One-year,88.39,2,0
A004776,2025-11,One-year,94.41,1,0
A004777,2025-11,One-year,42.06,3,0
A004778,2025-11,One-year,61.02,2,0
A004779,2025-11,One-year,77.47,1,0
A004780,2025-11,One-year,75.17,4,0
A004781,2025-11,One-year,80.28,1,0
A004782,2025-11,One-year,87.6,1,0
A004783,2025-11,One-year,65.39,2,0
A004784,2025-11,One-year,49.31,3,0
A004785,2025-11,One-year,99.47,4,0
A004786,2025-11,One-year,58.73,2,0
A004787,2025-11,One-year,68.79,1,0
A004788,2025-11,One-year,75.75,3,0
A004789,2025-11,One-year,90.76,2,0
A004790,2025-11,One-year,56.5,1,0
A004791,2025-11,One-year,77.09,2,0
A004792,2025-11,One-year,34.3,1,0
A004793,2025-11,One-year,58.07,1,0
A004794,2025-11,One-year,68.28,4,0
A004795,2025-11,One-year,74.05,2,0
A004796,2025-11,One-year,79.28,2,0
A004797,2025-11,One-year,82.29,1,0
A004798,2025-11,One-year,71.35,0,0
A004799,2025-11,One-year,55.5,3,0
A004800,2025-11,One-year,66.07,0,0
A004801,2025-11,One-year,60.88,3,0
A004802,2025-11,One-year,82.19,5,0
A004803,2025-11,One-year,79.37,3,0
A004804,2025-11,One-year,86.26,0,0
A004805,2025-11,One-year,81.39,2,0
A004806,2025-11,One-year,81.2,5,0
A004807,2025-11,One-year,70.29,3,0
A004808,2025-11,One-year,95.66,1,0
A004809,2025-11,One-year,49.08,4,0
A004810,2025-11,One-year,85.43,1,0
A004811,2025-11,One-year,39.7,3,0
A004812,2025-11,One-year,90.32,0,0
A004813,2025-11,One-year,77.09,1,0
A004814,2025-11,One-year,69.11,1,0
A004815,2025-11,One-year,56.76,2,0
A004816,2025-11,One-year,84.15,2,0
A004817,2025-11,One-year,91.02,2,0
A004818,2025-11,One-year,77.02,2,0
A004819,2025-11,One-year,90.42,2,0
A004820,2025-11,One-year,60.13,3,0
A004821,2025-11,One-year,90.59,0,0
A004822,2025-11,One-year,60.53,0,0
A004823,2025-11,One-year,82.42,2,0
A004824,2025-11,One-year,82.43,2,0
A004825,2025-11,One-year,66.39,0,0
A004826,2025-11,One-year,79.98,2,0
A004827,2025-11,One-year,71.86,0,0
A004828,2025-11,One-year,46.78,1,0
A004829,2025-11,One-year,65.67,0,0
A004830,2025-11,One-year,75.87,3,0
A004831,2025-11,One-year,62.38,4,0
A004832,2025-11,One-year,61.8,0,0
A004833,2025-11,One-year,72.09,5,0
A004834,2025-11,One-year,54.52,1,0
A004835,2025-11,One-year,61.29,3,0
A004836,2025-11,One-year,49.4,1,0
A004837,2025-11,One-year,95.67,0,0
A004838,2025-11,One-year,66.27,2,0
A004839,2025-11,One-year,71.26,0,0
A004840,2025-11,One-year,71.87,3,0
A004841,2025-11,One-year,79.96,2,0
A004842,2025-11,One-year,67.05,2,0
A004843,2025-11,One-year,81.77,1,0
A004844,2025-11,One-year,86.81,4,0
A004845,2025-11,One-year,96.92,0,0
A004846,2025-11,One-year,40.35,3,0
A004847,2025-11,One-year,95.21,3,0
A004848,2025-11,One-year,45.31,0,0
A004849,2025-11,One-year,74.93,1,0
A004850,2025-11,One-year,81.42,3,0
A004851,2025-11,One-year,89.61,3,0
A004852,2025-11,One-year,70.88,2,0
A004853,2025-11,One-year,66.08,0,0
A004854,2025-11,One-year,64.23,3,0
A004855,2025-11,One-year,63.15,1,0
A004856,2025-11,One-year,70.35,1,0
A004857,2025-11,One-year,83.15,2,0
A004858,2025-11,One-year,91.52,2,0
A004859,2025-11,One-year,64.32,1,0
A004860,2025-11,One-year,75.94,1,0
A004861,2025-11,One-year,81.16,1,0
A004862,2025-11,One-year,61.04,0,0
A004863,2025-11,One-year,76.05,2,0
A004864,2025-11,One-year,88.93,1,0
A004865,2025-11,One-year,73.56,0,0
A004866,2025-11,One-year,78.75,4,0
A004867,2025-11,One-year,78.84,1,0
A004868,2025-11,One-year,105.54,3,0
A004869,2025-11,One-year,89.36,3,0
A004870,2025-11,One-year,90.98,3,0
A004871,2025-11,One-year,78.14,4,0
A004872,2025-11,One-year,50.17,3,0
A004873,2025-11,One-year,55.3,1,0
A004874,2025-11,One-year,73.91,2,0
A004875,2025-11,One-year,61.25,1,0
A004876,2025-11,One-year,71.39,1,0
A004877,2025-11,One-year,69.16,1,0
A004878,2025-11,One-year,78.89,2,0
A004879,2025-11,One-year,111.63,0,0
A004880,2025-11,One-year,67.45,3,0
A004881,2025-11,One-year,78.16,0,0
A004882,2025-11,One-year,85.88,1,0
A004883,2025-11,One-year,69.95,3,0
A004884,2025-11,One-year,76.12,0,0
A004885,2025-11,One-year,53.36,1,0
A004886,2025-11,One-year,74.46,0,0
A004887,2025-11,One-year,56.81,1,0
A004888,2025-11,One-year,51.53,1,0
A004889,2025-11,One-year,69.31,1,0
A004890,2025-11,One-year,73.17,2,0
A004891,2025-11,One-year,70.62,1,0
A004892,2025-11,One-year,87.22,2,0
A004893,2025-11,One-year,74.98,1,0
A004894,2025-11,One-year,66.23,2,0
A004895,2025-11,One-year,64.72,0,0
A004896,2025-11,One-year,53.0,0,0
A004897,2025-11,One-year,63.64,0,0
A004898,2025-11,One-year,90.74,0,0
A004899,2025-11,One-year,87.95,3,0
A004900,2025-11,One-year,67.39,2,0
A004901,2025-11,One-year,93.41,4,0
A004902,2025-11,One-year,69.21,2,0
A004903,2025-11,One-year,95.48,3,0
A004904,2025-11,One-year,41.41,2,0
A004905,2025-11,One-year,70.01,0,0
A004906,2025-11,One-year,71.09,0,0
A004907,2025-11,One-year,78.68,2,0
A004908,2025-11,One-year,68.02,0,0
A004909,2025-11,One-year,56.1,3,0
A004910,2025-11,One-year,79.63,1,0
A004911,2025-11,One-year,71.88,2,0
A004912,2025-11,One-year,53.84,0,0
A004913,2025-11,One-year,82.94,2,0
A004914,2025-11,One-year,64.05,2,0
A004915,2025-11,One-year,73.87,2,0
A004916,2025-11,One-year,72.42,0,0
A004917,2025-11,One-year,55.95,0,0
A004918,2025-11,One-year,70.48,0,0
A004919,2025-11,One-year,62.18,3,0
A004920,2025-11,One-year,65.42,2,0
A004921,2025-11,One-year,96.93,2,0
A004922,2025-11,One-year,82.41,1,0
A004923,2025-11,One-year,56.15,0,1
A004924,2025-11,One-year,69.6,0,0
A004925,2025-11,One-year,54.87,0,0
A004926,2025-11,One-year,77.2,2,0
A004927,2025-11,One-year,70.96,3,0
A004928,2025-11,One-year,55.92,0,0
A004929,2025-11,One-year,77.26,2,0
A004930,2025-11,One-year,51.59,2,0
A004931,2025-11,One-year,83.75,3,1
A004932,2025-11,One-year,56.89,2,0
A004933,2025-11,One-year,75.92,1,1
A004934,2025-11,One-year,91.36,1,0
A004935,2025-11,One-year,75.79,3,0
A004936,2025-11,One-year,72.85,0,0
A004937,2025-11,One-year,71.5,3,1
A004938,2025-11,One-year,90.25,2,0
A004939,2025-11,One-year,80.52,4,0
A004940,2025-11,One-year,63.58,3,0
A004941,2025-11,One-year,60.64,0,0
A004942,2025-11,One-year,92.21,3,0
A004943,2025-11,One-year,67.63,2,0
A004944,2025-11,One-year,70.75,2,0
A004945,2025-11,One-year,64.49,2,0
A004946,2025-11,One-year,86.22,2,0
A004947,2025-11,One-year,80.2,1,0
A004948,2025-11,One-year,87.95,1,0
A004949,2025-11,One-year,51.65,5,0
A004950,2025-11,One-year,91.49,2,0
A004951,2025-11,One-year,60.27,0,0
A004952,2025-11,One-year,37.8,1,0
A004953,2025-11,One-year,91.17,1,0
A004954,2025-11,One-year,79.54,0,0
A004955,2025-11,One-year,105.15,2,0
A004956,2025-11,One-year,68.92,1,0
A004957,2025-11,One-year,77.45,1,0
A004958,2025-11,One-year,102.27,1,0
A004959,2025-11,One-year,92.77,0,0
A004960,2025-11,One-year,89.92,0,1
A004961,2025-11,One-year,79.53,0,0
A004962,2025-11,One-year,68.99,0,0
A004963,2025-11,One-year,66.41,2,0
A004964,2025-11,One-year,67.0,1,0
A004965,2025-11,One-year,71.14,1,0
A004966,2025-11,One-year,92.32,0,0
A004967,2025-11,One-year,79.9,2,0
A004968,2025-11,One-year,73.65,3,1
A004969,2025-11,One-year,90.84,4,0
A004970,2025-11,One-year,84.23,1,0
A004971,2025-11,Two-year,80.04,0,0
A004972,2025-11,Two-year,79.9,3,0
A004973,2025-11,Two-year,85.31,2,0
A004974,2025-11,Two-year,59.98,0,0
A004975,2025-11,Two-year,102.3,0,0
A004976,2025-11,Two-year,67.2,1,0
A004977,2025-11,Two-year,85.98,0,0
A004978,2025-11,Two-year,98.99,1,0
A004979,2025-11,Two-year,89.15,0,0
A004980,2025-11,Two-year,89.94,0,0
A004981,2025-11,Two-year,96.78,3,0
A004982,2025-11,Two-year,76.47,0,0
A004983,2025-11,Two-year,94.95,1,0
A004984,2025-11,Two-year,80.69,2,0
A004985,2025-11,Two-year,54.62,0,0
A004986,2025-11,Two-year,72.22,0,0
A004987,2025-11,Two-year,68.03,2,0
A004988,2025-11,Two-year,78.87,1,0
A004989,2025-11,Two-year,86.21,0,0
A004990,2025-11,Two-year,74.66,3,0
A004991,2025-11,Two-year,93.91,2,0
A004992,2025-11,Two-year,56.87,0,0
A004993,2025-11,Two-year,81.88,0,0
A004994,2025-11,Two-year,84.15,2,0
A004995,2025-11,Two-year,115.87,0,0
A004996,2025-11,Two-year,99.36,0,0
A004997,2025-11,Two-year,92.13,2,0
A004998,2025-11,Two-year,75.65,1,0
A004999,2025-11,Two-year,72.88,0,0
A005000,2025-11,Two-year,88.35,1,0
A005001,2025-11,Two-year,67.85,3,0
A005002,2025-11,Two-year,76.13,0,0
A005003,2025-11,Two-year,68.72,3,0
A005004,2025-11,Two-year,54.02,2,0
A005005,2025-11,Two-year,102.06,0,0
A005006,2025-11,Two-year,101.01,0,0
A005007,2025-11,Two-year,78.37,0,0
A005008,2025-11,Two-year,103.88,3,0
A005009,2025-11,Two-year,81.55,0,0
A005010,2025-11,Two-year,64.61,0,0
A005011,2025-11,Two-year,87.58,1,0
A005012,2025-11,Two-year,75.51,0,0
A005013,2025-11,Two-year,83.54,0,0
A005014,2025-11,Two-year,83.22,0,0
A005015,2025-11,Two-year,64.47,2,0
A005016,2025-11,Two-year,88.07,0,0
A005017,2025-11,Two-year,61.1,1,0
A005018,2025-11,Two-year,86.12,2,0
A005019,2025-11,Two-year,83.2,2,0
A005020,2025-11,Two-year,112.34,0,0
A005021,2025-11,Two-year,45.58,0,0
A005022,2025-11,Two-year,90.86,0,0
A005023,2025-11,Two-year,80.0,2,0
A005024,2025-11,Two-year,100.93,0,0
A005025,2025-11,Two-year,85.21,2,0
A005026,2025-11,Two-year,71.17,0,0
A005027,2025-11,Two-year,84.03,5,0
A005028,2025-11,Two-year,64.4,2,0
A005029,2025-11,Two-year,92.41,0,0
A005030,2025-11,Two-year,92.9,0,0
A005031,2025-11,Two-year,101.55,0,0
A005032,2025-11,Two-year,96.68,2,0
A005033,2025-11,Two-year,87.43,1,0
A005034,2025-11,Two-year,92.51,0,0
A005035,2025-11,Two-year,47.54,0,0
A005036,2025-11,Two-year,87.42,3,0
A005037,2025-11,Two-year,91.92,2,0
A005038,2025-11,Two-year,56.67,2,0
A005039,2025-11,Two-year,50.46,2,0
A005040,2025-11,Two-year,64.28,3,0
A005041,2025-11,Two-year,73.52,2,0
A005042,2025-11,Two-year,47.13,4,0
A005043,2025-11,Two-year,97.61,0,0
A005044,2025-11,Two-year,62.91,0,0
A005045,2025-11,Two-year,81.49,5,0
A005046,2025-11,Two-year,92.17,0,0
A005047,2025-11,Two-year,101.65,0,0
A005048,2025-11,Two-year,74.35,2,0
A005049,2025-11,Two-year,96.47,0,0
A005050,2025-11,Two-year,100.44,1,0
A005051,2025-11,Two-year,74.3,0,0
A005052,2025-11,Two-year,87.64,2,0
A005053,2025-11,Two-year,82.04,0,0
A005054,2025-11,Two-year,85.36,1,0
A005055,2025-11,Two-year,93.88,3,0
A005056,2025-11,Two-year,87.05,0,0
A005057,2025-11,Two-year,92.84,0,0
A005058,2025-11,Two-year,76.51,0,0
A005059,2025-11,Two-year,86.68,2,0
A005060,2025-11,Two-year,74.65,3,0
A005061,2025-11,Two-year,73.6,0,0
A005062,2025-11,Two-year,97.56,1,0
A005063,2025-11,Two-year,82.47,2,0
A005064,2025-11,Two-year,89.61,1,0
A005065,2025-11,Two-year,73.61,0,0
A005066,2025-11,Two-year,50.51,2,0
A005067,2025-11,Two-year,63.14,1,0
A005068,2025-11,Two-year,61.62,5,0
A005069,2025-11,Two-year,89.49,1,0
A005070,2025-11,Two-year,89.63,3,0
A005071,2025-11,Two-year,76.04,2,0
A005072,2025-11,Two-year,105.58,1,0
A005073,2025-11,Two-year,66.72,2,0
A005074,2025-11,Two-year,67.22,3,0
A005075,2025-11,Two-year,87.66,6,0
A005076,2025-11,Two-year,79.31,2,0
A005077,2025-11,Two-year,58.91,1,0
A005078,2025-11,Two-year,89.9,0,0
A005079,2025-11,Two-year,68.16,0,0
A005080,2025-11,Two-year,75.01,3,0
A005081,2025-11,Two-year,77.45,0,0
A005082,2025-11,Two-year,80.18,2,0
A005083,2025-11,Two-year,63.19,2,0
A005084,2025-11,Two-year,93.21,4,0
A005085,2025-11,Two-year,74.87,0,0
A005086,2025-11,Two-year,77.45,0,0
A005087,2025-11,Two-year,57.98,0,0
A005088,2025-11,Two-year,60.98,1,0
A005089,2025-11,Two-year,58.81,0,0
A005090,2025-11,Two-year,59.07,1,0
A005091,2025-11,Two-year,103.55,0,0
A005092,2025-11,Two-year,106.06,1,0
A005093,2025-11,Two-year,88.37,2,0
A005094,2025-11,Two-year,87.86,0,0
A005095,2025-11,Two-year,79.26,1,0
A005096,2025-11,Two-year,59.07,0,0
A005097,2025-11,Two-year,71.17,0,0
A005098,2025-11,Two-year,86.66,0,0
A005099,2025-11,Two-year,79.1,1,0
A005100,2025-11,Two-year,104.93,2,0
A005101,2025-11,Two-year,85.61,1,0
A005102,2025-11,Two-year,78.92,0,0
A005103,2025-11,Two-year,80.64,2,0
A005104,2025-11,Two-year,65.37,1,0
A005105,2025-11,Two-year,68.53,1,0
A005106,2025-11,Two-year,82.65,0,0
A005107,2025-11,Two-year,77.82,2,0
A005108,2025-11,Two-year,69.52,0,0
A005109,2025-11,Two-year,58.65,2,0
A005110,2025-11,Two-year,94.13,1,0
A005111,2025-11,Two-year,102.79,1,0
A005112,2025-11,Two-year,89.77,0,0
A005113,2025-11,Two-year,66.82,0,0
A005114,2025-11,Two-year,49.69,2,0
A005115,2025-11,Two-year,78.98,1,0
A005116,2025-11,Two-year,87.16,1,0
A005117,2025-11,Two-year,94.56,1,0
A005118,2025-11,Two-year,54.09,2,0
A005119,2025-11,Two-year,74.1,1,0
A005120,2025-11,Two-year,96.12,1,0
A005121,2025-11,Two-year,97.88,0,0
A005122,2025-11,Two-year,52.42,1,0
A005123,2025-11,Two-year,83.3,1,0
A005124,2025-11,Two-year,80.26,2,0
A005125,2025-11,Two-year,106.57,1,0
A005126,2025-11,Two-year,88.35,1,0
A005127,2025-11,Two-year,80.85,2,0
A005128,2025-11,Two-year,82.79,1,0
A005129,2025-11,Two-year,81.96,1,0
A005130,2025-11,Two-year,87.27,0,0
A005131,2025-11,Two-year,83.19,2,0
A005132,2025-11,Two-year,73.43,2,0
A005133,2025-11,Two-year,77.24,2,0
A005134,2025-11,Two-year,86.35,1,0
A005135,2025-11,Two-year,103.99,1,0
A005136,2025-11,Two-year,90.11,3,0
A005137,2025-11,Two-year,76.84,3,0
A005138,2025-11,Two-year,70.88,1,0
A005139,2025-11,Two-year,62.01,0,0
A005140,2025-11,Two-year,96.54,0,0
A005141,2025-11,Two-year,72.85,1,0
A005142,2025-11,Two-year,74.83,2,0
A005143,2025-11,Two-year,74.91,2,0
A005144,2025-11,Two-year,56.72,2,0
A005145,2025-11,Two-year,79.28,0,0
A005146,2025-11,Two-year,72.62,1,0
A005147,2025-11,Two-year,83.86,2,0
A005148,2025-11,Two-year,77.88,3,0
A005149,2025-11,Two-year,87.54,1,0
A005150,2025-11,Two-year,99.72,1,0
A005151,2025-11,Two-year,87.48,1,0
A005152,2025-11,Two-year,101.87,0,0
A005153,2025-11,Two-year,98.79,2,0
A005154,2025-11,Two-year,87.49,0,0
A005155,2025-11,Two-year,88.82,0,0
A005156,2025-11,Two-year,68.85,1,0
A005157,2025-11,Two-year,72.53,0,0
A005158,2025-11,Two-year,83.78,1,0
A005159,2025-11,Two-year,51.4,3,0
A005160,2025-11,Two-year,80.52,3,0
A005161,2025-11,Two-year,40.82,1,0
A005162,2025-11,Two-year,89.57,1,0
A005163,2025-11,Two-year,62.05,2,0
A005164,2025-11,Two-year,104.49,0,0
A005165,2025-11,Two-year,79.06,3,0
A005166,2025-11,Two-year,78.54,3,0
A005167,2025-11,Two-year,81.21,3,0
A005168,2025-11,Two-year,80.28,2,0
A005169,2025-11,Two-year,93.26,0,0
A005170,2025-11,Two-year,93.67,2,0
A005171,2025-11,Two-year,77.93,0,0
A005172,2025-11,Two-year,66.49,0,0
A005173,2025-11,Two-year,77.05,0,0
A005174,2025-11,Two-year,89.92,0,0
A005175,2025-11,Two-year,81.1,5,0
A005176,2025-11,Two-year,72.01,3,0
A005177,2025-11,Two-year,105.66,1,0
A005178,2025-11,Two-year,81.98,2,0
A005179,2025-11,Two-year,47.78,3,0
A005180,2025-11,Two-year,57.74,2,0
A005181,2025-11,Two-year,103.8,1,0
A005182,2025-11,Two-year,67.18,0,0
A005183,2025-11,Two-year,76.4,2,0
A005184,2025-11,Two-year,72.74,1,0
A005185,2025-11,Two-year,92.88,1,0
A005186,2025-11,Two-year,63.13,1,0
A005187,2025-11,Two-year,95.13,4,0
A005188,2025-11,Two-year,64.93,1,0
A005189,2025-11,Two-year,140.28,0,0
A005190,2025-11,Two-year,75.93,2,0
A005191,2025-11,Two-year,78.11,3,0
A005192,2025-11,Two-year,92.46,3,0
A005193,2025-11,Two-year,93.37,3,0
A005194,2025-11,Two-year,81.88,0,0
A005195,2025-11,Two-year,95.24,0,0
A005196,2025-11,Two-year,81.84,0,0
A005197,2025-11,Two-year,82.05,3,0
A005198,2025-11,Two-year,96.49,0,0
A005199,2025-11,Two-year,63.37,4,0
A005200,2025-11,Two-year,82.88,1,0
A005201,2025-11,Two-year,64.2,0,0
A005202,2025-11,Two-year,88.84,1,0
A005203,2025-11,Two-year,87.49,4,0
A005204,2025-11,Two-year,81.26,0,0
A005205,2025-11,Two-year,128.34,4,0
A005206,2025-11,Two-year,74.53,1,0
A005207,2025-11,Two-year,81.31,0,0
A005208,2025-11,Two-year,78.15,0,0
A005209,2025-11,Two-year,87.39,0,0
A005210,2025-11,Two-year,66.45,1,0
A005211,2025-11,Two-year,72.57,5,0
A005212,2025-11,Two-year,77.94,1,0
A005213,2025-11,Two-year,80.78,0,0
A005214,2025-11,Two-year,85.49,1,0
A005215,2025-11,Two-year,71.57,0,0
A005216,2025-11,Two-year,72.3,2,0
A005217,2025-11,Two-year,70.89,2,0
A005218,2025-11,Two-year,71.38,4,0
A005219,2025-11,Two-year,80.77,3,0
A005220,2025-11,Two-year,70.9,4,0
A005221,2025-11,Two-year,97.51,2,0
A005222,2025-11,Two-year,77.06,2,0
A005223,2025-11,Two-year,75.36,0,0
A005224,2025-11,Two-year,91.14,1,0
A005225,2025-11,Two-year,96.76,1,0
A005226,2025-11,Two-year,98.01,3,0
A005227,2025-11,Two-year,68.07,0,0
A005228,2025-11,Two-year,92.43,2,0
A005229,2025-11,Two-year,73.86,0,0
A005230,2025-11,Two-year,84.15,1,0
A005231,2025-11,Two-year,61.76,2,0
A005232,2025-11,Two-year,81.55,1,0
A005233,2025-11,Two-year,87.2,1,0
A005234,2025-11,Two-year,80.37,0,0
A005235,2025-11,Two-year,99.01,2,0
A005236,2025-11,Two-year,108.0,0,0
A005237,2025-11,Two-year,60.66,3,0
A005238,2025-11,Two-year,73.87,3,0
A005239,2025-11,Two-year,78.15,3,0
A005240,2025-11,Two-year,77.12,0,0
A005241,2025-11,Two-year,79.22,2,0
A005242,2025-11,Two-year,78.26,2,0
A005243,2025-11,Two-year,75.76,0,0
A005244,2025-11,Two-year,95.04,0,0
A005245,2025-11,Two-year,68.64,2,0
A005246,2025-11,Two-year,74.45,1,0
A005247,2025-11,Two-year,84.58,0,0
A005248,2025-11,Two-year,72.8,1,0
A005249,2025-11,Two-year,77.41,0,0
A005250,2025-11,Two-year,73.67,0,0
A005251,2025-11,Two-year,70.72,1,0
A005252,2025-11,Two-year,52.17,2,0
A005253,2025-11,Two-year,81.76,0,0
A005254,2025-11,Two-year,71.07,0,0
A005255,2025-11,Two-year,74.72,1,0
A005256,2025-11,Two-year,96.67,0,0
A005257,2025-11,Two-year,100.95,4,0
A005258,2025-11,Two-year,71.91,0,0
A005259,2025-11,Two-year,90.97,3,0
A005260,2025-11,Two-year,66.82,0,0
A005261,2025-11,Two-year,96.5,0,0
A005262,2025-11,Two-year,83.49,2,0
A005263,2025-11,Two-year,94.85,1,0
A005264,2025-11,Two-year,102.11,4,0
A005265,2025-11,Two-year,79.65,1,0
A005266,2025-11,Two-year,95.5,1,0
A005267,2025-11,Two-year,83.58,1,0
A005268,2025-11,Two-year,83.88,1,0
A005269,2025-11,Two-year,83.69,2,0
A005270,2025-11,Two-year,75.17,0,0
A005271,2025-11,Two-year,74.48,1,0
A005272,2025-11,Two-year,80.62,0,0
A005273,2025-11,Two-year,77.7,1,0
A005274,2025-11,Two-year,88.81,1,0
A005275,2025-11,Two-year,106.75,0,0
A005276,2025-11,Two-year,81.31,0,0
A005277,2025-11,Two-year,86.43,1,0
A005278,2025-11,Two-year,60.4,3,0
A005279,2025-11,Two-year,91.97,3,0
A005280,2025-11,Two-year,80.07,1,0
A005281,2025-11,Two-year,56.33,0,0
A005282,2025-11,Two-year,91.08,0,0
A005283,2025-11,Two-year,65.88,1,0
A005284,2025-11,Two-year,79.27,1,0
A005285,2025-11,Two-year,92.85,2,0
A005286,2025-11,Two-year,74.36,0,0
A005287,2025-11,Two-year,72.2,1,0
A005288,2025-11,Two-year,95.54,0,0
A005289,2025-11,Two-year,68.52,3,0
A005290,2025-11,Two-year,98.87,2,0
A005291,2025-11,Two-year,96.32,0,0
A005292,2025-11,Two-year,96.76,0,0
A005293,2025-11,Two-year,61.16,1,0
A005294,2025-11,Two-year,94.42,1,0
A005295,2025-11,Two-year,53.56,3,0
A005296,2025-11,Two-year,66.55,2,0
A005297,2025-11,Two-year,96.91,1,0
A005298,2025-11,Two-year,89.7,0,0
A005299,2025-11,Two-year,73.74,2,0
A005300,2025-11,Two-year,86.08,0,0
A005301,2025-11,Two-year,79.9,0,0
A005302,2025-11,Two-year,70.67,2,0
A005303,2025-11,Two-year,68.71,1,0
A005304,2025-11,Two-year,88.8,0,0
A005305,2025-11,Two-year,83.17,1,0
A005306,2025-11,Two-year,107.6,1,0
A005307,2025-11,Two-year,74.44,0,0
A005308,2025-11,Two-year,76.08,1,0
A005309,2025-11,Two-year,66.16,0,0
A005310,2025-11,Two-year,103.55,0,0
A005311,2025-11,Two-year,49.88,1,0
A005312,2025-11,Two-year,97.8,1,0
A005313,2025-11,Two-year,86.49,0,0
A005314,2025-11,Two-year,71.22,2,0
A005315,2025-11,Two-year,69.85,2,0
A005316,2025-11,Two-year,88.2,0,0
A005317,2025-11,Two-year,60.39,2,0
A005318,2025-11,Two-year,89.47,1,0
A005319,2025-11,Two-year,86.96,0,0
A005320,2025-11,Two-year,75.67,3,0
A005321,2025-11,Two-year,86.35,3,0
A005322,2025-11,Two-year,89.05,1,0
A005323,2025-11,Two-year,90.14,0,0
A005324,2025-11,Two-year,87.01,0,0
A005325,2025-11,Two-year,104.68,2,0
A005326,2025-11,Two-year,81.72,0,0
A005327,2025-11,Two-year,64.38,2,0
A005328,2025-11,Two-year,58.3,4,0
A005329,2025-11,Two-year,81.48,1,0
A005330,2025-11,Two-year,108.65,1,0
A005331,2025-11,Two-year,79.7,4,0
A005332,2025-11,Two-year,81.5,1,0
A005333,2025-11,Two-year,74.17,1,0
A005334,2025-11,Two-year,81.11,2,0
A005335,2025-11,Two-year,95.18,0,0
A005336,2025-11,Two-year,71.33,1,0
A005337,2025-11,Two-year,94.04,1,0
A005338,2025-11,Two-year,72.5,0,0
A005339,2025-11,Two-year,96.28,3,0
A005340,2025-11,Two-year,88.73,0,0
A005341,2025-11,Two-year,84.39,1,0
A005342,2025-11,Two-year,84.06,3,0
A005343,2025-11,Two-year,70.9,2,0
A005344,2025-11,Two-year,74.85,2,0
A005345,2025-11,Two-year,73.47,0,0
A005346,2025-11,Two-year,69.71,1,0
A005347,2025-11,Two-year,62.23,0,0
A005348,2025-11,Two-year,93.91,0,0
A005349,2025-11,Two-year,96.52,2,0
A005350,2025-11,Two-year,89.81,2,0
A005351,2025-11,Two-year,84.17,0,0
A005352,2025-11,Two-year,76.62,3,0
A005353,2025-11,Two-year,47.6,0,0
A005354,2025-11,Two-year,79.3,0,0
A005355,2025-11,Two-year,99.22,0,0
A005356,2025-11,Two-year,90.57,1,0
A005357,2025-11,Two-year,109.03,0,0
A005358,2025-11,Two-year,70.36,1,0
A005359,2025-11,Two-year,67.74,2,0
A005360,2025-11,Two-year,88.49,0,0
A005361,2025-12,Month-to-month,77.77,6,0
A005362,2025-12,Month-to-month,97.06,3,0
A005363,2025-12,Month-to-month,75.39,3,0
A005364,2025-12,Month-to-month,92.44,2,0
A005365,2025-12,Month-to-month,66.5,3,0
A005366,2025-12,Month-to-month,70.4,3,0
A005367,2025-12,Month-to-month,89.02,4,0
A005368,2025-12,Month-to-month,56.04,0,0
A005369,2025-12,Month-to-month,51.41,2,0
A005370,2025-12,Month-to-month,76.23,4,0
A005371,2025-12,Month-to-month,63.23,2,0
A005372,2025-12,Month-to-month,43.45,4,0
A005373,2025-12,Month-to-month,36.5,2,0
A005374,2025-12,Month-to-month,64.58,1,0
A005375,2025-12,Month-to-month,47.16,2,0
A005376,2025-12,Month-to-month,46.06,1,0
A005377,2025-12,Month-to-month,61.35,2,0
A005378,2025-12,Month-to-month,73.48,3,0
A005379,2025-12,Month-to-month,75.12,2,0
A005380,2025-12,Month-to-month,70.54,4,0
A005381,2025-12,Month-to-month,53.63,0,0
A005382,2025-12,Month-to-month,72.81,3,0
A005383,2025-12,Month-to-month,49.92,3,0
A005384,2025-12,Month-to-month,69.3,3,0
A005385,2025-12,Month-to-month,58.29,1,0
A005386,2025-12,Month-to-month,76.02,3,0
A005387,2025-12,Month-to-month,91.41,1,0
A005388,2025-12,Month-to-month,76.1,4,0
A005389,2025-12,Month-to-month,73.75,4,0
A005390,2025-12,Month-to-month,64.19,1,0
A005391,2025-12,Month-to-month,53.29,2,0
A005392,2025-12,Month-to-month,75.87,4,0
A005393,2025-12,Month-to-month,38.61,3,0
A005394,2025-12,Month-to-month,70.43,1,0
A005395,2025-12,Month-to-month,59.94,4,0
A005396,2025-12,Month-to-month,66.85,2,0
A005397,2025-12,Month-to-month,67.84,1,0
A005398,2025-12,Month-to-month,65.31,4,0
A005399,2025-12,Month-to-month,55.59,2,0
A005400,2025-12,Month-to-month,95.32,5,0
A005401,2025-12,Month-to-month,59.64,4,0
A005402,2025-12,Month-to-month,66.11,5,0
A005403,2025-12,Month-to-month,73.45,2,0
A005404,2025-12,Month-to-month,80.26,3,0
A005405,2025-12,Month-to-month,76.6,2,1
A005406,2025-12,Month-to-month,63.17,3,0
A005407,2025-12,Month-to-month,80.39,5,0
A005408,2025-12,Month-to-month,97.89,1,0
A005409,2025-12,Month-to-month,69.32,3,1
A005410,2025-12,Month-to-month,46.66,2,0
A005411,2025-12,Month-to-month,77.04,1,0
A005412,2025-12,Month-to-month,67.16,3,0
A005413,2025-12,Month-to-month,75.32,1,0
A005414,2025-12,Month-to-month,60.89,4,0
A005415,2025-12,Month-to-month,74.12,3,0
A005416,2025-12,Month-to-month,53.42,4,0
A005417,2025-12,Month-to-month,51.27,4,0
A005418,2025-12,Month-to-month,83.09,1,0
A005419,2025-12,Month-to-month,89.51,3,0
A005420,2025-12,Month-to-month,62.26,4,1
A005421,2025-12,Month-to-month,49.59,2,0
A005422,2025-12,Month-to-month,59.96,4,0
A005423,2025-12,Month-to-month,66.05,1,0
A005424,2025-12,Month-to-month,48.57,1,0
A005425,2025-12,Month-to-month,56.85,3,0
A005426,2025-12,Month-to-month,61.87,1,0
A005427,2025-12,Month-to-month,68.4,5,0
A005428,2025-12,Month-to-month,49.43,2,0
A005429,2025-12,Month-to-month,82.8,6,0
A005430,2025-12,Month-to-month,60.36,3,1
A005431,2025-12,Month-to-month,59.74,0,0
A005432,2025-12,Month-to-month,45.19,3,0
A005433,2025-12,Month-to-month,60.0,3,0
A005434,2025-12,Month-to-month,59.51,4,1
A005435,2025-12,Month-to-month,64.31,5,1
A005436,2025-12,Month-to-month,55.01,1,0
A005437,2025-12,Month-to-month,104.73,2,0
A005438,2025-12,Month-to-month,54.29,3,0
A005439,2025-12,Month-to-month,73.33,4,0
A005440,2025-12,Month-to-month,42.09,5,0
A005441,2025-12,Month-to-month,72.65,3,1
A005442,2025-12,Month-to-month,84.55,3,0
A005443,2025-12,Month-to-month,42.26,0,0
A005444,2025-12,Month-to-month,68.46,4,0
A005445,2025-12,Month-to-month,49.24,1,0
A005446,2025-12,Month-to-month,66.33,0,1
A005447,2025-12,Month-to-month,72.18,3,1
A005448,2025-12,Month-to-month,79.82,2,0
A005449,2025-12,Month-to-month,77.41,3,0
A005450,2025-12,Month-to-month,62.01,2,0
A005451,2025-12,Month-to-month,66.45,1,0
A005452,2025-12,Month-to-month,65.12,3,0
A005453,2025-12,Month-to-month,64.98,2,0
A005454,2025-12,Month-to-month,42.51,5,0
A005455,2025-12,Month-to-month,89.89,0,0
A005456,2025-12,Month-to-month,66.98,2,0
A005457,2025-12,Month-to-month,89.02,2,0
A005458,2025-12,Month-to-month,64.88,5,0
A005459,2025-12,Month-to-month,67.37,1,0
A005460,2025-12,Month-to-month,67.95,1,0
A005461,2025-12,Month-to-month,61.61,3,0
A005462,2025-12,Month-to-month,79.52,3,0
A005463,2025-12,Month-to-month,62.17,4,0
A005464,2025-12,Month-to-month,41.45,4,0
A005465,2025-12,Month-to-month,60.34,3,0
A005466,2025-12,Month-to-month,95.34,2,0
A005467,2025-12,Month-to-month,36.84,1,0
A005468,2025-12,Month-to-month,67.34,2,0
A005469,2025-12,Month-to-month,75.7,3,0
A005470,2025-12,Month-to-month,83.01,0,0
A005471,2025-12,Month-to-month,55.73,1,0
A005472,2025-12,Month-to-month,76.21,2,0
A005473,2025-12,Month-to-month,79.28,1,0
A005474,2025-12,Month-to-month,45.29,1,0
A005475,2025-12,Month-to-month,75.39,2,0
A005476,2025-12,Month-to-month,63.96,2,0
A005477,2025-12,Month-to-month,69.36,4,0
A005478,2025-12,Month-to-month,65.46,2,0
A005479,2025-12,Month-to-month,53.35,1,0
A005480,2025-12,Month-to-month,64.11,0,0
A005481,2025-12,Month-to-month,77.76,2,0
A005482,2025-12,Month-to-month,67.8,2,0
A005483,2025-12,Month-to-month,83.91,1,0
A005484,2025-12,Month-to-month,86.57,2,0
A005485,2025-12,Month-to-month,64.29,4,0
A005486,2025-12,Month-to-month,53.03,2,0
A005487,2025-12,Month-to-month,38.62,4,0
A005488,2025-12,Month-to-month,51.58,0,0
A005489,2025-12,Month-to-month,71.43,1,0
A005490,2025-12,Month-to-month,82.04,4,0
A005491,2025-12,Month-to-month,53.76,4,0
A005492,2025-12,Month-to-month,74.8,2,0
A005493,2025-12,Month-to-month,61.29,1,0
A005494,2025-12,Month-to-month,67.95,4,1
A005495,2025-12,Month-to-month,56.7,1,0
A005496,2025-12,Month-to-month,84.13,3,0
A005497,2025-12,Month-to-month,68.33,2,0
A005498,2025-12,Month-to-month,47.76,0,0
A005499,2025-12,Month-to-month,75.43,5,0
A005500,2025-12,Month-to-month,72.33,3,0
A005501,2025-12,Month-to-month,78.23,2,0
A005502,2025-12,Month-to-month,77.86,5,0
A005503,2025-12,Month-to-month,90.05,5,0
A005504,2025-12,Month-to-month,86.37,3,0
A005505,2025-12,Month-to-month,90.0,3,0
A005506,2025-12,Month-to-month,48.31,2,0
A005507,2025-12,Month-to-month,75.77,3,0
A005508,2025-12,Month-to-month,71.43,5,0
A005509,2025-12,Month-to-month,85.94,1,0
A005510,2025-12,Month-to-month,62.04,1,0
A005511,2025-12,Month-to-month,55.58,4,0
A005512,2025-12,Month-to-month,75.36,3,0
A005513,2025-12,Month-to-month,84.83,2,0
A005514,2025-12,Month-to-month,74.01,3,0
A005515,2025-12,Month-to-month,64.02,3,1
A005516,2025-12,Month-to-month,58.77,0,0
A005517,2025-12,Month-to-month,66.95,1,0
A005518,2025-12,Month-to-month,67.84,0,0
A005519,2025-12,Month-to-month,66.07,3,0
A005520,2025-12,Month-to-month,81.31,1,0
A005521,2025-12,Month-to-month,62.34,4,1
A005522,2025-12,Month-to-month,60.34,0,0
A005523,2025-12,Month-to-month,71.99,3,0
A005524,2025-12,Month-to-month,74.51,1,0
A005525,2025-12,Month-to-month,53.8,4,0
A005526,2025-12,Month-to-month,85.57,2,0
A005527,2025-12,Month-to-month,46.05,1,0
A005528,2025-12,Month-to-month,66.9,3,0
A005529,2025-12,Month-to-month,96.71,2,0
A005530,2025-12,Month-to-month,47.45,1,0
A005531,2025-12,Month-to-month,84.4,1,0
A005532,2025-12,Month-to-month,62.04,3,0
A005533,2025-12,Month-to-month,106.46,3,1
A005534,2025-12,Month-to-month,75.93,2,0
A005535,2025-12,Month-to-month,90.86,5,0
A005536,2025-12,Month-to-month,98.9,5,0
A005537,2025-12,Month-to-month,54.9,4,0
A005538,2025-12,Month-to-month,67.83,3,0
A005539,2025-12,Month-to-month,75.35,1,0
A005540,2025-12,Month-to-month,60.43,5,0
A005541,2025-12,Month-to-month,63.71,3,0
A005542,2025-12,Month-to-month,60.35,2,0
A005543,2025-12,Month-to-month,73.88,2,0
A005544,2025-12,Month-to-month,66.62,0,0
A005545,2025-12,Month-to-month,70.6,0,0
A005546,2025-12,Month-to-month,87.51,2,0
A005547,2025-12,Month-to-month,87.86,1,0
A005548,2025-12,Month-to-month,83.45,3,0
A005549,2025-12,Month-to-month,71.26,2,0
A005550,2025-12,Month-to-month,73.02,1,0
A005551,2025-12,Month-to-month,79.58,0,0
A005552,2025-12,Month-to-month,73.14,5,1
A005553,2025-12,Month-to-month,74.91,2,0
A005554,2025-12,Month-to-month,45.99,1,0
A005555,2025-12,Month-to-month,98.58,3,0
A005556,2025-12,Month-to-month,74.17,3,0
A005557,2025-12,Month-to-month,70.99,0,0
A005558,2025-12,Month-to-month,72.08,3,0
A005559,2025-12,Month-to-month,75.85,1,0
A005560,2025-12,Month-to-month,83.27,3,0
A005561,2025-12,Month-to-month,43.94,5,1
A005562,2025-12,Month-to-month,61.36,0,0
A005563,2025-12,Month-to-month,67.81,1,0
A005564,2025-12,Month-to-month,81.78,3,0
A005565,2025-12,Month-to-month,68.85,0,0
A005566,2025-12,Month-to-month,71.38,2,0
A005567,2025-12,Month-to-month,70.29,2,0
A005568,2025-12,Month-to-month,72.98,2,0
A005569,2025-12,Month-to-month,65.48,5,0
A005570,2025-12,Month-to-month,72.98,1,1
A005571,2025-12,Month-to-month,87.37,4,0
A005572,2025-12,Month-to-month,94.16,3,0
A005573,2025-12,Month-to-month,81.39,3,0
A005574,2025-12,Month-to-month,54.23,1,0
A005575,2025-12,Month-to-month,82.97,3,0
A005576,2025-12,Month-to-month,49.92,3,0
A005577,2025-12,Month-to-month,43.95,3,0
A005578,2025-12,Month-to-month,76.11,4,0
A005579,2025-12,Month-to-month,60.18,2,0
A005580,2025-12,Month-to-month,66.97,3,0
A005581,2025-12,Month-to-month,82.58,0,0
A005582,2025-12,Month-to-month,69.52,4,0
A005583,2025-12,Month-to-month,70.43,5,0
A005584,2025-12,Month-to-month,69.46,1,0
A005585,2025-12,Month-to-month,54.47,0,0
A005586,2025-12,Month-to-month,73.02,1,0
A005587,2025-12,Month-to-month,91.84,3,0
A005588,2025-12,Month-to-month,70.85,2,0
A005589,2025-12,Month-to-month,38.09,3,0
A005590,2025-12,Month-to-month,76.39,4,1
A005591,2025-12,Month-to-month,43.71,1,0
A005592,2025-12,Month-to-month,47.0,3,0
A005593,2025-12,Month-to-month,80.79,4,0
A005594,2025-12,Month-to-month,63.23,3,0
A005595,2025-12,Month-to-month,80.14,4,0
A005596,2025-12,Month-to-month,74.06,0,0
A005597,2025-12,Month-to-month,85.19,3,0
A005598,2025-12,Month-to-month,68.58,0,0
A005599,2025-12,Month-to-month,77.29,4,0
A005600,2025-12,Month-to-month,50.95,3,0
A005601,2025-12,Month-to-month,68.35,1,0
A005602,2025-12,Month-to-month,51.75,0,0
A005603,2025-12,Month-to-month,51.97,2,0
A005604,2025-12,Month-to-month,44.34,2,0
A005605,2025-12,Month-to-month,61.22,5,0
A005606,2025-12,Month-to-month,64.37,4,0
A005607,2025-12,Month-to-month,61.03,4,0
A005608,2025-12,Month-to-month,47.25,0,0
A005609,2025-12,Month-to-month,90.59,2,0
A005610,2025-12,Month-to-month,54.02,4,0
A005611,2025-12,Month-to-month,75.21,2,0
A005612,2025-12,Month-to-month,76.34,1,0
A005613,2025-12,Month-to-month,76.98,4,0
A005614,2025-12,Month-to-month,64.14,3,0
A005615,2025-12,Month-to-month,66.94,2,0
A005616,2025-12,Month-to-month,59.92,0,0
A005617,2025-12,Month-to-month,77.03,3,0
A005618,2025-12,Month-to-month,46.51,3,0
A005619,2025-12,Month-to-month,53.16,4,0
A005620,2025-12,Month-to-month,76.49,3,0
A005621,2025-12,Month-to-month,58.62,2,0
A005622,2025-12,Month-to-month,78.04,3,0
A005623,2025-12,Month-to-month,84.21,1,0
A005624,2025-12,Month-to-month,57.46,3,0
A005625,2025-12,Month-to-month,85.11,3,0
A005626,2025-12,Month-to-month,81.13,0,0
A005627,2025-12,Month-to-month,74.34,2,0
A005628,2025-12,Month-to-month,71.89,3,0
A005629,2025-12,Month-to-month,76.65,5,0
A005630,2025-12,Month-to-month,68.37,4,0
A005631,2025-12,Month-to-month,71.39,2,0
A005632,2025-12,Month-to-month,66.21,3,0
A005633,2025-12,Month-to-month,59.36,5,0
A005634,2025-12,Month-to-month,92.05,4,0
A005635,2025-12,Month-to-month,39.55,2,0
A005636,2025-12,Month-to-month,64.53,2,0
A005637,2025-12,Month-to-month,75.92,2,0
A005638,2025-12,Month-to-month,55.11,1,0
A005639,2025-12,Month-to-month,84.26,3,0
A005640,2025-12,Month-to-month,95.33,1,0
A005641,2025-12,Month-to-month,81.51,3,0
A005642,2025-12,Month-to-month,59.32,2,0
A005643,2025-12,Month-to-month,55.75,4,0
A005644,2025-12,Month-to-month,68.2,4,0
A005645,2025-12,Month-to-month,63.76,3,0
A005646,2025-12,Month-to-month,72.97,2,0
A005647,2025-12,Month-to-month,79.0,0,0
A005648,2025-12,Month-to-month,64.71,5,0
A005649,2025-12,Month-to-month,71.21,2,0
A005650,2025-12,Month-to-month,81.57,5,0
A005651,2025-12,Month-to-month,52.34,2,0
A005652,2025-12,Month-to-month,62.07,1,0
A005653,2025-12,Month-to-month,51.25,2,1
A005654,2025-12,Month-to-month,68.02,3,0
A005655,2025-12,Month-to-month,96.17,2,0
A005656,2025-12,Month-to-month,66.89,4,0
A005657,2025-12,Month-to-month,57.11,3,0
A005658,2025-12,Month-to-month,62.59,2,0
A005659,2025-12,Month-to-month,74.52,2,0
A005660,2025-12,Month-to-month,49.22,1,0
A005661,2025-12,Month-to-month,69.68,1,0
A005662,2025-12,Month-to-month,60.47,3,0
A005663,2025-12,Month-to-month,47.7,4,0
A005664,2025-12,Month-to-month,51.48,3,0
A005665,2025-12,Month-to-month,71.53,0,0
A005666,2025-12,Month-to-month,51.46,2,0
A005667,2025-12,Month-to-month,54.26,3,0
A005668,2025-12,Month-to-month,113.5,3,0
A005669,2025-12,Month-to-month,83.09,3,0
A005670,2025-12,Month-to-month,45.04,2,0
A005671,2025-12,Month-to-month,66.82,2,0
A005672,2025-12,Month-to-month,64.77,1,0
A005673,2025-12,Month-to-month,98.26,3,1
A005674,2025-12,Month-to-month,59.33,2,0
A005675,2025-12,Month-to-month,67.03,3,1
A005676,2025-12,Month-to-month,52.79,4,0
A005677,2025-12,Month-to-month,54.31,3,0
A005678,2025-12,Month-to-month,55.41,2,0
A005679,2025-12,Month-to-month,61.75,0,0
A005680,2025-12,Month-to-month,76.38,4,1
A005681,2025-12,Month-to-month,79.92,4,0
A005682,2025-12,Month-to-month,63.77,2,0
A005683,2025-12,Month-to-month,65.23,2,0
A005684,2025-12,Month-to-month,69.2,4,0
A005685,2025-12,Month-to-month,66.54,5,0
A005686,2025-12,Month-to-month,79.07,4,0
A005687,2025-12,Month-to-month,46.18,2,0
A005688,2025-12,Month-to-month,52.7,2,0
A005689,2025-12,Month-to-month,70.73,1,0
A005690,2025-12,Month-to-month,56.38,4,0
A005691,2025-12,Month-to-month,89.44,0,0
A005692,2025-12,Month-to-month,74.54,4,0
A005693,2025-12,Month-to-month,72.75,1,0
A005694,2025-12,Month-to-month,67.3,1,0
A005695,2025-12,Month-to-month,72.21,1,0
A005696,2025-12,Month-to-month,61.82,1,0
A005697,2025-12,Month-to-month,75.14,3,0
A005698,2025-12,Month-to-month,48.69,0,0
A005699,2025-12,Month-to-month,60.85,3,0
A005700,2025-12,Month-to-month,77.5,4,0
A005701,2025-12,Month-to-month,69.33,3,0
A005702,2025-12,Month-to-month,76.03,3,0
A005703,2025-12,Month-to-month,69.66,2,0
A005704,2025-12,Month-to-month,71.13,0,0
A005705,2025-12,Month-to-month,60.57,2,0
A005706,2025-12,Month-to-month,69.63,4,0
A005707,2025-12,Month-to-month,54.19,3,0
A005708,2025-12,Month-to-month,55.74,4,0
A005709,2025-12,Month-to-month,70.63,3,0
A005710,2025-12,Month-to-month,78.99,2,0
A005711,2025-12,Month-to-month,54.0,2,0
A005712,2025-12,Month-to-month,57.82,3,0
A005713,2025-12,Month-to-month,74.26,3,0
A005714,2025-12,Month-to-month,85.66,1,0
A005715,2025-12,Month-to-month,57.94,3,0
A005716,2025-12,Month-to-month,52.19,1,0
A005717,2025-12,Month-to-month,66.34,3,0
A005718,2025-12,Month-to-month,81.28,2,0
A005719,2025-12,Month-to-month,49.94,1,0
A005720,2025-12,Month-to-month,86.55,1,0
A005721,2025-12,Month-to-month,54.07,5,1
A005722,2025-12,Month-to-month,50.57,4,0
A005723,2025-12,Month-to-month,74.91,1,1
A005724,2025-12,Month-to-month,55.94,2,0
A005725,2025-12,Month-to-month,71.24,3,0
A005726,2025-12,Month-to-month,61.9,3,1
A005727,2025-12,Month-to-month,67.93,2,0
A005728,2025-12,Month-to-month,81.26,3,0
A005729,2025-12,Month-to-month,62.84,2,0
A005730,2025-12,Month-to-month,92.6,2,1
A005731,2025-12,Month-to-month,40.55,1,0
A005732,2025-12,Month-to-month,25.37,3,0
A005733,2025-12,Month-to-month,75.29,2,0
A005734,2025-12,Month-to-month,67.71,2,0
A005735,2025-12,Month-to-month,62.22,1,0
A005736,2025-12,Month-to-month,75.6,2,0
A005737,2025-12,Month-to-month,58.07,3,0
A005738,2025-12,Month-to-month,49.2,4,0
A005739,2025-12,Month-to-month,61.42,2,0
A005740,2025-12,Month-to-month,52.15,1,0
A005741,2025-12,Month-to-month,63.36,1,0
A005742,2025-12,Month-to-month,57.75,3,0
A005743,2025-12,Month-to-month,62.41,1,0
A005744,2025-12,Month-to-month,80.65,2,0
A005745,2025-12,Month-to-month,61.45,3,0
A005746,2025-12,Month-to-month,48.05,1,0
A005747,2025-12,Month-to-month,72.85,4,0
A005748,2025-12,Month-to-month,66.78,2,1
A005749,2025-12,Month-to-month,66.05,2,0
A005750,2025-12,Month-to-month,89.93,1,0
A005751,2025-12,Month-to-month,96.49,2,0
A005752,2025-12,Month-to-month,56.56,3,0
A005753,2025-12,Month-to-month,62.48,4,0
A005754,2025-12,Month-to-month,48.64,1,0
A005755,2025-12,Month-to-month,51.92,1,0
A005756,2025-12,Month-to-month,47.11,0,0
A005757,2025-12,Month-to-month,35.15,2,0
A005758,2025-12,Month-to-month,79.18,4,0
A005759,2025-12,Month-to-month,60.91,3,0
A005760,2025-12,Month-to-month,63.24,1,0
A005761,2025-12,Month-to-month,74.19,1,0
A005762,2025-12,Month-to-month,51.98,3,0
A005763,2025-12,Month-to-month,76.31,3,0
A005764,2025-12,Month-to-month,84.8,1,0
A005765,2025-12,Month-to-month,63.66,3,0
A005766,2025-12,Month-to-month,70.35,3,1
A005767,2025-12,Month-to-month,79.61,3,0
A005768,2025-12,Month-to-month,64.55,0,0
A005769,2025-12,Month-to-month,54.67,1,0
A005770,2025-12,Month-to-month,88.14,4,0
A005771,2025-12,Month-to-month,84.06,2,0
A005772,2025-12,Month-to-month,72.24,3,0
A005773,2025-12,Month-to-month,79.49,2,0
A005774,2025-12,Month-to-month,94.4,2,0
A005775,2025-12,Month-to-month,68.06,0,0
A005776,2025-12,Month-to-month,65.56,3,0
A005777,2025-12,Month-to-month,66.21,3,1
A005778,2025-12,Month-to-month,69.39,4,0
A005779,2025-12,Month-to-month,82.41,1,0
A005780,2025-12,Month-to-month,75.36,3,0
A005781,2025-12,Month-to-month,77.1,4,0
A005782,2025-12,Month-to-month,70.89,2,0
A005783,2025-12,Month-to-month,69.58,2,0
A005784,2025-12,Month-to-month,66.34,1,0
A005785,2025-12,Month-to-month,56.66,3,0
A005786,2025-12,Month-to-month,49.18,2,0
A005787,2025-12,Month-to-month,63.95,6,1
A005788,2025-12,Month-to-month,79.67,1,0
A005789,2025-12,Month-to-month,39.62,0,0
A005790,2025-12,Month-to-month,73.21,0,0
A005791,2025-12,Month-to-month,71.09,1,0
A005792,2025-12,Month-to-month,67.08,4,0
A005793,2025-12,Month-to-month,72.89,2,1
A005794,2025-12,Month-to-month,66.79,2,0
A005795,2025-12,Month-to-month,89.03,3,1
A005796,2025-12,Month-to-month,76.97,4,0
A005797,2025-12,Month-to-month,82.97,1,0
A005798,2025-12,Month-to-month,79.68,1,0
A005799,2025-12,Month-to-month,59.23,1,0
A005800,2025-12,Month-to-month,66.37,2,0
A005801,2025-12,Month-to-month,79.02,2,0
A005802,2025-12,Month-to-month,85.41,2,0
A005803,2025-12,Month-to-month,75.35,2,0
A005804,2025-12,Month-to-month,68.1,3,0
A005805,2025-12,Month-to-month,97.58,4,0
A005806,2025-12,Month-to-month,76.24,4,1
A005807,2025-12,Month-to-month,74.32,2,0
A005808,2025-12,Month-to-month,80.31,1,0
A005809,2025-12,Month-to-month,79.48,4,0
A005810,2025-12,Month-to-month,82.79,3,0
A005811,2025-12,Month-to-month,32.32,3,0
A005812,2025-12,Month-to-month,57.55,3,0
A005813,2025-12,Month-to-month,58.4,1,0
A005814,2025-12,Month-to-month,61.67,1,0
A005815,2025-12,Month-to-month,62.96,1,0
A005816,2025-12,Month-to-month,84.4,3,0
A005817,2025-12,Month-to-month,85.57,1,0
A005818,2025-12,Month-to-month,55.78,2,0
A005819,2025-12,Month-to-month,60.5,3,0
A005820,2025-12,Month-to-month,85.29,4,0
A005821,2025-12,Month-to-month,86.68,3,0
A005822,2025-12,Month-to-month,75.01,5,0
A005823,2025-12,Month-to-month,82.04,1,0
A005824,2025-12,Month-to-month,70.67,1,1
A005825,2025-12,Month-to-month,67.33,2,0
A005826,2025-12,Month-to-month,50.38,2,0
A005827,2025-12,Month-to-month,86.47,4,0
A005828,2025-12,Month-to-month,76.02,3,0
A005829,2025-12,Month-to-month,81.52,4,0
A005830,2025-12,Month-to-month,92.08,3,1
A005831,2025-12,Month-to-month,53.2,2,0
A005832,2025-12,Month-to-month,48.19,3,0
A005833,2025-12,Month-to-month,63.07,0,0
A005834,2025-12,Month-to-month,75.25,2,0
A005835,2025-12,Month-to-month,63.13,5,0
A005836,2025-12,Month-to-month,83.54,1,0
A005837,2025-12,Month-to-month,75.26,2,0
A005838,2025-12,Month-to-month,81.62,0,0
A005839,2025-12,Month-to-month,83.84,2,0
A005840,2025-12,Month-to-month,73.77,4,0
A005841,2025-12,Month-to-month,65.18,4,0
A005842,2025-12,Month-to-month,71.99,2,0
A005843,2025-12,Month-to-month,25,4,0
A005844,2025-12,Month-to-month,77.65,1,0
A005845,2025-12,Month-to-month,68.86,3,0
A005846,2025-12,Month-to-month,71.65,2,0
A005847,2025-12,Month-to-month,55.94,1,0
A005848,2025-12,Month-to-month,93.68,1,0
A005849,2025-12,Month-to-month,81.97,3,0
A005850,2025-12,Month-to-month,69.38,3,0
A005851,2025-12,Month-to-month,54.91,1,0
A005852,2025-12,Month-to-month,72.86,2,0
A005853,2025-12,Month-to-month,75.72,4,0
A005854,2025-12,Month-to-month,34.83,3,0
A005855,2025-12,Month-to-month,82.9,3,0
A005856,2025-12,Month-to-month,68.86,3,0
A005857,2025-12,Month-to-month,51.3,2,0
A005858,2025-12,Month-to-month,71.45,0,0
A005859,2025-12,Month-to-month,51.82,0,0
A005860,2025-12,Month-to-month,58.52,1,0
A005861,2025-12,Month-to-month,63.1,3,0
A005862,2025-12,Month-to-month,78.24,4,0
A005863,2025-12,Month-to-month,45.44,5,0
A005864,2025-12,Month-to-month,56.57,1,0
A005865,2025-12,Month-to-month,71.0,5,0
A005866,2025-12,Month-to-month,60.58,2,0
A005867,2025-12,Month-to-month,72.44,2,0
A005868,2025-12,Month-to-month,81.63,0,0
A005869,2025-12,Month-to-month,58.1,5,0
A005870,2025-12,Month-to-month,74.95,3,0
A005871,2025-12,Month-to-month,55.26,2,0
A005872,2025-12,Month-to-month,62.19,5,0
A005873,2025-12,Month-to-month,80.18,3,0
A005874,2025-12,Month-to-month,75.18,0,0
A005875,2025-12,Month-to-month,110.08,2,0
A005876,2025-12,Month-to-month,65.7,4,0
A005877,2025-12,Month-to-month,105.65,2,0
A005878,2025-12,Month-to-month,84.11,1,0
A005879,2025-12,Month-to-month,62.52,0,0
A005880,2025-12,Month-to-month,72.29,1,0
A005881,2025-12,One-year,95.49,3,0
A005882,2025-12,One-year,59.66,1,0
A005883,2025-12,One-year,73.38,2,0
A005884,2025-12,One-year,87.33,2,0
A005885,2025-12,One-year,54.4,0,0
A005886,2025-12,One-year,52.22,2,0
A005887,2025-12,One-year,74.33,0,0
A005888,2025-12,One-year,95.37,1,0
A005889,2025-12,One-year,81.77,3,0
A005890,2025-12,One-year,97.46,0,0
A005891,2025-12,One-year,84.08,2,0
A005892,2025-12,One-year,88.99,0,0
A005893,2025-12,One-year,71.9,2,0
A005894,2025-12,One-year,47.39,0,0
A005895,2025-12,One-year,84.76,2,0
A005896,2025-12,One-year,86.87,1,0
A005897,2025-12,One-year,63.55,1,0
A005898,2025-12,One-year,51.98,3,0
A005899,2025-12,One-year,68.82,0,0
A005900,2025-12,One-year,104.7,0,0
A005901,2025-12,One-year,73.02,2,0
A005902,2025-12,One-year,83.25,5,1
A005903,2025-12,One-year,79.13,1,0
A005904,2025-12,One-year,78.49,0,0
A005905,2025-12,One-year,68.11,0,0
A005906,2025-12,One-year,85.18,4,0
A005907,2025-12,One-year,63.8,0,0
A005908,2025-12,One-year,38.72,1,0
A005909,2025-12,One-year,77.26,3,0
A005910,2025-12,One-year,63.12,2,0
A005911,2025-12,One-year,96.1,0,1
A005912,2025-12,One-year,78.21,2,0
A005913,2025-12,One-year,79.76,0,0
A005914,2025-12,One-year,88.13,2,0
A005915,2025-12,One-year,87.87,2,0
A005916,2025-12,One-year,114.27,3,0
A005917,2025-12,One-year,62.98,0,0
A005918,2025-12,One-year,37.4,0,0
A005919,2025-12,One-year,74.14,0,0
A005920,2025-12,One-year,65.56,3,0
A005921,2025-12,One-year,62.33,4,0
A005922,2025-12,One-year,63.57,0,0
A005923,2025-12,One-year,95.2,1,0
A005924,2025-12,One-year,55.49,3,0
A005925,2025-12,One-year,96.18,2,0
A005926,2025-12,One-year,110.31,0,0
A005927,2025-12,One-year,93.99,1,0
A005928,2025-12,One-year,54.01,4,0
A005929,2025-12,One-year,81.46,0,0
A005930,2025-12,One-year,62.46,0,0
A005931,2025-12,One-year,63.84,3,0
A005932,2025-12,One-year,66.56,1,0
A005933,2025-12,One-year,78.97,1,0
A005934,2025-12,One-year,85.9,1,0
A005935,2025-12,One-year,77.74,0,0
A005936,2025-12,One-year,77.74,3,0
A005937,2025-12,One-year,66.6,1,0
A005938,2025-12,One-year,59.39,2,0
A005939,2025-12,One-year,62.75,0,0
A005940,2025-12,One-year,103.42,2,0
A005941,2025-12,One-year,75.24,3,0
A005942,2025-12,One-year,78.43,2,0
A005943,2025-12,One-year,86.3,1,0
A005944,2025-12,One-year,77.33,0,0
A005945,2025-12,One-year,96.01,3,0
A005946,2025-12,One-year,87.24,1,0
A005947,2025-12,One-year,61.8,0,0
A005948,2025-12,One-year,84.15,2,0
A005949,2025-12,One-year,77.89,3,0
A005950,2025-12,One-year,63.84,2,0
A005951,2025-12,One-year,63.62,4,0
A005952,2025-12,One-year,52.0,0,0
A005953,2025-12,One-year,62.13,0,0
A005954,2025-12,One-year,43.45,1,0
A005955,2025-12,One-year,71.98,0,0
A005956,2025-12,One-year,88.98,0,0
A005957,2025-12,One-year,76.17,0,0
A005958,2025-12,One-year,62.96,1,0
A005959,2025-12,One-year,70.54,5,0
A005960,2025-12,One-year,59.99,2,0
A005961,2025-12,One-year,45.57,1,0
A005962,2025-12,One-year,71.99,2,0
A005963,2025-12,One-year,77.82,0,0
A005964,2025-12,One-year,66.88,2,0
A005965,2025-12,One-year,61.28,1,0
A005966,2025-12,One-year,50.06,1,0
A005967,2025-12,One-year,69.53,0,0
A005968,2025-12,One-year,78.18,2,0
A005969,2025-12,One-year,78.99,2,0
A005970,2025-12,One-year,82.86,3,0
A005971,2025-12,One-year,64.41,3,0
A005972,2025-12,One-year,78.05,3,0
A005973,2025-12,One-year,77.98,1,0
A005974,2025-12,One-year,86.04,1,0
A005975,2025-12,One-year,46.48,0,0
A005976,2025-12,One-year,68.82,1,0
A005977,2025-12,One-year,78.97,0,0
A005978,2025-12,One-year,71.94,1,0
A005979,2025-12,One-year,95.79,1,0
A005980,2025-12,One-year,68.87,4,0
A005981,2025-12,One-year,68.22,1,0
A005982,2025-12,One-year,69.26,2,0
A005983,2025-12,One-year,86.32,2,0
A005984,2025-12,One-year,82.48,3,0
A005985,2025-12,One-year,65.91,3,0
A005986,2025-12,One-year,55.77,1,0
A005987,2025-12,One-year,55.73,2,0
A005988,2025-12,One-year,95.79,1,0
A005989,2025-12,One-year,62.34,2,0
A005990,2025-12,One-year,95.99,2,0
A005991,2025-12,One-year,75.81,2,0
A005992,2025-12,One-year,62.76,0,0
A005993,2025-12,One-year,71.02,2,0
A005994,2025-12,One-year,76.33,3,0
A005995,2025-12,One-year,70.52,3,0
A005996,2025-12,One-year,45.37,4,0
A005997,2025-12,One-year,73.42,0,0
A005998,2025-12,One-year,84.77,0,0
A005999,2025-12,One-year,58.2,2,0
A006000,2025-12,One-year,90.55,0,0
A006001,2025-12,One-year,84.5,1,0
A006002,2025-12,One-year,75.15,2,0
A006003,2025-12,One-year,86.86,1,0
A006004,2025-12,One-year,86.55,0,0
A006005,2025-12,One-year,55.09,3,0
A006006,2025-12,One-year,84.86,2,0
A006007,2025-12,One-year,76.89,2,0
A006008,2025-12,One-year,89.8,4,0
A006009,2025-12,One-year,57.85,2,0
A006010,2025-12,One-year,85.92,4,0
A006011,2025-12,One-year,80.04,1,0
A006012,2025-12,One-year,98.54,3,0
A006013,2025-12,One-year,64.93,0,0
A006014,2025-12,One-year,86.29,1,0
A006015,2025-12,One-year,43.92,3,0
A006016,2025-12,One-year,81.66,2,0
A006017,2025-12,One-year,84.99,0,0
A006018,2025-12,One-year,76.06,3,0
A006019,2025-12,One-year,82.02,1,0
A006020,2025-12,One-year,84.27,1,0
A006021,2025-12,One-year,95.71,2,0
A006022,2025-12,One-year,50.49,2,0
A006023,2025-12,One-year,97.43,2,0
A006024,2025-12,One-year,74.88,0,0
A006025,2025-12,One-year,41.35,1,0
A006026,2025-12,One-year,77.08,0,0
A006027,2025-12,One-year,64.11,3,0
A006028,2025-12,One-year,89.01,1,0
A006029,2025-12,One-year,67.36,3,0
A006030,2025-12,One-year,68.56,0,0
A006031,2025-12,One-year,90.49,2,0
A006032,2025-12,One-year,61.31,2,0
A006033,2025-12,One-year,67.91,0,0
A006034,2025-12,One-year,71.14,1,0
A006035,2025-12,One-year,84.32,1,0
A006036,2025-12,One-year,76.6,1,0
A006037,2025-12,One-year,64.79,0,0
A006038,2025-12,One-year,46.52,1,0
A006039,2025-12,One-year,86.77,1,0
A006040,2025-12,One-year,60.54,3,0
A006041,2025-12,One-year,70.09,3,0
A006042,2025-12,One-year,59.32,2,0
A006043,2025-12,One-year,82.15,0,0
A006044,2025-12,One-year,90.32,1,1
A006045,2025-12,One-year,74.39,3,0
A006046,2025-12,One-year,67.43,1,0
A006047,2025-12,One-year,80.89,1,0
A006048,2025-12,One-year,79.92,0,0
A006049,2025-12,One-year,52.97,2,0
A006050,2025-12,One-year,73.04,0,0
A006051,2025-12,One-year,69.15,3,0
A006052,2025-12,One-year,61.81,3,0
A006053,2025-12,One-year,84.48,2,0
A006054,2025-12,One-year,64.57,1,0
A006055,2025-12,One-year,56.43,3,0
A006056,2025-12,One-year,59.51,0,1
A006057,2025-12,One-year,94.62,1,0
A006058,2025-12,One-year,96.37,3,0
A006059,2025-12,One-year,72.5,2,0
A006060,2025-12,One-year,86.54,2,0
A006061,2025-12,One-year,45.18,1,0
A006062,2025-12,One-year,49.66,2,0
A006063,2025-12,One-year,60.32,1,0
A006064,2025-12,One-year,69.72,1,0
A006065,2025-12,One-year,66.58,2,0
A006066,2025-12,One-year,72.24,0,0
A006067,2025-12,One-year,82.47,3,0
A006068,2025-12,One-year,97.8,1,0
A006069,2025-12,One-year,87.5,4,0
A006070,2025-12,One-year,77.88,0,0
A006071,2025-12,One-year,65.11,0,0
A006072,2025-12,One-year,73.23,0,0
A006073,2025-12,One-year,63.35,0,0
A006074,2025-12,One-year,61.99,2,0
A006075,2025-12,One-year,77.33,1,0
A006076,2025-12,One-year,61.47,2,0
A006077,2025-12,One-year,64.93,3,0
A006078,2025-12,One-year,67.7,2,0
A006079,2025-12,One-year,77.77,0,0
A006080,2025-12,One-year,77.0,4,0
A006081,2025-12,One-year,81.61,3,0
A006082,2025-12,One-year,86.53,2,0
A006083,2025-12,One-year,45.09,2,0
A006084,2025-12,One-year,61.78,3,0
A006085,2025-12,One-year,50.16,0,0
A006086,2025-12,One-year,83.3,1,0
A006087,2025-12,One-year,63.37,0,0
A006088,2025-12,One-year,66.54,1,0
A006089,2025-12,One-year,85.82,2,0
A006090,2025-12,One-year,88.83,0,0
A006091,2025-12,One-year,82.19,1,0
A006092,2025-12,One-year,80.02,1,0
A006093,2025-12,One-year,86.65,1,0
A006094,2025-12,One-year,88.91,0,0
A006095,2025-12,One-year,72.6,1,0
A006096,2025-12,One-year,69.66,4,0
A006097,2025-12,One-year,92.36,3,0
A006098,2025-12,One-year,83.0,0,0
A006099,2025-12,One-year,74.37,0,0
A006100,2025-12,One-year,57.65,0,0
A006101,2025-12,One-year,79.73,1,0
A006102,2025-12,One-year,61.83,4,0
A006103,2025-12,One-year,71.34,3,0
A006104,2025-12,One-year,80.41,1,0
A006105,2025-12,One-year,35.56,5,0
A006106,2025-12,One-year,73.18,3,0
A006107,2025-12,One-year,59.14,2,0
A006108,2025-12,One-year,80.89,2,0
A006109,2025-12,One-year,82.01,0,0
A006110,2025-12,One-year,59.17,1,0
A006111,2025-12,One-year,94.68,2,0
A006112,2025-12,One-year,86.09,0,0
A006113,2025-12,One-year,67.18,2,0
A006114,2025-12,One-year,76.18,0,0
A006115,2025-12,One-year,70.96,1,0
A006116,2025-12,One-year,83.22,2,0
A006117,2025-12,One-year,70.09,2,0
A006118,2025-12,One-year,88.25,1,0
A006119,2025-12,One-year,89.1,1,0
A006120,2025-12,One-year,69.71,2,0
A006121,2025-12,One-year,84.07,4,0
A006122,2025-12,One-year,80.68,0,0
A006123,2025-12,One-year,88.45,3,0
A006124,2025-12,One-year,62.93,2,0
A006125,2025-12,One-year,83.67,5,0
A006126,2025-12,One-year,99.93,1,0
A006127,2025-12,One-year,87.92,1,0
A006128,2025-12,One-year,75.89,1,0
A006129,2025-12,One-year,56.56,2,0
A006130,2025-12,One-year,68.41,1,0
A006131,2025-12,One-year,75.89,2,0
A006132,2025-12,One-year,70.38,1,0
A006133,2025-12,One-year,84.73,2,0
A006134,2025-12,One-year,56.52,1,0
A006135,2025-12,One-year,69.36,3,0
A006136,2025-12,One-year,95.13,4,0
A006137,2025-12,One-year,69.1,1,0
A006138,2025-12,One-year,67.32,1,0
A006139,2025-12,One-year,63.7,2,0
A006140,2025-12,One-year,67.58,2,0
A006141,2025-12,One-year,60.04,1,1
A006142,2025-12,One-year,82.15,1,0
A006143,2025-12,One-year,30.93,0,0
A006144,2025-12,One-year,57.99,1,0
A006145,2025-12,One-year,62.96,2,0
A006146,2025-12,One-year,72.71,3,0
A006147,2025-12,One-year,87.74,1,0
A006148,2025-12,One-year,62.5,1,0
A006149,2025-12,One-year,77.8,4,0
A006150,2025-12,One-year,82.55,2,0
A006151,2025-12,One-year,91.89,4,0
A006152,2025-12,One-year,69.89,2,0
A006153,2025-12,One-year,63.86,3,0
A006154,2025-12,One-year,59.03,2,0
A006155,2025-12,One-year,55.85,2,0
A006156,2025-12,One-year,63.18,3,0
A006157,2025-12,One-year,91.94,0,0
A006158,2025-12,One-year,94.57,0,0
A006159,2025-12,One-year,75.44,0,0
A006160,2025-12,One-year,73.6,1,0
A006161,2025-12,One-year,76.47,1,0
A006162,2025-12,One-year,40.61,4,0
A006163,2025-12,One-year,45.81,2,0
A006164,2025-12,One-year,81.32,1,0
A006165,2025-12,One-year,54.27,0,0
A006166,2025-12,One-year,80.01,2,0
A006167,2025-12,One-year,45.52,0,0
A006168,2025-12,One-year,80.52,4,0
A006169,2025-12,One-year,73.67,1,0
A006170,2025-12,One-year,70.69,2,0
A006171,2025-12,One-year,48.55,1,0
A006172,2025-12,One-year,85.06,2,0
A006173,2025-12,One-year,61.98,2,0
A006174,2025-12,One-year,82.66,2,0
A006175,2025-12,One-year,59.43,1,0
A006176,2025-12,One-year,45.25,2,1
A006177,2025-12,One-year,53.99,2,0
A006178,2025-12,One-year,88.97,0,0
A006179,2025-12,One-year,89.76,2,0
A006180,2025-12,One-year,86.34,2,0
A006181,2025-12,One-year,62.57,2,0
A006182,2025-12,One-year,89.01,2,0
A006183,2025-12,One-year,79.92,3,0
A006184,2025-12,One-year,76.87,0,0
A006185,2025-12,One-year,70.09,0,0
A006186,2025-12,One-year,77.06,2,0
A006187,2025-12,One-year,87.85,2,0
A006188,2025-12,One-year,73.27,2,0
A006189,2025-12,One-year,70.71,0,0
A006190,2025-12,One-year,67.97,1,0
A006191,2025-12,One-year,74.05,1,0
A006192,2025-12,One-year,70.2,3,0
A006193,2025-12,One-year,81.19,3,0
A006194,2025-12,One-year,49.92,2,0
A006195,2025-12,One-year,104.58,2,0
A006196,2025-12,One-year,58.86,0,0
A006197,2025-12,One-year,93.86,2,0
A006198,2025-12,One-year,64.07,0,0
A006199,2025-12,One-year,94.81,4,0
A006200,2025-12,One-year,64.72,0,0
A006201,2025-12,One-year,66.69,0,0
A006202,2025-12,One-year,86.42,0,0
A006203,2025-12,One-year,78.43,0,0
A006204,2025-12,One-year,71.51,1,0
A006205,2025-12,One-year,58.95,0,0
A006206,2025-12,One-year,75.6,2,0
A006207,2025-12,One-year,77.63,2,0
A006208,2025-12,One-year,74.26,2,0
A006209,2025-12,One-year,85.11,0,0
A006210,2025-12,One-year,84.18,2,0
A006211,2025-12,One-year,76.5,0,0
A006212,2025-12,One-year,64.79,5,0
A006213,2025-12,One-year,75.76,3,0
A006214,2025-12,One-year,52.97,1,0
A006215,2025-12,One-year,73.2,1,0
A006216,2025-12,One-year,68.27,1,0
A006217,2025-12,One-year,70.45,3,0
A006218,2025-12,One-year,53.62,3,0
A006219,2025-12,One-year,57.18,1,0
A006220,2025-12,One-year,55.22,2,0
A006221,2025-12,One-year,77.08,3,0
A006222,2025-12,One-year,89.99,0,0
A006223,2025-12,One-year,104.07,1,0
A006224,2025-12,One-year,66.39,0,0
A006225,2025-12,One-year,45.78,0,0
A006226,2025-12,One-year,81.33,0,0
A006227,2025-12,One-year,62.86,2,0
A006228,2025-12,One-year,96.35,3,0
A006229,2025-12,One-year,65.62,2,0
A006230,2025-12,One-year,85.89,4,0
A006231,2025-12,One-year,94.03,2,0
A006232,2025-12,One-year,78.66,2,0
A006233,2025-12,One-year,63.69,3,0
A006234,2025-12,One-year,67.54,1,0
A006235,2025-12,One-year,61.21,3,0
A006236,2025-12,One-year,71.47,3,0
A006237,2025-12,One-year,91.63,0,0
A006238,2025-12,One-year,116.79,2,0
A006239,2025-12,One-year,79.67,1,0
A006240,2025-12,One-year,56.31,1,0
A006241,2025-12,One-year,57.73,3,0
A006242,2025-12,One-year,57.44,0,0
A006243,2025-12,One-year,77.54,0,0
A006244,2025-12,One-year,57.32,2,0
A006245,2025-12,One-year,70.78,2,0
A006246,2025-12,One-year,72.3,0,0
A006247,2025-12,One-year,60.42,0,0
A006248,2025-12,One-year,53.63,1,0
A006249,2025-12,One-year,77.89,5,0
A006250,2025-12,One-year,47.25,4,0
A006251,2025-12,One-year,65.29,1,0
A006252,2025-12,One-year,77.41,2,0
A006253,2025-12,One-year,95.99,0,0
A006254,2025-12,One-year,60.76,5,0
A006255,2025-12,One-year,99.98,1,0
A006256,2025-12,One-year,76.47,3,0
A006257,2025-12,One-year,83.28,3,0
A006258,2025-12,One-year,93.46,2,1
A006259,2025-12,One-year,93.36,1,0
A006260,2025-12,One-year,52.87,0,0
A006261,2025-12,One-year,70.42,4,0
A006262,2025-12,One-year,80.72,3,0
A006263,2025-12,One-year,66.99,3,0
A006264,2025-12,One-year,60.75,4,1
A006265,2025-12,One-year,68.39,1,0
A006266,2025-12,One-year,80.48,1,0
A006267,2025-12,One-year,87.9,3,0
A006268,2025-12,One-year,85.11,1,0
A006269,2025-12,One-year,39.57,1,0
A006270,2025-12,One-year,71.56,2,0
A006271,2025-12,One-year,65.12,0,0
A006272,2025-12,One-year,63.95,0,0
A006273,2025-12,One-year,66.71,5,0
A006274,2025-12,One-year,73.36,2,0
A006275,2025-12,One-year,64.95,2,0
A006276,2025-12,One-year,81.06,0,1
A006277,2025-12,One-year,68.88,5,0
A006278,2025-12,One-year,79.0,2,0
A006279,2025-12,One-year,71.77,2,0
A006280,2025-12,One-year,50.96,0,0
A006281,2025-12,One-year,94.34,0,0
A006282,2025-12,One-year,77.74,1,0
A006283,2025-12,One-year,81.31,0,0
A006284,2025-12,One-year,57.38,1,1
A006285,2025-12,One-year,80.52,0,0
A006286,2025-12,One-year,80.59,2,0
A006287,2025-12,One-year,72.45,0,0
A006288,2025-12,One-year,70.96,1,0
A006289,2025-12,One-year,74.32,0,0
A006290,2025-12,One-year,75.83,0,0
A006291,2025-12,One-year,69.95,2,0
A006292,2025-12,One-year,68.2,2,0
A006293,2025-12,One-year,64.76,1,0
A006294,2025-12,One-year,78.45,2,0
A006295,2025-12,One-year,70.25,2,0
A006296,2025-12,One-year,80.66,0,0
A006297,2025-12,One-year,67.01,0,0
A006298,2025-12,One-year,87.89,0,0
A006299,2025-12,One-year,68.68,1,0
A006300,2025-12,One-year,83.53,3,1
A006301,2025-12,One-year,97.53,0,0
A006302,2025-12,One-year,70.74,2,0
A006303,2025-12,One-year,47.81,0,0
A006304,2025-12,One-year,89.45,2,0
A006305,2025-12,One-year,72.93,2,0
A006306,2025-12,One-year,89.39,5,0
A006307,2025-12,One-year,64.93,2,0
A006308,2025-12,One-year,77.0,2,0
A006309,2025-12,One-year,73.64,0,0
A006310,2025-12,One-year,83.11,1,0
A006311,2025-12,Two-year,90.48,2,0
A006312,2025-12,Two-year,58.64,0,0
A006313,2025-12,Two-year,95.07,1,0
A006314,2025-12,Two-year,60.49,0,0
A006315,2025-12,Two-year,73.11,0,0
A006316,2025-12,Two-year,90.66,1,0
A006317,2025-12,Two-year,85.03,0,0
A006318,2025-12,Two-year,93.06,0,0
A006319,2025-12,Two-year,66.4,1,0
A006320,2025-12,Two-year,78.53,0,0
A006321,2025-12,Two-year,74.97,0,0
A006322,2025-12,Two-year,90.16,0,0
A006323,2025-12,Two-year,85.8,0,0
A006324,2025-12,Two-year,78.92,0,0
A006325,2025-12,Two-year,91.28,1,0
A006326,2025-12,Two-year,75.99,0,0
A006327,2025-12,Two-year,70.4,3,0
A006328,2025-12,Two-year,92.44,1,0
A006329,2025-12,Two-year,66.59,1,0
A006330,2025-12,Two-year,89.5,0,0
A006331,2025-12,Two-year,65.72,1,0
A006332,2025-12,Two-year,79.64,0,0
A006333,2025-12,Two-year,91.19,2,0
A006334,2025-12,Two-year,91.07,3,0
A006335,2025-12,Two-year,84.47,3,0
A006336,2025-12,Two-year,91.64,2,0
A006337,2025-12,Two-year,81.53,0,0
A006338,2025-12,Two-year,103.64,1,0
A006339,2025-12,Two-year,84.65,1,0
A006340,2025-12,Two-year,84.0,2,0
A006341,2025-12,Two-year,86.62,3,0
A006342,2025-12,Two-year,107.52,1,0
A006343,2025-12,Two-year,66.84,0,0
A006344,2025-12,Two-year,83.91,2,0
A006345,2025-12,Two-year,61.32,1,0
A006346,2025-12,Two-year,91.98,0,0
A006347,2025-12,Two-year,85.87,1,0
A006348,2025-12,Two-year,80.33,1,0
A006349,2025-12,Two-year,87.85,0,0
A006350,2025-12,Two-year,84.86,2,0
A006351,2025-12,Two-year,80.84,1,0
A006352,2025-12,Two-year,86.97,2,0
A006353,2025-12,Two-year,68.29,0,0
A006354,2025-12,Two-year,69.93,1,0
A006355,2025-12,Two-year,74.05,0,0
A006356,2025-12,Two-year,76.74,2,0
A006357,2025-12,Two-year,123.53,1,0
A006358,2025-12,Two-year,78.65,3,0
A006359,2025-12,Two-year,114.74,0,0
A006360,2025-12,Two-year,89.99,2,0
A006361,2025-12,Two-year,77.57,1,0
A006362,2025-12,Two-year,82.58,2,0
A006363,2025-12,Two-year,94.89,2,0
A006364,2025-12,Two-year,88.75,3,0
A006365,2025-12,Two-year,80.52,0,0
A006366,2025-12,Two-year,79.64,2,0
A006367,2025-12,Two-year,99.74,1,0
A006368,2025-12,Two-year,64.24,3,0
A006369,2025-12,Two-year,93.84,2,0
A006370,2025-12,Two-year,65.21,1,0
A006371,2025-12,Two-year,100.36,0,0
A006372,2025-12,Two-year,75.4,2,0
A006373,2025-12,Two-year,80.58,0,0
A006374,2025-12,Two-year,62.38,1,0
A006375,2025-12,Two-year,94.13,2,0
A006376,2025-12,Two-year,85.64,2,0
A006377,2025-12,Two-year,56.92,0,0
A006378,2025-12,Two-year,77.15,3,0
A006379,2025-12,Two-year,79.19,2,0
A006380,2025-12,Two-year,83.34,0,0
A006381,2025-12,Two-year,88.45,3,0
A006382,2025-12,Two-year,79.81,0,0
A006383,2025-12,Two-year,95.86,3,0
A006384,2025-12,Two-year,90.4,3,0
A006385,2025-12,Two-year,71.27,1,1
A006386,2025-12,Two-year,89.81,1,0
A006387,2025-12,Two-year,89.24,2,0
A006388,2025-12,Two-year,113.16,2,0
A006389,2025-12,Two-year,79.45,2,0
A006390,2025-12,Two-year,71.19,4,0
A006391,2025-12,Two-year,83.62,3,0
A006392,2025-12,Two-year,98.77,2,0
A006393,2025-12,Two-year,113.02,2,0
A006394,2025-12,Two-year,83.24,1,0
A006395,2025-12,Two-year,90.35,1,0
A006396,2025-12,Two-year,56.75,0,0
A006397,2025-12,Two-year,66.67,1,0
A006398,2025-12,Two-year,70.38,4,0
A006399,2025-12,Two-year,90.58,0,0
A006400,2025-12,Two-year,82.04,0,0
A006401,2025-12,Two-year,68.96,0,0
A006402,2025-12,Two-year,68.6,0,0
A006403,2025-12,Two-year,71.14,2,0
A006404,2025-12,Two-year,86.69,2,0
A006405,2025-12,Two-year,92.17,0,0
A006406,2025-12,Two-year,95.22,1,0
A006407,2025-12,Two-year,88.86,2,0
A006408,2025-12,Two-year,72.87,0,0
A006409,2025-12,Two-year,97.22,2,0
A006410,2025-12,Two-year,93.3,0,0
A006411,2025-12,Two-year,75.0,0,0
A006412,2025-12,Two-year,112.16,1,0
A006413,2025-12,Two-year,84.56,2,0
A006414,2025-12,Two-year,54.69,2,0
A006415,2025-12,Two-year,82.91,1,0
A006416,2025-12,Two-year,94.07,0,0
A006417,2025-12,Two-year,48.29,0,0
A006418,2025-12,Two-year,106.4,1,0
A006419,2025-12,Two-year,90.96,0,0
A006420,2025-12,Two-year,66.01,2,0
A006421,2025-12,Two-year,84.14,0,0
A006422,2025-12,Two-year,55.29,2,0
A006423,2025-12,Two-year,103.18,1,0
A006424,2025-12,Two-year,77.48,1,0
A006425,2025-12,Two-year,65.76,0,0
A006426,2025-12,Two-year,87.42,1,0
A006427,2025-12,Two-year,101.04,2,0
A006428,2025-12,Two-year,68.31,1,0
A006429,2025-12,Two-year,91.73,2,0
A006430,2025-12,Two-year,84.21,0,0
A006431,2025-12,Two-year,95.39,2,0
A006432,2025-12,Two-year,84.62,0,0
A006433,2025-12,Two-year,73.94,2,0
A006434,2025-12,Two-year,70.1,2,1
A006435,2025-12,Two-year,76.33,0,0
A006436,2025-12,Two-year,93.15,1,0
A006437,2025-12,Two-year,62.56,0,0
A006438,2025-12,Two-year,102.53,1,0
A006439,2025-12,Two-year,102.93,2,0
A006440,2025-12,Two-year,81.21,2,0
A006441,2025-12,Two-year,66.19,0,0
A006442,2025-12,Two-year,68.64,1,0
A006443,2025-12,Two-year,71.88,0,0
A006444,2025-12,Two-year,92.97,0,0
A006445,2025-12,Two-year,100.59,1,0
A006446,2025-12,Two-year,64.88,0,0
A006447,2025-12,Two-year,74.82,2,0
A006448,2025-12,Two-year,104.79,1,0
A006449,2025-12,Two-year,77.98,1,0
A006450,2025-12,Two-year,67.75,2,0
A006451,2025-12,Two-year,70.4,1,0
A006452,2025-12,Two-year,89.3,1,0
A006453,2025-12,Two-year,103.12,0,0
A006454,2025-12,Two-year,98.49,0,0
A006455,2025-12,Two-year,101.98,2,0
A006456,2025-12,Two-year,53.25,2,0
A006457,2025-12,Two-year,72.49,0,0
A006458,2025-12,Two-year,76.36,1,0
A006459,2025-12,Two-year,104.89,1,0
A006460,2025-12,Two-year,81.9,3,0
A006461,2025-12,Two-year,90.17,2,0
A006462,2025-12,Two-year,104.39,4,0
A006463,2025-12,Two-year,85.2,2,0
A006464,2025-12,Two-year,107.53,1,0
A006465,2025-12,Two-year,84.66,2,0
A006466,2025-12,Two-year,81.89,4,0
A006467,2025-12,Two-year,73.18,0,0
A006468,2025-12,Two-year,56.24,3,0
A006469,2025-12,Two-year,58.49,3,0
A006470,2025-12,Two-year,111.67,1,0
A006471,2025-12,Two-year,66.51,0,0
A006472,2025-12,Two-year,72.3,1,0
A006473,2025-12,Two-year,79.56,0,0
A006474,2025-12,Two-year,83.79,3,0
A006475,2025-12,Two-year,88.48,2,0
A006476,2025-12,Two-year,96.88,1,0
A006477,2025-12,Two-year,57.63,1,0
A006478,2025-12,Two-year,75.55,0,0
A006479,2025-12,Two-year,81.39,1,0
A006480,2025-12,Two-year,55.79,0,0
A006481,2025-12,Two-year,82.07,0,0
A006482,2025-12,Two-year,93.64,1,0
A006483,2025-12,Two-year,84.62,0,0
A006484,2025-12,Two-year,83.45,1,0
A006485,2025-12,Two-year,59.16,1,0
A006486,2025-12,Two-year,79.07,0,0
A006487,2025-12,Two-year,69.66,0,0
A006488,2025-12,Two-year,62.43,1,0
A006489,2025-12,Two-year,70.49,1,0
A006490,2025-12,Two-year,59.33,3,0
A006491,2025-12,Two-year,69.52,2,0
A006492,2025-12,Two-year,89.87,0,0
A006493,2025-12,Two-year,98.58,0,0
A006494,2025-12,Two-year,76.69,0,0
A006495,2025-12,Two-year,77.66,1,0
A006496,2025-12,Two-year,58.6,1,0
A006497,2025-12,Two-year,77.34,2,0
A006498,2025-12,Two-year,101.46,3,0
A006499,2025-12,Two-year,68.34,0,0
A006500,2025-12,Two-year,88.24,0,0
A006501,2025-12,Two-year,97.67,0,0
A006502,2025-12,Two-year,63.69,1,0
A006503,2025-12,Two-year,84.74,0,0
A006504,2025-12,Two-year,112.39,3,0
A006505,2025-12,Two-year,73.14,0,0
A006506,2025-12,Two-year,72.6,2,0
A006507,2025-12,Two-year,105.19,2,0
A006508,2025-12,Two-year,67.58,0,0
A006509,2025-12,Two-year,78.23,0,0
A006510,2025-12,Two-year,84.94,1,0
A006511,2025-12,Two-year,76.31,0,0
A006512,2025-12,Two-year,73.77,0,0
A006513,2025-12,Two-year,85.79,0,0
A006514,2025-12,Two-year,62.34,0,0
A006515,2025-12,Two-year,105.82,2,0
A006516,2025-12,Two-year,96.31,1,0
A006517,2025-12,Two-year,72.14,1,0
A006518,2025-12,Two-year,86.06,2,0
A006519,2025-12,Two-year,80.56,0,0
A006520,2025-12,Two-year,68.24,1,0
A006521,2025-12,Two-year,61.07,0,0
A006522,2025-12,Two-year,47.06,0,0
A006523,2025-12,Two-year,92.97,2,0
A006524,2025-12,Two-year,108.11,0,0
A006525,2025-12,Two-year,95.45,0,0
A006526,2025-12,Two-year,62.26,2,0
A006527,2025-12,Two-year,103.6,0,0
A006528,2025-12,Two-year,68.87,2,0
A006529,2025-12,Two-year,109.27,1,0
A006530,2025-12,Two-year,72.42,0,0
A006531,2025-12,Two-year,78.8,1,0
A006532,2025-12,Two-year,75.63,1,0
A006533,2025-12,Two-year,84.36,1,1
A006534,2025-12,Two-year,94.8,1,1
A006535,2025-12,Two-year,82.34,1,0
A006536,2025-12,Two-year,89.02,2,0
A006537,2025-12,Two-year,89.01,0,0
A006538,2025-12,Two-year,111.79,3,0
A006539,2025-12,Two-year,81.77,1,0
A006540,2025-12,Two-year,72.52,0,0
A006541,2025-12,Two-year,76.17,3,0
A006542,2025-12,Two-year,76.98,2,0
A006543,2025-12,Two-year,82.37,1,0
A006544,2025-12,Two-year,96.75,0,0
A006545,2025-12,Two-year,74.19,2,0
A006546,2025-12,Two-year,69.85,0,0
A006547,2025-12,Two-year,90.93,1,0
A006548,2025-12,Two-year,103.87,2,0
A006549,2025-12,Two-year,84.27,2,0
A006550,2025-12,Two-year,101.43,1,0
A006551,2025-12,Two-year,43.65,1,0
A006552,2025-12,Two-year,76.23,2,0
A006553,2025-12,Two-year,76.48,1,0
A006554,2025-12,Two-year,76.44,0,0
A006555,2025-12,Two-year,79.58,0,0
A006556,2025-12,Two-year,100.94,1,0
A006557,2025-12,Two-year,73.61,0,0
A006558,2025-12,Two-year,61.58,2,0
A006559,2025-12,Two-year,65.73,2,0
A006560,2025-12,Two-year,60.41,1,0
A006561,2025-12,Two-year,59.55,0,0
A006562,2025-12,Two-year,98.07,1,0
A006563,2025-12,Two-year,55.22,2,0
A006564,2025-12,Two-year,65.54,0,0
A006565,2025-12,Two-year,66.35,3,0
A006566,2025-12,Two-year,104.68,4,0
A006567,2025-12,Two-year,65.96,0,0
A006568,2025-12,Two-year,77.31,0,0
A006569,2025-12,Two-year,94.75,0,0
A006570,2025-12,Two-year,76.05,4,0
A006571,2025-12,Two-year,59.58,0,0
A006572,2025-12,Two-year,86.4,4,0
A006573,2025-12,Two-year,84.88,1,0
A006574,2025-12,Two-year,70.7,0,0
A006575,2025-12,Two-year,77.22,0,0
A006576,2025-12,Two-year,90.07,2,0
A006577,2025-12,Two-year,81.73,0,0
A006578,2025-12,Two-year,98.46,0,0
A006579,2025-12,Two-year,91.49,3,0
A006580,2025-12,Two-year,81.49,0,0
A006581,2025-12,Two-year,84.32,0,0
A006582,2025-12,Two-year,94.72,4,0
A006583,2025-12,Two-year,68.4,3,0
A006584,2025-12,Two-year,107.53,2,0
A006585,2025-12,Two-year,113.68,3,0
A006586,2025-12,Two-year,66.62,1,0
A006587,2025-12,Two-year,87.44,3,0
A006588,2025-12,Two-year,84.89,3,0
A006589,2025-12,Two-year,87.47,1,0
A006590,2025-12,Two-year,77.77,0,0
A006591,2025-12,Two-year,75.25,1,0
A006592,2025-12,Two-year,70.06,3,1
A006593,2025-12,Two-year,85.65,3,0
A006594,2025-12,Two-year,84.08,1,0
A006595,2025-12,Two-year,70.72,0,0
A006596,2025-12,Two-year,96.09,0,0
A006597,2025-12,Two-year,84.86,2,0
A006598,2025-12,Two-year,92.29,1,0
A006599,2025-12,Two-year,90.7,2,0
A006600,2025-12,Two-year,66.62,1,0
A006601,2025-12,Two-year,77.13,0,0
A006602,2025-12,Two-year,71.15,0,0
A006603,2025-12,Two-year,80.16,1,0
A006604,2025-12,Two-year,95.47,1,0
A006605,2025-12,Two-year,84.53,1,0
A006606,2025-12,Two-year,87.99,4,0
A006607,2025-12,Two-year,61.66,0,0
A006608,2025-12,Two-year,99.62,2,0
A006609,2025-12,Two-year,76.04,2,0
A006610,2025-12,Two-year,58.75,1,0
A006611,2025-12,Two-year,57.13,2,0
A006612,2025-12,Two-year,81.33,3,0
A006613,2025-12,Two-year,68.17,0,0
A006614,2025-12,Two-year,101.3,2,0
A006615,2025-12,Two-year,69.92,0,0
A006616,2025-12,Two-year,69.51,0,0
A006617,2025-12,Two-year,80.77,1,0
A006618,2025-12,Two-year,66.7,1,0
A006619,2025-12,Two-year,77.88,0,0
A006620,2025-12,Two-year,83.76,2,0
A006621,2025-12,Two-year,80.37,1,0
A006622,2025-12,Two-year,57.45,0,0
A006623,2025-12,Two-year,68.02,1,0
A006624,2025-12,Two-year,88.75,1,0
A006625,2025-12,Two-year,66.62,4,0
A006626,2025-12,Two-year,78.92,1,0
A006627,2025-12,Two-year,76.06,2,0
A006628,2025-12,Two-year,103.33,1,0
A006629,2025-12,Two-year,60.69,1,0
A006630,2025-12,Two-year,83.0,0,0
A006631,2025-12,Two-year,99.47,2,0
A006632,2025-12,Two-year,77.38,2,0
A006633,2025-12,Two-year,101.1,0,0
A006634,2025-12,Two-year,92.22,0,0
A006635,2025-12,Two-year,86.79,0,0
A006636,2025-12,Two-year,65.38,0,0
A006637,2025-12,Two-year,66.55,1,0
A006638,2025-12,Two-year,95.28,0,0
A006639,2025-12,Two-year,87.47,1,0
A006640,2025-12,Two-year,89.42,3,0
A006641,2025-12,Two-year,67.54,2,0
A006642,2025-12,Two-year,70.4,2,0
A006643,2025-12,Two-year,61.24,1,0
A006644,2025-12,Two-year,84.58,1,0
A006645,2025-12,Two-year,77.54,3,0
A006646,2025-12,Two-year,89.62,1,0
A006647,2025-12,Two-year,71.32,3,0
A006648,2025-12,Two-year,99.85,1,0
A006649,2025-12,Two-year,60.38,0,0
A006650,2025-12,Two-year,65.84,1,0
A006651,2025-12,Two-year,104.07,2,0
A006652,2025-12,Two-year,112.96,3,0
A006653,2025-12,Two-year,66.92,1,0
A006654,2025-12,Two-year,60.86,0,0
A006655,2025-12,Two-year,77.9,0,0
A006656,2025-12,Two-year,63.05,2,0
A006657,2025-12,Two-year,77.76,1,0
A006658,2025-12,Two-year,82.23,3,0
A006659,2025-12,Two-year,85.08,2,0
A006660,2025-12,Two-year,85.8,2,0
A006661,2025-12,Two-year,86.08,1,0
A006662,2025-12,Two-year,98.57,0,0
A006663,2025-12,Two-year,97.52,1,0
A006664,2025-12,Two-year,79.83,0,0
A006665,2025-12,Two-year,69.94,0,0
A006666,2025-12,Two-year,76.2,0,0
A006667,2025-12,Two-year,106.62,0,0
A006668,2025-12,Two-year,68.44,1,0
A006669,2025-12,Two-year,86.95,0,0
A006670,2025-12,Two-year,94.72,1,0
A006671,2025-12,Two-year,106.63,2,0
A006672,2025-12,Two-year,61.35,2,0
A006673,2025-12,Two-year,43.45,0,0
A006674,2025-12,Two-year,79.99,4,0
A006675,2025-12,Two-year,108.45,2,0
A006676,2025-12,Two-year,79.05,2,0
A006677,2025-12,Two-year,79.73,0,0
A006678,2025-12,Two-year,64.83,3,0
A006679,2025-12,Two-year,84.51,0,0
A006680,2025-12,Two-year,84.91,3,0
A006681,2025-12,Two-year,66.59,0,0
A006682,2025-12,Two-year,67.49,1,0
A006683,2025-12,Two-year,80.19,3,0
A006684,2025-12,Two-year,83.95,0,0
A006685,2025-12,Two-year,67.1,1,0
A006686,2025-12,Two-year,88.1,4,0
A006687,2025-12,Two-year,55.35,2,0
A006688,2025-12,Two-year,78.11,2,0
A006689,2025-12,Two-year,73.9,0,0
A006690,2025-12,Two-year,87.69,3,0
A006691,2025-12,Two-year,77.09,0,0
A006692,2025-12,Two-year,60.42,1,0
A006693,2025-12,Two-year,94.76,0,0
A006694,2025-12,Two-year,100.96,2,0
A006695,2025-12,Two-year,81.71,2,0
A006696,2025-12,Two-year,95.23,2,0
A006697,2025-12,Two-year,79.5,0,0
A006698,2025-12,Two-year,78.08,1,0
A006699,2025-12,Two-year,88.78,3,0
A006700,2025-12,Two-year,78.28,2,0
A006701,2026-01,Month-to-month,87.88,4,0
A006702,2026-01,Month-to-month,55.21,0,0
A006703,2026-01,Month-to-month,35.2,1,0
A006704,2026-01,Month-to-month,55.55,1,0
A006705,2026-01,Month-to-month,71.57,3,0
A006706,2026-01,Month-to-month,53.57,2,0
A006707,2026-01,Month-to-month,66.8,0,0
A006708,2026-01,Month-to-month,64.45,3,0
A006709,2026-01,Month-to-month,43.63,3,0
A006710,2026-01,Month-to-month,74.5,5,0
A006711,2026-01,Month-to-month,59.82,3,0
A006712,2026-01,Month-to-month,78.57,3,0
A006713,2026-01,Month-to-month,60.21,2,0
A006714,2026-01,Month-to-month,54.44,2,0
A006715,2026-01,Month-to-month,67.4,0,0
A006716,2026-01,Month-to-month,84.21,2,1
A006717,2026-01,Month-to-month,60.41,2,0
A006718,2026-01,Month-to-month,77.18,3,0
A006719,2026-01,Month-to-month,71.65,3,0
A006720,2026-01,Month-to-month,70.2,3,0
A006721,2026-01,Month-to-month,74.09,3,0
A006722,2026-01,Month-to-month,38.71,1,0
A006723,2026-01,Month-to-month,88.27,2,0
A006724,2026-01,Month-to-month,49.04,3,0
A006725,2026-01,Month-to-month,67.59,1,0
A006726,2026-01,Month-to-month,56.75,2,0
A006727,2026-01,Month-to-month,63.57,1,0
A006728,2026-01,Month-to-month,64.21,2,0
A006729,2026-01,Month-to-month,60.35,3,0
A006730,2026-01,Month-to-month,64.77,0,0
A006731,2026-01,Month-to-month,85.43,2,0
A006732,2026-01,Month-to-month,64.81,2,0
A006733,2026-01,Month-to-month,82.94,0,0
A006734,2026-01,Month-to-month,72.96,3,0
A006735,2026-01,Month-to-month,39.17,2,0
A006736,2026-01,Month-to-month,85.28,4,1
A006737,2026-01,Month-to-month,109.38,3,0
A006738,2026-01,Month-to-month,84.92,1,0
A006739,2026-01,Month-to-month,75.71,1,0
A006740,2026-01,Month-to-month,63.39,3,0
A006741,2026-01,Month-to-month,73.44,5,0
A006742,2026-01,Month-to-month,60.67,2,0
A006743,2026-01,Month-to-month,106.27,1,0
A006744,2026-01,Month-to-month,42.32,2,0
A006745,2026-01,Month-to-month,94.8,2,0
A006746,2026-01,Month-to-month,77.68,1,0
A006747,2026-01,Month-to-month,50.46,3,0
A006748,2026-01,Month-to-month,55.14,3,1
A006749,2026-01,Month-to-month,59.29,3,0
A006750,2026-01,Month-to-month,69.94,2,0
A006751,2026-01,Month-to-month,62.71,2,0
A006752,2026-01,Month-to-month,66.57,1,0
A006753,2026-01,Month-to-month,57.7,4,0
A006754,2026-01,Month-to-month,54.93,3,0
A006755,2026-01,Month-to-month,60.2,2,0
A006756,2026-01,Month-to-month,60.73,1,0
A006757,2026-01,Month-to-month,61.04,2,0
A006758,2026-01,Month-to-month,88.62,4,0
A006759,2026-01,Month-to-month,73.38,1,1
A006760,2026-01,Month-to-month,79.58,5,1
A006761,2026-01,Month-to-month,38.61,0,0
A006762,2026-01,Month-to-month,32.84,3,1
A006763,2026-01,Month-to-month,72.86,3,1
A006764,2026-01,Month-to-month,72.84,1,0
A006765,2026-01,Month-to-month,54.82,2,0
A006766,2026-01,Month-to-month,59.46,1,0
A006767,2026-01,Month-to-month,64.84,2,0
A006768,2026-01,Month-to-month,49.27,2,0
A006769,2026-01,Month-to-month,70.62,0,0
A006770,2026-01,Month-to-month,75.96,3,0
A006771,2026-01,Month-to-month,69.28,5,0
A006772,2026-01,Month-to-month,86.74,2,0
A006773,2026-01,Month-to-month,63.79,4,0
A006774,2026-01,Month-to-month,72.43,4,0
A006775,2026-01,Month-to-month,54.5,4,0
A006776,2026-01,Month-to-month,75.17,1,0
A006777,2026-01,Month-to-month,87.38,4,0
A006778,2026-01,Month-to-month,82.46,1,0
A006779,2026-01,Month-to-month,63.25,3,0
A006780,2026-01,Month-to-month,59.36,3,0
A006781,2026-01,Month-to-month,65.83,3,0
A006782,2026-01,Month-to-month,62.03,0,1
A006783,2026-01,Month-to-month,46.01,4,1
A006784,2026-01,Month-to-month,83.45,2,0
A006785,2026-01,Month-to-month,58.91,2,0
A006786,2026-01,Month-to-month,66.82,2,0
A006787,2026-01,Month-to-month,68.46,3,0
A006788,2026-01,Month-to-month,68.98,3,0
A006789,2026-01,Month-to-month,71.07,1,0
A006790,2026-01,Month-to-month,45.18,7,0
A006791,2026-01,Month-to-month,60.54,1,0
A006792,2026-01,Month-to-month,35.55,4,0
A006793,2026-01,Month-to-month,50.08,2,0
A006794,2026-01,Month-to-month,58.96,2,0
A006795,2026-01,Month-to-month,105.61,2,0
A006796,2026-01,Month-to-month,80.44,1,0
A006797,2026-01,Month-to-month,68.59,3,0
A006798,2026-01,Month-to-month,66.21,2,0
A006799,2026-01,Month-to-month,46.79,0,0
A006800,2026-01,Month-to-month,83.51,4,0
A006801,2026-01,Month-to-month,68.14,2,0
A006802,2026-01,Month-to-month,72.05,0,0
A006803,2026-01,Month-to-month,73.66,2,0
A006804,2026-01,Month-to-month,73.33,2,0
A006805,2026-01,Month-to-month,66.54,3,0
A006806,2026-01,Month-to-month,80.28,3,0
A006807,2026-01,Month-to-month,57.05,5,0
A006808,2026-01,Month-to-month,68.83,3,0
A006809,2026-01,Month-to-month,67.18,3,0
A006810,2026-01,Month-to-month,69.38,3,1
A006811,2026-01,Month-to-month,67.29,4,0
A006812,2026-01,Month-to-month,58.54,4,0
A006813,2026-01,Month-to-month,82.63,0,0
A006814,2026-01,Month-to-month,43.58,2,0
A006815,2026-01,Month-to-month,61.35,4,0
A006816,2026-01,Month-to-month,62.53,4,0
A006817,2026-01,Month-to-month,72.82,4,0
A006818,2026-01,Month-to-month,94.36,1,0
A006819,2026-01,Month-to-month,49.06,2,0
A006820,2026-01,Month-to-month,87.97,5,0
A006821,2026-01,Month-to-month,88.04,5,0
A006822,2026-01,Month-to-month,56.29,2,0
A006823,2026-01,Month-to-month,66.33,4,0
A006824,2026-01,Month-to-month,63.68,3,0
A006825,2026-01,Month-to-month,64.95,3,1
A006826,2026-01,Month-to-month,61.66,0,0
A006827,2026-01,Month-to-month,51.86,2,0
A006828,2026-01,Month-to-month,63.92,1,0
A006829,2026-01,Month-to-month,68.92,0,0
A006830,2026-01,Month-to-month,64.05,4,0
A006831,2026-01,Month-to-month,55.67,4,0
A006832,2026-01,Month-to-month,79.33,3,0
A006833,2026-01,Month-to-month,75.69,3,0
A006834,2026-01,Month-to-month,70.93,2,0
A006835,2026-01,Month-to-month,54.34,0,0
A006836,2026-01,Month-to-month,66.95,3,0
A006837,2026-01,Month-to-month,73.24,3,0
A006838,2026-01,Month-to-month,66.92,4,0
A006839,2026-01,Month-to-month,78.39,0,0
A006840,2026-01,Month-to-month,85.58,3,0
A006841,2026-01,Month-to-month,72.91,2,0
A006842,2026-01,Month-to-month,68.56,2,0
A006843,2026-01,Month-to-month,49.59,3,0
A006844,2026-01,Month-to-month,69.09,2,0
A006845,2026-01,Month-to-month,62.86,2,0
A006846,2026-01,Month-to-month,68.55,4,1
A006847,2026-01,Month-to-month,72.79,2,0
A006848,2026-01,Month-to-month,67.03,4,0
A006849,2026-01,Month-to-month,75.82,3,0
A006850,2026-01,Month-to-month,44.72,4,0
A006851,2026-01,Month-to-month,46.88,0,0
A006852,2026-01,Month-to-month,91.94,2,0
A006853,2026-01,Month-to-month,71.56,1,0
A006854,2026-01,Month-to-month,44.88,2,0
A006855,2026-01,Month-to-month,72.29,0,0
A006856,2026-01,Month-to-month,66.77,2,0
A006857,2026-01,Month-to-month,81.05,5,0
A006858,2026-01,Month-to-month,71.79,3,0
A006859,2026-01,Month-to-month,73.39,1,0
A006860,2026-01,Month-to-month,49.07,2,0
A006861,2026-01,Month-to-month,95.8,4,0
A006862,2026-01,Month-to-month,78.64,1,0
A006863,2026-01,Month-to-month,56.82,0,0
A006864,2026-01,Month-to-month,74.13,4,0
A006865,2026-01,Month-to-month,79.02,4,0
A006866,2026-01,Month-to-month,69.09,4,0
A006867,2026-01,Month-to-month,69.52,2,0
A006868,2026-01,Month-to-month,59.87,1,0
A006869,2026-01,Month-to-month,81.6,4,0
A006870,2026-01,Month-to-month,59.93,2,0
A006871,2026-01,Month-to-month,79.64,1,0
A006872,2026-01,Month-to-month,72.41,3,0
A006873,2026-01,Month-to-month,70.62,1,0
A006874,2026-01,Month-to-month,62.05,2,0
A006875,2026-01,Month-to-month,48.97,0,0
A006876,2026-01,Month-to-month,50.37,5,0
A006877,2026-01,Month-to-month,46.86,1,0
A006878,2026-01,Month-to-month,71.06,5,0
A006879,2026-01,Month-to-month,77.5,4,0
A006880,2026-01,Month-to-month,42.41,2,0
A006881,2026-01,Month-to-month,49.84,1,0
A006882,2026-01,Month-to-month,98.42,4,0
A006883,2026-01,Month-to-month,29.33,2,0
A006884,2026-01,Month-to-month,89.52,2,0
A006885,2026-01,Month-to-month,77.45,1,0
A006886,2026-01,Month-to-month,58.36,1,0
A006887,2026-01,Month-to-month,65.74,2,0
A006888,2026-01,Month-to-month,61.51,2,0
A006889,2026-01,Month-to-month,48.42,1,0
A006890,2026-01,Month-to-month,68.18,1,0
A006891,2026-01,Month-to-month,81.8,4,0
A006892,2026-01,Month-to-month,77.68,2,0
A006893,2026-01,Month-to-month,59.44,3,0
A006894,2026-01,Month-to-month,62.01,1,0
A006895,2026-01,Month-to-month,60.53,1,0
A006896,2026-01,Month-to-month,35.07,0,0
A006897,2026-01,Month-to-month,59.09,2,0
A006898,2026-01,Month-to-month,74.92,1,0
A006899,2026-01,Month-to-month,47.57,3,0
A006900,2026-01,Month-to-month,44.52,2,0
A006901,2026-01,Month-to-month,63.63,3,1
A006902,2026-01,Month-to-month,63.62,3,0
A006903,2026-01,Month-to-month,56.87,4,1
A006904,2026-01,Month-to-month,46.79,4,0
A006905,2026-01,Month-to-month,86.17,0,0
A006906,2026-01,Month-to-month,44.37,2,0
A006907,2026-01,Month-to-month,69.94,3,1
A006908,2026-01,Month-to-month,59.6,0,0
A006909,2026-01,Month-to-month,93.38,4,0
A006910,2026-01,Month-to-month,50.59,3,0
A006911,2026-01,Month-to-month,72.57,0,0
A006912,2026-01,Month-to-month,78.03,0,0
A006913,2026-01,Month-to-month,45.93,3,0
A006914,2026-01,Month-to-month,86.79,2,0
A006915,2026-01,Month-to-month,70.34,3,0
A006916,2026-01,Month-to-month,57.34,5,0
A006917,2026-01,Month-to-month,71.12,0,0
A006918,2026-01,Month-to-month,68.4,2,0
A006919,2026-01,Month-to-month,75.88,1,0
A006920,2026-01,Month-to-month,49.81,4,0
A006921,2026-01,Month-to-month,54.66,1,0
A006922,2026-01,Month-to-month,87.91,4,0
A006923,2026-01,Month-to-month,62.9,4,0
A006924,2026-01,Month-to-month,52.86,2,0
A006925,2026-01,Month-to-month,81.21,4,0
A006926,2026-01,Month-to-month,57.15,2,1
A006927,2026-01,Month-to-month,71.05,3,0
A006928,2026-01,Month-to-month,44.24,3,0
A006929,2026-01,Month-to-month,68.24,1,0
A006930,2026-01,Month-to-month,109.22,3,0
A006931,2026-01,Month-to-month,65.39,5,0
A006932,2026-01,Month-to-month,57.31,4,0
A006933,2026-01,Month-to-month,73.42,2,0
A006934,2026-01,Month-to-month,95.71,2,0
A006935,2026-01,Month-to-month,47.95,3,0
A006936,2026-01,Month-to-month,49.56,3,0
A006937,2026-01,Month-to-month,88.84,3,0
A006938,2026-01,Month-to-month,63.44,5,0
A006939,2026-01,Month-to-month,77.8,4,0
A006940,2026-01,Month-to-month,77.44,2,0
A006941,2026-01,Month-to-month,55.06,3,0
A006942,2026-01,Month-to-month,93.86,3,0
A006943,2026-01,Month-to-month,84.47,2,0
A006944,2026-01,Month-to-month,59.81,1,1
A006945,2026-01,Month-to-month,91.85,3,0
A006946,2026-01,Month-to-month,82.99,2,0
A006947,2026-01,Month-to-month,68.36,2,0
A006948,2026-01,Month-to-month,61.67,1,0
A006949,2026-01,Month-to-month,73.14,3,0
A006950,2026-01,Month-to-month,78.17,2,1
A006951,2026-01,Month-to-month,67.36,4,0
A006952,2026-01,Month-to-month,63.17,3,0
A006953,2026-01,Month-to-month,55.27,3,0
A006954,2026-01,Month-to-month,86.16,2,0
A006955,2026-01,Month-to-month,75.73,3,0
A006956,2026-01,Month-to-month,86.88,3,0
A006957,2026-01,Month-to-month,69.58,2,0
A006958,2026-01,Month-to-month,68.13,5,0
A006959,2026-01,Month-to-month,74.6,1,1
A006960,2026-01,Month-to-month,73.47,0,0
A006961,2026-01,Month-to-month,84.29,4,0
A006962,2026-01,Month-to-month,72.86,5,0
A006963,2026-01,Month-to-month,71.46,0,0
A006964,2026-01,Month-to-month,57.17,1,0
A006965,2026-01,Month-to-month,73.38,1,0
A006966,2026-01,Month-to-month,83.7,2,0
A006967,2026-01,Month-to-month,60.46,1,0
A006968,2026-01,Month-to-month,104.47,2,0
A006969,2026-01,Month-to-month,94.46,2,0
A006970,2026-01,Month-to-month,51.72,2,0
A006971,2026-01,Month-to-month,70.65,3,0
A006972,2026-01,Month-to-month,66.21,2,0
A006973,2026-01,Month-to-month,73.41,1,0
A006974,2026-01,Month-to-month,75.67,2,1
A006975,2026-01,Month-to-month,42.68,4,0
A006976,2026-01,Month-to-month,74.3,2,0
A006977,2026-01,Month-to-month,78.59,4,0
A006978,2026-01,Month-to-month,73.75,4,0
A006979,2026-01,Month-to-month,86.85,0,0
A006980,2026-01,Month-to-month,45.83,0,0
A006981,2026-01,Month-to-month,48.71,4,0
A006982,2026-01,Month-to-month,79.16,3,0
A006983,2026-01,Month-to-month,62.34,2,0
A006984,2026-01,Month-to-month,66.12,1,0
A006985,2026-01,Month-to-month,61.91,5,0
A006986,2026-01,Month-to-month,51.29,1,0
A006987,2026-01,Month-to-month,59.97,2,0
A006988,2026-01,Month-to-month,67.11,1,0
A006989,2026-01,Month-to-month,49.42,2,0
A006990,2026-01,Month-to-month,88.27,4,0
A006991,2026-01,Month-to-month,76.44,3,0
A006992,2026-01,Month-to-month,37.83,2,0
A006993,2026-01,Month-to-month,84.78,4,0
A006994,2026-01,Month-to-month,100.9,3,0
A006995,2026-01,Month-to-month,89.23,4,0
A006996,2026-01,Month-to-month,73.6,4,0
A006997,2026-01,Month-to-month,64.87,2,0
A006998,2026-01,Month-to-month,60.5,2,0
A006999,2026-01,Month-to-month,56.35,3,1
A007000,2026-01,Month-to-month,85.2,4,0
A007001,2026-01,Month-to-month,38.89,2,0
A007002,2026-01,Month-to-month,76.1,1,0
A007003,2026-01,Month-to-month,63.2,3,0
A007004,2026-01,Month-to-month,76.06,3,0
A007005,2026-01,Month-to-month,51.42,3,0
A007006,2026-01,Month-to-month,54.96,5,1
A007007,2026-01,Month-to-month,60.65,3,0
A007008,2026-01,Month-to-month,83.34,2,0
A007009,2026-01,Month-to-month,78.9,2,0
A007010,2026-01,Month-to-month,70.79,2,0
A007011,2026-01,Month-to-month,45.38,1,0
A007012,2026-01,Month-to-month,66.05,2,0
A007013,2026-01,Month-to-month,62.04,2,0
A007014,2026-01,Month-to-month,49.51,3,0
A007015,2026-01,Month-to-month,57.92,4,0
A007016,2026-01,Month-to-month,55.71,0,0
A007017,2026-01,Month-to-month,64.67,1,0
A007018,2026-01,Month-to-month,70.79,2,0
A007019,2026-01,Month-to-month,61.59,2,0
A007020,2026-01,Month-to-month,53.54,2,0
A007021,2026-01,Month-to-month,72.32,2,0
A007022,2026-01,Month-to-month,49.59,3,0
A007023,2026-01,Month-to-month,68.25,5,0
A007024,2026-01,Month-to-month,66.62,2,0
A007025,2026-01,Month-to-month,65.97,0,1
A007026,2026-01,Month-to-month,70.92,0,0
A007027,2026-01,Month-to-month,60.09,1,0
A007028,2026-01,Month-to-month,63.54,2,0
A007029,2026-01,Month-to-month,66.6,2,0
A007030,2026-01,Month-to-month,45.48,4,0
A007031,2026-01,Month-to-month,67.57,4,0
A007032,2026-01,Month-to-month,80.34,3,0
A007033,2026-01,Month-to-month,81.75,3,0
A007034,2026-01,Month-to-month,59.55,2,0
A007035,2026-01,Month-to-month,72.48,4,0
A007036,2026-01,Month-to-month,64.47,3,0
A007037,2026-01,Month-to-month,74.74,3,1
A007038,2026-01,Month-to-month,59.42,4,0
A007039,2026-01,Month-to-month,70.5,3,0
A007040,2026-01,Month-to-month,74.46,0,0
A007041,2026-01,Month-to-month,41.82,4,1
A007042,2026-01,Month-to-month,79.3,3,0
A007043,2026-01,Month-to-month,74.58,0,0
A007044,2026-01,Month-to-month,80.55,3,0
A007045,2026-01,Month-to-month,51.48,4,0
A007046,2026-01,Month-to-month,68.54,5,0
A007047,2026-01,Month-to-month,60.08,3,0
A007048,2026-01,Month-to-month,89.14,4,0
A007049,2026-01,Month-to-month,54.86,1,0
A007050,2026-01,Month-to-month,50.24,5,0
A007051,2026-01,Month-to-month,70.46,3,0
A007052,2026-01,Month-to-month,30.7,3,0
A007053,2026-01,Month-to-month,87.57,5,0
A007054,2026-01,Month-to-month,74.03,2,0
A007055,2026-01,Month-to-month,102.82,0,0
A007056,2026-01,Month-to-month,51.19,1,0
A007057,2026-01,Month-to-month,44.03,3,0
A007058,2026-01,Month-to-month,84.66,1,0
A007059,2026-01,Month-to-month,77.87,1,0
A007060,2026-01,Month-to-month,74.05,2,0
A007061,2026-01,Month-to-month,64.83,4,0
A007062,2026-01,Month-to-month,87.99,3,0
A007063,2026-01,Month-to-month,77.33,3,0
A007064,2026-01,Month-to-month,56.31,0,0
A007065,2026-01,Month-to-month,71.63,4,0
A007066,2026-01,Month-to-month,61.79,1,1
A007067,2026-01,Month-to-month,81.28,2,0
A007068,2026-01,Month-to-month,49.44,3,0
A007069,2026-01,Month-to-month,58.94,3,0
A007070,2026-01,Month-to-month,57.82,3,1
A007071,2026-01,Month-to-month,76.97,2,0
A007072,2026-01,Month-to-month,65.99,1,0
A007073,2026-01,Month-to-month,83.16,2,0
A007074,2026-01,Month-to-month,56.29,4,0
A007075,2026-01,Month-to-month,58.24,0,0
A007076,2026-01,Month-to-month,65.34,1,0
A007077,2026-01,Month-to-month,43.53,2,0
A007078,2026-01,Month-to-month,81.46,1,0
A007079,2026-01,Month-to-month,81.22,1,0
A007080,2026-01,Month-to-month,60.53,2,0
A007081,2026-01,Month-to-month,66.38,4,0
A007082,2026-01,Month-to-month,53.36,2,0
A007083,2026-01,Month-to-month,50.99,3,0
A007084,2026-01,Month-to-month,63.0,4,0
A007085,2026-01,Month-to-month,58.94,3,0
A007086,2026-01,Month-to-month,58.91,4,0
A007087,2026-01,Month-to-month,72.57,1,0
A007088,2026-01,Month-to-month,73.21,2,0
A007089,2026-01,Month-to-month,64.87,1,0
A007090,2026-01,Month-to-month,32.57,3,0
A007091,2026-01,Month-to-month,75.46,4,0
A007092,2026-01,Month-to-month,64.92,2,0
A007093,2026-01,Month-to-month,64.48,2,0
A007094,2026-01,Month-to-month,61.72,2,0
A007095,2026-01,Month-to-month,80.24,1,0
A007096,2026-01,Month-to-month,56.27,4,0
A007097,2026-01,Month-to-month,61.52,1,0
A007098,2026-01,Month-to-month,49.47,0,0
A007099,2026-01,Month-to-month,55.3,2,0
A007100,2026-01,Month-to-month,79.18,3,0
A007101,2026-01,Month-to-month,55.62,2,0
A007102,2026-01,Month-to-month,83.8,1,0
A007103,2026-01,Month-to-month,49.27,2,0
A007104,2026-01,Month-to-month,65.93,2,0
A007105,2026-01,Month-to-month,69.16,2,0
A007106,2026-01,Month-to-month,70.05,1,0
A007107,2026-01,Month-to-month,61.42,3,0
A007108,2026-01,Month-to-month,25.57,2,0
A007109,2026-01,Month-to-month,93.34,3,0
A007110,2026-01,Month-to-month,35.61,0,0
A007111,2026-01,Month-to-month,54.88,4,0
A007112,2026-01,Month-to-month,74.66,5,0
A007113,2026-01,Month-to-month,46.87,3,0
A007114,2026-01,Month-to-month,73.35,4,0
A007115,2026-01,Month-to-month,78.59,2,0
A007116,2026-01,Month-to-month,74.58,2,0
A007117,2026-01,Month-to-month,53.01,3,0
A007118,2026-01,Month-to-month,76.04,2,0
A007119,2026-01,Month-to-month,63.4,2,0
A007120,2026-01,Month-to-month,91.12,3,0
A007121,2026-01,Month-to-month,50.57,3,0
A007122,2026-01,Month-to-month,64.86,2,0
A007123,2026-01,Month-to-month,63.59,4,0
A007124,2026-01,Month-to-month,87.07,6,1
A007125,2026-01,Month-to-month,45.63,4,0
A007126,2026-01,Month-to-month,72.94,3,0
A007127,2026-01,Month-to-month,77.72,2,0
A007128,2026-01,Month-to-month,66.89,1,0
A007129,2026-01,Month-to-month,71.75,0,0
A007130,2026-01,Month-to-month,37.47,2,0
A007131,2026-01,Month-to-month,64.15,2,0
A007132,2026-01,Month-to-month,51.18,2,0
A007133,2026-01,Month-to-month,70.11,1,0
A007134,2026-01,Month-to-month,51.87,1,0
A007135,2026-01,Month-to-month,72.19,2,0
A007136,2026-01,Month-to-month,76.83,0,0
A007137,2026-01,Month-to-month,68.83,4,0
A007138,2026-01,Month-to-month,88.42,3,0
A007139,2026-01,Month-to-month,42.7,3,0
A007140,2026-01,Month-to-month,67.92,4,0
A007141,2026-01,Month-to-month,35.7,3,0
A007142,2026-01,Month-to-month,71.36,4,0
A007143,2026-01,Month-to-month,63.4,2,1
A007144,2026-01,Month-to-month,59.26,3,0
A007145,2026-01,Month-to-month,65.8,2,0
A007146,2026-01,Month-to-month,71.75,0,0
A007147,2026-01,Month-to-month,111.25,3,0
A007148,2026-01,Month-to-month,81.84,2,0
A007149,2026-01,Month-to-month,86.91,4,0
A007150,2026-01,Month-to-month,71.59,2,0
A007151,2026-01,Month-to-month,72.24,4,0
A007152,2026-01,Month-to-month,68.11,4,0
A007153,2026-01,Month-to-month,56.61,5,0
A007154,2026-01,Month-to-month,77.17,2,0
A007155,2026-01,Month-to-month,61.07,1,0
A007156,2026-01,Month-to-month,60.39,4,0
A007157,2026-01,Month-to-month,84.09,0,0
A007158,2026-01,Month-to-month,56.27,5,0
A007159,2026-01,Month-to-month,62.03,3,0
A007160,2026-01,Month-to-month,51.46,2,0
A007161,2026-01,Month-to-month,50.33,4,0
A007162,2026-01,Month-to-month,83.94,3,0
A007163,2026-01,Month-to-month,55.46,1,0
A007164,2026-01,Month-to-month,77.02,2,0
A007165,2026-01,Month-to-month,88.18,2,0
A007166,2026-01,Month-to-month,81.5,3,0
A007167,2026-01,Month-to-month,84.55,3,0
A007168,2026-01,Month-to-month,59.37,5,0
A007169,2026-01,Month-to-month,84.44,3,0
A007170,2026-01,Month-to-month,75.33,2,0
A007171,2026-01,Month-to-month,66.67,1,0
A007172,2026-01,Month-to-month,78.12,3,0
A007173,2026-01,Month-to-month,65.51,1,0
A007174,2026-01,Month-to-month,67.27,2,0
A007175,2026-01,Month-to-month,63.72,2,0
A007176,2026-01,Month-to-month,64.99,3,0
A007177,2026-01,Month-to-month,94.78,2,0
A007178,2026-01,Month-to-month,54.58,1,0
A007179,2026-01,Month-to-month,73.09,2,0
A007180,2026-01,Month-to-month,64.41,1,0
A007181,2026-01,Month-to-month,65.44,1,0
A007182,2026-01,Month-to-month,73.13,4,0
A007183,2026-01,Month-to-month,78.37,1,0
A007184,2026-01,Month-to-month,62.57,1,0
A007185,2026-01,Month-to-month,69.02,3,0
A007186,2026-01,Month-to-month,82.61,3,0
A007187,2026-01,Month-to-month,70.88,3,0
A007188,2026-01,Month-to-month,83.93,1,0
A007189,2026-01,Month-to-month,25,4,0
A007190,2026-01,Month-to-month,61.41,4,0
A007191,2026-01,Month-to-month,68.75,2,0
A007192,2026-01,Month-to-month,64.41,3,0
A007193,2026-01,Month-to-month,69.27,2,0
A007194,2026-01,Month-to-month,82.8,3,0
A007195,2026-01,Month-to-month,87.92,4,0
A007196,2026-01,Month-to-month,61.71,8,0
A007197,2026-01,Month-to-month,55.96,3,0
A007198,2026-01,Month-to-month,71.22,3,0
A007199,2026-01,Month-to-month,48.1,0,0
A007200,2026-01,Month-to-month,48.17,1,0
A007201,2026-01,Month-to-month,56.1,1,1
A007202,2026-01,Month-to-month,75.17,3,0
A007203,2026-01,Month-to-month,74.88,5,0
A007204,2026-01,Month-to-month,78.88,3,0
A007205,2026-01,Month-to-month,59.5,1,0
A007206,2026-01,Month-to-month,88.75,1,0
A007207,2026-01,Month-to-month,52.75,4,0
A007208,2026-01,Month-to-month,50.81,2,0
A007209,2026-01,Month-to-month,75.34,2,0
A007210,2026-01,Month-to-month,107.66,3,0
A007211,2026-01,Month-to-month,79.46,4,0
A007212,2026-01,Month-to-month,75.81,0,0
A007213,2026-01,Month-to-month,57.97,2,0
A007214,2026-01,Month-to-month,58.2,4,0
A007215,2026-01,Month-to-month,55.09,3,0
A007216,2026-01,Month-to-month,69.21,5,0
A007217,2026-01,Month-to-month,61.96,2,0
A007218,2026-01,Month-to-month,58.59,2,0
A007219,2026-01,Month-to-month,68.89,2,1
A007220,2026-01,Month-to-month,73.82,3,0
A007221,2026-01,One-year,79.64,0,0
A007222,2026-01,One-year,85.54,1,0
A007223,2026-01,One-year,68.67,3,0
A007224,2026-01,One-year,50.68,0,0
A007225,2026-01,One-year,87.94,3,0
A007226,2026-01,One-year,80.92,0,0
A007227,2026-01,One-year,56.77,3,0
A007228,2026-01,One-year,70.57,2,0
A007229,2026-01,One-year,92.88,0,0
A007230,2026-01,One-year,47.81,2,1
A007231,2026-01,One-year,59.81,3,0
A007232,2026-01,One-year,65.82,2,0
A007233,2026-01,One-year,60.75,1,0
A007234,2026-01,One-year,72.21,0,0
A007235,2026-01,One-year,84.69,4,0
A007236,2026-01,One-year,85.26,4,0
A007237,2026-01,One-year,74.2,2,0
A007238,2026-01,One-year,55.45,2,0
A007239,2026-01,One-year,78.7,1,0
A007240,2026-01,One-year,72.96,3,0
A007241,2026-01,One-year,51.09,0,0
A007242,2026-01,One-year,44.83,0,0
A007243,2026-01,One-year,67.72,5,0
A007244,2026-01,One-year,68.43,2,0
A007245,2026-01,One-year,81.94,1,0
A007246,2026-01,One-year,80.64,1,0
A007247,2026-01,One-year,74.57,1,0
A007248,2026-01,One-year,61.87,0,0
A007249,2026-01,One-year,99.34,4,0
A007250,2026-01,One-year,51.0,2,0
A007251,2026-01,One-year,63.91,2,0
A007252,2026-01,One-year,93.08,0,0
A007253,2026-01,One-year,93.42,2,0
A007254,2026-01,One-year,80.2,1,0
A007255,2026-01,One-year,68.87,2,0
A007256,2026-01,One-year,97.97,0,0
A007257,2026-01,One-year,70.33,1,0
A007258,2026-01,One-year,91.16,0,0
A007259,2026-01,One-year,79.42,0,0
A007260,2026-01,One-year,70.39,3,0
A007261,2026-01,One-year,66.37,3,0
A007262,2026-01,One-year,86.73,1,0
A007263,2026-01,One-year,66.16,2,0
A007264,2026-01,One-year,73.96,2,0
A007265,2026-01,One-year,76.08,4,0
A007266,2026-01,One-year,82.81,0,0
A007267,2026-01,One-year,78.16,4,0
A007268,2026-01,One-year,60.86,0,0
A007269,2026-01,One-year,93.19,0,0
A007270,2026-01,One-year,83.71,0,0
A007271,2026-01,One-year,67.14,2,0
A007272,2026-01,One-year,64.14,2,0
A007273,2026-01,One-year,87.89,2,0
A007274,2026-01,One-year,92.04,2,0
A007275,2026-01,One-year,78.07,0,0
A007276,2026-01,One-year,78.01,2,0
A007277,2026-01,One-year,87.82,4,0
A007278,2026-01,One-year,93.33,0,0
A007279,2026-01,One-year,72.36,1,0
A007280,2026-01,One-year,74.81,2,0
A007281,2026-01,One-year,68.29,2,0
A007282,2026-01,One-year,81.91,3,0
A007283,2026-01,One-year,81.56,0,0
A007284,2026-01,One-year,62.13,4,0
A007285,2026-01,One-year,74.71,4,0
A007286,2026-01,One-year,79.46,1,0
A007287,2026-01,One-year,96.75,3,0
A007288,2026-01,One-year,61.59,1,0
A007289,2026-01,One-year,76.54,3,1
A007290,2026-01,One-year,62.43,0,0
A007291,2026-01,One-year,57.43,1,0
A007292,2026-01,One-year,82.41,0,0
A007293,2026-01,One-year,61.0,2,0
A007294,2026-01,One-year,73.41,2,0
A007295,2026-01,One-year,70.96,0,0
A007296,2026-01,One-year,64.64,0,0
A007297,2026-01,One-year,70.33,0,0
A007298,2026-01,One-year,71.01,2,0
A007299,2026-01,One-year,52.05,2,0
A007300,2026-01,One-year,71.6,1,0
A007301,2026-01,One-year,76.32,1,0
A007302,2026-01,One-year,75.27,1,1
A007303,2026-01,One-year,71.09,4,0
A007304,2026-01,One-year,85.23,3,0
A007305,2026-01,One-year,97.17,0,0
A007306,2026-01,One-year,76.03,3,0
A007307,2026-01,One-year,82.32,3,0
A007308,2026-01,One-year,89.92,2,0
A007309,2026-01,One-year,62.59,4,0
A007310,2026-01,One-year,71.39,2,0
A007311,2026-01,One-year,111.05,0,0
A007312,2026-01,One-year,77.91,4,0
A007313,2026-01,One-year,61.36,4,0
A007314,2026-01,One-year,68.86,2,0
A007315,2026-01,One-year,85.43,3,0
A007316,2026-01,One-year,82.33,0,0
A007317,2026-01,One-year,75.63,1,0
A007318,2026-01,One-year,79.72,3,0
A007319,2026-01,One-year,87.53,0,0
A007320,2026-01,One-year,70.06,0,0
A007321,2026-01,One-year,62.69,1,0
A007322,2026-01,One-year,77.32,4,0
A007323,2026-01,One-year,80.08,2,0
A007324,2026-01,One-year,81.84,2,0
A007325,2026-01,One-year,70.49,1,0
A007326,2026-01,One-year,81.56,3,0
A007327,2026-01,One-year,86.5,3,0
A007328,2026-01,One-year,51.81,1,0
A007329,2026-01,One-year,64.32,0,0
A007330,2026-01,One-year,54.52,2,0
A007331,2026-01,One-year,100.19,2,0
A007332,2026-01,One-year,62.21,0,0
A007333,2026-01,One-year,59.83,4,0
A007334,2026-01,One-year,74.36,3,1
A007335,2026-01,One-year,97.03,3,0
A007336,2026-01,One-year,57.12,1,0
A007337,2026-01,One-year,77.32,4,0
A007338,2026-01,One-year,75.41,4,1
A007339,2026-01,One-year,99.83,2,0
A007340,2026-01,One-year,45.32,1,0
A007341,2026-01,One-year,62.97,0,0
A007342,2026-01,One-year,83.12,2,0
A007343,2026-01,One-year,82.25,2,0
A007344,2026-01,One-year,49.45,1,0
A007345,2026-01,One-year,76.02,2,0
A007346,2026-01,One-year,68.09,2,0
A007347,2026-01,One-year,34.26,1,0
A007348,2026-01,One-year,95.52,2,0
A007349,2026-01,One-year,86.05,1,0
A007350,2026-01,One-year,79.08,0,0
A007351,2026-01,One-year,60.56,3,0
A007352,2026-01,One-year,64.4,2,0
A007353,2026-01,One-year,58.57,3,0
A007354,2026-01,One-year,82.45,3,0
A007355,2026-01,One-year,53.44,3,0
A007356,2026-01,One-year,71.44,1,0
A007357,2026-01,One-year,77.17,1,0
A007358,2026-01,One-year,84.16,2,0
A007359,2026-01,One-year,62.71,0,0
A007360,2026-01,One-year,84.8,5,0
A007361,2026-01,One-year,107.92,2,0
A007362,2026-01,One-year,67.98,2,0
A007363,2026-01,One-year,40.5,0,0
A007364,2026-01,One-year,48.76,0,0
A007365,2026-01,One-year,77.11,2,0
A007366,2026-01,One-year,45.26,2,0
A007367,2026-01,One-year,87.59,1,1
A007368,2026-01,One-year,96.47,2,0
A007369,2026-01,One-year,60.27,4,0
A007370,2026-01,One-year,70.38,3,0
A007371,2026-01,One-year,66.43,4,0
A007372,2026-01,One-year,77.82,4,0
A007373,2026-01,One-year,84.08,3,0
A007374,2026-01,One-year,60.33,3,0
A007375,2026-01,One-year,114.01,2,0
A007376,2026-01,One-year,55.52,4,0
A007377,2026-01,One-year,61.94,3,0
A007378,2026-01,One-year,76.95,1,1
A007379,2026-01,One-year,76.09,3,0
A007380,2026-01,One-year,59.77,3,0
A007381,2026-01,One-year,83.27,2,0
A007382,2026-01,One-year,71.28,3,0
A007383,2026-01,One-year,73.61,0,0
A007384,2026-01,One-year,78.76,3,0
A007385,2026-01,One-year,88.69,2,0
A007386,2026-01,One-year,71.08,3,0
A007387,2026-01,One-year,71.87,2,0
A007388,2026-01,One-year,67.23,1,0
A007389,2026-01,One-year,83.87,0,0
A007390,2026-01,One-year,83.07,1,0
A007391,2026-01,One-year,95.53,2,0
A007392,2026-01,One-year,66.27,2,0
A007393,2026-01,One-year,73.51,1,0
A007394,2026-01,One-year,66.66,1,0
A007395,2026-01,One-year,58.85,3,0
A007396,2026-01,One-year,70.35,2,0
A007397,2026-01,One-year,75.69,4,0
A007398,2026-01,One-year,56.37,4,0
A007399,2026-01,One-year,65.15,2,0
A007400,2026-01,One-year,72.82,3,0
A007401,2026-01,One-year,57.73,0,0
A007402,2026-01,One-year,72.7,0,0
A007403,2026-01,One-year,68.92,3,0
A007404,2026-01,One-year,56.95,2,0
A007405,2026-01,One-year,77.35,2,0
A007406,2026-01,One-year,68.57,1,0
A007407,2026-01,One-year,86.51,2,0
A007408,2026-01,One-year,83.61,0,0
A007409,2026-01,One-year,78.73,2,0
A007410,2026-01,One-year,83.3,3,0
A007411,2026-01,One-year,88.08,3,0
A007412,2026-01,One-year,62.78,2,0
A007413,2026-01,One-year,68.1,0,0
A007414,2026-01,One-year,89.01,2,0
A007415,2026-01,One-year,56.26,3,0
A007416,2026-01,One-year,78.65,2,0
A007417,2026-01,One-year,69.27,2,0
A007418,2026-01,One-year,68.68,1,0
A007419,2026-01,One-year,99.96,1,0
A007420,2026-01,One-year,54.89,1,0
A007421,2026-01,One-year,95.01,0,0
A007422,2026-01,One-year,95.14,3,0
A007423,2026-01,One-year,69.26,4,0
A007424,2026-01,One-year,70.08,1,0
A007425,2026-01,One-year,85.31,1,0
A007426,2026-01,One-year,66.12,2,0
A007427,2026-01,One-year,79.34,1,0
A007428,2026-01,One-year,78.96,3,0
A007429,2026-01,One-year,77.5,1,0
A007430,2026-01,One-year,59.52,0,0
A007431,2026-01,One-year,61.57,4,0
A007432,2026-01,One-year,91.26,3,0
A007433,2026-01,One-year,57.92,2,0
A007434,2026-01,One-year,76.71,1,0
A007435,2026-01,One-year,70.8,1,0
A007436,2026-01,One-year,51.45,0,0
A007437,2026-01,One-year,81.7,3,0
A007438,2026-01,One-year,69.22,2,0
A007439,2026-01,One-year,53.25,1,0
A007440,2026-01,One-year,90.98,4,0
A007441,2026-01,One-year,78.68,3,0
A007442,2026-01,One-year,94.44,4,0
A007443,2026-01,One-year,77.3,1,0
A007444,2026-01,One-year,63.11,0,0
A007445,2026-01,One-year,71.87,2,0
A007446,2026-01,One-year,68.41,1,0
A007447,2026-01,One-year,49.72,0,0
A007448,2026-01,One-year,88.2,2,0
A007449,2026-01,One-year,102.43,1,0
A007450,2026-01,One-year,73.03,2,0
A007451,2026-01,One-year,68.69,4,0
A007452,2026-01,One-year,70.45,3,0
A007453,2026-01,One-year,49.68,1,0
A007454,2026-01,One-year,82.41,3,0
A007455,2026-01,One-year,74.24,1,0
A007456,2026-01,One-year,92.97,2,0
A007457,2026-01,One-year,61.48,2,0
A007458,2026-01,One-year,70.92,2,0
A007459,2026-01,One-year,85.3,0,0
A007460,2026-01,One-year,79.44,3,0
A007461,2026-01,One-year,75.84,1,0
A007462,2026-01,One-year,95.64,3,0
A007463,2026-01,One-year,80.29,4,0
A007464,2026-01,One-year,77.88,1,0
A007465,2026-01,One-year,55.13,1,0
A007466,2026-01,One-year,63.04,2,0
A007467,2026-01,One-year,52.24,1,0
A007468,2026-01,One-year,71.23,3,0
A007469,2026-01,One-year,64.33,3,0
A007470,2026-01,One-year,74.8,1,0
A007471,2026-01,One-year,85.0,3,0
A007472,2026-01,One-year,82.02,1,0
A007473,2026-01,One-year,61.93,0,0
A007474,2026-01,One-year,84.91,1,0
A007475,2026-01,One-year,78.61,0,0
A007476,2026-01,One-year,70.25,3,0
A007477,2026-01,One-year,83.33,5,0
A007478,2026-01,One-year,56.82,1,0
A007479,2026-01,One-year,62.57,1,0
A007480,2026-01,One-year,71.09,0,0
A007481,2026-01,One-year,52.01,3,0
A007482,2026-01,One-year,112.31,2,0
A007483,2026-01,One-year,62.84,1,0
A007484,2026-01,One-year,70.44,0,0
A007485,2026-01,One-year,63.7,3,0
A007486,2026-01,One-year,55.96,0,0
A007487,2026-01,One-year,81.94,0,0
A007488,2026-01,One-year,82.93,2,0
A007489,2026-01,One-year,86.57,0,0
A007490,2026-01,One-year,66.92,0,1
A007491,2026-01,One-year,82.8,2,0
A007492,2026-01,One-year,53.96,4,0
A007493,2026-01,One-year,62.46,0,0
A007494,2026-01,One-year,91.31,3,1
A007495,2026-01,One-year,38.62,2,0
A007496,2026-01,One-year,84.78,0,0
A007497,2026-01,One-year,71.53,0,0
A007498,2026-01,One-year,88.22,0,0
A007499,2026-01,One-year,76.02,2,0
A007500,2026-01,One-year,77.41,1,0
A007501,2026-01,One-year,86.9,2,0
A007502,2026-01,One-year,80.2,3,0
A007503,2026-01,One-year,52.94,4,0
A007504,2026-01,One-year,85.0,2,0
A007505,2026-01,One-year,35.18,2,0
A007506,2026-01,One-year,89.99,2,0
A007507,2026-01,One-year,105.26,2,0
A007508,2026-01,One-year,83.79,1,0
A007509,2026-01,One-year,80.9,3,0
A007510,2026-01,One-year,95.35,2,0
A007511,2026-01,One-year,66.0,0,0
A007512,2026-01,One-year,53.03,0,1
A007513,2026-01,One-year,60.96,0,0
A007514,2026-01,One-year,72.92,0,0
A007515,2026-01,One-year,80.03,0,0
A007516,2026-01,One-year,58.49,1,0
A007517,2026-01,One-year,71.63,2,0
A007518,2026-01,One-year,74.16,0,0
A007519,2026-01,One-year,77.9,1,0
A007520,2026-01,One-year,71.17,3,0
A007521,2026-01,One-year,29.73,3,1
A007522,2026-01,One-year,80.64,3,0
A007523,2026-01,One-year,64.12,1,0
A007524,2026-01,One-year,89.91,0,0
A007525,2026-01,One-year,54.36,2,0
A007526,2026-01,One-year,76.78,0,0
A007527,2026-01,One-year,105.3,2,0
A007528,2026-01,One-year,54.75,3,0
A007529,2026-01,One-year,77.13,2,0
A007530,2026-01,One-year,87.25,1,0
A007531,2026-01,One-year,82.39,1,0
A007532,2026-01,One-year,74.71,1,0
A007533,2026-01,One-year,62.49,1,0
A007534,2026-01,One-year,90.31,3,0
A007535,2026-01,One-year,62.41,1,0
A007536,2026-01,One-year,77.41,5,0
A007537,2026-01,One-year,77.93,2,0
A007538,2026-01,One-year,88.88,2,0
A007539,2026-01,One-year,101.82,3,0
A007540,2026-01,One-year,101.28,2,0
A007541,2026-01,One-year,92.2,1,0
A007542,2026-01,One-year,71.84,2,0
A007543,2026-01,One-year,62.72,3,0
A007544,2026-01,One-year,81.62,2,0
A007545,2026-01,One-year,78.39,1,0
A007546,2026-01,One-year,77.62,0,0
A007547,2026-01,One-year,75.42,2,1
A007548,2026-01,One-year,84.16,1,0
A007549,2026-01,One-year,79.99,1,0
A007550,2026-01,One-year,77.56,4,0
A007551,2026-01,One-year,63.32,1,0
A007552,2026-01,One-year,69.93,1,0
A007553,2026-01,One-year,85.79,2,0
A007554,2026-01,One-year,57.6,3,0
A007555,2026-01,One-year,77.61,4,0
A007556,2026-01,One-year,90.01,0,0
A007557,2026-01,One-year,80.32,2,0
A007558,2026-01,One-year,46.73,1,0
A007559,2026-01,One-year,101.37,2,0
A007560,2026-01,One-year,80.85,2,0
A007561,2026-01,One-year,60.11,2,0
A007562,2026-01,One-year,85.99,0,0
A007563,2026-01,One-year,63.36,2,0
A007564,2026-01,One-year,65.18,1,0
A007565,2026-01,One-year,72.49,2,0
A007566,2026-01,One-year,94.16,1,0
A007567,2026-01,One-year,79.63,3,0
A007568,2026-01,One-year,74.22,2,0
A007569,2026-01,One-year,55.64,2,0
A007570,2026-01,One-year,84.7,4,0
A007571,2026-01,One-year,70.26,3,0
A007572,2026-01,One-year,83.25,1,0
A007573,2026-01,One-year,65.52,1,1
A007574,2026-01,One-year,76.34,1,0
A007575,2026-01,One-year,59.67,3,0
A007576,2026-01,One-year,70.73,0,0
A007577,2026-01,One-year,75.11,2,0
A007578,2026-01,One-year,86.06,0,0
A007579,2026-01,One-year,84.13,2,0
A007580,2026-01,One-year,71.77,1,0
A007581,2026-01,One-year,60.36,0,0
A007582,2026-01,One-year,77.79,5,0
A007583,2026-01,One-year,117.72,1,0
A007584,2026-01,One-year,64.36,4,0
A007585,2026-01,One-year,72.66,1,0
A007586,2026-01,One-year,59.99,4,0
A007587,2026-01,One-year,66.67,3,0
A007588,2026-01,One-year,72.13,2,0
A007589,2026-01,One-year,57.43,2,0
A007590,2026-01,One-year,62.42,0,0
A007591,2026-01,One-year,90.05,1,0
A007592,2026-01,One-year,98.55,1,0
A007593,2026-01,One-year,71.17,2,0
A007594,2026-01,One-year,78.46,2,0
A007595,2026-01,One-year,84.3,3,0
A007596,2026-01,One-year,78.42,1,0
A007597,2026-01,One-year,88.43,1,0
A007598,2026-01,One-year,59.73,5,0
A007599,2026-01,One-year,73.5,2,0
A007600,2026-01,One-year,79.87,2,0
A007601,2026-01,One-year,83.83,1,0
A007602,2026-01,One-year,60.52,2,0
A007603,2026-01,One-year,114.64,1,0
A007604,2026-01,One-year,86.39,3,0
A007605,2026-01,One-year,91.14,1,0
A007606,2026-01,One-year,70.09,1,0
A007607,2026-01,One-year,92.83,3,0
A007608,2026-01,One-year,69.56,0,0
A007609,2026-01,One-year,64.52,0,0
A007610,2026-01,One-year,66.98,2,0
A007611,2026-01,One-year,69.41,3,0
A007612,2026-01,One-year,60.3,4,0
A007613,2026-01,One-year,60.79,2,0
A007614,2026-01,One-year,66.73,4,0
A007615,2026-01,One-year,56.73,6,0
A007616,2026-01,One-year,78.89,0,0
A007617,2026-01,One-year,71.8,2,0
A007618,2026-01,One-year,62.14,3,0
A007619,2026-01,One-year,74.16,1,0
A007620,2026-01,One-year,82.26,1,0
A007621,2026-01,One-year,58.3,4,0
A007622,2026-01,One-year,72.62,0,0
A007623,2026-01,One-year,47.83,1,0
A007624,2026-01,One-year,82.48,0,0
A007625,2026-01,One-year,70.03,4,0
A007626,2026-01,One-year,47.92,1,0
A007627,2026-01,One-year,57.37,1,0
A007628,2026-01,One-year,80.11,2,0
A007629,2026-01,One-year,72.27,1,0
A007630,2026-01,One-year,56.41,2,0
A007631,2026-01,One-year,72.55,3,0
A007632,2026-01,One-year,58.13,2,0
A007633,2026-01,One-year,60.5,0,0
A007634,2026-01,One-year,65.18,2,0
A007635,2026-01,One-year,90.26,1,0
A007636,2026-01,One-year,59.38,2,0
A007637,2026-01,One-year,96.73,0,0
A007638,2026-01,One-year,58.66,2,0
A007639,2026-01,One-year,65.79,0,0
A007640,2026-01,One-year,54.6,1,0
A007641,2026-01,One-year,88.15,0,0
A007642,2026-01,One-year,75.94,0,0
A007643,2026-01,One-year,59.78,2,0
A007644,2026-01,One-year,89.94,0,0
A007645,2026-01,One-year,90.6,2,0
A007646,2026-01,One-year,90.92,2,0
A007647,2026-01,One-year,74.11,1,0
A007648,2026-01,One-year,90.76,0,0
A007649,2026-01,One-year,55.49,2,1
A007650,2026-01,One-year,73.49,0,0
A007651,2026-01,Two-year,77.98,1,0
A007652,2026-01,Two-year,77.46,2,0
A007653,2026-01,Two-year,82.0,0,0
A007654,2026-01,Two-year,62.36,1,0
A007655,2026-01,Two-year,86.02,0,0
A007656,2026-01,Two-year,71.2,2,0
A007657,2026-01,Two-year,57.33,0,0
A007658,2026-01,Two-year,92.61,3,0
A007659,2026-01,Two-year,78.64,0,0
A007660,2026-01,Two-year,69.95,0,0
A007661,2026-01,Two-year,82.74,0,0
A007662,2026-01,Two-year,88.75,1,0
A007663,2026-01,Two-year,108.45,2,1
A007664,2026-01,Two-year,78.55,0,0
A007665,2026-01,Two-year,90.99,0,0
A007666,2026-01,Two-year,90.69,0,0
A007667,2026-01,Two-year,98.22,3,0
A007668,2026-01,Two-year,81.39,0,0
A007669,2026-01,Two-year,66.26,1,0
A007670,2026-01,Two-year,86.79,2,0
A007671,2026-01,Two-year,94.54,1,0
A007672,2026-01,Two-year,78.33,1,0
A007673,2026-01,Two-year,61.48,2,0
A007674,2026-01,Two-year,86.3,3,0
A007675,2026-01,Two-year,94.9,0,0
A007676,2026-01,Two-year,76.81,1,0
A007677,2026-01,Two-year,83.94,3,0
A007678,2026-01,Two-year,82.19,2,0
A007679,2026-01,Two-year,71.24,3,0
A007680,2026-01,Two-year,89.66,0,0
A007681,2026-01,Two-year,103.6,1,0
A007682,2026-01,Two-year,101.75,0,0
A007683,2026-01,Two-year,93.12,2,0
A007684,2026-01,Two-year,64.69,0,0
A007685,2026-01,Two-year,96.53,0,0
A007686,2026-01,Two-year,86.98,0,0
A007687,2026-01,Two-year,99.12,1,0
A007688,2026-01,Two-year,69.18,5,0
A007689,2026-01,Two-year,77.62,1,0
A007690,2026-01,Two-year,73.65,0,0
A007691,2026-01,Two-year,99.61,1,0
A007692,2026-01,Two-year,95.13,0,0
A007693,2026-01,Two-year,72.2,1,0
A007694,2026-01,Two-year,61.64,0,0
A007695,2026-01,Two-year,95.62,2,0
A007696,2026-01,Two-year,105.95,4,1
A007697,2026-01,Two-year,54.23,0,0
A007698,2026-01,Two-year,66.86,1,0
A007699,2026-01,Two-year,69.43,4,0
A007700,2026-01,Two-year,77.55,2,0
A007701,2026-01,Two-year,89.72,0,0
A007702,2026-01,Two-year,71.13,1,0
A007703,2026-01,Two-year,71.57,3,0
A007704,2026-01,Two-year,79.11,2,0
A007705,2026-01,Two-year,62.36,2,0
A007706,2026-01,Two-year,100.67,1,0
A007707,2026-01,Two-year,64.62,0,0
A007708,2026-01,Two-year,79.79,1,0
A007709,2026-01,Two-year,81.63,0,0
A007710,2026-01,Two-year,78.77,1,0
A007711,2026-01,Two-year,86.49,2,0
A007712,2026-01,Two-year,91.37,1,0
A007713,2026-01,Two-year,63.95,4,0
A007714,2026-01,Two-year,71.48,0,0
A007715,2026-01,Two-year,63.14,0,0
A007716,2026-01,Two-year,75.09,0,0
A007717,2026-01,Two-year,76.12,0,0
A007718,2026-01,Two-year,93.32,0,0
A007719,2026-01,Two-year,88.45,0,0
A007720,2026-01,Two-year,78.0,0,0
A007721,2026-01,Two-year,91.78,1,0
A007722,2026-01,Two-year,99.08,3,0
A007723,2026-01,Two-year,101.09,4,0
A007724,2026-01,Two-year,100.9,0,0
A007725,2026-01,Two-year,81.58,3,0
A007726,2026-01,Two-year,82.14,1,0
A007727,2026-01,Two-year,85.84,2,0
A007728,2026-01,Two-year,81.63,0,0
A007729,2026-01,Two-year,61.85,0,0
A007730,2026-01,Two-year,87.98,1,0
A007731,2026-01,Two-year,104.13,1,0
A007732,2026-01,Two-year,79.28,1,0
A007733,2026-01,Two-year,88.89,0,0
A007734,2026-01,Two-year,80.29,0,0
A007735,2026-01,Two-year,79.74,2,0
A007736,2026-01,Two-year,67.45,2,0
A007737,2026-01,Two-year,102.98,2,0
A007738,2026-01,Two-year,91.83,1,0
A007739,2026-01,Two-year,93.01,2,0
A007740,2026-01,Two-year,85.86,1,0
A007741,2026-01,Two-year,62.79,2,0
A007742,2026-01,Two-year,80.15,0,0
A007743,2026-01,Two-year,76.51,2,0
A007744,2026-01,Two-year,81.9,4,0
A007745,2026-01,Two-year,73.69,3,0
A007746,2026-01,Two-year,75.01,0,0
A007747,2026-01,Two-year,89.98,0,0
A007748,2026-01,Two-year,83.68,2,0
A007749,2026-01,Two-year,128.95,4,0
A007750,2026-01,Two-year,78.24,1,0
A007751,2026-01,Two-year,82.83,0,0
A007752,2026-01,Two-year,101.25,1,0
A007753,2026-01,Two-year,84.95,1,0
A007754,2026-01,Two-year,77.18,1,0
A007755,2026-01,Two-year,69.43,1,0
A007756,2026-01,Two-year,59.05,1,0
A007757,2026-01,Two-year,90.18,0,0
A007758,2026-01,Two-year,55.52,1,0
A007759,2026-01,Two-year,83.69,1,0
A007760,2026-01,Two-year,76.89,3,0
A007761,2026-01,Two-year,77.86,1,0
A007762,2026-01,Two-year,59.71,2,0
A007763,2026-01,Two-year,69.06,1,0
A007764,2026-01,Two-year,77.19,2,0
A007765,2026-01,Two-year,69.52,3,0
A007766,2026-01,Two-year,79.04,1,0
A007767,2026-01,Two-year,76.78,0,0
A007768,2026-01,Two-year,77.75,0,0
A007769,2026-01,Two-year,91.92,2,0
A007770,2026-01,Two-year,79.92,2,0
A007771,2026-01,Two-year,77.2,0,0
A007772,2026-01,Two-year,75.09,0,0
A007773,2026-01,Two-year,87.66,1,0
A007774,2026-01,Two-year,91.66,0,0
A007775,2026-01,Two-year,85.11,2,0
A007776,2026-01,Two-year,69.69,1,0
A007777,2026-01,Two-year,65.79,0,0
A007778,2026-01,Two-year,109.69,0,0
A007779,2026-01,Two-year,94.08,3,0
A007780,2026-01,Two-year,101.2,1,0
A007781,2026-01,Two-year,81.55,1,0
A007782,2026-01,Two-year,77.85,2,0
A007783,2026-01,Two-year,88.11,0,0
A007784,2026-01,Two-year,72.04,0,0
A007785,2026-01,Two-year,72.74,0,0
A007786,2026-01,Two-year,95.61,0,0
A007787,2026-01,Two-year,70.19,1,0
A007788,2026-01,Two-year,85.08,2,0
A007789,2026-01,Two-year,74.29,1,0
A007790,2026-01,Two-year,100.78,2,0
A007791,2026-01,Two-year,108.64,0,0
A007792,2026-01,Two-year,82.89,1,0
A007793,2026-01,Two-year,102.96,0,0
A007794,2026-01,Two-year,68.15,2,0
A007795,2026-01,Two-year,99.9,1,0
A007796,2026-01,Two-year,106.56,4,0
A007797,2026-01,Two-year,80.34,2,0
A007798,2026-01,Two-year,78.25,1,0
A007799,2026-01,Two-year,84.41,0,0
A007800,2026-01,Two-year,65.68,2,0
A007801,2026-01,Two-year,80.71,0,0
A007802,2026-01,Two-year,74.05,1,0
A007803,2026-01,Two-year,62.73,3,0
A007804,2026-01,Two-year,93.53,0,0
A007805,2026-01,Two-year,76.63,1,0
A007806,2026-01,Two-year,64.04,2,0
A007807,2026-01,Two-year,81.78,1,0
A007808,2026-01,Two-year,65.69,3,0
A007809,2026-01,Two-year,103.57,1,0
A007810,2026-01,Two-year,72.46,2,0
A007811,2026-01,Two-year,85.02,0,0
A007812,2026-01,Two-year,116.45,2,0
A007813,2026-01,Two-year,94.66,2,0
A007814,2026-01,Two-year,68.12,0,0
A007815,2026-01,Two-year,54.89,2,0
A007816,2026-01,Two-year,89.59,0,0
A007817,2026-01,Two-year,74.46,3,0
A007818,2026-01,Two-year,57.48,0,0
A007819,2026-01,Two-year,83.86,2,0
A007820,2026-01,Two-year,89.66,0,0
A007821,2026-01,Two-year,64.75,4,0
A007822,2026-01,Two-year,75.18,2,0
A007823,2026-01,Two-year,63.77,1,0
A007824,2026-01,Two-year,83.71,2,0
A007825,2026-01,Two-year,97.42,0,0
A007826,2026-01,Two-year,111.43,0,0
A007827,2026-01,Two-year,74.97,2,0
A007828,2026-01,Two-year,73.15,1,0
A007829,2026-01,Two-year,83.49,0,0
A007830,2026-01,Two-year,96.17,0,0
A007831,2026-01,Two-year,51.63,1,0
A007832,2026-01,Two-year,67.79,1,0
A007833,2026-01,Two-year,83.27,0,0
A007834,2026-01,Two-year,72.19,2,0
A007835,2026-01,Two-year,73.63,4,0
A007836,2026-01,Two-year,71.57,0,0
A007837,2026-01,Two-year,93.21,0,0
A007838,2026-01,Two-year,61.47,1,0
A007839,2026-01,Two-year,111.67,0,0
A007840,2026-01,Two-year,74.8,1,0
A007841,2026-01,Two-year,90.12,0,0
A007842,2026-01,Two-year,86.97,0,0
A007843,2026-01,Two-year,96.29,0,0
A007844,2026-01,Two-year,59.69,0,0
A007845,2026-01,Two-year,73.54,3,0
A007846,2026-01,Two-year,72.56,0,0
A007847,2026-01,Two-year,73.16,1,0
A007848,2026-01,Two-year,71.39,2,0
A007849,2026-01,Two-year,102.5,0,0
A007850,2026-01,Two-year,96.07,0,0
A007851,2026-01,Two-year,60.79,2,0
A007852,2026-01,Two-year,79.53,0,0
A007853,2026-01,Two-year,61.0,3,0
A007854,2026-01,Two-year,108.38,0,0
A007855,2026-01,Two-year,76.42,2,0
A007856,2026-01,Two-year,78.6,0,0
A007857,2026-01,Two-year,83.75,0,0
A007858,2026-01,Two-year,78.41,1,0
A007859,2026-01,Two-year,102.44,1,0
A007860,2026-01,Two-year,80.14,1,0
A007861,2026-01,Two-year,75.09,1,0
A007862,2026-01,Two-year,91.89,0,0
A007863,2026-01,Two-year,61.19,1,0
A007864,2026-01,Two-year,73.06,3,0
A007865,2026-01,Two-year,93.46,0,0
A007866,2026-01,Two-year,109.57,1,0
A007867,2026-01,Two-year,88.19,0,0
A007868,2026-01,Two-year,68.8,2,0
A007869,2026-01,Two-year,89.21,2,0
A007870,2026-01,Two-year,57.46,2,0
A007871,2026-01,Two-year,61.24,0,0
A007872,2026-01,Two-year,87.08,2,0
A007873,2026-01,Two-year,89.56,2,0
A007874,2026-01,Two-year,80.26,1,0
A007875,2026-01,Two-year,73.0,0,0
A007876,2026-01,Two-year,68.67,0,0
A007877,2026-01,Two-year,49.94,1,0
A007878,2026-01,Two-year,77.99,3,0
A007879,2026-01,Two-year,80.05,1,0
A007880,2026-01,Two-year,71.61,1,0
A007881,2026-01,Two-year,76.36,0,0
A007882,2026-01,Two-year,81.19,3,0
A007883,2026-01,Two-year,67.92,1,0
A007884,2026-01,Two-year,86.88,2,0
A007885,2026-01,Two-year,94.75,1,0
A007886,2026-01,Two-year,67.54,0,0
A007887,2026-01,Two-year,77.9,2,0
A007888,2026-01,Two-year,78.06,2,0
A007889,2026-01,Two-year,82.09,2,0
A007890,2026-01,Two-year,70.56,2,0
A007891,2026-01,Two-year,79.69,2,0
A007892,2026-01,Two-year,80.56,1,0
A007893,2026-01,Two-year,85.92,0,0
A007894,2026-01,Two-year,92.9,1,0
A007895,2026-01,Two-year,75.44,1,0
A007896,2026-01,Two-year,83.96,0,0
A007897,2026-01,Two-year,85.84,0,0
A007898,2026-01,Two-year,102.89,0,0
A007899,2026-01,Two-year,73.26,1,0
A007900,2026-01,Two-year,72.1,2,0
A007901,2026-01,Two-year,101.36,2,0
A007902,2026-01,Two-year,64.31,2,0
A007903,2026-01,Two-year,98.16,0,0
A007904,2026-01,Two-year,82.99,0,0
A007905,2026-01,Two-year,109.28,1,0
A007906,2026-01,Two-year,89.61,0,0
A007907,2026-01,Two-year,104.77,0,0
A007908,2026-01,Two-year,82.05,0,0
A007909,2026-01,Two-year,106.54,0,0
A007910,2026-01,Two-year,60.7,0,0
A007911,2026-01,Two-year,77.52,1,0
A007912,2026-01,Two-year,81.16,0,0
A007913,2026-01,Two-year,97.26,0,0
A007914,2026-01,Two-year,65.88,0,0
A007915,2026-01,Two-year,94.97,3,0
A007916,2026-01,Two-year,92.24,1,0
A007917,2026-01,Two-year,74.23,3,0
A007918,2026-01,Two-year,79.41,0,0
A007919,2026-01,Two-year,68.84,1,0
A007920,2026-01,Two-year,84.71,1,0
A007921,2026-01,Two-year,82.43,0,0
A007922,2026-01,Two-year,63.47,4,0
A007923,2026-01,Two-year,94.62,0,0
A007924,2026-01,Two-year,84.36,2,0
A007925,2026-01,Two-year,61.1,1,0
A007926,2026-01,Two-year,75.25,0,0
A007927,2026-01,Two-year,84.38,4,0
A007928,2026-01,Two-year,90.78,0,0
A007929,2026-01,Two-year,70.78,3,0
A007930,2026-01,Two-year,93.6,1,0
A007931,2026-01,Two-year,71.15,1,0
A007932,2026-01,Two-year,74.25,2,0
A007933,2026-01,Two-year,85.12,3,0
A007934,2026-01,Two-year,79.75,1,0
A007935,2026-01,Two-year,83.75,0,0
A007936,2026-01,Two-year,79.65,0,0
A007937,2026-01,Two-year,72.9,0,0
A007938,2026-01,Two-year,57.16,2,0
A007939,2026-01,Two-year,93.68,0,0
A007940,2026-01,Two-year,72.66,0,0
A007941,2026-01,Two-year,98.47,1,0
A007942,2026-01,Two-year,80.61,0,0
A007943,2026-01,Two-year,65.31,0,0
A007944,2026-01,Two-year,87.61,1,0
A007945,2026-01,Two-year,94.26,0,0
A007946,2026-01,Two-year,82.12,0,0
A007947,2026-01,Two-year,118.58,2,0
A007948,2026-01,Two-year,99.35,1,0
A007949,2026-01,Two-year,83.6,3,0
A007950,2026-01,Two-year,101.32,1,0
A007951,2026-01,Two-year,68.16,1,0
A007952,2026-01,Two-year,85.89,2,0
A007953,2026-01,Two-year,83.1,3,0
A007954,2026-01,Two-year,57.53,0,0
A007955,2026-01,Two-year,89.43,0,0
A007956,2026-01,Two-year,73.14,1,0
A007957,2026-01,Two-year,86.72,1,0
A007958,2026-01,Two-year,92.22,2,1
A007959,2026-01,Two-year,87.94,2,1
A007960,2026-01,Two-year,51.83,3,0
A007961,2026-01,Two-year,100.11,1,0
A007962,2026-01,Two-year,76.58,0,0
A007963,2026-01,Two-year,92.4,3,0
A007964,2026-01,Two-year,85.76,1,0
A007965,2026-01,Two-year,74.84,0,0
A007966,2026-01,Two-year,96.69,2,0
A007967,2026-01,Two-year,78.89,2,0
A007968,2026-01,Two-year,78.06,0,0
A007969,2026-01,Two-year,71.44,1,0
A007970,2026-01,Two-year,100.4,0,0
A007971,2026-01,Two-year,80.6,3,0
A007972,2026-01,Two-year,76.86,1,0
A007973,2026-01,Two-year,99.47,0,0
A007974,2026-01,Two-year,103.97,2,0
A007975,2026-01,Two-year,88.89,0,0
A007976,2026-01,Two-year,71.13,2,0
A007977,2026-01,Two-year,104.13,1,0
A007978,2026-01,Two-year,57.08,1,0
A007979,2026-01,Two-year,78.18,3,0
A007980,2026-01,Two-year,78.6,2,0
A007981,2026-01,Two-year,72.81,0,0
A007982,2026-01,Two-year,47.29,2,0
A007983,2026-01,Two-year,74.53,1,0
A007984,2026-01,Two-year,76.59,1,0
A007985,2026-01,Two-year,106.24,0,0
A007986,2026-01,Two-year,90.7,2,0
A007987,2026-01,Two-year,84.44,2,0
A007988,2026-01,Two-year,67.57,1,0
A007989,2026-01,Two-year,90.62,0,0
A007990,2026-01,Two-year,76.53,0,0
A007991,2026-01,Two-year,58.6,0,0
A007992,2026-01,Two-year,85.62,1,0
A007993,2026-01,Two-year,59.7,0,0
A007994,2026-01,Two-year,77.44,2,0
A007995,2026-01,Two-year,75.55,0,0
A007996,2026-01,Two-year,66.43,2,0
A007997,2026-01,Two-year,73.71,1,0
A007998,2026-01,Two-year,100.59,2,0
A007999,2026-01,Two-year,61.53,0,0
A008000,2026-01,Two-year,92.86,1,0
A008001,2026-01,Two-year,98.74,2,0
A008002,2026-01,Two-year,71.47,2,0
A008003,2026-01,Two-year,85.01,4,0
A008004,2026-01,Two-year,78.89,0,0
A008005,2026-01,Two-year,66.68,0,0
A008006,2026-01,Two-year,91.18,0,0
A008007,2026-01,Two-year,79.92,0,0
A008008,2026-01,Two-year,72.4,1,0
A008009,2026-01,Two-year,66.69,0,0
A008010,2026-01,Two-year,73.46,0,0
A008011,2026-01,Two-year,80.18,1,0
A008012,2026-01,Two-year,76.28,1,0
A008013,2026-01,Two-year,88.6,0,0
A008014,2026-01,Two-year,90.12,2,0
A008015,2026-01,Two-year,56.91,0,0
A008016,2026-01,Two-year,77.95,1,0
A008017,2026-01,Two-year,57.62,3,0
A008018,2026-01,Two-year,109.64,1,0
A008019,2026-01,Two-year,60.59,1,0
A008020,2026-01,Two-year,104.03,1,0
A008021,2026-01,Two-year,60.03,4,0
A008022,2026-01,Two-year,84.79,0,0
A008023,2026-01,Two-year,65.39,1,0
A008024,2026-01,Two-year,94.05,0,0
A008025,2026-01,Two-year,35.79,0,0
A008026,2026-01,Two-year,81.72,3,0
A008027,2026-01,Two-year,63.45,2,0
A008028,2026-01,Two-year,108.97,1,0
A008029,2026-01,Two-year,58.76,4,0
A008030,2026-01,Two-year,86.24,1,0
A008031,2026-01,Two-year,73.71,0,0
A008032,2026-01,Two-year,64.59,1,0
A008033,2026-01,Two-year,87.88,1,0
A008034,2026-01,Two-year,93.09,0,0
A008035,2026-01,Two-year,61.47,3,0
A008036,2026-01,Two-year,88.71,0,0
A008037,2026-01,Two-year,89.91,1,0
A008038,2026-01,Two-year,80.74,1,0
A008039,2026-01,Two-year,60.48,1,0
A008040,2026-01,Two-year,89.95,2,0
A008041,2026-02,Month-to-month,60.29,3,0
A008042,2026-02,Month-to-month,62.88,2,0
A008043,2026-02,Month-to-month,72.0,0,0
A008044,2026-02,Month-to-month,60.23,4,0
A008045,2026-02,Month-to-month,79.03,4,0
A008046,2026-02,Month-to-month,69.67,3,1
A008047,2026-02,Month-to-month,68.91,4,0
A008048,2026-02,Month-to-month,83.58,2,0
A008049,2026-02,Month-to-month,60.59,1,0
A008050,2026-02,Month-to-month,84.91,1,0
A008051,2026-02,Month-to-month,40.48,3,0
A008052,2026-02,Month-to-month,78.12,2,0
A008053,2026-02,Month-to-month,82.29,2,0
A008054,2026-02,Month-to-month,83.07,3,0
A008055,2026-02,Month-to-month,65.1,4,0
A008056,2026-02,Month-to-month,78.62,3,0
A008057,2026-02,Month-to-month,82.14,4,0
A008058,2026-02,Month-to-month,46.2,2,0
A008059,2026-02,Month-to-month,53.35,3,0
A008060,2026-02,Month-to-month,64.71,3,0
A008061,2026-02,Month-to-month,95.62,4,0
A008062,2026-02,Month-to-month,57.84,3,1
A008063,2026-02,Month-to-month,71.19,5,0
A008064,2026-02,Month-to-month,46.25,2,0
A008065,2026-02,Month-to-month,59.84,4,0
A008066,2026-02,Month-to-month,85.62,1,0
A008067,2026-02,Month-to-month,79.27,1,0
A008068,2026-02,Month-to-month,52.68,2,0
A008069,2026-02,Month-to-month,71.73,2,0
A008070,2026-02,Month-to-month,83.92,2,0
A008071,2026-02,Month-to-month,66.57,3,0
A008072,2026-02,Month-to-month,59.6,2,0
A008073,2026-02,Month-to-month,48.77,3,0
A008074,2026-02,Month-to-month,70.5,6,1
A008075,2026-02,Month-to-month,64.11,2,0
A008076,2026-02,Month-to-month,76.61,4,0
A008077,2026-02,Month-to-month,77.43,0,0
A008078,2026-02,Month-to-month,40.41,1,0
A008079,2026-02,Month-to-month,92.41,1,0
A008080,2026-02,Month-to-month,64.02,3,0
A008081,2026-02,Month-to-month,50.01,1,0
A008082,2026-02,Month-to-month,71.75,3,0
A008083,2026-02,Month-to-month,51.65,1,1
A008084,2026-02,Month-to-month,66.5,1,0
A008085,2026-02,Month-to-month,43.34,3,1
A008086,2026-02,Month-to-month,59.9,1,0
A008087,2026-02,Month-to-month,42.96,4,0
A008088,2026-02,Month-to-month,73.49,5,0
A008089,2026-02,Month-to-month,80.22,2,0
A008090,2026-02,Month-to-month,62.19,4,0
A008091,2026-02,Month-to-month,58.66,2,0
A008092,2026-02,Month-to-month,56.95,2,0
A008093,2026-02,Month-to-month,44.32,2,0
A008094,2026-02,Month-to-month,56.16,2,1
A008095,2026-02,Month-to-month,50.64,3,0
A008096,2026-02,Month-to-month,63.31,2,0
A008097,2026-02,Month-to-month,79.11,3,0
A008098,2026-02,Month-to-month,80.8,2,0
A008099,2026-02,Month-to-month,80.08,2,0
A008100,2026-02,Month-to-month,73.87,4,0
A008101,2026-02,Month-to-month,67.07,5,0
A008102,2026-02,Month-to-month,63.71,2,0
A008103,2026-02,Month-to-month,75.28,3,0
A008104,2026-02,Month-to-month,66.09,2,0
A008105,2026-02,Month-to-month,63.09,3,0
A008106,2026-02,Month-to-month,52.49,5,0
A008107,2026-02,Month-to-month,77.71,4,0
A008108,2026-02,Month-to-month,70.88,2,0
A008109,2026-02,Month-to-month,73.97,1,0
A008110,2026-02,Month-to-month,73.02,5,0
A008111,2026-02,Month-to-month,61.31,2,0
A008112,2026-02,Month-to-month,65.21,3,0
A008113,2026-02,Month-to-month,62.01,2,0
A008114,2026-02,Month-to-month,90.06,4,0
A008115,2026-02,Month-to-month,66.73,3,1
A008116,2026-02,Month-to-month,56.59,0,0
A008117,2026-02,Month-to-month,70.38,2,0
A008118,2026-02,Month-to-month,68.47,1,0
A008119,2026-02,Month-to-month,76.86,2,0
A008120,2026-02,Month-to-month,92.6,2,0
A008121,2026-02,Month-to-month,85.51,4,0
A008122,2026-02,Month-to-month,67.8,2,0
A008123,2026-02,Month-to-month,66.65,2,0
A008124,2026-02,Month-to-month,66.14,1,0
A008125,2026-02,Month-to-month,88.73,4,1
A008126,2026-02,Month-to-month,53.19,0,0
A008127,2026-02,Month-to-month,81.74,5,0
A008128,2026-02,Month-to-month,98.47,2,0
A008129,2026-02,Month-to-month,56.71,0,0
A008130,2026-02,Month-to-month,90.82,1,0
A008131,2026-02,Month-to-month,87.82,4,0
A008132,2026-02,Month-to-month,58.3,0,0
A008133,2026-02,Month-to-month,59.28,3,0
A008134,2026-02,Month-to-month,75.93,2,0
A008135,2026-02,Month-to-month,74.04,3,0
A008136,2026-02,Month-to-month,41.29,4,0
A008137,2026-02,Month-to-month,76.16,4,0
A008138,2026-02,Month-to-month,74.66,4,0
A008139,2026-02,Month-to-month,51.2,2,0
A008140,2026-02,Month-to-month,68.72,2,0
A008141,2026-02,Month-to-month,71.11,1,0
A008142,2026-02,Month-to-month,73.45,0,0
A008143,2026-02,Month-to-month,63.31,0,0
A008144,2026-02,Month-to-month,61.85,3,0
A008145,2026-02,Month-to-month,75.44,2,0
A008146,2026-02,Month-to-month,64.0,0,0
A008147,2026-02,Month-to-month,54.25,1,0
A008148,2026-02,Month-to-month,55.14,3,0
A008149,2026-02,Month-to-month,50.67,4,0
A008150,2026-02,Month-to-month,68.4,2,0
A008151,2026-02,Month-to-month,63.18,3,0
A008152,2026-02,Month-to-month,101.27,2,0
A008153,2026-02,Month-to-month,47.34,3,1
A008154,2026-02,Month-to-month,82.98,1,0
A008155,2026-02,Month-to-month,80.37,3,0
A008156,2026-02,Month-to-month,55.26,4,0
A008157,2026-02,Month-to-month,77.16,3,0
A008158,2026-02,Month-to-month,54.68,4,0
A008159,2026-02,Month-to-month,96.77,1,0
A008160,2026-02,Month-to-month,70.93,4,0
A008161,2026-02,Month-to-month,82.96,2,0
A008162,2026-02,Month-to-month,91.07,5,0
A008163,2026-02,Month-to-month,65.48,3,0
A008164,2026-02,Month-to-month,57.21,1,0
A008165,2026-02,Month-to-month,61.03,4,1
A008166,2026-02,Month-to-month,81.29,4,0
A008167,2026-02,Month-to-month,85.11,3,0
A008168,2026-02,Month-to-month,68.25,2,0
A008169,2026-02,Month-to-month,72.22,3,0
A008170,2026-02,Month-to-month,63.47,3,0
A008171,2026-02,Month-to-month,72.38,2,0
A008172,2026-02,Month-to-month,87.91,5,0
A008173,2026-02,Month-to-month,65.06,2,0
A008174,2026-02,Month-to-month,77.74,1,0
A008175,2026-02,Month-to-month,67.38,0,0
A008176,2026-02,Month-to-month,69.65,3,0
A008177,2026-02,Month-to-month,84.8,1,0
A008178,2026-02,Month-to-month,76.89,3,0
A008179,2026-02,Month-to-month,86.66,5,0
A008180,2026-02,Month-to-month,76.6,4,0
A008181,2026-02,Month-to-month,73.67,1,0
A008182,2026-02,Month-to-month,83.4,1,0
A008183,2026-02,Month-to-month,85.87,2,0
A008184,2026-02,Month-to-month,71.23,1,0
A008185,2026-02,Month-to-month,68.67,5,1
A008186,2026-02,Month-to-month,80.05,0,0
A008187,2026-02,Month-to-month,67.64,1,0
A008188,2026-02,Month-to-month,70.1,4,0
A008189,2026-02,Month-to-month,77.17,6,0
A008190,2026-02,Month-to-month,53.02,1,0
A008191,2026-02,Month-to-month,64.6,6,0
A008192,2026-02,Month-to-month,84.52,4,0
A008193,2026-02,Month-to-month,70.6,5,0
A008194,2026-02,Month-to-month,52.74,3,0
A008195,2026-02,Month-to-month,40.11,2,0
A008196,2026-02,Month-to-month,72.2,3,0
A008197,2026-02,Month-to-month,72.85,2,0
A008198,2026-02,Month-to-month,65.59,0,0
A008199,2026-02,Month-to-month,55.51,3,0
A008200,2026-02,Month-to-month,77.36,3,0
A008201,2026-02,Month-to-month,63.8,3,1
A008202,2026-02,Month-to-month,55.9,1,0
A008203,2026-02,Month-to-month,83.22,1,0
A008204,2026-02,Month-to-month,56.74,2,0
A008205,2026-02,Month-to-month,61.64,1,0
A008206,2026-02,Month-to-month,79.7,3,0
A008207,2026-02,Month-to-month,63.91,1,0
A008208,2026-02,Month-to-month,66.68,2,1
A008209,2026-02,Month-to-month,74.25,3,1
A008210,2026-02,Month-to-month,60.72,3,0
A008211,2026-02,Month-to-month,68.28,2,0
A008212,2026-02,Month-to-month,72.91,3,0
A008213,2026-02,Month-to-month,91.75,3,0
A008214,2026-02,Month-to-month,73.14,3,0
A008215,2026-02,Month-to-month,67.36,2,0
A008216,2026-02,Month-to-month,51.4,2,0
A008217,2026-02,Month-to-month,83.48,2,0
A008218,2026-02,Month-to-month,72.22,1,0
A008219,2026-02,Month-to-month,59.11,2,0
A008220,2026-02,Month-to-month,95.7,2,0
A008221,2026-02,Month-to-month,57.64,2,0
A008222,2026-02,Month-to-month,66.58,2,0
A008223,2026-02,Month-to-month,62.6,3,0
A008224,2026-02,Month-to-month,63.52,3,0
A008225,2026-02,Month-to-month,92.07,3,0
A008226,2026-02,Month-to-month,91.51,0,0
A008227,2026-02,Month-to-month,92.68,3,0
A008228,2026-02,Month-to-month,76.51,3,0
A008229,2026-02,Month-to-month,53.27,3,0
A008230,2026-02,Month-to-month,40.06,3,0
A008231,2026-02,Month-to-month,77.52,1,0
A008232,2026-02,Month-to-month,75.18,2,0
A008233,2026-02,Month-to-month,66.26,3,0
A008234,2026-02,Month-to-month,46.2,2,0
A008235,2026-02,Month-to-month,86.45,1,0
A008236,2026-02,Month-to-month,45.75,3,0
A008237,2026-02,Month-to-month,73.72,2,0
A008238,2026-02,Month-to-month,67.08,4,0
A008239,2026-02,Month-to-month,70.24,2,0
A008240,2026-02,Month-to-month,66.88,2,0
A008241,2026-02,Month-to-month,61.15,3,0
A008242,2026-02,Month-to-month,44.38,2,0
A008243,2026-02,Month-to-month,49.89,2,0
A008244,2026-02,Month-to-month,79.49,5,0
A008245,2026-02,Month-to-month,47.92,5,0
A008246,2026-02,Month-to-month,85.18,1,0
A008247,2026-02,Month-to-month,82.28,5,0
A008248,2026-02,Month-to-month,61.81,1,0
A008249,2026-02,Month-to-month,86.91,3,0
A008250,2026-02,Month-to-month,79.74,2,0
A008251,2026-02,Month-to-month,93.19,2,0
A008252,2026-02,Month-to-month,78.99,2,0
A008253,2026-02,Month-to-month,57.25,4,0
A008254,2026-02,Month-to-month,58.75,3,0
A008255,2026-02,Month-to-month,92.69,2,0
A008256,2026-02,Month-to-month,66.06,3,0
A008257,2026-02,Month-to-month,34.01,0,0
A008258,2026-02,Month-to-month,62.65,1,0
A008259,2026-02,Month-to-month,54.78,1,0
A008260,2026-02,Month-to-month,62.07,3,0
A008261,2026-02,Month-to-month,70.13,4,0
A008262,2026-02,Month-to-month,72.29,5,0
A008263,2026-02,Month-to-month,51.62,3,0
A008264,2026-02,Month-to-month,70.38,4,0
A008265,2026-02,Month-to-month,73.82,3,0
A008266,2026-02,Month-to-month,69.03,1,0
A008267,2026-02,Month-to-month,70.46,3,0
A008268,2026-02,Month-to-month,75.3,1,0
A008269,2026-02,Month-to-month,56.62,3,0
A008270,2026-02,Month-to-month,78.56,3,0
A008271,2026-02,Month-to-month,86.56,1,0
A008272,2026-02,Month-to-month,66.46,2,0
A008273,2026-02,Month-to-month,83.4,1,0
A008274,2026-02,Month-to-month,55.26,1,0
A008275,2026-02,Month-to-month,41.83,2,0
A008276,2026-02,Month-to-month,47.61,2,0
A008277,2026-02,Month-to-month,79.17,2,1
A008278,2026-02,Month-to-month,55.57,3,0
A008279,2026-02,Month-to-month,75.37,2,0
A008280,2026-02,Month-to-month,57.54,2,0
A008281,2026-02,Month-to-month,94.86,2,0
A008282,2026-02,Month-to-month,65.71,0,1
A008283,2026-02,Month-to-month,54.11,2,0
A008284,2026-02,Month-to-month,74.59,1,0
A008285,2026-02,Month-to-month,89.7,1,0
A008286,2026-02,Month-to-month,68.28,4,0
A008287,2026-02,Month-to-month,58.82,1,0
A008288,2026-02,Month-to-month,107.04,2,0
A008289,2026-02,Month-to-month,53.51,1,0
A008290,2026-02,Month-to-month,60.89,3,0
A008291,2026-02,Month-to-month,70.47,2,0
A008292,2026-02,Month-to-month,57.88,1,0
A008293,2026-02,Month-to-month,59.32,2,1
A008294,2026-02,Month-to-month,108.21,3,0
A008295,2026-02,Month-to-month,85.01,2,0
A008296,2026-02,Month-to-month,55.28,3,0
A008297,2026-02,Month-to-month,67.69,1,0
A008298,2026-02,Month-to-month,67.12,3,0
A008299,2026-02,Month-to-month,87.95,2,1
A008300,2026-02,Month-to-month,97.14,2,0
A008301,2026-02,Month-to-month,55.17,2,0
A008302,2026-02,Month-to-month,70.71,3,0
A008303,2026-02,Month-to-month,59.33,0,1
A008304,2026-02,Month-to-month,94.83,3,0
A008305,2026-02,Month-to-month,85.16,2,0
A008306,2026-02,Month-to-month,52.81,3,0
A008307,2026-02,Month-to-month,71.4,1,0
A008308,2026-02,Month-to-month,66.33,2,0
A008309,2026-02,Month-to-month,75.14,2,0
A008310,2026-02,Month-to-month,90.16,4,0
A008311,2026-02,Month-to-month,65.8,5,0
A008312,2026-02,Month-to-month,70.46,3,0
A008313,2026-02,Month-to-month,57.59,0,0
A008314,2026-02,Month-to-month,39.53,3,1
A008315,2026-02,Month-to-month,78.15,3,0
A008316,2026-02,Month-to-month,70.4,2,0
A008317,2026-02,Month-to-month,71.02,1,1
A008318,2026-02,Month-to-month,65.25,3,0
A008319,2026-02,Month-to-month,55.25,4,0
A008320,2026-02,Month-to-month,74.1,2,0
A008321,2026-02,Month-to-month,66.67,3,0
A008322,2026-02,Month-to-month,86.04,5,0
A008323,2026-02,Month-to-month,63.83,0,0
A008324,2026-02,Month-to-month,64.05,2,0
A008325,2026-02,Month-to-month,87.08,2,0
A008326,2026-02,Month-to-month,73.42,2,0
A008327,2026-02,Month-to-month,53.0,3,0
A008328,2026-02,Month-to-month,64.47,1,0
A008329,2026-02,Month-to-month,89.6,2,0
A008330,2026-02,Month-to-month,58.32,3,0
A008331,2026-02,Month-to-month,88.25,2,0
A008332,2026-02,Month-to-month,57.46,1,0
A008333,2026-02,Month-to-month,86.5,1,1
A008334,2026-02,Month-to-month,55.18,1,1
A008335,2026-02,Month-to-month,63.35,1,0
A008336,2026-02,Month-to-month,75.45,3,0
A008337,2026-02,Month-to-month,62.44,4,0
A008338,2026-02,Month-to-month,75.35,3,0
A008339,2026-02,Month-to-month,101.05,2,0
A008340,2026-02,Month-to-month,58.68,1,0
A008341,2026-02,Month-to-month,58.23,4,0
A008342,2026-02,Month-to-month,47.37,4,0
A008343,2026-02,Month-to-month,77.0,6,0
A008344,2026-02,Month-to-month,74.5,3,0
A008345,2026-02,Month-to-month,70.68,3,0
A008346,2026-02,Month-to-month,52.6,1,0
A008347,2026-02,Month-to-month,62.36,1,0
A008348,2026-02,Month-to-month,55.46,3,0
A008349,2026-02,Month-to-month,57.65,3,0
A008350,2026-02,Month-to-month,71.53,2,0
A008351,2026-02,Month-to-month,82.4,2,0
A008352,2026-02,Month-to-month,75.48,3,0
A008353,2026-02,Month-to-month,48.89,1,0
A008354,2026-02,Month-to-month,64.76,4,0
A008355,2026-02,Month-to-month,57.16,2,1
A008356,2026-02,Month-to-month,54.34,4,0
A008357,2026-02,Month-to-month,59.9,4,0
A008358,2026-02,Month-to-month,70.03,2,0
A008359,2026-02,Month-to-month,49.67,3,0
A008360,2026-02,Month-to-month,45.78,4,0
A008361,2026-02,Month-to-month,49.96,3,0
A008362,2026-02,Month-to-month,88.18,2,0
A008363,2026-02,Month-to-month,82.62,2,0
A008364,2026-02,Month-to-month,65.35,3,0
A008365,2026-02,Month-to-month,68.97,5,0
A008366,2026-02,Month-to-month,67.47,2,0
A008367,2026-02,Month-to-month,81.74,4,0
A008368,2026-02,Month-to-month,56.51,4,0
A008369,2026-02,Month-to-month,61.88,1,0
A008370,2026-02,Month-to-month,70.77,4,0
A008371,2026-02,Month-to-month,53.25,1,0
A008372,2026-02,Month-to-month,53.76,4,1
A008373,2026-02,Month-to-month,53.09,1,0
A008374,2026-02,Month-to-month,81.45,3,0
A008375,2026-02,Month-to-month,62.08,1,0
A008376,2026-02,Month-to-month,64.56,3,1
A008377,2026-02,Month-to-month,63.11,1,0
A008378,2026-02,Month-to-month,81.9,1,0
A008379,2026-02,Month-to-month,49.34,2,0
A008380,2026-02,Month-to-month,70.11,3,0
A008381,2026-02,Month-to-month,57.87,3,0
A008382,2026-02,Month-to-month,54.09,6,0
A008383,2026-02,Month-to-month,73.96,2,0
A008384,2026-02,Month-to-month,71.93,2,0
A008385,2026-02,Month-to-month,73.83,3,0
A008386,2026-02,Month-to-month,78.25,3,0
A008387,2026-02,Month-to-month,52.73,0,0
A008388,2026-02,Month-to-month,68.77,3,0
A008389,2026-02,Month-to-month,98.9,1,1
A008390,2026-02,Month-to-month,78.22,0,0
A008391,2026-02,Month-to-month,94.39,1,0
A008392,2026-02,Month-to-month,46.18,4,0
A008393,2026-02,Month-to-month,87.81,3,1
A008394,2026-02,Month-to-month,96.25,1,0
A008395,2026-02,Month-to-month,66.51,3,0
A008396,2026-02,Month-to-month,76.57,0,0
A008397,2026-02,Month-to-month,82.74,1,0
A008398,2026-02,Month-to-month,68.96,0,0
A008399,2026-02,Month-to-month,87.6,3,0
A008400,2026-02,Month-to-month,102.39,2,0
A008401,2026-02,Month-to-month,50.03,3,0
A008402,2026-02,Month-to-month,46.0,4,0
A008403,2026-02,Month-to-month,68.8,2,0
A008404,2026-02,Month-to-month,71.17,3,0
A008405,2026-02,Month-to-month,45.84,4,0
A008406,2026-02,Month-to-month,65.18,4,0
A008407,2026-02,Month-to-month,65.23,2,0
A008408,2026-02,Month-to-month,45.76,4,0
A008409,2026-02,Month-to-month,70.92,4,0
A008410,2026-02,Month-to-month,50.56,1,0
A008411,2026-02,Month-to-month,68.12,3,0
A008412,2026-02,Month-to-month,53.65,2,0
A008413,2026-02,Month-to-month,41.98,2,0
A008414,2026-02,Month-to-month,66.42,1,0
A008415,2026-02,Month-to-month,75.89,3,0
A008416,2026-02,Month-to-month,74.4,6,0
A008417,2026-02,Month-to-month,71.18,3,0
A008418,2026-02,Month-to-month,61.77,3,0
A008419,2026-02,Month-to-month,57.96,2,0
A008420,2026-02,Month-to-month,44.97,1,1
A008421,2026-02,Month-to-month,37.2,4,0
A008422,2026-02,Month-to-month,63.42,3,0
A008423,2026-02,Month-to-month,88.22,4,0
A008424,2026-02,Month-to-month,47.6,2,0
A008425,2026-02,Month-to-month,96.41,3,0
A008426,2026-02,Month-to-month,52.04,5,0
A008427,2026-02,Month-to-month,52.7,3,0
A008428,2026-02,Month-to-month,90.05,3,0
A008429,2026-02,Month-to-month,60.41,2,0
A008430,2026-02,Month-to-month,72.57,0,0
A008431,2026-02,Month-to-month,56.04,2,0
A008432,2026-02,Month-to-month,68.99,3,0
A008433,2026-02,Month-to-month,54.9,1,0
A008434,2026-02,Month-to-month,64.09,5,0
A008435,2026-02,Month-to-month,62.46,2,0
A008436,2026-02,Month-to-month,79.94,2,0
A008437,2026-02,Month-to-month,70.28,2,0
A008438,2026-02,Month-to-month,73.99,2,0
A008439,2026-02,Month-to-month,48.81,4,0
A008440,2026-02,Month-to-month,84.67,4,0
A008441,2026-02,Month-to-month,71.99,3,0
A008442,2026-02,Month-to-month,71.44,2,0
A008443,2026-02,Month-to-month,96.79,1,0
A008444,2026-02,Month-to-month,61.06,3,0
A008445,2026-02,Month-to-month,60.68,1,0
A008446,2026-02,Month-to-month,31.15,4,0
A008447,2026-02,Month-to-month,73.27,3,0
A008448,2026-02,Month-to-month,72.05,3,1
A008449,2026-02,Month-to-month,78.21,2,0
A008450,2026-02,Month-to-month,73.02,2,0
A008451,2026-02,Month-to-month,88.03,1,0
A008452,2026-02,Month-to-month,68.9,1,0
A008453,2026-02,Month-to-month,39.32,1,0
A008454,2026-02,Month-to-month,56.2,3,0
A008455,2026-02,Month-to-month,80.49,4,0
A008456,2026-02,Month-to-month,70.22,2,0
A008457,2026-02,Month-to-month,67.32,0,0
A008458,2026-02,Month-to-month,72.86,4,0
A008459,2026-02,Month-to-month,65.56,2,0
A008460,2026-02,Month-to-month,63.64,0,0
A008461,2026-02,Month-to-month,44.59,2,0
A008462,2026-02,Month-to-month,43.7,2,0
A008463,2026-02,Month-to-month,84.44,4,0
A008464,2026-02,Month-to-month,76.61,5,0
A008465,2026-02,Month-to-month,75.93,2,0
A008466,2026-02,Month-to-month,37.64,3,0
A008467,2026-02,Month-to-month,60.11,1,0
A008468,2026-02,Month-to-month,46.18,5,1
A008469,2026-02,Month-to-month,86.17,2,1
A008470,2026-02,Month-to-month,61.38,3,0
A008471,2026-02,Month-to-month,58.88,0,0
A008472,2026-02,Month-to-month,83.62,1,0
A008473,2026-02,Month-to-month,53.32,4,0
A008474,2026-02,Month-to-month,64.05,4,0
A008475,2026-02,Month-to-month,56.29,3,0
A008476,2026-02,Month-to-month,64.31,3,0
A008477,2026-02,Month-to-month,47.41,2,0
A008478,2026-02,Month-to-month,73.22,2,0
A008479,2026-02,Month-to-month,51.87,1,0
A008480,2026-02,Month-to-month,74.82,1,0
A008481,2026-02,Month-to-month,94.42,1,0
A008482,2026-02,Month-to-month,61.81,5,0
A008483,2026-02,Month-to-month,83.9,2,0
A008484,2026-02,Month-to-month,81.9,2,0
A008485,2026-02,Month-to-month,81.93,4,0
A008486,2026-02,Month-to-month,76.9,0,0
A008487,2026-02,Month-to-month,84.13,1,0
A008488,2026-02,Month-to-month,56.57,3,0
A008489,2026-02,Month-to-month,55.79,2,0
A008490,2026-02,Month-to-month,49.26,3,0
A008491,2026-02,Month-to-month,70.34,2,0
A008492,2026-02,Month-to-month,89.38,2,0
A008493,2026-02,Month-to-month,58.5,1,0
A008494,2026-02,Month-to-month,60.48,3,0
A008495,2026-02,Month-to-month,73.4,4,0
A008496,2026-02,Month-to-month,51.26,2,0
A008497,2026-02,Month-to-month,83.99,3,0
A008498,2026-02,Month-to-month,53.0,4,1
A008499,2026-02,Month-to-month,62.35,3,0
A008500,2026-02,Month-to-month,63.55,3,0
A008501,2026-02,Month-to-month,86.52,2,0
A008502,2026-02,Month-to-month,79.07,2,0
A008503,2026-02,Month-to-month,89.09,6,0
A008504,2026-02,Month-to-month,98.2,4,0
A008505,2026-02,Month-to-month,69.15,4,0
A008506,2026-02,Month-to-month,51.22,3,0
A008507,2026-02,Month-to-month,45.01,2,0
A008508,2026-02,Month-to-month,58.56,3,0
A008509,2026-02,Month-to-month,42.17,3,0
A008510,2026-02,Month-to-month,64.1,1,0
A008511,2026-02,Month-to-month,80.99,0,0
A008512,2026-02,Month-to-month,71.36,1,0
A008513,2026-02,Month-to-month,73.01,1,0
A008514,2026-02,Month-to-month,80.92,3,0
A008515,2026-02,Month-to-month,59.01,1,0
A008516,2026-02,Month-to-month,49.61,1,0
A008517,2026-02,Month-to-month,69.34,2,1
A008518,2026-02,Month-to-month,42.08,3,1
A008519,2026-02,Month-to-month,56.31,0,0
A008520,2026-02,Month-to-month,76.53,4,1
A008521,2026-02,Month-to-month,84.47,3,0
A008522,2026-02,Month-to-month,69.89,0,0
A008523,2026-02,Month-to-month,69.29,2,0
A008524,2026-02,Month-to-month,77.5,1,0
A008525,2026-02,Month-to-month,71.8,2,0
A008526,2026-02,Month-to-month,89.18,2,0
A008527,2026-02,Month-to-month,68.3,2,0
A008528,2026-02,Month-to-month,72.42,3,0
A008529,2026-02,Month-to-month,68.64,2,0
A008530,2026-02,Month-to-month,91.39,0,0
A008531,2026-02,Month-to-month,58.6,4,0
A008532,2026-02,Month-to-month,58.28,1,0
A008533,2026-02,Month-to-month,96.93,2,1
A008534,2026-02,Month-to-month,90.35,2,0
A008535,2026-02,Month-to-month,65.73,1,0
A008536,2026-02,Month-to-month,96.01,1,0
A008537,2026-02,Month-to-month,69.33,2,0
A008538,2026-02,Month-to-month,61.97,3,0
A008539,2026-02,Month-to-month,48.91,3,0
A008540,2026-02,Month-to-month,76.57,3,0
A008541,2026-02,Month-to-month,70.31,4,0
A008542,2026-02,Month-to-month,68.25,4,0
A008543,2026-02,Month-to-month,66.53,0,0
A008544,2026-02,Month-to-month,47.57,2,0
A008545,2026-02,Month-to-month,58.23,2,0
A008546,2026-02,Month-to-month,79.38,0,0
A008547,2026-02,Month-to-month,36.55,3,0
A008548,2026-02,Month-to-month,34.38,6,1
A008549,2026-02,Month-to-month,65.39,3,0
A008550,2026-02,Month-to-month,75.06,3,0
A008551,2026-02,Month-to-month,48.23,2,0
A008552,2026-02,Month-to-month,77.22,1,0
A008553,2026-02,Month-to-month,82.17,5,0
A008554,2026-02,Month-to-month,53.44,1,0
A008555,2026-02,Month-to-month,53.47,4,0
A008556,2026-02,Month-to-month,84.75,4,0
A008557,2026-02,Month-to-month,63.37,1,0
A008558,2026-02,Month-to-month,64.11,3,1
A008559,2026-02,Month-to-month,72.94,0,0
A008560,2026-02,Month-to-month,53.67,1,0
A008561,2026-02,One-year,94.12,2,0
A008562,2026-02,One-year,70.86,2,0
A008563,2026-02,One-year,80.54,2,0
A008564,2026-02,One-year,70.05,3,0
A008565,2026-02,One-year,61.97,2,0
A008566,2026-02,One-year,81.37,3,0
A008567,2026-02,One-year,51.36,0,0
A008568,2026-02,One-year,86.61,0,0
A008569,2026-02,One-year,82.1,2,0
A008570,2026-02,One-year,86.63,3,0
A008571,2026-02,One-year,87.12,2,0
A008572,2026-02,One-year,94.52,0,0
A008573,2026-02,One-year,88.11,1,0
A008574,2026-02,One-year,95.13,3,0
A008575,2026-02,One-year,72.13,1,0
A008576,2026-02,One-year,63.68,4,0
A008577,2026-02,One-year,73.2,0,0
A008578,2026-02,One-year,72.54,3,0
A008579,2026-02,One-year,83.15,2,0
A008580,2026-02,One-year,62.45,4,0
A008581,2026-02,One-year,60.4,0,0
A008582,2026-02,One-year,58.97,3,0
A008583,2026-02,One-year,71.48,2,0
A008584,2026-02,One-year,56.51,3,1
A008585,2026-02,One-year,71.73,2,0
A008586,2026-02,One-year,73.99,3,0
A008587,2026-02,One-year,57.23,3,0
A008588,2026-02,One-year,79.75,2,0
A008589,2026-02,One-year,51.44,1,0
A008590,2026-02,One-year,97.01,0,0
A008591,2026-02,One-year,86.19,4,0
A008592,2026-02,One-year,79.23,1,0
A008593,2026-02,One-year,88.08,3,0
A008594,2026-02,One-year,85.23,3,0
A008595,2026-02,One-year,79.98,3,0
A008596,2026-02,One-year,71.25,0,0
A008597,2026-02,One-year,70.11,3,0
A008598,2026-02,One-year,77.45,2,0
A008599,2026-02,One-year,53.54,3,0
A008600,2026-02,One-year,44.41,3,0
A008601,2026-02,One-year,78.82,4,0
A008602,2026-02,One-year,98.29,1,0
A008603,2026-02,One-year,91.59,2,0
A008604,2026-02,One-year,62.01,0,0
A008605,2026-02,One-year,63.46,4,0
A008606,2026-02,One-year,68.45,0,0
A008607,2026-02,One-year,79.1,1,1
A008608,2026-02,One-year,78.19,2,0
A008609,2026-02,One-year,78.3,2,0
A008610,2026-02,One-year,77.37,1,0
A008611,2026-02,One-year,88.91,0,0
A008612,2026-02,One-year,75.84,1,0
A008613,2026-02,One-year,89.04,3,0
A008614,2026-02,One-year,78.03,0,0
A008615,2026-02,One-year,99.36,2,0
A008616,2026-02,One-year,61.33,3,0
A008617,2026-02,One-year,71.17,1,0
A008618,2026-02,One-year,92.84,1,0
A008619,2026-02,One-year,100.63,1,0
A008620,2026-02,One-year,75.44,2,0
A008621,2026-02,One-year,38.61,3,0
A008622,2026-02,One-year,70.08,2,0
A008623,2026-02,One-year,56.78,2,0
A008624,2026-02,One-year,77.66,0,0
A008625,2026-02,One-year,83.73,3,0
A008626,2026-02,One-year,77.06,3,0
A008627,2026-02,One-year,69.6,0,0
A008628,2026-02,One-year,74.04,1,0
A008629,2026-02,One-year,74.03,2,0
A008630,2026-02,One-year,66.63,0,0
A008631,2026-02,One-year,88.82,2,0
A008632,2026-02,One-year,62.72,0,0
A008633,2026-02,One-year,85.05,2,0
A008634,2026-02,One-year,75.1,2,0
A008635,2026-02,One-year,76.06,2,0
A008636,2026-02,One-year,74.02,0,0
A008637,2026-02,One-year,85.24,2,0
A008638,2026-02,One-year,85.48,1,0
A008639,2026-02,One-year,70.25,1,0
A008640,2026-02,One-year,81.4,2,0
A008641,2026-02,One-year,86.11,1,0
A008642,2026-02,One-year,80.46,3,0
A008643,2026-02,One-year,57.97,2,0
A008644,2026-02,One-year,66.86,2,0
A008645,2026-02,One-year,78.75,1,0
A008646,2026-02,One-year,73.86,3,0
A008647,2026-02,One-year,62.11,2,0
A008648,2026-02,One-year,80.35,2,0
A008649,2026-02,One-year,101.91,0,0
A008650,2026-02,One-year,77.3,0,0
A008651,2026-02,One-year,59.32,2,0
A008652,2026-02,One-year,95.08,2,0
A008653,2026-02,One-year,68.79,0,0
A008654,2026-02,One-year,53.71,1,0
A008655,2026-02,One-year,78.89,2,0
A008656,2026-02,One-year,86.08,3,0
A008657,2026-02,One-year,91.11,0,0
A008658,2026-02,One-year,51.18,2,0
A008659,2026-02,One-year,72.43,2,0
A008660,2026-02,One-year,105.31,0,0
A008661,2026-02,One-year,71.86,0,0
A008662,2026-02,One-year,71.1,0,0
A008663,2026-02,One-year,96.95,4,0
A008664,2026-02,One-year,53.43,4,0
A008665,2026-02,One-year,88.59,0,0
A008666,2026-02,One-year,98.59,2,0
A008667,2026-02,One-year,73.14,2,0
A008668,2026-02,One-year,72.06,0,0
A008669,2026-02,One-year,87.56,0,0
A008670,2026-02,One-year,67.16,2,0
A008671,2026-02,One-year,59.04,0,0
A008672,2026-02,One-year,72.62,3,0
A008673,2026-02,One-year,89.32,4,0
A008674,2026-02,One-year,82.16,0,0
A008675,2026-02,One-year,87.56,0,0
A008676,2026-02,One-year,71.59,0,0
A008677,2026-02,One-year,79.66,3,0
A008678,2026-02,One-year,80.78,1,0
A008679,2026-02,One-year,56.73,0,0
A008680,2026-02,One-year,79.19,2,0
A008681,2026-02,One-year,85.44,0,0
A008682,2026-02,One-year,73.81,0,0
A008683,2026-02,One-year,67.08,1,0
A008684,2026-02,One-year,68.47,5,0
A008685,2026-02,One-year,56.07,1,0
A008686,2026-02,One-year,90.76,0,0
A008687,2026-02,One-year,79.15,2,0
A008688,2026-02,One-year,79.11,0,0
A008689,2026-02,One-year,91.63,1,0
A008690,2026-02,One-year,69.5,4,0
A008691,2026-02,One-year,74.71,2,0
A008692,2026-02,One-year,58.13,1,0
A008693,2026-02,One-year,76.17,3,0
A008694,2026-02,One-year,59.58,1,0
A008695,2026-02,One-year,83.65,1,0
A008696,2026-02,One-year,78.76,3,0
A008697,2026-02,One-year,88.04,2,0
A008698,2026-02,One-year,58.83,2,0
A008699,2026-02,One-year,74.66,2,0
A008700,2026-02,One-year,79.81,0,0
A008701,2026-02,One-year,75.56,1,0
A008702,2026-02,One-year,69.03,1,0
A008703,2026-02,One-year,70.66,0,1
A008704,2026-02,One-year,62.79,2,0
A008705,2026-02,One-year,72.37,1,0
A008706,2026-02,One-year,53.4,0,0
A008707,2026-02,One-year,55.76,4,0
A008708,2026-02,One-year,60.25,2,0
A008709,2026-02,One-year,72.02,2,0
A008710,2026-02,One-year,67.84,1,0
A008711,2026-02,One-year,73.58,4,0
A008712,2026-02,One-year,46.8,1,0
A008713,2026-02,One-year,105.93,0,0
A008714,2026-02,One-year,60.81,3,1
A008715,2026-02,One-year,62.68,0,0
A008716,2026-02,One-year,66.81,1,0
A008717,2026-02,One-year,87.74,1,0
A008718,2026-02,One-year,78.35,2,0
A008719,2026-02,One-year,67.82,4,0
A008720,2026-02,One-year,80.35,3,0
A008721,2026-02,One-year,80.22,0,0
A008722,2026-02,One-year,53.41,0,0
A008723,2026-02,One-year,87.01,0,0
A008724,2026-02,One-year,73.64,2,0
A008725,2026-02,One-year,49.41,0,0
A008726,2026-02,One-year,47.56,3,1
A008727,2026-02,One-year,101.33,1,0
A008728,2026-02,One-year,60.77,0,0
A008729,2026-02,One-year,71.95,0,0
A008730,2026-02,One-year,95.81,2,0
A008731,2026-02,One-year,78.7,2,0
A008732,2026-02,One-year,69.31,1,0
A008733,2026-02,One-year,72.32,2,0
A008734,2026-02,One-year,74.91,1,0
A008735,2026-02,One-year,72.3,0,0
A008736,2026-02,One-year,82.78,1,0
A008737,2026-02,One-year,73.27,1,0
A008738,2026-02,One-year,62.72,1,0
A008739,2026-02,One-year,70.98,1,1
A008740,2026-02,One-year,60.92,2,0
A008741,2026-02,One-year,47.05,1,0
A008742,2026-02,One-year,91.68,3,0
A008743,2026-02,One-year,85.09,2,1
A008744,2026-02,One-year,81.6,0,0
A008745,2026-02,One-year,65.64,0,0
A008746,2026-02,One-year,53.23,2,0
A008747,2026-02,One-year,80.9,1,0
A008748,2026-02,One-year,77.25,0,0
A008749,2026-02,One-year,81.55,1,0
A008750,2026-02,One-year,80.4,3,0
A008751,2026-02,One-year,79.98,1,0
A008752,2026-02,One-year,61.79,0,0
A008753,2026-02,One-year,106.07,0,0
A008754,2026-02,One-year,90.36,3,0
A008755,2026-02,One-year,64.35,0,0
A008756,2026-02,One-year,72.21,1,0
A008757,2026-02,One-year,62.45,2,0
A008758,2026-02,One-year,77.28,2,0
A008759,2026-02,One-year,67.82,4,0
A008760,2026-02,One-year,71.09,2,0
A008761,2026-02,One-year,81.52,1,0
A008762,2026-02,One-year,91.16,1,0
A008763,2026-02,One-year,82.48,1,0
A008764,2026-02,One-year,68.03,2,0
A008765,2026-02,One-year,79.9,0,0
A008766,2026-02,One-year,73.27,5,0
A008767,2026-02,One-year,76.56,0,0
A008768,2026-02,One-year,76.44,2,0
A008769,2026-02,One-year,88.58,0,0
A008770,2026-02,One-year,72.84,1,0
A008771,2026-02,One-year,94.4,0,0
A008772,2026-02,One-year,53.3,3,0
A008773,2026-02,One-year,78.93,2,0
A008774,2026-02,One-year,67.65,3,0
A008775,2026-02,One-year,43.91,2,0
A008776,2026-02,One-year,61.81,0,1
A008777,2026-02,One-year,80.5,2,0
A008778,2026-02,One-year,94.5,2,0
A008779,2026-02,One-year,101.95,2,0
A008780,2026-02,One-year,84.04,2,0
A008781,2026-02,One-year,66.8,0,0
A008782,2026-02,One-year,50.48,2,0
A008783,2026-02,One-year,87.06,2,0
A008784,2026-02,One-year,110.28,3,0
A008785,2026-02,One-year,62.83,2,0
A008786,2026-02,One-year,58.25,3,0
A008787,2026-02,One-year,80.66,2,1
A008788,2026-02,One-year,88.85,0,0
A008789,2026-02,One-year,68.65,3,0
A008790,2026-02,One-year,79.71,2,0
A008791,2026-02,One-year,63.94,2,0
A008792,2026-02,One-year,76.76,4,0
A008793,2026-02,One-year,45.05,1,0
A008794,2026-02,One-year,62.39,2,0
A008795,2026-02,One-year,70.44,0,0
A008796,2026-02,One-year,54.79,4,0
A008797,2026-02,One-year,57.75,3,0
A008798,2026-02,One-year,43.62,1,0
A008799,2026-02,One-year,73.79,0,0
A008800,2026-02,One-year,60.18,1,0
A008801,2026-02,One-year,72.76,0,0
A008802,2026-02,One-year,82.86,0,0
A008803,2026-02,One-year,70.71,3,0
A008804,2026-02,One-year,99.26,1,0
A008805,2026-02,One-year,62.42,2,0
A008806,2026-02,One-year,62.0,0,0
A008807,2026-02,One-year,82.41,2,0
A008808,2026-02,One-year,70.0,3,0
A008809,2026-02,One-year,57.1,0,0
A008810,2026-02,One-year,68.21,0,0
A008811,2026-02,One-year,69.62,0,0
A008812,2026-02,One-year,100.47,2,0
A008813,2026-02,One-year,56.43,2,0
A008814,2026-02,One-year,65.75,1,0
A008815,2026-02,One-year,56.68,1,0
A008816,2026-02,One-year,70.2,1,0
A008817,2026-02,One-year,60.95,2,0
A008818,2026-02,One-year,61.13,2,0
A008819,2026-02,One-year,73.12,0,0
A008820,2026-02,One-year,86.39,1,0
A008821,2026-02,One-year,46.73,0,0
A008822,2026-02,One-year,51.17,3,0
A008823,2026-02,One-year,74.11,4,0
A008824,2026-02,One-year,106.83,2,0
A008825,2026-02,One-year,61.69,2,0
A008826,2026-02,One-year,89.36,1,0
A008827,2026-02,One-year,72.29,3,0
A008828,2026-02,One-year,78.2,1,0
A008829,2026-02,One-year,61.76,2,0
A008830,2026-02,One-year,50.95,2,0
A008831,2026-02,One-year,73.78,2,0
A008832,2026-02,One-year,88.79,2,0
A008833,2026-02,One-year,70.43,1,0
A008834,2026-02,One-year,78.55,3,0
A008835,2026-02,One-year,92.95,1,0
A008836,2026-02,One-year,85.35,1,0
A008837,2026-02,One-year,68.77,0,0
A008838,2026-02,One-year,50.17,1,0
A008839,2026-02,One-year,73.23,0,0
A008840,2026-02,One-year,83.9,0,0
A008841,2026-02,One-year,85.61,3,0
A008842,2026-02,One-year,42.52,0,0
A008843,2026-02,One-year,91.79,4,0
A008844,2026-02,One-year,78.45,4,0
A008845,2026-02,One-year,55.3,3,0
A008846,2026-02,One-year,60.31,1,0
A008847,2026-02,One-year,64.09,1,0
A008848,2026-02,One-year,73.84,2,0
A008849,2026-02,One-year,75.67,3,0
A008850,2026-02,One-year,96.26,4,0
A008851,2026-02,One-year,72.27,0,0
A008852,2026-02,One-year,57.55,0,0
A008853,2026-02,One-year,63.66,2,0
A008854,2026-02,One-year,79.92,5,0
A008855,2026-02,One-year,86.48,4,0
A008856,2026-02,One-year,92.39,2,0
A008857,2026-02,One-year,72.37,0,0
A008858,2026-02,One-year,58.47,2,0
A008859,2026-02,One-year,59.24,4,0
A008860,2026-02,One-year,63.57,1,0
A008861,2026-02,One-year,72.46,3,0
A008862,2026-02,One-year,92.59,1,0
A008863,2026-02,One-year,85.65,0,0
A008864,2026-02,One-year,57.47,2,0
A008865,2026-02,One-year,64.65,3,0
A008866,2026-02,One-year,106.94,2,0
A008867,2026-02,One-year,92.19,1,0
A008868,2026-02,One-year,86.14,1,0
A008869,2026-02,One-year,90.02,0,0
A008870,2026-02,One-year,96.11,3,0
A008871,2026-02,One-year,94.62,0,0
A008872,2026-02,One-year,47.41,3,0
A008873,2026-02,One-year,84.96,1,0
A008874,2026-02,One-year,69.41,3,0
A008875,2026-02,One-year,83.89,0,0
A008876,2026-02,One-year,91.31,0,0
A008877,2026-02,One-year,76.1,0,0
A008878,2026-02,One-year,82.13,0,0
A008879,2026-02,One-year,79.54,2,0
A008880,2026-02,One-year,95.74,2,0
A008881,2026-02,One-year,66.48,0,0
A008882,2026-02,One-year,68.92,0,0
A008883,2026-02,One-year,101.76,1,0
A008884,2026-02,One-year,71.31,1,0
A008885,2026-02,One-year,94.75,3,0
A008886,2026-02,One-year,70.86,0,0
A008887,2026-02,One-year,51.19,1,0
A008888,2026-02,One-year,87.23,1,0
A008889,2026-02,One-year,51.94,1,0
A008890,2026-02,One-year,78.61,2,0
A008891,2026-02,One-year,95.98,1,0
A008892,2026-02,One-year,65.85,2,0
A008893,2026-02,One-year,69.12,1,0
A008894,2026-02,One-year,71.47,2,0
A008895,2026-02,One-year,72.71,3,0
A008896,2026-02,One-year,71.22,0,0
A008897,2026-02,One-year,67.24,2,0
A008898,2026-02,One-year,89.77,3,0
A008899,2026-02,One-year,85.03,2,0
A008900,2026-02,One-year,101.14,0,0
A008901,2026-02,One-year,61.01,2,0
A008902,2026-02,One-year,68.95,1,0
A008903,2026-02,One-year,92.23,0,0
A008904,2026-02,One-year,71.57,0,0
A008905,2026-02,One-year,86.86,1,0
A008906,2026-02,One-year,88.6,0,0
A008907,2026-02,One-year,58.32,1,0
A008908,2026-02,One-year,67.71,2,0
A008909,2026-02,One-year,50.58,2,0
A008910,2026-02,One-year,45.96,4,0
A008911,2026-02,One-year,83.05,5,0
A008912,2026-02,One-year,105.82,1,0
A008913,2026-02,One-year,81.94,0,0
A008914,2026-02,One-year,106.45,0,0
A008915,2026-02,One-year,59.12,3,0
A008916,2026-02,One-year,73.26,2,0
A008917,2026-02,One-year,88.15,1,0
A008918,2026-02,One-year,68.96,3,0
A008919,2026-02,One-year,65.07,3,0
A008920,2026-02,One-year,72.83,3,0
A008921,2026-02,One-year,88.04,0,0
A008922,2026-02,One-year,68.06,1,0
A008923,2026-02,One-year,89.43,4,0
A008924,2026-02,One-year,76.62,2,0
A008925,2026-02,One-year,90.82,1,0
A008926,2026-02,One-year,64.95,6,0
A008927,2026-02,One-year,76.77,3,0
A008928,2026-02,One-year,48.11,2,0
A008929,2026-02,One-year,70.44,3,0
A008930,2026-02,One-year,59.39,0,0
A008931,2026-02,One-year,84.31,0,0
A008932,2026-02,One-year,76.94,0,0
A008933,2026-02,One-year,78.07,0,0
A008934,2026-02,One-year,65.67,2,0
A008935,2026-02,One-year,78.03,3,0
A008936,2026-02,One-year,73.08,3,0
A008937,2026-02,One-year,62.12,1,0
A008938,2026-02,One-year,67.21,1,0
A008939,2026-02,One-year,96.17,4,0
A008940,2026-02,One-year,87.89,2,0
A008941,2026-02,One-year,79.15,2,0
A008942,2026-02,One-year,79.76,1,0
A008943,2026-02,One-year,44.82,3,0
A008944,2026-02,One-year,67.05,4,0
A008945,2026-02,One-year,72.94,4,0
A008946,2026-02,One-year,61.84,0,0
A008947,2026-02,One-year,60.31,3,0
A008948,2026-02,One-year,59.71,0,0
A008949,2026-02,One-year,76.0,4,0
A008950,2026-02,One-year,57.69,1,0
A008951,2026-02,One-year,73.41,1,0
A008952,2026-02,One-year,72.63,2,0
A008953,2026-02,One-year,86.44,0,0
A008954,2026-02,One-year,76.24,3,0
A008955,2026-02,One-year,71.16,0,0
A008956,2026-02,One-year,91.05,3,0
A008957,2026-02,One-year,74.51,0,0
A008958,2026-02,One-year,65.42,0,0
A008959,2026-02,One-year,65.56,1,0
A008960,2026-02,One-year,69.46,2,0
A008961,2026-02,One-year,80.99,1,0
A008962,2026-02,One-year,102.92,3,0
A008963,2026-02,One-year,61.2,2,0
A008964,2026-02,One-year,44.45,2,0
A008965,2026-02,One-year,60.54,0,0
A008966,2026-02,One-year,66.45,2,0
A008967,2026-02,One-year,47.11,0,0
A008968,2026-02,One-year,81.82,1,0
A008969,2026-02,One-year,75.29,4,1
A008970,2026-02,One-year,85.64,2,0
A008971,2026-02,One-year,77.62,0,0
A008972,2026-02,One-year,78.53,3,0
A008973,2026-02,One-year,41.9,0,0
A008974,2026-02,One-year,58.12,4,0
A008975,2026-02,One-year,86.0,0,0
A008976,2026-02,One-year,83.13,3,0
A008977,2026-02,One-year,60.54,2,0
A008978,2026-02,One-year,46.79,2,0
A008979,2026-02,One-year,68.65,4,0
A008980,2026-02,One-year,29.61,3,0
A008981,2026-02,One-year,77.5,2,0
A008982,2026-02,One-year,77.69,4,0
A008983,2026-02,One-year,63.24,2,0
A008984,2026-02,One-year,66.45,2,0
A008985,2026-02,One-year,104.92,1,0
A008986,2026-02,One-year,47.95,1,0
A008987,2026-02,One-year,76.09,6,0
A008988,2026-02,One-year,91.33,3,0
A008989,2026-02,One-year,69.63,1,0
A008990,2026-02,One-year,80.63,0,0
A008991,2026-02,Two-year,88.14,2,0
A008992,2026-02,Two-year,88.81,1,0
A008993,2026-02,Two-year,73.08,0,0
A008994,2026-02,Two-year,93.71,0,0
A008995,2026-02,Two-year,97.5,0,0
A008996,2026-02,Two-year,81.64,1,0
A008997,2026-02,Two-year,88.89,2,0
A008998,2026-02,Two-year,83.42,0,0
A008999,2026-02,Two-year,84.79,2,0
A009000,2026-02,Two-year,81.02,3,0
A009001,2026-02,Two-year,84.27,2,0
A009002,2026-02,Two-year,84.4,2,0
A009003,2026-02,Two-year,84.73,0,0
A009004,2026-02,Two-year,83.36,0,0
A009005,2026-02,Two-year,82.26,1,0
A009006,2026-02,Two-year,81.31,3,0
A009007,2026-02,Two-year,70.73,2,0
A009008,2026-02,Two-year,77.31,1,0
A009009,2026-02,Two-year,61.35,2,0
A009010,2026-02,Two-year,78.28,2,0
A009011,2026-02,Two-year,72.64,5,0
A009012,2026-02,Two-year,89.35,1,0
A009013,2026-02,Two-year,55.08,1,0
A009014,2026-02,Two-year,81.28,1,0
A009015,2026-02,Two-year,69.24,1,0
A009016,2026-02,Two-year,59.38,1,0
A009017,2026-02,Two-year,80.59,0,0
A009018,2026-02,Two-year,60.55,0,0
A009019,2026-02,Two-year,83.22,1,0
A009020,2026-02,Two-year,69.55,1,0
A009021,2026-02,Two-year,93.42,0,0
A009022,2026-02,Two-year,82.26,0,0
A009023,2026-02,Two-year,63.74,4,0
A009024,2026-02,Two-year,55.7,0,0
A009025,2026-02,Two-year,91.96,0,0
A009026,2026-02,Two-year,90.06,0,0
A009027,2026-02,Two-year,79.28,2,0
A009028,2026-02,Two-year,74.28,3,0
A009029,2026-02,Two-year,104.47,2,0
A009030,2026-02,Two-year,75.7,0,0
A009031,2026-02,Two-year,66.33,1,0
A009032,2026-02,Two-year,89.31,3,0
A009033,2026-02,Two-year,83.08,0,0
A009034,2026-02,Two-year,75.87,4,0
A009035,2026-02,Two-year,84.7,0,0
A009036,2026-02,Two-year,83.5,2,0
A009037,2026-02,Two-year,69.46,3,0
A009038,2026-02,Two-year,61.85,1,0
A009039,2026-02,Two-year,90.95,2,0
A009040,2026-02,Two-year,70.91,0,0
A009041,2026-02,Two-year,61.71,1,0
A009042,2026-02,Two-year,86.15,1,0
A009043,2026-02,Two-year,97.14,0,0
A009044,2026-02,Two-year,64.86,0,0
A009045,2026-02,Two-year,82.67,1,0
A009046,2026-02,Two-year,61.6,2,0
A009047,2026-02,Two-year,77.84,4,0
A009048,2026-02,Two-year,92.55,0,0
A009049,2026-02,Two-year,76.07,0,0
A009050,2026-02,Two-year,85.9,2,0
A009051,2026-02,Two-year,59.31,0,0
A009052,2026-02,Two-year,71.4,1,0
A009053,2026-02,Two-year,91.44,1,0
A009054,2026-02,Two-year,87.43,0,0
A009055,2026-02,Two-year,109.54,1,0
A009056,2026-02,Two-year,79.96,1,0
A009057,2026-02,Two-year,83.31,5,0
A009058,2026-02,Two-year,87.28,0,0
A009059,2026-02,Two-year,110.4,0,0
A009060,2026-02,Two-year,64.35,3,0
A009061,2026-02,Two-year,84.23,3,0
A009062,2026-02,Two-year,78.59,1,0
A009063,2026-02,Two-year,53.04,1,0
A009064,2026-02,Two-year,93.64,3,0
A009065,2026-02,Two-year,75.71,0,0
A009066,2026-02,Two-year,67.43,2,0
A009067,2026-02,Two-year,85.26,2,0
A009068,2026-02,Two-year,72.67,1,0
A009069,2026-02,Two-year,85.64,3,0
A009070,2026-02,Two-year,79.83,3,0
A009071,2026-02,Two-year,73.14,2,0
A009072,2026-02,Two-year,78.06,1,0
A009073,2026-02,Two-year,87.14,2,0
A009074,2026-02,Two-year,71.19,2,0
A009075,2026-02,Two-year,98.56,0,0
A009076,2026-02,Two-year,81.06,0,0
A009077,2026-02,Two-year,85.9,2,0
A009078,2026-02,Two-year,94.21,2,0
A009079,2026-02,Two-year,92.82,1,0
A009080,2026-02,Two-year,89.04,0,0
A009081,2026-02,Two-year,82.99,2,0
A009082,2026-02,Two-year,72.75,3,1
A009083,2026-02,Two-year,88.97,0,0
A009084,2026-02,Two-year,74.1,2,0
A009085,2026-02,Two-year,71.69,2,0
A009086,2026-02,Two-year,78.93,1,0
A009087,2026-02,Two-year,80.58,2,0
A009088,2026-02,Two-year,82.29,1,0
A009089,2026-02,Two-year,83.2,0,0
A009090,2026-02,Two-year,78.27,1,0
A009091,2026-02,Two-year,68.5,0,0
A009092,2026-02,Two-year,88.6,1,0
A009093,2026-02,Two-year,106.73,0,0
A009094,2026-02,Two-year,70.72,2,0
A009095,2026-02,Two-year,49.95,0,0
A009096,2026-02,Two-year,73.59,2,0
A009097,2026-02,Two-year,77.14,0,0
A009098,2026-02,Two-year,56.0,1,0
A009099,2026-02,Two-year,72.53,0,0
A009100,2026-02,Two-year,77.28,3,0
A009101,2026-02,Two-year,90.56,2,0
A009102,2026-02,Two-year,85.17,3,0
A009103,2026-02,Two-year,57.6,2,0
A009104,2026-02,Two-year,74.17,2,0
A009105,2026-02,Two-year,83.8,0,0
A009106,2026-02,Two-year,87.6,3,0
A009107,2026-02,Two-year,83.72,0,0
A009108,2026-02,Two-year,66.6,2,0
A009109,2026-02,Two-year,78.85,4,0
A009110,2026-02,Two-year,66.31,0,0
A009111,2026-02,Two-year,113.67,1,0
A009112,2026-02,Two-year,62.38,2,0
A009113,2026-02,Two-year,55.28,3,0
A009114,2026-02,Two-year,103.89,0,0
A009115,2026-02,Two-year,84.97,2,0
A009116,2026-02,Two-year,89.23,1,0
A009117,2026-02,Two-year,93.31,0,0
A009118,2026-02,Two-year,79.06,0,0
A009119,2026-02,Two-year,92.43,0,0
A009120,2026-02,Two-year,99.12,0,0
A009121,2026-02,Two-year,61.13,0,0
A009122,2026-02,Two-year,70.36,0,0
A009123,2026-02,Two-year,83.59,0,0
A009124,2026-02,Two-year,109.43,2,0
A009125,2026-02,Two-year,81.22,1,0
A009126,2026-02,Two-year,84.87,1,0
A009127,2026-02,Two-year,68.69,0,0
A009128,2026-02,Two-year,109.98,2,0
A009129,2026-02,Two-year,89.01,1,0
A009130,2026-02,Two-year,93.62,2,0
A009131,2026-02,Two-year,69.54,0,0
A009132,2026-02,Two-year,76.39,2,0
A009133,2026-02,Two-year,72.31,0,0
A009134,2026-02,Two-year,71.11,0,0
A009135,2026-02,Two-year,89.84,2,0
A009136,2026-02,Two-year,44.72,0,0
A009137,2026-02,Two-year,83.43,3,0
A009138,2026-02,Two-year,97.9,0,0
A009139,2026-02,Two-year,63.58,1,0
A009140,2026-02,Two-year,89.83,0,0
A009141,2026-02,Two-year,75.27,1,0
A009142,2026-02,Two-year,78.08,2,0
A009143,2026-02,Two-year,101.27,2,0
A009144,2026-02,Two-year,60.4,0,0
A009145,2026-02,Two-year,81.84,1,0
A009146,2026-02,Two-year,84.59,0,0
A009147,2026-02,Two-year,58.54,2,0
A009148,2026-02,Two-year,86.17,0,0
A009149,2026-02,Two-year,57.99,2,0
A009150,2026-02,Two-year,62.83,0,0
A009151,2026-02,Two-year,101.21,0,1
A009152,2026-02,Two-year,91.66,2,0
A009153,2026-02,Two-year,84.62,3,0
A009154,2026-02,Two-year,73.28,0,0
A009155,2026-02,Two-year,69.53,1,0
A009156,2026-02,Two-year,74.75,2,0
A009157,2026-02,Two-year,65.01,1,0
A009158,2026-02,Two-year,70.76,2,0
A009159,2026-02,Two-year,96.07,2,0
A009160,2026-02,Two-year,71.39,0,0
A009161,2026-02,Two-year,64.87,2,0
A009162,2026-02,Two-year,77.67,3,0
A009163,2026-02,Two-year,90.26,3,0
A009164,2026-02,Two-year,92.37,0,0
A009165,2026-02,Two-year,88.72,4,0
A009166,2026-02,Two-year,80.38,1,0
A009167,2026-02,Two-year,78.86,2,0
A009168,2026-02,Two-year,63.07,0,0
A009169,2026-02,Two-year,88.04,0,0
A009170,2026-02,Two-year,100.69,1,0
A009171,2026-02,Two-year,99.12,1,0
A009172,2026-02,Two-year,93.62,1,0
A009173,2026-02,Two-year,77.22,2,0
A009174,2026-02,Two-year,96.77,2,0
A009175,2026-02,Two-year,75.59,1,0
A009176,2026-02,Two-year,95.42,0,0
A009177,2026-02,Two-year,74.93,0,0
A009178,2026-02,Two-year,74.95,0,0
A009179,2026-02,Two-year,77.33,2,0
A009180,2026-02,Two-year,69.06,0,1
A009181,2026-02,Two-year,91.1,2,0
A009182,2026-02,Two-year,98.78,2,0
A009183,2026-02,Two-year,76.28,4,0
A009184,2026-02,Two-year,89.25,2,0
A009185,2026-02,Two-year,71.46,2,0
A009186,2026-02,Two-year,83.95,2,0
A009187,2026-02,Two-year,79.24,0,0
A009188,2026-02,Two-year,88.34,1,0
A009189,2026-02,Two-year,108.51,1,0
A009190,2026-02,Two-year,110.76,0,0
A009191,2026-02,Two-year,94.39,0,0
A009192,2026-02,Two-year,66.08,1,0
A009193,2026-02,Two-year,88.71,0,0
A009194,2026-02,Two-year,87.31,0,0
A009195,2026-02,Two-year,65.03,2,0
A009196,2026-02,Two-year,61.01,1,0
A009197,2026-02,Two-year,84.96,0,0
A009198,2026-02,Two-year,80.08,1,0
A009199,2026-02,Two-year,75.77,2,1
A009200,2026-02,Two-year,70.93,0,0
A009201,2026-02,Two-year,84.26,1,0
A009202,2026-02,Two-year,100.88,0,0
A009203,2026-02,Two-year,48.83,0,0
A009204,2026-02,Two-year,57.57,3,0
A009205,2026-02,Two-year,88.64,0,0
A009206,2026-02,Two-year,66.71,0,0
A009207,2026-02,Two-year,65.68,0,0
A009208,2026-02,Two-year,90.68,1,0
A009209,2026-02,Two-year,71.11,1,0
A009210,2026-02,Two-year,76.22,0,0
A009211,2026-02,Two-year,108.29,1,0
A009212,2026-02,Two-year,95.63,1,0
A009213,2026-02,Two-year,82.5,0,0
A009214,2026-02,Two-year,65.8,2,0
A009215,2026-02,Two-year,73.02,0,0
A009216,2026-02,Two-year,72.62,1,0
A009217,2026-02,Two-year,74.87,3,1
A009218,2026-02,Two-year,81.43,1,0
A009219,2026-02,Two-year,96.44,1,0
A009220,2026-02,Two-year,79.18,0,0
A009221,2026-02,Two-year,83.35,2,0
A009222,2026-02,Two-year,102.25,5,0
A009223,2026-02,Two-year,63.83,0,0
A009224,2026-02,Two-year,100.39,1,0
A009225,2026-02,Two-year,85.61,0,0
A009226,2026-02,Two-year,72.38,0,0
A009227,2026-02,Two-year,83.59,3,0
A009228,2026-02,Two-year,94.58,2,0
A009229,2026-02,Two-year,64.97,0,0
A009230,2026-02,Two-year,90.81,1,0
A009231,2026-02,Two-year,96.85,0,0
A009232,2026-02,Two-year,102.08,3,0
A009233,2026-02,Two-year,90.76,3,0
A009234,2026-02,Two-year,72.56,0,0
A009235,2026-02,Two-year,71.64,0,0
A009236,2026-02,Two-year,67.1,0,0
A009237,2026-02,Two-year,95.81,2,0
A009238,2026-02,Two-year,68.02,3,0
A009239,2026-02,Two-year,72.9,0,0
A009240,2026-02,Two-year,100.56,1,0
A009241,2026-02,Two-year,80.19,0,0
A009242,2026-02,Two-year,83.41,4,0
A009243,2026-02,Two-year,89.5,2,0
A009244,2026-02,Two-year,73.51,3,0
A009245,2026-02,Two-year,92.8,1,0
A009246,2026-02,Two-year,83.7,1,0
A009247,2026-02,Two-year,83.38,1,0
A009248,2026-02,Two-year,75.93,1,0
A009249,2026-02,Two-year,84.21,0,0
A009250,2026-02,Two-year,94.77,0,0
A009251,2026-02,Two-year,97.47,1,0
A009252,2026-02,Two-year,90.2,2,0
A009253,2026-02,Two-year,86.58,1,0
A009254,2026-02,Two-year,66.88,0,0
A009255,2026-02,Two-year,69.84,0,0
A009256,2026-02,Two-year,75.67,2,0
A009257,2026-02,Two-year,63.74,0,0
A009258,2026-02,Two-year,91.65,3,0
A009259,2026-02,Two-year,104.51,1,0
A009260,2026-02,Two-year,83.54,3,0
A009261,2026-02,Two-year,89.55,0,0
A009262,2026-02,Two-year,72.74,1,0
A009263,2026-02,Two-year,77.25,0,0
A009264,2026-02,Two-year,80.08,4,0
A009265,2026-02,Two-year,73.13,0,0
A009266,2026-02,Two-year,87.94,2,0
A009267,2026-02,Two-year,76.3,0,0
A009268,2026-02,Two-year,76.25,0,0
A009269,2026-02,Two-year,94.9,0,0
A009270,2026-02,Two-year,86.82,0,0
A009271,2026-02,Two-year,67.62,2,0
A009272,2026-02,Two-year,74.27,0,0
A009273,2026-02,Two-year,69.37,0,0
A009274,2026-02,Two-year,89.95,2,0
A009275,2026-02,Two-year,89.99,1,0
A009276,2026-02,Two-year,90.25,2,0
A009277,2026-02,Two-year,80.48,1,0
A009278,2026-02,Two-year,81.43,1,0
A009279,2026-02,Two-year,97.92,5,0
A009280,2026-02,Two-year,93.77,1,0
A009281,2026-02,Two-year,98.67,3,0
A009282,2026-02,Two-year,77.61,0,0
A009283,2026-02,Two-year,87.32,4,0
A009284,2026-02,Two-year,100.41,0,0
A009285,2026-02,Two-year,109.08,1,0
A009286,2026-02,Two-year,95.87,1,0
A009287,2026-02,Two-year,70.37,0,0
A009288,2026-02,Two-year,80.94,0,0
A009289,2026-02,Two-year,73.76,4,0
A009290,2026-02,Two-year,79.29,3,0
A009291,2026-02,Two-year,91.01,1,0
A009292,2026-02,Two-year,72.99,2,0
A009293,2026-02,Two-year,80.2,0,0
A009294,2026-02,Two-year,78.19,0,0
A009295,2026-02,Two-year,79.0,2,0
A009296,2026-02,Two-year,77.59,0,0
A009297,2026-02,Two-year,65.48,0,0
A009298,2026-02,Two-year,77.56,1,0
A009299,2026-02,Two-year,80.3,0,0
A009300,2026-02,Two-year,89.64,3,0
A009301,2026-02,Two-year,63.88,2,0
A009302,2026-02,Two-year,89.98,1,0
A009303,2026-02,Two-year,64.0,1,0
A009304,2026-02,Two-year,77.22,2,0
A009305,2026-02,Two-year,64.73,1,0
A009306,2026-02,Two-year,69.33,0,0
A009307,2026-02,Two-year,81.5,0,0
A009308,2026-02,Two-year,56.44,1,0
A009309,2026-02,Two-year,67.03,2,0
A009310,2026-02,Two-year,97.67,2,0
A009311,2026-02,Two-year,95.11,2,0
A009312,2026-02,Two-year,62.01,1,0
A009313,2026-02,Two-year,65.16,2,0
A009314,2026-02,Two-year,84.17,2,0
A009315,2026-02,Two-year,61.4,0,0
A009316,2026-02,Two-year,64.07,0,0
A009317,2026-02,Two-year,82.3,0,0
A009318,2026-02,Two-year,57.58,3,0
A009319,2026-02,Two-year,59.56,1,0
A009320,2026-02,Two-year,94.64,1,0
A009321,2026-02,Two-year,82.57,2,0
A009322,2026-02,Two-year,74.05,1,0
A009323,2026-02,Two-year,97.79,0,0
A009324,2026-02,Two-year,70.78,2,0
A009325,2026-02,Two-year,88.76,3,0
A009326,2026-02,Two-year,99.39,0,0
A009327,2026-02,Two-year,77.33,3,0
A009328,2026-02,Two-year,72.29,2,0
A009329,2026-02,Two-year,63.12,2,0
A009330,2026-02,Two-year,66.93,0,0
A009331,2026-02,Two-year,86.61,0,0
A009332,2026-02,Two-year,59.85,2,0
A009333,2026-02,Two-year,79.2,2,0
A009334,2026-02,Two-year,86.97,1,0
A009335,2026-02,Two-year,61.77,1,0
A009336,2026-02,Two-year,87.28,2,0
A009337,2026-02,Two-year,84.79,2,0
A009338,2026-02,Two-year,78.32,3,0
A009339,2026-02,Two-year,70.87,0,0
A009340,2026-02,Two-year,68.48,1,0
A009341,2026-02,Two-year,96.98,5,0
A009342,2026-02,Two-year,72.32,2,0
A009343,2026-02,Two-year,83.9,3,0
A009344,2026-02,Two-year,77.05,1,0
A009345,2026-02,Two-year,59.96,2,0
A009346,2026-02,Two-year,74.56,1,0
A009347,2026-02,Two-year,93.97,0,0
A009348,2026-02,Two-year,69.3,2,0
A009349,2026-02,Two-year,73.29,0,0
A009350,2026-02,Two-year,72.81,1,0
A009351,2026-02,Two-year,72.63,0,0
A009352,2026-02,Two-year,83.9,2,0
A009353,2026-02,Two-year,71.02,2,0
A009354,2026-02,Two-year,74.54,6,0
A009355,2026-02,Two-year,79.97,3,0
A009356,2026-02,Two-year,81.04,2,0
A009357,2026-02,Two-year,81.25,0,0
A009358,2026-02,Two-year,99.91,2,0
A009359,2026-02,Two-year,91.05,3,0
A009360,2026-02,Two-year,91.86,0,0
A009361,2026-02,Two-year,84.2,0,0
A009362,2026-02,Two-year,71.87,0,0
A009363,2026-02,Two-year,78.28,2,0
A009364,2026-02,Two-year,62.75,1,0
A009365,2026-02,Two-year,84.04,1,0
A009366,2026-02,Two-year,73.83,0,0
A009367,2026-02,Two-year,80.44,1,0
A009368,2026-02,Two-year,93.13,1,0
A009369,2026-02,Two-year,89.27,0,0
A009370,2026-02,Two-year,94.45,1,0
A009371,2026-02,Two-year,61.04,3,0
A009372,2026-02,Two-year,79.72,0,0
A009373,2026-02,Two-year,70.89,2,0
A009374,2026-02,Two-year,104.37,1,0
A009375,2026-02,Two-year,95.58,1,0
A009376,2026-02,Two-year,85.29,2,0
A009377,2026-02,Two-year,75.46,2,0
A009378,2026-02,Two-year,77.75,0,0
A009379,2026-02,Two-year,93.48,1,0
A009380,2026-02,Two-year,69.81,0,0
A009381,2026-03,Month-to-month,52.02,4,0
A009382,2026-03,Month-to-month,62.41,2,0
A009383,2026-03,Month-to-month,59.67,4,0
A009384,2026-03,Month-to-month,80.45,4,0
A009385,2026-03,Month-to-month,54.42,0,0
A009386,2026-03,Month-to-month,82.7,2,0
A009387,2026-03,Month-to-month,77.85,5,0
A009388,2026-03,Month-to-month,54.06,2,0
A009389,2026-03,Month-to-month,74.58,2,0
A009390,2026-03,Month-to-month,72.37,1,0
A009391,2026-03,Month-to-month,51.44,5,0
A009392,2026-03,Month-to-month,74.61,2,1
A009393,2026-03,Month-to-month,92.1,4,0
A009394,2026-03,Month-to-month,72.35,4,0
A009395,2026-03,Month-to-month,55.0,0,0
A009396,2026-03,Month-to-month,53.71,4,0
A009397,2026-03,Month-to-month,50.23,1,0
A009398,2026-03,Month-to-month,63.23,1,0
A009399,2026-03,Month-to-month,68.35,2,0
A009400,2026-03,Month-to-month,66.79,2,0
A009401,2026-03,Month-to-month,69.52,5,0
A009402,2026-03,Month-to-month,56.7,2,0
A009403,2026-03,Month-to-month,51.17,3,0
A009404,2026-03,Month-to-month,79.73,2,0
A009405,2026-03,Month-to-month,35.75,1,0
A009406,2026-03,Month-to-month,53.25,1,0
A009407,2026-03,Month-to-month,75.7,3,0
A009408,2026-03,Month-to-month,86.48,3,0
A009409,2026-03,Month-to-month,47.65,1,0
A009410,2026-03,Month-to-month,49.71,5,0
A009411,2026-03,Month-to-month,48.6,3,0
A009412,2026-03,Month-to-month,77.51,2,0
A009413,2026-03,Month-to-month,87.53,3,0
A009414,2026-03,Month-to-month,35.76,5,0
A009415,2026-03,Month-to-month,71.34,1,0
A009416,2026-03,Month-to-month,75.31,3,0
A009417,2026-03,Month-to-month,59.64,0,0
A009418,2026-03,Month-to-month,62.47,4,0
A009419,2026-03,Month-to-month,80.16,2,0
A009420,2026-03,Month-to-month,67.84,1,0
A009421,2026-03,Month-to-month,60.72,3,0
A009422,2026-03,Month-to-month,49.5,1,0
A009423,2026-03,Month-to-month,83.16,3,0
A009424,2026-03,Month-to-month,72.02,3,0
A009425,2026-03,Month-to-month,56.68,1,0
A009426,2026-03,Month-to-month,59.89,2,0
A009427,2026-03,Month-to-month,42.07,4,0
A009428,2026-03,Month-to-month,70.36,3,1
A009429,2026-03,Month-to-month,75.38,1,0
A009430,2026-03,Month-to-month,70.72,3,0
A009431,2026-03,Month-to-month,87.15,1,0
A009432,2026-03,Month-to-month,71.9,2,0
A009433,2026-03,Month-to-month,65.68,1,0
A009434,2026-03,Month-to-month,85.42,4,0
A009435,2026-03,Month-to-month,79.99,4,1
A009436,2026-03,Month-to-month,65.46,1,0
A009437,2026-03,Month-to-month,59.96,2,1
A009438,2026-03,Month-to-month,50.32,0,0
A009439,2026-03,Month-to-month,66.85,3,0
A009440,2026-03,Month-to-month,63.33,3,0
A009441,2026-03,Month-to-month,60.8,2,1
A009442,2026-03,Month-to-month,78.99,1,0
A009443,2026-03,Month-to-month,99.29,2,0
A009444,2026-03,Month-to-month,62.8,4,0
A009445,2026-03,Month-to-month,58.55,2,0
A009446,2026-03,Month-to-month,89.44,2,0
A009447,2026-03,Month-to-month,58.26,4,0
A009448,2026-03,Month-to-month,86.65,5,0
A009449,2026-03,Month-to-month,73.4,0,0
A009450,2026-03,Month-to-month,75.08,5,0
A009451,2026-03,Month-to-month,66.18,0,0
A009452,2026-03,Month-to-month,64.08,3,0
A009453,2026-03,Month-to-month,61.92,2,0
A009454,2026-03,Month-to-month,45.03,3,1
A009455,2026-03,Month-to-month,86.0,5,0
A009456,2026-03,Month-to-month,49.09,4,1
A009457,2026-03,Month-to-month,93.96,2,0
A009458,2026-03,Month-to-month,72.01,1,0
A009459,2026-03,Month-to-month,76.5,2,0
A009460,2026-03,Month-to-month,89.78,2,0
A009461,2026-03,Month-to-month,80.66,1,0
A009462,2026-03,Month-to-month,71.05,3,0
A009463,2026-03,Month-to-month,73.1,3,0
A009464,2026-03,Month-to-month,89.94,3,0
A009465,2026-03,Month-to-month,76.19,0,0
A009466,2026-03,Month-to-month,66.34,4,0
A009467,2026-03,Month-to-month,57.39,1,0
A009468,2026-03,Month-to-month,68.13,1,0
A009469,2026-03,Month-to-month,66.72,3,0
A009470,2026-03,Month-to-month,64.34,2,0
A009471,2026-03,Month-to-month,58.7,2,0
A009472,2026-03,Month-to-month,96.43,3,1
A009473,2026-03,Month-to-month,58.83,0,0
A009474,2026-03,Month-to-month,74.57,3,0
A009475,2026-03,Month-to-month,69.39,1,0
A009476,2026-03,Month-to-month,63.27,0,0
A009477,2026-03,Month-to-month,83.69,2,0
A009478,2026-03,Month-to-month,58.72,5,0
A009479,2026-03,Month-to-month,79.49,3,1
A009480,2026-03,Month-to-month,69.36,0,0
A009481,2026-03,Month-to-month,77.65,0,0
A009482,2026-03,Month-to-month,68.2,0,0
A009483,2026-03,Month-to-month,60.32,1,0
A009484,2026-03,Month-to-month,76.48,2,0
A009485,2026-03,Month-to-month,58.44,3,0
A009486,2026-03,Month-to-month,88.1,3,0
A009487,2026-03,Month-to-month,64.34,1,0
A009488,2026-03,Month-to-month,78.85,2,0
A009489,2026-03,Month-to-month,86.17,3,0
A009490,2026-03,Month-to-month,81.51,4,0
A009491,2026-03,Month-to-month,67.91,2,0
A009492,2026-03,Month-to-month,72.16,3,0
A009493,2026-03,Month-to-month,81.97,3,0
A009494,2026-03,Month-to-month,85.75,5,0
A009495,2026-03,Month-to-month,65.81,3,0
A009496,2026-03,Month-to-month,54.39,2,0
A009497,2026-03,Month-to-month,65.88,1,0
A009498,2026-03,Month-to-month,76.04,3,0
A009499,2026-03,Month-to-month,84.32,3,0
A009500,2026-03,Month-to-month,43.6,2,0
A009501,2026-03,Month-to-month,73.89,0,0
A009502,2026-03,Month-to-month,84.63,2,0
A009503,2026-03,Month-to-month,65.55,2,0
A009504,2026-03,Month-to-month,88.77,2,0
A009505,2026-03,Month-to-month,61.99,2,0
A009506,2026-03,Month-to-month,75.9,4,0
A009507,2026-03,Month-to-month,65.88,2,0
A009508,2026-03,Month-to-month,71.91,2,0
A009509,2026-03,Month-to-month,53.92,3,0
A009510,2026-03,Month-to-month,88.11,5,1
A009511,2026-03,Month-to-month,60.8,3,0
A009512,2026-03,Month-to-month,88.19,2,0
A009513,2026-03,Month-to-month,63.77,7,1
A009514,2026-03,Month-to-month,66.73,3,0
A009515,2026-03,Month-to-month,58.37,1,0
A009516,2026-03,Month-to-month,83.27,1,0
A009517,2026-03,Month-to-month,53.68,0,0
A009518,2026-03,Month-to-month,72.58,1,0
A009519,2026-03,Month-to-month,66.65,2,0
A009520,2026-03,Month-to-month,63.3,4,0
A009521,2026-03,Month-to-month,87.71,1,1
A009522,2026-03,Month-to-month,67.9,1,0
A009523,2026-03,Month-to-month,45.97,4,0
A009524,2026-03,Month-to-month,54.06,5,0
A009525,2026-03,Month-to-month,51.21,3,0
A009526,2026-03,Month-to-month,70.37,0,0
A009527,2026-03,Month-to-month,59.22,0,0
A009528,2026-03,Month-to-month,48.86,3,0
A009529,2026-03,Month-to-month,71.37,1,0
A009530,2026-03,Month-to-month,36.66,3,0
A009531,2026-03,Month-to-month,67.91,4,0
A009532,2026-03,Month-to-month,69.23,4,0
A009533,2026-03,Month-to-month,53.72,4,0
A009534,2026-03,Month-to-month,65.96,4,0
A009535,2026-03,Month-to-month,55.93,0,0
A009536,2026-03,Month-to-month,76.06,2,0
A009537,2026-03,Month-to-month,71.53,0,0
A009538,2026-03,Month-to-month,68.74,3,1
A009539,2026-03,Month-to-month,73.16,1,0
A009540,2026-03,Month-to-month,55.15,2,1
A009541,2026-03,Month-to-month,44.07,3,0
A009542,2026-03,Month-to-month,75.11,2,0
A009543,2026-03,Month-to-month,71.71,1,1
A009544,2026-03,Month-to-month,71.99,2,0
A009545,2026-03,Month-to-month,89.45,5,0
A009546,2026-03,Month-to-month,85.63,0,0
A009547,2026-03,Month-to-month,53.79,1,0
A009548,2026-03,Month-to-month,65.58,2,0
A009549,2026-03,Month-to-month,94.75,4,0
A009550,2026-03,Month-to-month,82.85,2,0
A009551,2026-03,Month-to-month,48.43,1,0
A009552,2026-03,Month-to-month,48.31,1,0
A009553,2026-03,Month-to-month,68.38,3,0
A009554,2026-03,Month-to-month,47.83,3,0
A009555,2026-03,Month-to-month,99.4,2,0
A009556,2026-03,Month-to-month,64.01,2,0
A009557,2026-03,Month-to-month,52.29,2,0
A009558,2026-03,Month-to-month,85.38,2,0
A009559,2026-03,Month-to-month,65.93,3,0
A009560,2026-03,Month-to-month,30.2,4,0
A009561,2026-03,Month-to-month,78.8,4,0
A009562,2026-03,Month-to-month,82.3,3,0
A009563,2026-03,Month-to-month,56.5,1,0
A009564,2026-03,Month-to-month,61.58,2,0
A009565,2026-03,Month-to-month,93.13,2,0
A009566,2026-03,Month-to-month,81.79,3,0
A009567,2026-03,Month-to-month,60.84,5,0
A009568,2026-03,Month-to-month,89.34,2,0
A009569,2026-03,Month-to-month,71.57,4,0
A009570,2026-03,Month-to-month,81.49,0,0
A009571,2026-03,Month-to-month,68.1,1,0
A009572,2026-03,Month-to-month,55.31,3,0
A009573,2026-03,Month-to-month,61.17,3,0
A009574,2026-03,Month-to-month,65.35,3,0
A009575,2026-03,Month-to-month,89.0,0,0
A009576,2026-03,Month-to-month,60.46,3,0
A009577,2026-03,Month-to-month,94.76,2,0
A009578,2026-03,Month-to-month,27.5,4,0
A009579,2026-03,Month-to-month,66.26,2,0
A009580,2026-03,Month-to-month,83.35,1,1
A009581,2026-03,Month-to-month,84.86,0,1
A009582,2026-03,Month-to-month,59.64,3,0
A009583,2026-03,Month-to-month,53.63,4,0
A009584,2026-03,Month-to-month,53.22,3,1
A009585,2026-03,Month-to-month,54.81,1,0
A009586,2026-03,Month-to-month,82.75,0,0
A009587,2026-03,Month-to-month,65.59,2,0
A009588,2026-03,Month-to-month,79.92,2,0
A009589,2026-03,Month-to-month,90.79,0,0
A009590,2026-03,Month-to-month,93.14,2,0
A009591,2026-03,Month-to-month,72.69,2,0
A009592,2026-03,Month-to-month,60.05,4,0
A009593,2026-03,Month-to-month,75.84,0,0
A009594,2026-03,Month-to-month,60.52,0,0
A009595,2026-03,Month-to-month,72.0,3,0
A009596,2026-03,Month-to-month,57.99,3,0
A009597,2026-03,Month-to-month,78.54,2,0
A009598,2026-03,Month-to-month,85.49,4,0
A009599,2026-03,Month-to-month,90.14,1,0
A009600,2026-03,Month-to-month,65.28,3,0
A009601,2026-03,Month-to-month,75.92,1,0
A009602,2026-03,Month-to-month,74.54,0,0
A009603,2026-03,Month-to-month,51.9,4,0
A009604,2026-03,Month-to-month,87.36,3,0
A009605,2026-03,Month-to-month,85.73,0,0
A009606,2026-03,Month-to-month,45.18,5,0
A009607,2026-03,Month-to-month,47.71,1,0
A009608,2026-03,Month-to-month,46.35,4,0
A009609,2026-03,Month-to-month,69.69,3,0
A009610,2026-03,Month-to-month,63.92,4,0
A009611,2026-03,Month-to-month,73.01,5,0
A009612,2026-03,Month-to-month,56.33,3,0
A009613,2026-03,Month-to-month,68.76,5,0
A009614,2026-03,Month-to-month,57.72,1,0
A009615,2026-03,Month-to-month,62.12,2,0
A009616,2026-03,Month-to-month,74.31,4,0
A009617,2026-03,Month-to-month,74.01,4,0
A009618,2026-03,Month-to-month,62.75,2,0
A009619,2026-03,Month-to-month,55.68,1,0
A009620,2026-03,Month-to-month,48.86,3,1
A009621,2026-03,Month-to-month,60.28,1,0
A009622,2026-03,Month-to-month,79.84,0,1
A009623,2026-03,Month-to-month,74.4,5,0
A009624,2026-03,Month-to-month,54.52,2,0
A009625,2026-03,Month-to-month,71.06,3,0
A009626,2026-03,Month-to-month,90.17,3,0
A009627,2026-03,Month-to-month,86.46,2,0
A009628,2026-03,Month-to-month,74.11,3,0
A009629,2026-03,Month-to-month,68.83,4,0
A009630,2026-03,Month-to-month,56.88,3,0
A009631,2026-03,Month-to-month,83.42,2,0
A009632,2026-03,Month-to-month,86.02,4,0
A009633,2026-03,Month-to-month,85.07,2,0
A009634,2026-03,Month-to-month,57.42,2,0
A009635,2026-03,Month-to-month,88.22,2,0
A009636,2026-03,Month-to-month,49.95,3,0
A009637,2026-03,Month-to-month,73.61,0,0
A009638,2026-03,Month-to-month,65.62,3,0
A009639,2026-03,Month-to-month,60.5,4,0
A009640,2026-03,Month-to-month,69.31,2,0
A009641,2026-03,Month-to-month,85.1,4,0
A009642,2026-03,Month-to-month,63.33,1,0
A009643,2026-03,Month-to-month,97.86,1,0
A009644,2026-03,Month-to-month,69.94,2,0
A009645,2026-03,Month-to-month,75.51,3,0
A009646,2026-03,Month-to-month,74.29,4,0
A009647,2026-03,Month-to-month,59.34,1,1
A009648,2026-03,Month-to-month,78.19,4,0
A009649,2026-03,Month-to-month,92.21,2,0
A009650,2026-03,Month-to-month,58.96,1,0
A009651,2026-03,Month-to-month,68.18,2,0
A009652,2026-03,Month-to-month,76.88,4,0
A009653,2026-03,Month-to-month,86.23,2,0
A009654,2026-03,Month-to-month,83.79,3,0
A009655,2026-03,Month-to-month,71.82,0,0
A009656,2026-03,Month-to-month,57.47,4,0
A009657,2026-03,Month-to-month,68.5,3,0
A009658,2026-03,Month-to-month,81.37,3,0
A009659,2026-03,Month-to-month,57.0,4,0
A009660,2026-03,Month-to-month,73.53,1,0
A009661,2026-03,Month-to-month,80.59,1,0
A009662,2026-03,Month-to-month,86.66,4,0
A009663,2026-03,Month-to-month,40.34,3,0
A009664,2026-03,Month-to-month,56.57,3,0
A009665,2026-03,Month-to-month,65.98,2,0
A009666,2026-03,Month-to-month,54.67,4,0
A009667,2026-03,Month-to-month,96.92,2,0
A009668,2026-03,Month-to-month,78.87,2,0
A009669,2026-03,Month-to-month,49.9,4,0
A009670,2026-03,Month-to-month,38.39,3,0
A009671,2026-03,Month-to-month,69.2,0,0
A009672,2026-03,Month-to-month,61.89,2,0
A009673,2026-03,Month-to-month,64.79,3,0
A009674,2026-03,Month-to-month,55.25,3,0
A009675,2026-03,Month-to-month,102.59,1,0
A009676,2026-03,Month-to-month,89.64,3,1
A009677,2026-03,Month-to-month,65.11,2,0
A009678,2026-03,Month-to-month,77.42,2,0
A009679,2026-03,Month-to-month,60.41,4,0
A009680,2026-03,Month-to-month,75.35,1,0
A009681,2026-03,Month-to-month,83.91,3,0
A009682,2026-03,Month-to-month,95.49,3,0
A009683,2026-03,Month-to-month,64.86,1,0
A009684,2026-03,Month-to-month,66.5,3,0
A009685,2026-03,Month-to-month,64.33,2,0
A009686,2026-03,Month-to-month,57.38,2,0
A009687,2026-03,Month-to-month,59.62,3,0
A009688,2026-03,Month-to-month,34.4,3,0
A009689,2026-03,Month-to-month,75.7,1,0
A009690,2026-03,Month-to-month,74.08,2,0
A009691,2026-03,Month-to-month,68.54,5,0
A009692,2026-03,Month-to-month,33.92,2,0
A009693,2026-03,Month-to-month,76.53,3,0
A009694,2026-03,Month-to-month,60.0,4,0
A009695,2026-03,Month-to-month,87.5,4,0
A009696,2026-03,Month-to-month,68.72,6,0
A009697,2026-03,Month-to-month,56.35,3,0
A009698,2026-03,Month-to-month,56.65,3,0
A009699,2026-03,Month-to-month,85.69,3,0
A009700,2026-03,Month-to-month,77.07,4,0
A009701,2026-03,Month-to-month,67.01,2,0
A009702,2026-03,Month-to-month,77.47,5,0
A009703,2026-03,Month-to-month,44.07,1,0
A009704,2026-03,Month-to-month,72.7,0,0
A009705,2026-03,Month-to-month,73.21,2,0
A009706,2026-03,Month-to-month,43.08,3,1
A009707,2026-03,Month-to-month,67.54,2,0
A009708,2026-03,Month-to-month,41.19,5,0
A009709,2026-03,Month-to-month,59.84,0,0
A009710,2026-03,Month-to-month,69.12,4,0
A009711,2026-03,Month-to-month,83.01,5,0
A009712,2026-03,Month-to-month,66.37,1,0
A009713,2026-03,Month-to-month,49.72,1,0
A009714,2026-03,Month-to-month,85.48,2,0
A009715,2026-03,Month-to-month,96.14,1,0
A009716,2026-03,Month-to-month,73.73,2,0
A009717,2026-03,Month-to-month,74.78,0,0
A009718,2026-03,Month-to-month,66.89,2,0
A009719,2026-03,Month-to-month,70.02,3,0
A009720,2026-03,Month-to-month,46.28,0,0
A009721,2026-03,Month-to-month,61.77,4,0
A009722,2026-03,Month-to-month,72.86,4,0
A009723,2026-03,Month-to-month,54.3,1,0
A009724,2026-03,Month-to-month,44.42,3,0
A009725,2026-03,Month-to-month,89.29,2,1
A009726,2026-03,Month-to-month,51.93,1,0
A009727,2026-03,Month-to-month,88.95,3,0
A009728,2026-03,Month-to-month,49.34,1,0
A009729,2026-03,Month-to-month,54.53,0,0
A009730,2026-03,Month-to-month,33.91,1,0
A009731,2026-03,Month-to-month,67.24,0,0
A009732,2026-03,Month-to-month,56.3,2,0
A009733,2026-03,Month-to-month,53.39,1,0
A009734,2026-03,Month-to-month,85.02,2,0
A009735,2026-03,Month-to-month,61.36,1,0
A009736,2026-03,Month-to-month,51.55,2,0
A009737,2026-03,Month-to-month,86.11,2,0
A009738,2026-03,Month-to-month,74.55,1,0
A009739,2026-03,Month-to-month,67.52,2,0
A009740,2026-03,Month-to-month,66.49,4,0
A009741,2026-03,Month-to-month,58.16,2,0
A009742,2026-03,Month-to-month,67.38,2,0
A009743,2026-03,Month-to-month,91.16,3,0
A009744,2026-03,Month-to-month,60.89,1,0
A009745,2026-03,Month-to-month,28.93,1,1
A009746,2026-03,Month-to-month,57.82,0,0
A009747,2026-03,Month-to-month,80.47,0,0
A009748,2026-03,Month-to-month,46.69,0,0
A009749,2026-03,Month-to-month,58.63,2,0
A009750,2026-03,Month-to-month,83.76,4,0
A009751,2026-03,Month-to-month,75.33,1,0
A009752,2026-03,Month-to-month,89.99,1,0
A009753,2026-03,Month-to-month,74.82,2,0
A009754,2026-03,Month-to-month,82.15,2,0
A009755,2026-03,Month-to-month,60.03,0,0
A009756,2026-03,Month-to-month,76.13,2,0
A009757,2026-03,Month-to-month,53.7,1,0
A009758,2026-03,Month-to-month,64.96,3,0
A009759,2026-03,Month-to-month,50.42,3,0
A009760,2026-03,Month-to-month,77.01,1,0
A009761,2026-03,Month-to-month,70.84,3,0
A009762,2026-03,Month-to-month,56.41,0,0
A009763,2026-03,Month-to-month,55.0,5,0
A009764,2026-03,Month-to-month,91.19,3,0
A009765,2026-03,Month-to-month,63.33,4,0
A009766,2026-03,Month-to-month,68.73,1,0
A009767,2026-03,Month-to-month,50.09,4,0
A009768,2026-03,Month-to-month,89.17,3,0
A009769,2026-03,Month-to-month,73.04,4,0
A009770,2026-03,Month-to-month,34.78,1,0
A009771,2026-03,Month-to-month,62.36,4,0
A009772,2026-03,Month-to-month,43.89,3,0
A009773,2026-03,Month-to-month,65.97,3,0
A009774,2026-03,Month-to-month,87.89,5,0
A009775,2026-03,Month-to-month,55.33,2,0
A009776,2026-03,Month-to-month,82.09,4,0
A009777,2026-03,Month-to-month,72.51,0,0
A009778,2026-03,Month-to-month,88.63,3,0
A009779,2026-03,Month-to-month,68.88,0,0
A009780,2026-03,Month-to-month,85.68,0,0
A009781,2026-03,Month-to-month,59.28,2,0
A009782,2026-03,Month-to-month,72.51,4,0
A009783,2026-03,Month-to-month,64.06,1,0
A009784,2026-03,Month-to-month,59.63,1,0
A009785,2026-03,Month-to-month,62.83,3,0
A009786,2026-03,Month-to-month,71.15,2,0
A009787,2026-03,Month-to-month,75.46,1,0
A009788,2026-03,Month-to-month,56.92,4,0
A009789,2026-03,Month-to-month,62.42,2,1
A009790,2026-03,Month-to-month,75.35,4,0
A009791,2026-03,Month-to-month,72.95,1,0
A009792,2026-03,Month-to-month,81.43,3,0
A009793,2026-03,Month-to-month,48.6,1,0
A009794,2026-03,Month-to-month,68.85,2,0
A009795,2026-03,Month-to-month,37.28,0,0
A009796,2026-03,Month-to-month,65.0,2,0
A009797,2026-03,Month-to-month,81.78,1,0
A009798,2026-03,Month-to-month,68.08,0,0
A009799,2026-03,Month-to-month,60.96,1,1
A009800,2026-03,Month-to-month,78.01,3,0
A009801,2026-03,Month-to-month,45.9,2,0
A009802,2026-03,Month-to-month,60.15,3,0
A009803,2026-03,Month-to-month,63.21,4,0
A009804,2026-03,Month-to-month,74.71,4,0
A009805,2026-03,Month-to-month,69.83,2,1
A009806,2026-03,Month-to-month,66.49,0,0
A009807,2026-03,Month-to-month,61.62,2,0
A009808,2026-03,Month-to-month,68.84,2,0
A009809,2026-03,Month-to-month,68.68,5,0
A009810,2026-03,Month-to-month,66.57,3,0
A009811,2026-03,Month-to-month,59.4,4,0
A009812,2026-03,Month-to-month,81.16,5,0
A009813,2026-03,Month-to-month,63.87,2,0
A009814,2026-03,Month-to-month,40.65,3,0
A009815,2026-03,Month-to-month,78.22,2,0
A009816,2026-03,Month-to-month,76.02,3,0
A009817,2026-03,Month-to-month,67.08,5,0
A009818,2026-03,Month-to-month,56.71,1,0
A009819,2026-03,Month-to-month,89.57,2,0
A009820,2026-03,Month-to-month,60.37,1,0
A009821,2026-03,Month-to-month,75.71,1,0
A009822,2026-03,Month-to-month,63.39,4,0
A009823,2026-03,Month-to-month,69.08,3,0
A009824,2026-03,Month-to-month,73.12,2,0
A009825,2026-03,Month-to-month,65.47,2,0
A009826,2026-03,Month-to-month,53.6,4,0
A009827,2026-03,Month-to-month,71.35,1,0
A009828,2026-03,Month-to-month,69.76,3,0
A009829,2026-03,Month-to-month,102.15,0,0
A009830,2026-03,Month-to-month,66.41,2,0
A009831,2026-03,Month-to-month,95.08,2,0
A009832,2026-03,Month-to-month,73.39,2,0
A009833,2026-03,Month-to-month,91.42,3,0
A009834,2026-03,Month-to-month,82.31,4,0
A009835,2026-03,Month-to-month,74.91,3,0
A009836,2026-03,Month-to-month,57.97,3,0
A009837,2026-03,Month-to-month,72.81,3,0
A009838,2026-03,Month-to-month,54.35,1,0
A009839,2026-03,Month-to-month,62.89,3,0
A009840,2026-03,Month-to-month,70.09,3,0
A009841,2026-03,Month-to-month,71.48,0,0
A009842,2026-03,Month-to-month,55.61,1,0
A009843,2026-03,Month-to-month,53.63,5,0
A009844,2026-03,Month-to-month,62.06,0,0
A009845,2026-03,Month-to-month,49.05,2,0
A009846,2026-03,Month-to-month,68.83,1,0
A009847,2026-03,Month-to-month,84.76,1,0
A009848,2026-03,Month-to-month,55.23,3,0
A009849,2026-03,Month-to-month,73.08,4,0
A009850,2026-03,Month-to-month,88.07,3,0
A009851,2026-03,Month-to-month,90.55,4,0
A009852,2026-03,Month-to-month,89.73,4,0
A009853,2026-03,Month-to-month,81.51,3,1
A009854,2026-03,Month-to-month,49.83,0,0
A009855,2026-03,Month-to-month,60.81,1,0
A009856,2026-03,Month-to-month,83.26,4,0
A009857,2026-03,Month-to-month,52.23,3,0
A009858,2026-03,Month-to-month,59.21,1,0
A009859,2026-03,Month-to-month,70.7,0,0
A009860,2026-03,Month-to-month,84.84,3,0
A009861,2026-03,Month-to-month,72.25,1,0
A009862,2026-03,Month-to-month,75.29,0,0
A009863,2026-03,Month-to-month,57.86,3,0
A009864,2026-03,Month-to-month,69.44,3,0
A009865,2026-03,Month-to-month,67.62,1,0
A009866,2026-03,Month-to-month,96.52,0,0
A009867,2026-03,Month-to-month,65.44,3,0
A009868,2026-03,Month-to-month,71.82,3,0
A009869,2026-03,Month-to-month,62.17,3,1
A009870,2026-03,Month-to-month,64.07,2,0
A009871,2026-03,Month-to-month,61.61,3,1
A009872,2026-03,Month-to-month,67.17,0,0
A009873,2026-03,Month-to-month,70.98,2,0
A009874,2026-03,Month-to-month,69.1,5,0
A009875,2026-03,Month-to-month,42.14,4,0
A009876,2026-03,Month-to-month,77.42,2,0
A009877,2026-03,Month-to-month,93.96,1,0
A009878,2026-03,Month-to-month,63.05,3,0
A009879,2026-03,Month-to-month,70.51,4,0
A009880,2026-03,Month-to-month,71.03,1,0
A009881,2026-03,Month-to-month,61.65,0,0
A009882,2026-03,Month-to-month,81.57,3,0
A009883,2026-03,Month-to-month,69.86,3,0
A009884,2026-03,Month-to-month,79.62,2,0
A009885,2026-03,Month-to-month,63.54,1,0
A009886,2026-03,Month-to-month,76.82,5,0
A009887,2026-03,Month-to-month,89.01,3,0
A009888,2026-03,Month-to-month,75.0,3,0
A009889,2026-03,Month-to-month,64.97,4,0
A009890,2026-03,Month-to-month,57.83,0,0
A009891,2026-03,Month-to-month,52.94,1,0
A009892,2026-03,Month-to-month,33.78,2,0
A009893,2026-03,Month-to-month,81.29,3,0
A009894,2026-03,Month-to-month,69.94,1,0
A009895,2026-03,Month-to-month,82.2,1,0
A009896,2026-03,Month-to-month,68.09,0,0
A009897,2026-03,Month-to-month,74.51,1,0
A009898,2026-03,Month-to-month,60.77,3,0
A009899,2026-03,Month-to-month,43.75,2,0
A009900,2026-03,Month-to-month,63.85,0,0
A009901,2026-03,One-year,60.36,2,0
A009902,2026-03,One-year,69.84,4,0
A009903,2026-03,One-year,69.04,3,0
A009904,2026-03,One-year,83.15,3,0
A009905,2026-03,One-year,81.14,2,0
A009906,2026-03,One-year,53.09,2,0
A009907,2026-03,One-year,82.11,3,0
A009908,2026-03,One-year,87.76,2,0
A009909,2026-03,One-year,90.48,2,0
A009910,2026-03,One-year,74.07,4,0
A009911,2026-03,One-year,64.61,3,0
A009912,2026-03,One-year,92.84,2,0
A009913,2026-03,One-year,76.41,4,0
A009914,2026-03,One-year,79.56,2,0
A009915,2026-03,One-year,70.47,1,0
A009916,2026-03,One-year,77.88,0,0
A009917,2026-03,One-year,72.94,4,0
A009918,2026-03,One-year,87.09,0,0
A009919,2026-03,One-year,60.75,0,0
A009920,2026-03,One-year,78.3,2,0
A009921,2026-03,One-year,58.15,2,0
A009922,2026-03,One-year,73.95,1,0
A009923,2026-03,One-year,64.15,2,0
A009924,2026-03,One-year,82.73,0,0
A009925,2026-03,One-year,68.13,2,0
A009926,2026-03,One-year,68.66,1,0
A009927,2026-03,One-year,68.65,1,0
A009928,2026-03,One-year,78.22,1,0
A009929,2026-03,One-year,84.54,1,1
A009930,2026-03,One-year,71.3,4,0
A009931,2026-03,One-year,87.8,0,0
A009932,2026-03,One-year,69.31,1,0
A009933,2026-03,One-year,85.21,2,0
A009934,2026-03,One-year,73.69,3,0
A009935,2026-03,One-year,64.25,0,0
A009936,2026-03,One-year,85.43,1,0
A009937,2026-03,One-year,74.75,0,0
A009938,2026-03,One-year,87.17,0,0
A009939,2026-03,One-year,77.42,5,0
A009940,2026-03,One-year,49.44,2,0
A009941,2026-03,One-year,57.5,0,0
A009942,2026-03,One-year,83.29,0,0
A009943,2026-03,One-year,80.18,2,0
A009944,2026-03,One-year,91.06,2,0
A009945,2026-03,One-year,65.55,0,0
A009946,2026-03,One-year,80.44,1,0
A009947,2026-03,One-year,89.1,1,0
A009948,2026-03,One-year,73.41,2,0
A009949,2026-03,One-year,70.84,0,0
A009950,2026-03,One-year,73.33,1,0
A009951,2026-03,One-year,85.24,0,0
A009952,2026-03,One-year,47.74,2,0
A009953,2026-03,One-year,78.67,1,0
A009954,2026-03,One-year,77.05,0,0
A009955,2026-03,One-year,76.97,0,0
A009956,2026-03,One-year,99.9,1,0
A009957,2026-03,One-year,78.14,2,0
A009958,2026-03,One-year,65.68,1,0
A009959,2026-03,One-year,81.09,4,0
A009960,2026-03,One-year,90.91,2,0
A009961,2026-03,One-year,64.59,3,0
A009962,2026-03,One-year,53.33,2,0
A009963,2026-03,One-year,91.98,3,0
A009964,2026-03,One-year,57.81,1,0
A009965,2026-03,One-year,77.28,0,0
A009966,2026-03,One-year,77.01,1,0
A009967,2026-03,One-year,78.6,1,0
A009968,2026-03,One-year,65.3,0,0
A009969,2026-03,One-year,70.31,1,0
A009970,2026-03,One-year,45.88,2,0
A009971,2026-03,One-year,61.1,2,0
A009972,2026-03,One-year,60.74,2,0
A009973,2026-03,One-year,64.68,2,0
A009974,2026-03,One-year,64.05,0,0
A009975,2026-03,One-year,71.46,5,0
A009976,2026-03,One-year,65.29,1,0
A009977,2026-03,One-year,83.62,4,0
A009978,2026-03,One-year,77.79,3,0
A009979,2026-03,One-year,73.09,1,0
A009980,2026-03,One-year,69.43,3,0
A009981,2026-03,One-year,84.35,1,0
A009982,2026-03,One-year,67.9,0,0
A009983,2026-03,One-year,59.84,2,0
A009984,2026-03,One-year,75.0,1,0
A009985,2026-03,One-year,73.15,3,0
A009986,2026-03,One-year,88.7,4,0
A009987,2026-03,One-year,85.04,1,0
A009988,2026-03,One-year,52.08,0,1
A009989,2026-03,One-year,86.27,1,0
A009990,2026-03,One-year,83.15,2,0
A009991,2026-03,One-year,91.58,2,0
A009992,2026-03,One-year,70.56,4,0
A009993,2026-03,One-year,70.4,2,0
A009994,2026-03,One-year,61.05,2,0
A009995,2026-03,One-year,53.12,4,0
A009996,2026-03,One-year,65.36,2,0
A009997,2026-03,One-year,79.89,2,0
A009998,2026-03,One-year,76.54,2,0
A009999,2026-03,One-year,61.71,2,0
A010000,2026-03,One-year,92.29,0,0
A010001,2026-03,One-year,79.69,4,1
A010002,2026-03,One-year,63.03,2,0
A010003,2026-03,One-year,91.01,3,0
A010004,2026-03,One-year,66.91,1,0
A010005,2026-03,One-year,69.89,0,0
A010006,2026-03,One-year,59.15,1,0
A010007,2026-03,One-year,76.54,3,0
A010008,2026-03,One-year,78.71,2,0
A010009,2026-03,One-year,77.47,0,0
A010010,2026-03,One-year,69.87,2,0
A010011,2026-03,One-year,67.74,0,0
A010012,2026-03,One-year,87.02,2,0
A010013,2026-03,One-year,59.8,3,0
A010014,2026-03,One-year,74.07,2,0
A010015,2026-03,One-year,94.31,2,0
A010016,2026-03,One-year,77.66,1,0
A010017,2026-03,One-year,82.19,0,0
A010018,2026-03,One-year,106.16,0,0
A010019,2026-03,One-year,68.22,0,0
A010020,2026-03,One-year,77.05,2,0
A010021,2026-03,One-year,77.98,1,0
A010022,2026-03,One-year,70.07,0,0
A010023,2026-03,One-year,85.53,1,0
A010024,2026-03,One-year,85.9,2,0
A010025,2026-03,One-year,59.76,2,0
A010026,2026-03,One-year,51.52,1,0
A010027,2026-03,One-year,68.5,0,0
A010028,2026-03,One-year,76.47,1,0
A010029,2026-03,One-year,48.41,0,0
A010030,2026-03,One-year,43.02,2,0
A010031,2026-03,One-year,83.27,3,0
A010032,2026-03,One-year,65.08,1,0
A010033,2026-03,One-year,94.5,0,0
A010034,2026-03,One-year,92.62,1,0
A010035,2026-03,One-year,102.59,2,0
A010036,2026-03,One-year,83.23,0,0
A010037,2026-03,One-year,94.91,2,0
A010038,2026-03,One-year,76.17,2,0
A010039,2026-03,One-year,70.04,3,0
A010040,2026-03,One-year,59.02,2,0
A010041,2026-03,One-year,72.56,1,0
A010042,2026-03,One-year,73.06,1,0
A010043,2026-03,One-year,56.79,0,0
A010044,2026-03,One-year,71.31,2,0
A010045,2026-03,One-year,62.76,4,0
A010046,2026-03,One-year,84.63,0,0
A010047,2026-03,One-year,91.33,4,0
A010048,2026-03,One-year,76.71,2,0
A010049,2026-03,One-year,66.83,0,0
A010050,2026-03,One-year,78.74,0,0
A010051,2026-03,One-year,76.43,2,0
A010052,2026-03,One-year,74.95,1,0
A010053,2026-03,One-year,85.75,0,0
A010054,2026-03,One-year,63.42,3,0
A010055,2026-03,One-year,60.64,0,0
A010056,2026-03,One-year,79.11,2,0
A010057,2026-03,One-year,81.02,4,0
A010058,2026-03,One-year,81.55,1,0
A010059,2026-03,One-year,71.29,2,0
A010060,2026-03,One-year,86.9,1,0
A010061,2026-03,One-year,57.0,2,0
A010062,2026-03,One-year,113.26,0,0
A010063,2026-03,One-year,82.71,0,0
A010064,2026-03,One-year,72.49,1,0
A010065,2026-03,One-year,84.42,3,0
A010066,2026-03,One-year,102.68,0,0
A010067,2026-03,One-year,96.26,2,0
A010068,2026-03,One-year,63.78,0,0
A010069,2026-03,One-year,86.3,1,1
A010070,2026-03,One-year,87.51,1,0
A010071,2026-03,One-year,74.75,0,0
A010072,2026-03,One-year,73.24,0,0
A010073,2026-03,One-year,82.0,0,0
A010074,2026-03,One-year,66.54,2,0
A010075,2026-03,One-year,73.97,2,0
A010076,2026-03,One-year,76.56,3,0
A010077,2026-03,One-year,71.28,1,0
A010078,2026-03,One-year,78.26,3,0
A010079,2026-03,One-year,62.59,3,0
A010080,2026-03,One-year,72.56,2,1
A010081,2026-03,One-year,94.54,1,0
A010082,2026-03,One-year,82.61,2,0
A010083,2026-03,One-year,68.49,3,0
A010084,2026-03,One-year,65.98,0,0
A010085,2026-03,One-year,81.35,3,0
A010086,2026-03,One-year,66.62,3,0
A010087,2026-03,One-year,105.38,0,0
A010088,2026-03,One-year,62.53,2,0
A010089,2026-03,One-year,88.76,3,0
A010090,2026-03,One-year,76.93,2,0
A010091,2026-03,One-year,89.1,3,0
A010092,2026-03,One-year,68.63,4,0
A010093,2026-03,One-year,50.15,5,0
A010094,2026-03,One-year,63.73,2,0
A010095,2026-03,One-year,74.14,2,0
A010096,2026-03,One-year,78.05,2,0
A010097,2026-03,One-year,94.21,1,0
A010098,2026-03,One-year,80.32,0,0
A010099,2026-03,One-year,67.16,2,0
A010100,2026-03,One-year,80.95,1,0
A010101,2026-03,One-year,76.15,0,0
A010102,2026-03,One-year,80.44,3,0
A010103,2026-03,One-year,64.64,0,0
A010104,2026-03,One-year,76.13,0,0
A010105,2026-03,One-year,83.16,1,0
A010106,2026-03,One-year,80.79,2,0
A010107,2026-03,One-year,80.18,1,0
A010108,2026-03,One-year,60.14,3,0
A010109,2026-03,One-year,75.54,1,0
A010110,2026-03,One-year,69.21,2,0
A010111,2026-03,One-year,69.81,0,0
A010112,2026-03,One-year,64.37,0,0
A010113,2026-03,One-year,54.39,2,0
A010114,2026-03,One-year,50.0,0,0
A010115,2026-03,One-year,57.22,3,0
A010116,2026-03,One-year,98.11,2,0
A010117,2026-03,One-year,50.74,1,0
A010118,2026-03,One-year,72.95,0,0
A010119,2026-03,One-year,72.15,1,0
A010120,2026-03,One-year,66.72,1,0
A010121,2026-03,One-year,77.99,0,0
A010122,2026-03,One-year,68.5,2,0
A010123,2026-03,One-year,72.35,3,0
A010124,2026-03,One-year,72.81,2,0
A010125,2026-03,One-year,84.42,3,0
A010126,2026-03,One-year,99.62,3,0
A010127,2026-03,One-year,68.91,2,0
A010128,2026-03,One-year,97.52,0,0
A010129,2026-03,One-year,79.67,0,0
A010130,2026-03,One-year,70.74,1,0
A010131,2026-03,One-year,90.41,1,0
A010132,2026-03,One-year,74.86,0,0
A010133,2026-03,One-year,84.29,2,0
A010134,2026-03,One-year,73.35,3,0
A010135,2026-03,One-year,76.83,1,0
A010136,2026-03,One-year,90.82,0,0
A010137,2026-03,One-year,61.81,2,0
A010138,2026-03,One-year,97.08,0,0
A010139,2026-03,One-year,64.1,2,0
A010140,2026-03,One-year,66.01,1,0
A010141,2026-03,One-year,85.53,0,0
A010142,2026-03,One-year,55.02,0,0
A010143,2026-03,One-year,73.13,3,0
A010144,2026-03,One-year,68.91,1,0
A010145,2026-03,One-year,84.08,3,0
A010146,2026-03,One-year,73.41,1,0
A010147,2026-03,One-year,57.51,1,0
A010148,2026-03,One-year,90.82,4,0
A010149,2026-03,One-year,83.65,1,0
A010150,2026-03,One-year,67.17,1,0
A010151,2026-03,One-year,95.63,0,0
A010152,2026-03,One-year,82.81,1,0
A010153,2026-03,One-year,87.78,0,0
A010154,2026-03,One-year,61.72,0,0
A010155,2026-03,One-year,73.52,1,0
A010156,2026-03,One-year,46.18,3,0
A010157,2026-03,One-year,69.39,3,0
A010158,2026-03,One-year,44.67,3,0
A010159,2026-03,One-year,86.21,1,0
A010160,2026-03,One-year,84.61,0,0
A010161,2026-03,One-year,52.31,0,0
A010162,2026-03,One-year,64.36,2,0
A010163,2026-03,One-year,47.5,1,0
A010164,2026-03,One-year,62.51,0,0
A010165,2026-03,One-year,51.84,3,0
A010166,2026-03,One-year,59.56,0,0
A010167,2026-03,One-year,43.99,0,0
A010168,2026-03,One-year,80.78,0,0
A010169,2026-03,One-year,61.96,2,0
A010170,2026-03,One-year,87.32,0,0
A010171,2026-03,One-year,111.15,2,0
A010172,2026-03,One-year,55.07,1,0
A010173,2026-03,One-year,75.09,2,0
A010174,2026-03,One-year,82.64,1,0
A010175,2026-03,One-year,69.43,2,0
A010176,2026-03,One-year,73.56,2,0
A010177,2026-03,One-year,43.71,3,0
A010178,2026-03,One-year,80.38,0,0
A010179,2026-03,One-year,100.5,0,0
A010180,2026-03,One-year,61.36,2,0
A010181,2026-03,One-year,90.31,2,0
A010182,2026-03,One-year,58.11,2,0
A010183,2026-03,One-year,67.29,0,0
A010184,2026-03,One-year,77.81,4,0
A010185,2026-03,One-year,107.92,1,0
A010186,2026-03,One-year,102.19,3,0
A010187,2026-03,One-year,90.47,3,0
A010188,2026-03,One-year,61.16,2,0
A010189,2026-03,One-year,77.16,2,0
A010190,2026-03,One-year,75.37,0,0
A010191,2026-03,One-year,100.08,0,0
A010192,2026-03,One-year,56.47,3,0
A010193,2026-03,One-year,63.92,1,0
A010194,2026-03,One-year,70.97,1,0
A010195,2026-03,One-year,61.07,2,0
A010196,2026-03,One-year,80.16,2,0
A010197,2026-03,One-year,100.37,0,0
A010198,2026-03,One-year,86.87,2,0
A010199,2026-03,One-year,78.66,0,0
A010200,2026-03,One-year,102.94,2,0
A010201,2026-03,One-year,57.06,4,0
A010202,2026-03,One-year,73.02,1,1
A010203,2026-03,One-year,86.3,1,0
A010204,2026-03,One-year,68.45,1,0
A010205,2026-03,One-year,108.85,3,0
A010206,2026-03,One-year,75.3,1,0
A010207,2026-03,One-year,82.75,1,0
A010208,2026-03,One-year,52.07,1,0
A010209,2026-03,One-year,66.27,2,0
A010210,2026-03,One-year,91.69,0,0
A010211,2026-03,One-year,62.26,1,0
A010212,2026-03,One-year,84.55,1,0
A010213,2026-03,One-year,70.74,1,0
A010214,2026-03,One-year,95.84,1,0
A010215,2026-03,One-year,74.68,1,0
A010216,2026-03,One-year,68.37,3,0
A010217,2026-03,One-year,89.0,1,0
A010218,2026-03,One-year,53.01,0,0
A010219,2026-03,One-year,74.67,1,0
A010220,2026-03,One-year,78.9,1,0
A010221,2026-03,One-year,88.05,1,0
A010222,2026-03,One-year,73.22,0,0
A010223,2026-03,One-year,62.76,0,0
A010224,2026-03,One-year,90.06,2,0
A010225,2026-03,One-year,69.39,2,0
A010226,2026-03,One-year,59.97,2,0
A010227,2026-03,One-year,63.1,3,0
A010228,2026-03,One-year,81.04,1,0
A010229,2026-03,One-year,76.61,2,0
A010230,2026-03,One-year,67.95,2,0
A010231,2026-03,One-year,65.39,1,0
A010232,2026-03,One-year,77.59,0,0
A010233,2026-03,One-year,67.79,1,0
A010234,2026-03,One-year,72.48,3,0
A010235,2026-03,One-year,86.4,4,0
A010236,2026-03,One-year,74.89,2,0
A010237,2026-03,One-year,56.73,0,0
A010238,2026-03,One-year,74.2,4,0
A010239,2026-03,One-year,97.0,4,0
A010240,2026-03,One-year,81.14,1,0
A010241,2026-03,One-year,56.22,1,0
A010242,2026-03,One-year,77.41,0,0
A010243,2026-03,One-year,84.32,0,0
A010244,2026-03,One-year,94.35,3,0
A010245,2026-03,One-year,72.36,3,0
A010246,2026-03,One-year,74.58,0,0
A010247,2026-03,One-year,96.84,3,0
A010248,2026-03,One-year,62.42,3,0
A010249,2026-03,One-year,74.76,1,0
A010250,2026-03,One-year,91.44,3,1
A010251,2026-03,One-year,67.49,0,0
A010252,2026-03,One-year,61.61,4,0
A010253,2026-03,One-year,57.84,0,0
A010254,2026-03,One-year,67.65,1,0
A010255,2026-03,One-year,82.54,0,0
A010256,2026-03,One-year,66.4,0,0
A010257,2026-03,One-year,58.48,1,0
A010258,2026-03,One-year,61.1,1,0
A010259,2026-03,One-year,68.56,3,0
A010260,2026-03,One-year,61.67,1,0
A010261,2026-03,One-year,75.85,2,0
A010262,2026-03,One-year,56.58,2,0
A010263,2026-03,One-year,69.56,2,0
A010264,2026-03,One-year,103.21,0,0
A010265,2026-03,One-year,69.35,4,0
A010266,2026-03,One-year,73.56,0,0
A010267,2026-03,One-year,68.57,2,0
A010268,2026-03,One-year,94.5,2,0
A010269,2026-03,One-year,77.4,0,0
A010270,2026-03,One-year,65.99,4,0
A010271,2026-03,One-year,96.89,3,0
A010272,2026-03,One-year,53.27,0,0
A010273,2026-03,One-year,52.88,0,0
A010274,2026-03,One-year,75.29,3,0
A010275,2026-03,One-year,69.08,0,0
A010276,2026-03,One-year,59.61,3,0
A010277,2026-03,One-year,54.66,0,0
A010278,2026-03,One-year,87.02,2,0
A010279,2026-03,One-year,102.74,3,0
A010280,2026-03,One-year,83.61,1,0
A010281,2026-03,One-year,83.5,0,0
A010282,2026-03,One-year,78.36,0,0
A010283,2026-03,One-year,87.92,2,0
A010284,2026-03,One-year,59.33,1,0
A010285,2026-03,One-year,72.15,3,0
A010286,2026-03,One-year,88.75,0,0
A010287,2026-03,One-year,86.02,0,0
A010288,2026-03,One-year,78.1,2,0
A010289,2026-03,One-year,82.88,2,0
A010290,2026-03,One-year,103.03,2,0
A010291,2026-03,One-year,63.87,3,0
A010292,2026-03,One-year,58.85,0,0
A010293,2026-03,One-year,77.74,1,0
A010294,2026-03,One-year,74.18,2,0
A010295,2026-03,One-year,66.13,2,0
A010296,2026-03,One-year,97.07,2,0
A010297,2026-03,One-year,80.1,1,0
A010298,2026-03,One-year,74.9,1,0
A010299,2026-03,One-year,57.5,0,0
A010300,2026-03,One-year,65.48,0,0
A010301,2026-03,One-year,61.23,0,0
A010302,2026-03,One-year,76.69,0,0
A010303,2026-03,One-year,81.7,0,0
A010304,2026-03,One-year,77.38,2,0
A010305,2026-03,One-year,76.11,2,0
A010306,2026-03,One-year,93.34,2,0
A010307,2026-03,One-year,83.12,1,0
A010308,2026-03,One-year,36.81,3,0
A010309,2026-03,One-year,79.08,2,0
A010310,2026-03,One-year,56.99,1,0
A010311,2026-03,One-year,78.95,1,0
A010312,2026-03,One-year,61.99,3,0
A010313,2026-03,One-year,65.46,1,0
A010314,2026-03,One-year,57.09,2,0
A010315,2026-03,One-year,83.61,2,0
A010316,2026-03,One-year,77.15,3,0
A010317,2026-03,One-year,79.7,2,0
A010318,2026-03,One-year,75.13,1,0
A010319,2026-03,One-year,89.51,1,0
A010320,2026-03,One-year,98.02,1,0
A010321,2026-03,One-year,75.77,1,0
A010322,2026-03,One-year,69.02,3,0
A010323,2026-03,One-year,40.66,1,0
A010324,2026-03,One-year,70.65,3,0
A010325,2026-03,One-year,75.18,0,0
A010326,2026-03,One-year,53.41,1,0
A010327,2026-03,One-year,76.22,2,0
A010328,2026-03,One-year,69.86,2,1
A010329,2026-03,One-year,49.09,2,0
A010330,2026-03,One-year,85.74,2,0
A010331,2026-03,Two-year,93.43,0,0
A010332,2026-03,Two-year,84.83,0,0
A010333,2026-03,Two-year,77.95,0,0
A010334,2026-03,Two-year,81.05,2,0
A010335,2026-03,Two-year,79.98,3,0
A010336,2026-03,Two-year,83.84,2,0
A010337,2026-03,Two-year,104.62,6,0
A010338,2026-03,Two-year,83.98,1,0
A010339,2026-03,Two-year,72.3,2,0
A010340,2026-03,Two-year,65.1,0,0
A010341,2026-03,Two-year,96.9,3,0
A010342,2026-03,Two-year,93.72,1,0
A010343,2026-03,Two-year,87.02,4,0
A010344,2026-03,Two-year,76.46,0,0
A010345,2026-03,Two-year,82.01,2,0
A010346,2026-03,Two-year,71.41,1,0
A010347,2026-03,Two-year,70.72,1,0
A010348,2026-03,Two-year,61.58,0,0
A010349,2026-03,Two-year,105.14,1,0
A010350,2026-03,Two-year,87.99,2,0
A010351,2026-03,Two-year,89.36,0,0
A010352,2026-03,Two-year,81.92,3,0
A010353,2026-03,Two-year,92.83,0,0
A010354,2026-03,Two-year,54.64,3,0
A010355,2026-03,Two-year,111.74,0,0
A010356,2026-03,Two-year,80.19,0,0
A010357,2026-03,Two-year,84.76,3,0
A010358,2026-03,Two-year,84.76,0,0
A010359,2026-03,Two-year,75.55,1,0
A010360,2026-03,Two-year,105.04,0,0
A010361,2026-03,Two-year,103.65,1,0
A010362,2026-03,Two-year,65.99,1,0
A010363,2026-03,Two-year,65.49,3,0
A010364,2026-03,Two-year,99.54,2,0
A010365,2026-03,Two-year,85.44,2,0
A010366,2026-03,Two-year,66.56,0,0
A010367,2026-03,Two-year,86.15,0,0
A010368,2026-03,Two-year,68.36,0,0
A010369,2026-03,Two-year,86.08,1,0
A010370,2026-03,Two-year,79.25,0,0
A010371,2026-03,Two-year,109.4,3,0
A010372,2026-03,Two-year,79.94,0,0
A010373,2026-03,Two-year,87.76,0,0
A010374,2026-03,Two-year,95.89,2,0
A010375,2026-03,Two-year,88.79,3,0
A010376,2026-03,Two-year,89.59,0,0
A010377,2026-03,Two-year,93.46,3,0
A010378,2026-03,Two-year,83.6,3,0
A010379,2026-03,Two-year,92.73,1,0
A010380,2026-03,Two-year,70.87,2,0
A010381,2026-03,Two-year,78.98,3,0
A010382,2026-03,Two-year,80.8,2,0
A010383,2026-03,Two-year,57.55,0,0
A010384,2026-03,Two-year,67.02,0,0
A010385,2026-03,Two-year,78.28,2,0
A010386,2026-03,Two-year,94.03,0,0
A010387,2026-03,Two-year,78.3,2,0
A010388,2026-03,Two-year,71.06,0,0
A010389,2026-03,Two-year,82.29,0,0
A010390,2026-03,Two-year,93.26,0,0
A010391,2026-03,Two-year,71.74,2,0
A010392,2026-03,Two-year,82.46,2,0
A010393,2026-03,Two-year,77.6,0,0
A010394,2026-03,Two-year,85.35,2,0
A010395,2026-03,Two-year,85.57,2,0
A010396,2026-03,Two-year,85.32,0,0
A010397,2026-03,Two-year,88.81,1,0
A010398,2026-03,Two-year,48.88,2,0
A010399,2026-03,Two-year,69.56,1,0
A010400,2026-03,Two-year,74.26,0,0
A010401,2026-03,Two-year,61.8,1,0
A010402,2026-03,Two-year,78.52,0,0
A010403,2026-03,Two-year,81.75,2,0
A010404,2026-03,Two-year,80.0,2,0
A010405,2026-03,Two-year,92.55,2,0
A010406,2026-03,Two-year,90.82,2,0
A010407,2026-03,Two-year,68.31,0,0
A010408,2026-03,Two-year,88.01,0,0
A010409,2026-03,Two-year,70.57,0,0
A010410,2026-03,Two-year,77.4,1,0
A010411,2026-03,Two-year,82.55,0,0
A010412,2026-03,Two-year,79.87,2,0
A010413,2026-03,Two-year,63.89,2,0
A010414,2026-03,Two-year,82.49,1,0
A010415,2026-03,Two-year,61.54,1,0
A010416,2026-03,Two-year,80.37,0,0
A010417,2026-03,Two-year,78.85,1,0
A010418,2026-03,Two-year,96.05,2,0
A010419,2026-03,Two-year,93.75,0,0
A010420,2026-03,Two-year,74.17,1,0
A010421,2026-03,Two-year,65.14,2,0
A010422,2026-03,Two-year,66.55,0,0
A010423,2026-03,Two-year,83.1,1,0
A010424,2026-03,Two-year,105.85,3,0
A010425,2026-03,Two-year,79.62,1,0
A010426,2026-03,Two-year,51.64,3,0
A010427,2026-03,Two-year,112.98,2,0
A010428,2026-03,Two-year,65.84,5,0
A010429,2026-03,Two-year,77.37,1,0
A010430,2026-03,Two-year,75.32,0,0
A010431,2026-03,Two-year,90.2,2,0
A010432,2026-03,Two-year,77.23,2,0
A010433,2026-03,Two-year,82.13,0,0
A010434,2026-03,Two-year,98.3,1,0
A010435,2026-03,Two-year,63.61,2,0
A010436,2026-03,Two-year,69.19,3,0
A010437,2026-03,Two-year,89.84,0,0
A010438,2026-03,Two-year,67.95,0,0
A010439,2026-03,Two-year,72.42,0,0
A010440,2026-03,Two-year,71.92,2,0
A010441,2026-03,Two-year,79.78,0,0
A010442,2026-03,Two-year,91.81,1,0
A010443,2026-03,Two-year,69.95,0,0
A010444,2026-03,Two-year,69.02,0,0
A010445,2026-03,Two-year,82.4,3,0
A010446,2026-03,Two-year,93.71,0,0
A010447,2026-03,Two-year,89.44,1,0
A010448,2026-03,Two-year,73.15,1,0
A010449,2026-03,Two-year,91.4,0,0
A010450,2026-03,Two-year,59.05,5,0
A010451,2026-03,Two-year,101.78,2,0
A010452,2026-03,Two-year,85.92,2,0
A010453,2026-03,Two-year,57.12,2,0
A010454,2026-03,Two-year,66.7,2,0
A010455,2026-03,Two-year,95.22,2,0
A010456,2026-03,Two-year,72.81,0,0
A010457,2026-03,Two-year,90.96,2,0
A010458,2026-03,Two-year,57.54,2,0
A010459,2026-03,Two-year,65.58,0,0
A010460,2026-03,Two-year,93.12,2,0
A010461,2026-03,Two-year,83.01,0,0
A010462,2026-03,Two-year,91.35,1,0
A010463,2026-03,Two-year,52.91,1,0
A010464,2026-03,Two-year,108.52,2,0
A010465,2026-03,Two-year,65.77,2,0
A010466,2026-03,Two-year,71.04,1,0
A010467,2026-03,Two-year,88.8,2,0
A010468,2026-03,Two-year,55.23,0,0
A010469,2026-03,Two-year,89.48,0,0
A010470,2026-03,Two-year,68.31,1,0
A010471,2026-03,Two-year,78.13,1,0
A010472,2026-03,Two-year,90.61,0,0
A010473,2026-03,Two-year,66.82,3,0
A010474,2026-03,Two-year,65.72,1,0
A010475,2026-03,Two-year,85.87,3,0
A010476,2026-03,Two-year,78.53,2,0
A010477,2026-03,Two-year,91.87,1,0
A010478,2026-03,Two-year,87.89,3,0
A010479,2026-03,Two-year,91.89,1,0
A010480,2026-03,Two-year,50.63,0,0
A010481,2026-03,Two-year,83.51,3,0
A010482,2026-03,Two-year,87.1,1,0
A010483,2026-03,Two-year,57.25,3,0
A010484,2026-03,Two-year,98.74,2,0
A010485,2026-03,Two-year,89.7,2,0
A010486,2026-03,Two-year,65.64,3,0
A010487,2026-03,Two-year,75.79,0,0
A010488,2026-03,Two-year,101.06,0,0
A010489,2026-03,Two-year,100.43,3,0
A010490,2026-03,Two-year,49.8,2,0
A010491,2026-03,Two-year,88.69,2,0
A010492,2026-03,Two-year,59.31,1,0
A010493,2026-03,Two-year,83.29,0,0
A010494,2026-03,Two-year,69.03,0,0
A010495,2026-03,Two-year,80.19,1,0
A010496,2026-03,Two-year,53.23,0,0
A010497,2026-03,Two-year,81.69,1,0
A010498,2026-03,Two-year,76.02,1,0
A010499,2026-03,Two-year,98.18,2,0
A010500,2026-03,Two-year,98.34,2,0
A010501,2026-03,Two-year,89.11,1,0
A010502,2026-03,Two-year,97.13,1,0
A010503,2026-03,Two-year,69.24,1,0
A010504,2026-03,Two-year,72.65,1,0
A010505,2026-03,Two-year,98.1,2,0
A010506,2026-03,Two-year,86.49,5,0
A010507,2026-03,Two-year,72.81,0,0
A010508,2026-03,Two-year,72.32,0,0
A010509,2026-03,Two-year,62.87,2,0
A010510,2026-03,Two-year,96.63,2,0
A010511,2026-03,Two-year,83.47,2,0
A010512,2026-03,Two-year,90.23,1,0
A010513,2026-03,Two-year,82.76,3,0
A010514,2026-03,Two-year,88.66,1,0
A010515,2026-03,Two-year,89.71,1,0
A010516,2026-03,Two-year,68.1,2,0
A010517,2026-03,Two-year,78.65,0,0
A010518,2026-03,Two-year,74.15,0,0
A010519,2026-03,Two-year,82.56,0,0
A010520,2026-03,Two-year,81.77,0,0
A010521,2026-03,Two-year,108.46,2,0
A010522,2026-03,Two-year,78.24,2,0
A010523,2026-03,Two-year,68.3,2,0
A010524,2026-03,Two-year,64.7,0,0
A010525,2026-03,Two-year,84.2,2,0
A010526,2026-03,Two-year,80.07,1,0
A010527,2026-03,Two-year,48.27,2,0
A010528,2026-03,Two-year,82.28,1,0
A010529,2026-03,Two-year,84.93,2,0
A010530,2026-03,Two-year,90.01,0,0
A010531,2026-03,Two-year,115.52,3,0
A010532,2026-03,Two-year,78.16,0,0
A010533,2026-03,Two-year,62.54,2,0
A010534,2026-03,Two-year,80.01,2,0
A010535,2026-03,Two-year,87.0,1,0
A010536,2026-03,Two-year,87.24,3,0
A010537,2026-03,Two-year,102.64,1,0
A010538,2026-03,Two-year,92.99,1,0
A010539,2026-03,Two-year,98.26,1,0
A010540,2026-03,Two-year,82.65,2,0
A010541,2026-03,Two-year,100.67,1,0
A010542,2026-03,Two-year,74.74,0,0
A010543,2026-03,Two-year,65.89,1,0
A010544,2026-03,Two-year,83.6,1,0
A010545,2026-03,Two-year,70.72,2,0
A010546,2026-03,Two-year,84.73,2,0
A010547,2026-03,Two-year,79.78,1,0
A010548,2026-03,Two-year,93.39,2,0
A010549,2026-03,Two-year,90.56,2,0
A010550,2026-03,Two-year,78.38,1,0
A010551,2026-03,Two-year,70.83,0,0
A010552,2026-03,Two-year,71.02,1,0
A010553,2026-03,Two-year,75.9,2,0
A010554,2026-03,Two-year,55.27,0,0
A010555,2026-03,Two-year,80.36,0,0
A010556,2026-03,Two-year,61.45,1,0
A010557,2026-03,Two-year,90.3,0,0
A010558,2026-03,Two-year,107.12,3,0
A010559,2026-03,Two-year,105.38,1,0
A010560,2026-03,Two-year,99.73,1,0
A010561,2026-03,Two-year,80.06,4,0
A010562,2026-03,Two-year,66.38,1,0
A010563,2026-03,Two-year,81.17,2,0
A010564,2026-03,Two-year,76.13,2,0
A010565,2026-03,Two-year,50.26,0,0
A010566,2026-03,Two-year,101.05,1,0
A010567,2026-03,Two-year,74.38,2,0
A010568,2026-03,Two-year,116.32,0,0
A010569,2026-03,Two-year,79.87,1,0
A010570,2026-03,Two-year,69.08,0,0
A010571,2026-03,Two-year,63.77,2,0
A010572,2026-03,Two-year,99.33,0,0
A010573,2026-03,Two-year,81.94,0,0
A010574,2026-03,Two-year,59.41,1,0
A010575,2026-03,Two-year,80.31,2,0
A010576,2026-03,Two-year,77.97,0,0
A010577,2026-03,Two-year,66.02,0,0
A010578,2026-03,Two-year,86.91,1,0
A010579,2026-03,Two-year,51.62,0,0
A010580,2026-03,Two-year,74.31,1,0
A010581,2026-03,Two-year,72.51,1,0
A010582,2026-03,Two-year,62.02,2,0
A010583,2026-03,Two-year,98.77,1,0
A010584,2026-03,Two-year,105.11,1,0
A010585,2026-03,Two-year,56.26,0,0
A010586,2026-03,Two-year,90.01,1,0
A010587,2026-03,Two-year,76.27,0,0
A010588,2026-03,Two-year,71.33,2,0
A010589,2026-03,Two-year,71.79,0,0
A010590,2026-03,Two-year,56.83,0,0
A010591,2026-03,Two-year,83.54,0,0
A010592,2026-03,Two-year,100.85,2,1
A010593,2026-03,Two-year,89.58,2,0
A010594,2026-03,Two-year,82.21,1,0
A010595,2026-03,Two-year,61.29,1,0
A010596,2026-03,Two-year,89.95,1,0
A010597,2026-03,Two-year,97.99,0,0
A010598,2026-03,Two-year,102.43,0,0
A010599,2026-03,Two-year,71.15,1,0
A010600,2026-03,Two-year,66.57,3,0
A010601,2026-03,Two-year,73.36,0,0
A010602,2026-03,Two-year,71.73,1,0
A010603,2026-03,Two-year,85.17,1,0
A010604,2026-03,Two-year,98.92,0,0
A010605,2026-03,Two-year,90.69,0,0
A010606,2026-03,Two-year,82.87,1,0
A010607,2026-03,Two-year,57.88,0,0
A010608,2026-03,Two-year,100.48,0,0
A010609,2026-03,Two-year,67.43,2,0
A010610,2026-03,Two-year,63.15,3,0
A010611,2026-03,Two-year,77.42,0,0
A010612,2026-03,Two-year,96.33,1,0
A010613,2026-03,Two-year,78.83,1,0
A010614,2026-03,Two-year,81.34,0,0
A010615,2026-03,Two-year,78.87,0,0
A010616,2026-03,Two-year,78.3,1,0
A010617,2026-03,Two-year,85.96,2,0
A010618,2026-03,Two-year,79.12,2,0
A010619,2026-03,Two-year,87.33,3,0
A010620,2026-03,Two-year,70.9,1,0
A010621,2026-03,Two-year,98.68,1,0
A010622,2026-03,Two-year,74.65,2,0
A010623,2026-03,Two-year,83.6,1,1
A010624,2026-03,Two-year,64.35,1,0
A010625,2026-03,Two-year,74.2,1,0
A010626,2026-03,Two-year,73.48,0,0
A010627,2026-03,Two-year,80.11,0,0
A010628,2026-03,Two-year,91.88,1,0
A010629,2026-03,Two-year,75.88,2,0
A010630,2026-03,Two-year,100.12,1,0
A010631,2026-03,Two-year,93.34,0,0
A010632,2026-03,Two-year,79.46,0,0
A010633,2026-03,Two-year,90.52,3,0
A010634,2026-03,Two-year,81.57,2,0
A010635,2026-03,Two-year,60.1,3,0
A010636,2026-03,Two-year,83.33,1,0
A010637,2026-03,Two-year,70.23,1,0
A010638,2026-03,Two-year,80.85,2,0
A010639,2026-03,Two-year,75.76,1,0
A010640,2026-03,Two-year,52.72,0,0
A010641,2026-03,Two-year,82.89,1,0
A010642,2026-03,Two-year,68.4,0,0
A010643,2026-03,Two-year,86.52,2,0
A010644,2026-03,Two-year,82.53,1,0
A010645,2026-03,Two-year,94.31,2,0
A010646,2026-03,Two-year,60.02,0,0
A010647,2026-03,Two-year,112.37,0,0
A010648,2026-03,Two-year,85.98,3,0
A010649,2026-03,Two-year,68.82,1,0
A010650,2026-03,Two-year,73.36,1,0
A010651,2026-03,Two-year,90.71,0,0
A010652,2026-03,Two-year,87.83,3,0
A010653,2026-03,Two-year,75.91,1,0
A010654,2026-03,Two-year,71.65,2,0
A010655,2026-03,Two-year,70.67,1,0
A010656,2026-03,Two-year,79.31,1,0
A010657,2026-03,Two-year,68.29,1,0
A010658,2026-03,Two-year,62.67,2,0
A010659,2026-03,Two-year,94.88,1,0
A010660,2026-03,Two-year,83.64,1,0
A010661,2026-03,Two-year,94.46,1,0
A010662,2026-03,Two-year,94.32,1,0
A010663,2026-03,Two-year,95.72,2,0
A010664,2026-03,Two-year,88.14,1,0
A010665,2026-03,Two-year,75.26,0,0
A010666,2026-03,Two-year,65.04,1,0
A010667,2026-03,Two-year,53.81,2,0
A010668,2026-03,Two-year,91.97,2,0
A010669,2026-03,Two-year,77.62,0,0
A010670,2026-03,Two-year,71.54,0,0
A010671,2026-03,Two-year,65.97,1,0
A010672,2026-03,Two-year,100.12,0,0
A010673,2026-03,Two-year,83.4,2,0
A010674,2026-03,Two-year,94.53,2,0
A010675,2026-03,Two-year,92.04,2,0
A010676,2026-03,Two-year,68.52,1,1
A010677,2026-03,Two-year,93.09,0,0
A010678,2026-03,Two-year,65.73,2,0
A010679,2026-03,Two-year,62.24,0,0
A010680,2026-03,Two-year,105.19,1,0
A010681,2026-03,Two-year,88.72,2,0
A010682,2026-03,Two-year,66.13,3,0
A010683,2026-03,Two-year,101.84,0,0
A010684,2026-03,Two-year,85.97,1,0
A010685,2026-03,Two-year,78.3,0,0
A010686,2026-03,Two-year,87.99,3,0
A010687,2026-03,Two-year,85.52,0,0
A010688,2026-03,Two-year,71.7,1,0
A010689,2026-03,Two-year,72.03,2,0
A010690,2026-03,Two-year,78.92,0,0
A010691,2026-03,Two-year,78.58,4,0
A010692,2026-03,Two-year,110.94,2,0
A010693,2026-03,Two-year,88.4,0,0
A010694,2026-03,Two-year,90.55,1,0
A010695,2026-03,Two-year,87.97,0,0
A010696,2026-03,Two-year,52.79,0,0
A010697,2026-03,Two-year,109.46,0,0
A010698,2026-03,Two-year,89.11,0,0
A010699,2026-03,Two-year,81.53,2,0
A010700,2026-03,Two-year,63.15,5,0
A010701,2026-03,Two-year,87.64,2,0
A010702,2026-03,Two-year,65.11,3,0
A010703,2026-03,Two-year,101.55,0,0
A010704,2026-03,Two-year,104.29,3,0
A010705,2026-03,Two-year,70.97,0,0
A010706,2026-03,Two-year,83.83,1,0
A010707,2026-03,Two-year,63.82,0,0
A010708,2026-03,Two-year,66.92,0,0
A010709,2026-03,Two-year,83.31,2,0
A010710,2026-03,Two-year,73.69,0,0
A010711,2026-03,Two-year,100.14,3,0
A010712,2026-03,Two-year,87.05,2,0
A010713,2026-03,Two-year,85.79,1,0
A010714,2026-03,Two-year,96.7,1,0
A010715,2026-03,Two-year,97.37,2,0
A010716,2026-03,Two-year,101.61,2,0
A010717,2026-03,Two-year,67.24,1,0
A010718,2026-03,Two-year,82.48,0,0
A010719,2026-03,Two-year,83.04,2,0
A010720,2026-03,Two-year,85.2,0,0
A010721,2026-04,Month-to-month,85.56,3,0
A010722,2026-04,Month-to-month,51.42,2,0
A010723,2026-04,Month-to-month,79.03,0,0
A010724,2026-04,Month-to-month,85.91,3,0
A010725,2026-04,Month-to-month,61.61,3,0
A010726,2026-04,Month-to-month,63.33,4,0
A010727,2026-04,Month-to-month,52.05,2,0
A010728,2026-04,Month-to-month,60.71,0,0
A010729,2026-04,Month-to-month,65.87,2,0
A010730,2026-04,Month-to-month,80.9,3,0
A010731,2026-04,Month-to-month,58.34,1,0
A010732,2026-04,Month-to-month,63.41,4,0
A010733,2026-04,Month-to-month,84.15,1,0
A010734,2026-04,Month-to-month,63.82,2,0
A010735,2026-04,Month-to-month,76.65,2,0
A010736,2026-04,Month-to-month,71.76,0,0
A010737,2026-04,Month-to-month,80.1,2,1
A010738,2026-04,Month-to-month,87.06,2,0
A010739,2026-04,Month-to-month,59.18,5,1
A010740,2026-04,Month-to-month,88.54,1,0
A010741,2026-04,Month-to-month,83.51,3,0
A010742,2026-04,Month-to-month,65.71,3,0
A010743,2026-04,Month-to-month,81.14,4,0
A010744,2026-04,Month-to-month,82.3,1,0
A010745,2026-04,Month-to-month,66.09,4,0
A010746,2026-04,Month-to-month,62.19,3,0
A010747,2026-04,Month-to-month,54.66,2,0
A010748,2026-04,Month-to-month,70.5,3,0
A010749,2026-04,Month-to-month,62.96,0,0
A010750,2026-04,Month-to-month,68.67,4,0
A010751,2026-04,Month-to-month,58.88,2,0
A010752,2026-04,Month-to-month,93.7,3,0
A010753,2026-04,Month-to-month,64.93,4,0
A010754,2026-04,Month-to-month,75.7,3,0
A010755,2026-04,Month-to-month,50.2,2,0
A010756,2026-04,Month-to-month,87.12,0,0
A010757,2026-04,Month-to-month,99.7,2,0
A010758,2026-04,Month-to-month,51.36,5,0
A010759,2026-04,Month-to-month,83.78,4,0
A010760,2026-04,Month-to-month,67.85,2,0
A010761,2026-04,Month-to-month,76.69,1,0
A010762,2026-04,Month-to-month,64.99,2,0
A010763,2026-04,Month-to-month,51.32,0,0
A010764,2026-04,Month-to-month,76.27,1,0
A010765,2026-04,Month-to-month,47.38,1,0
A010766,2026-04,Month-to-month,62.59,3,0
A010767,2026-04,Month-to-month,60.9,0,0
A010768,2026-04,Month-to-month,63.61,3,0
A010769,2026-04,Month-to-month,63.4,2,0
A010770,2026-04,Month-to-month,56.29,2,1
A010771,2026-04,Month-to-month,71.94,3,0
A010772,2026-04,Month-to-month,75.16,4,0
A010773,2026-04,Month-to-month,62.05,1,0
A010774,2026-04,Month-to-month,68.75,5,0
A010775,2026-04,Month-to-month,50.63,3,0
A010776,2026-04,Month-to-month,58.85,4,0
A010777,2026-04,Month-to-month,66.59,0,0
A010778,2026-04,Month-to-month,80.21,1,0
A010779,2026-04,Month-to-month,52.39,1,0
A010780,2026-04,Month-to-month,76.13,1,0
A010781,2026-04,Month-to-month,62.26,0,0
A010782,2026-04,Month-to-month,55.17,1,0
A010783,2026-04,Month-to-month,50.9,1,0
A010784,2026-04,Month-to-month,83.16,1,0
A010785,2026-04,Month-to-month,108.03,3,0
A010786,2026-04,Month-to-month,76.01,4,0
A010787,2026-04,Month-to-month,82.29,3,0
A010788,2026-04,Month-to-month,76.54,3,0
A010789,2026-04,Month-to-month,56.77,2,0
A010790,2026-04,Month-to-month,44.3,3,0
A010791,2026-04,Month-to-month,43.77,0,0
A010792,2026-04,Month-to-month,79.52,0,0
A010793,2026-04,Month-to-month,86.62,4,1
A010794,2026-04,Month-to-month,60.74,1,0
A010795,2026-04,Month-to-month,87.04,2,0
A010796,2026-04,Month-to-month,61.87,2,1
A010797,2026-04,Month-to-month,76.24,0,0
A010798,2026-04,Month-to-month,40.38,2,0
A010799,2026-04,Month-to-month,71.54,2,0
A010800,2026-04,Month-to-month,44.9,4,1
A010801,2026-04,Month-to-month,59.37,3,0
A010802,2026-04,Month-to-month,36.44,1,0
A010803,2026-04,Month-to-month,90.98,3,0
A010804,2026-04,Month-to-month,73.68,2,0
A010805,2026-04,Month-to-month,75.04,3,0
A010806,2026-04,Month-to-month,72.82,3,0
A010807,2026-04,Month-to-month,67.5,3,0
A010808,2026-04,Month-to-month,41.21,2,0
A010809,2026-04,Month-to-month,89.24,1,0
A010810,2026-04,Month-to-month,69.81,1,0
A010811,2026-04,Month-to-month,71.42,3,0
A010812,2026-04,Month-to-month,51.02,4,0
A010813,2026-04,Month-to-month,73.9,2,0
A010814,2026-04,Month-to-month,81.99,1,0
A010815,2026-04,Month-to-month,92.13,5,0
A010816,2026-04,Month-to-month,82.99,2,0
A010817,2026-04,Month-to-month,69.2,3,0
A010818,2026-04,Month-to-month,74.36,2,0
A010819,2026-04,Month-to-month,93.93,2,0
A010820,2026-04,Month-to-month,78.41,2,0
A010821,2026-04,Month-to-month,67.32,4,0
A010822,2026-04,Month-to-month,58.96,2,0
A010823,2026-04,Month-to-month,64.0,2,0
A010824,2026-04,Month-to-month,68.81,2,0
A010825,2026-04,Month-to-month,52.77,2,0
A010826,2026-04,Month-to-month,58.8,3,1
A010827,2026-04,Month-to-month,39.07,0,0
A010828,2026-04,Month-to-month,103.93,1,0
A010829,2026-04,Month-to-month,73.82,2,0
A010830,2026-04,Month-to-month,50.83,3,0
A010831,2026-04,Month-to-month,58.64,2,0
A010832,2026-04,Month-to-month,70.38,0,0
A010833,2026-04,Month-to-month,57.46,3,0
A010834,2026-04,Month-to-month,64.59,1,1
A010835,2026-04,Month-to-month,76.0,4,0
A010836,2026-04,Month-to-month,35.35,2,0
A010837,2026-04,Month-to-month,64.82,3,0
A010838,2026-04,Month-to-month,53.02,1,0
A010839,2026-04,Month-to-month,65.42,4,0
A010840,2026-04,Month-to-month,60.96,2,1
A010841,2026-04,Month-to-month,74.36,4,0
A010842,2026-04,Month-to-month,83.66,3,0
A010843,2026-04,Month-to-month,77.39,1,0
A010844,2026-04,Month-to-month,52.16,3,0
A010845,2026-04,Month-to-month,91.06,3,0
A010846,2026-04,Month-to-month,55.85,2,0
A010847,2026-04,Month-to-month,62.4,5,0
A010848,2026-04,Month-to-month,76.65,4,0
A010849,2026-04,Month-to-month,45.12,3,1
A010850,2026-04,Month-to-month,69.77,1,0
A010851,2026-04,Month-to-month,77.42,2,0
A010852,2026-04,Month-to-month,70.78,1,0
A010853,2026-04,Month-to-month,63.52,2,0
A010854,2026-04,Month-to-month,73.39,4,0
A010855,2026-04,Month-to-month,82.55,1,0
A010856,2026-04,Month-to-month,79.82,1,0
A010857,2026-04,Month-to-month,74.11,1,0
A010858,2026-04,Month-to-month,72.28,1,0
A010859,2026-04,Month-to-month,69.74,3,0
A010860,2026-04,Month-to-month,64.37,0,0
A010861,2026-04,Month-to-month,55.76,1,0
A010862,2026-04,Month-to-month,57.94,3,0
A010863,2026-04,Month-to-month,80.46,1,0
A010864,2026-04,Month-to-month,74.12,2,0
A010865,2026-04,Month-to-month,66.15,2,0
A010866,2026-04,Month-to-month,66.23,4,0
A010867,2026-04,Month-to-month,49.23,2,0
A010868,2026-04,Month-to-month,29.65,0,0
A010869,2026-04,Month-to-month,70.49,1,0
A010870,2026-04,Month-to-month,68.0,2,0
A010871,2026-04,Month-to-month,44.16,3,0
A010872,2026-04,Month-to-month,59.97,2,0
A010873,2026-04,Month-to-month,62.97,3,0
A010874,2026-04,Month-to-month,83.78,4,0
A010875,2026-04,Month-to-month,84.92,2,0
A010876,2026-04,Month-to-month,68.47,2,0
A010877,2026-04,Month-to-month,92.78,2,0
A010878,2026-04,Month-to-month,62.5,2,0
A010879,2026-04,Month-to-month,52.85,5,0
A010880,2026-04,Month-to-month,78.61,2,0
A010881,2026-04,Month-to-month,68.78,2,0
A010882,2026-04,Month-to-month,78.17,3,0
A010883,2026-04,Month-to-month,62.19,4,0
A010884,2026-04,Month-to-month,96.99,5,0
A010885,2026-04,Month-to-month,47.02,3,0
A010886,2026-04,Month-to-month,77.89,3,0
A010887,2026-04,Month-to-month,66.13,3,0
A010888,2026-04,Month-to-month,64.09,1,0
A010889,2026-04,Month-to-month,60.13,4,1
A010890,2026-04,Month-to-month,57.13,0,0
A010891,2026-04,Month-to-month,77.12,1,0
A010892,2026-04,Month-to-month,64.13,3,0
A010893,2026-04,Month-to-month,73.33,2,0
A010894,2026-04,Month-to-month,86.01,3,1
A010895,2026-04,Month-to-month,50.04,1,0
A010896,2026-04,Month-to-month,76.59,2,0
A010897,2026-04,Month-to-month,62.24,2,0
A010898,2026-04,Month-to-month,66.63,1,0
A010899,2026-04,Month-to-month,79.17,1,0
A010900,2026-04,Month-to-month,80.75,3,0
A010901,2026-04,Month-to-month,55.18,3,0
A010902,2026-04,Month-to-month,86.64,4,0
A010903,2026-04,Month-to-month,70.17,3,0
A010904,2026-04,Month-to-month,81.09,3,0
A010905,2026-04,Month-to-month,92.48,3,0
A010906,2026-04,Month-to-month,47.93,1,0
A010907,2026-04,Month-to-month,59.95,4,0
A010908,2026-04,Month-to-month,47.85,5,0
A010909,2026-04,Month-to-month,70.44,2,0
A010910,2026-04,Month-to-month,68.71,4,0
A010911,2026-04,Month-to-month,58.69,1,0
A010912,2026-04,Month-to-month,84.53,5,0
A010913,2026-04,Month-to-month,83.26,3,0
A010914,2026-04,Month-to-month,82.31,0,0
A010915,2026-04,Month-to-month,75.14,6,0
A010916,2026-04,Month-to-month,40.25,4,0
A010917,2026-04,Month-to-month,90.53,2,0
A010918,2026-04,Month-to-month,44.67,1,0
A010919,2026-04,Month-to-month,68.63,4,0
A010920,2026-04,Month-to-month,89.32,2,0
A010921,2026-04,Month-to-month,69.09,0,0
A010922,2026-04,Month-to-month,78.35,2,0
A010923,2026-04,Month-to-month,90.18,2,0
A010924,2026-04,Month-to-month,54.35,2,0
A010925,2026-04,Month-to-month,66.95,3,0
A010926,2026-04,Month-to-month,48.45,4,0
A010927,2026-04,Month-to-month,59.58,3,0
A010928,2026-04,Month-to-month,82.17,1,0
A010929,2026-04,Month-to-month,96.29,5,0
A010930,2026-04,Month-to-month,57.61,1,0
A010931,2026-04,Month-to-month,68.71,2,0
A010932,2026-04,Month-to-month,68.17,3,1
A010933,2026-04,Month-to-month,68.64,2,0
A010934,2026-04,Month-to-month,80.62,2,0
A010935,2026-04,Month-to-month,67.3,3,0
A010936,2026-04,Month-to-month,55.02,1,0
A010937,2026-04,Month-to-month,53.15,4,0
A010938,2026-04,Month-to-month,52.36,0,0
A010939,2026-04,Month-to-month,58.6,0,0
A010940,2026-04,Month-to-month,62.81,3,0
A010941,2026-04,Month-to-month,26.07,4,0
A010942,2026-04,Month-to-month,83.13,2,0
A010943,2026-04,Month-to-month,72.53,2,0
A010944,2026-04,Month-to-month,61.85,0,0
A010945,2026-04,Month-to-month,50.65,4,0
A010946,2026-04,Month-to-month,91.82,0,0
A010947,2026-04,Month-to-month,78.44,4,0
A010948,2026-04,Month-to-month,42.12,2,0
A010949,2026-04,Month-to-month,72.73,6,0
A010950,2026-04,Month-to-month,82.85,1,0
A010951,2026-04,Month-to-month,36.45,0,0
A010952,2026-04,Month-to-month,72.46,3,0
A010953,2026-04,Month-to-month,81.86,2,0
A010954,2026-04,Month-to-month,96.86,1,0
A010955,2026-04,Month-to-month,81.48,0,0
A010956,2026-04,Month-to-month,81.36,1,0
A010957,2026-04,Month-to-month,38.21,0,0
A010958,2026-04,Month-to-month,61.81,2,0
A010959,2026-04,Month-to-month,62.46,2,0
A010960,2026-04,Month-to-month,76.34,0,0
A010961,2026-04,Month-to-month,70.86,4,0
A010962,2026-04,Month-to-month,76.82,4,0
A010963,2026-04,Month-to-month,75.49,1,1
A010964,2026-04,Month-to-month,67.53,2,0
A010965,2026-04,Month-to-month,85.96,6,0
A010966,2026-04,Month-to-month,82.64,2,0
A010967,2026-04,Month-to-month,52.37,3,0
A010968,2026-04,Month-to-month,45.21,5,0
A010969,2026-04,Month-to-month,55.08,5,1
A010970,2026-04,Month-to-month,60.08,3,0
A010971,2026-04,Month-to-month,47.4,1,0
A010972,2026-04,Month-to-month,86.62,0,0
A010973,2026-04,Month-to-month,67.35,3,0
A010974,2026-04,Month-to-month,59.56,3,0
A010975,2026-04,Month-to-month,78.21,0,0
A010976,2026-04,Month-to-month,68.76,1,0
A010977,2026-04,Month-to-month,58.34,2,0
A010978,2026-04,Month-to-month,54.61,5,0
A010979,2026-04,Month-to-month,52.0,3,0
A010980,2026-04,Month-to-month,59.97,2,0
A010981,2026-04,Month-to-month,52.96,4,0
A010982,2026-04,Month-to-month,65.01,1,0
A010983,2026-04,Month-to-month,87.9,3,0
A010984,2026-04,Month-to-month,88.27,2,0
A010985,2026-04,Month-to-month,60.24,3,0
A010986,2026-04,Month-to-month,81.38,3,0
A010987,2026-04,Month-to-month,71.56,2,0
A010988,2026-04,Month-to-month,87.76,5,0
A010989,2026-04,Month-to-month,65.31,3,0
A010990,2026-04,Month-to-month,59.74,4,1
A010991,2026-04,Month-to-month,73.66,3,0
A010992,2026-04,Month-to-month,61.18,2,0
A010993,2026-04,Month-to-month,62.11,3,0
A010994,2026-04,Month-to-month,55.05,4,1
A010995,2026-04,Month-to-month,60.02,3,0
A010996,2026-04,Month-to-month,64.52,2,0
A010997,2026-04,Month-to-month,57.07,3,0
A010998,2026-04,Month-to-month,69.86,2,0
A010999,2026-04,Month-to-month,56.69,4,0
A011000,2026-04,Month-to-month,71.1,0,0
A011001,2026-04,Month-to-month,40.83,2,1
A011002,2026-04,Month-to-month,61.08,5,0
A011003,2026-04,Month-to-month,107.13,3,0
A011004,2026-04,Month-to-month,64.29,4,0
A011005,2026-04,Month-to-month,57.47,3,0
A011006,2026-04,Month-to-month,65.37,3,0
A011007,2026-04,Month-to-month,87.08,3,1
A011008,2026-04,Month-to-month,65.32,4,0
A011009,2026-04,Month-to-month,56.45,2,1
A011010,2026-04,Month-to-month,66.94,3,0
A011011,2026-04,Month-to-month,60.55,4,0
A011012,2026-04,Month-to-month,58.75,4,0
A011013,2026-04,Month-to-month,57.73,2,0
A011014,2026-04,Month-to-month,53.17,2,0
A011015,2026-04,Month-to-month,58.22,3,0
A011016,2026-04,Month-to-month,65.47,4,0
A011017,2026-04,Month-to-month,75.56,1,0
A011018,2026-04,Month-to-month,78.15,1,0
A011019,2026-04,Month-to-month,103.16,3,0
A011020,2026-04,Month-to-month,98.49,2,0
A011021,2026-04,Month-to-month,51.11,1,0
A011022,2026-04,Month-to-month,69.19,4,0
A011023,2026-04,Month-to-month,76.99,5,0
A011024,2026-04,Month-to-month,51.1,4,0
A011025,2026-04,Month-to-month,64.42,1,0
A011026,2026-04,Month-to-month,65.07,6,1
A011027,2026-04,Month-to-month,60.46,5,0
A011028,2026-04,Month-to-month,75.89,3,0
A011029,2026-04,Month-to-month,75.19,4,0
A011030,2026-04,Month-to-month,80.81,1,0
A011031,2026-04,Month-to-month,72.07,3,0
A011032,2026-04,Month-to-month,63.23,0,0
A011033,2026-04,Month-to-month,39.62,3,0
A011034,2026-04,Month-to-month,72.35,2,0
A011035,2026-04,Month-to-month,49.8,1,0
A011036,2026-04,Month-to-month,55.79,3,0
A011037,2026-04,Month-to-month,69.31,2,0
A011038,2026-04,Month-to-month,54.31,2,0
A011039,2026-04,Month-to-month,66.41,1,0
A011040,2026-04,Month-to-month,55.14,2,0
A011041,2026-04,Month-to-month,66.27,1,0
A011042,2026-04,Month-to-month,53.5,3,0
A011043,2026-04,Month-to-month,87.43,2,1
A011044,2026-04,Month-to-month,75.41,0,0
A011045,2026-04,Month-to-month,76.79,3,1
A011046,2026-04,Month-to-month,74.4,4,0
A011047,2026-04,Month-to-month,76.15,4,0
A011048,2026-04,Month-to-month,63.71,0,0
A011049,2026-04,Month-to-month,80.55,1,0
A011050,2026-04,Month-to-month,80.73,4,0
A011051,2026-04,Month-to-month,87.93,2,0
A011052,2026-04,Month-to-month,73.43,1,0
A011053,2026-04,Month-to-month,59.79,2,0
A011054,2026-04,Month-to-month,50.1,3,0
A011055,2026-04,Month-to-month,63.7,3,0
A011056,2026-04,Month-to-month,74.97,4,0
A011057,2026-04,Month-to-month,80.23,1,0
A011058,2026-04,Month-to-month,79.6,4,0
A011059,2026-04,Month-to-month,80.96,2,0
A011060,2026-04,Month-to-month,59.35,3,1
A011061,2026-04,Month-to-month,56.28,1,1
A011062,2026-04,Month-to-month,80.2,2,0
A011063,2026-04,Month-to-month,68.2,1,0
A011064,2026-04,Month-to-month,72.04,1,0
A011065,2026-04,Month-to-month,76.89,4,0
A011066,2026-04,Month-to-month,71.12,4,0
A011067,2026-04,Month-to-month,92.21,3,0
A011068,2026-04,Month-to-month,47.54,2,1
A011069,2026-04,Month-to-month,76.04,3,0
A011070,2026-04,Month-to-month,67.92,3,0
A011071,2026-04,Month-to-month,76.72,1,0
A011072,2026-04,Month-to-month,89.81,3,0
A011073,2026-04,Month-to-month,72.1,4,1
A011074,2026-04,Month-to-month,61.79,4,0
A011075,2026-04,Month-to-month,64.27,4,1
A011076,2026-04,Month-to-month,61.94,0,0
A011077,2026-04,Month-to-month,54.21,4,0
A011078,2026-04,Month-to-month,69.73,2,0
A011079,2026-04,Month-to-month,78.79,0,0
A011080,2026-04,Month-to-month,99.54,1,0
A011081,2026-04,Month-to-month,54.96,3,0
A011082,2026-04,Month-to-month,59.33,2,0
A011083,2026-04,Month-to-month,53.76,4,0
A011084,2026-04,Month-to-month,66.24,2,0
A011085,2026-04,Month-to-month,80.97,2,0
A011086,2026-04,Month-to-month,77.82,2,0
A011087,2026-04,Month-to-month,71.35,3,0
A011088,2026-04,Month-to-month,74.34,3,0
A011089,2026-04,Month-to-month,43.37,0,0
A011090,2026-04,Month-to-month,72.54,2,0
A011091,2026-04,Month-to-month,55.95,1,0
A011092,2026-04,Month-to-month,70.72,0,0
A011093,2026-04,Month-to-month,71.17,5,1
A011094,2026-04,Month-to-month,36.37,1,0
A011095,2026-04,Month-to-month,51.39,2,0
A011096,2026-04,Month-to-month,53.31,0,0
A011097,2026-04,Month-to-month,58.61,2,0
A011098,2026-04,Month-to-month,68.48,1,0
A011099,2026-04,Month-to-month,70.99,2,0
A011100,2026-04,Month-to-month,51.21,2,0
A011101,2026-04,Month-to-month,81.26,3,0
A011102,2026-04,Month-to-month,86.08,3,0
A011103,2026-04,Month-to-month,101.93,1,0
A011104,2026-04,Month-to-month,81.57,4,0
A011105,2026-04,Month-to-month,91.54,2,0
A011106,2026-04,Month-to-month,57.86,3,0
A011107,2026-04,Month-to-month,48.18,4,0
A011108,2026-04,Month-to-month,82.69,2,0
A011109,2026-04,Month-to-month,64.79,1,0
A011110,2026-04,Month-to-month,64.99,3,0
A011111,2026-04,Month-to-month,94.9,1,0
A011112,2026-04,Month-to-month,56.9,4,0
A011113,2026-04,Month-to-month,62.98,3,0
A011114,2026-04,Month-to-month,36.56,5,0
A011115,2026-04,Month-to-month,67.02,0,0
A011116,2026-04,Month-to-month,73.06,3,0
A011117,2026-04,Month-to-month,67.41,2,0
A011118,2026-04,Month-to-month,82.07,3,0
A011119,2026-04,Month-to-month,78.53,4,0
A011120,2026-04,Month-to-month,65.15,3,0
A011121,2026-04,Month-to-month,65.7,2,0
A011122,2026-04,Month-to-month,55.18,4,0
A011123,2026-04,Month-to-month,88.04,1,0
A011124,2026-04,Month-to-month,63.79,2,0
A011125,2026-04,Month-to-month,84.5,4,0
A011126,2026-04,Month-to-month,64.93,2,0
A011127,2026-04,Month-to-month,64.06,2,0
A011128,2026-04,Month-to-month,85.71,4,0
A011129,2026-04,Month-to-month,57.93,3,1
A011130,2026-04,Month-to-month,66.68,2,1
A011131,2026-04,Month-to-month,72.61,2,0
A011132,2026-04,Month-to-month,72.32,0,0
A011133,2026-04,Month-to-month,79.84,2,0
A011134,2026-04,Month-to-month,93.9,3,0
A011135,2026-04,Month-to-month,69.29,2,0
A011136,2026-04,Month-to-month,63.44,3,0
A011137,2026-04,Month-to-month,72.6,2,0
A011138,2026-04,Month-to-month,63.8,2,0
A011139,2026-04,Month-to-month,58.63,3,0
A011140,2026-04,Month-to-month,58.45,4,0
A011141,2026-04,Month-to-month,42.93,0,0
A011142,2026-04,Month-to-month,52.7,2,0
A011143,2026-04,Month-to-month,81.79,4,0
A011144,2026-04,Month-to-month,62.22,1,0
A011145,2026-04,Month-to-month,78.2,2,0
A011146,2026-04,Month-to-month,46.73,4,0
A011147,2026-04,Month-to-month,81.23,2,0
A011148,2026-04,Month-to-month,84.73,3,0
A011149,2026-04,Month-to-month,62.17,4,0
A011150,2026-04,Month-to-month,69.5,1,0
A011151,2026-04,Month-to-month,67.19,3,0
A011152,2026-04,Month-to-month,53.95,2,0
A011153,2026-04,Month-to-month,80.68,1,0
A011154,2026-04,Month-to-month,50.09,3,0
A011155,2026-04,Month-to-month,73.45,1,0
A011156,2026-04,Month-to-month,50.71,2,1
A011157,2026-04,Month-to-month,69.17,1,0
A011158,2026-04,Month-to-month,72.98,3,0
A011159,2026-04,Month-to-month,79.45,2,0
A011160,2026-04,Month-to-month,56.65,3,0
A011161,2026-04,Month-to-month,26.27,2,0
A011162,2026-04,Month-to-month,68.1,5,0
A011163,2026-04,Month-to-month,57.93,2,0
A011164,2026-04,Month-to-month,51.09,0,0
A011165,2026-04,Month-to-month,63.48,4,0
A011166,2026-04,Month-to-month,69.33,4,0
A011167,2026-04,Month-to-month,56.25,0,0
A011168,2026-04,Month-to-month,59.91,0,0
A011169,2026-04,Month-to-month,56.86,3,0
A011170,2026-04,Month-to-month,67.31,3,0
A011171,2026-04,Month-to-month,87.25,0,0
A011172,2026-04,Month-to-month,63.47,1,0
A011173,2026-04,Month-to-month,69.14,1,0
A011174,2026-04,Month-to-month,68.23,4,0
A011175,2026-04,Month-to-month,95.53,5,0
A011176,2026-04,Month-to-month,77.89,4,0
A011177,2026-04,Month-to-month,63.75,3,0
A011178,2026-04,Month-to-month,74.95,7,0
A011179,2026-04,Month-to-month,74.85,1,0
A011180,2026-04,Month-to-month,58.5,3,0
A011181,2026-04,Month-to-month,75.15,3,0
A011182,2026-04,Month-to-month,70.72,4,0
A011183,2026-04,Month-to-month,96.51,2,0
A011184,2026-04,Month-to-month,53.0,4,0
A011185,2026-04,Month-to-month,42.32,1,0
A011186,2026-04,Month-to-month,79.23,0,0
A011187,2026-04,Month-to-month,66.94,1,0
A011188,2026-04,Month-to-month,70.03,2,0
A011189,2026-04,Month-to-month,58.09,3,0
A011190,2026-04,Month-to-month,49.03,3,0
A011191,2026-04,Month-to-month,58.19,3,0
A011192,2026-04,Month-to-month,77.67,0,0
A011193,2026-04,Month-to-month,71.82,0,0
A011194,2026-04,Month-to-month,55.92,0,0
A011195,2026-04,Month-to-month,78.18,4,0
A011196,2026-04,Month-to-month,69.82,6,0
A011197,2026-04,Month-to-month,79.66,1,0
A011198,2026-04,Month-to-month,47.72,2,0
A011199,2026-04,Month-to-month,54.51,4,0
A011200,2026-04,Month-to-month,85.78,3,0
A011201,2026-04,Month-to-month,63.72,3,0
A011202,2026-04,Month-to-month,73.4,3,0
A011203,2026-04,Month-to-month,73.41,4,0
A011204,2026-04,Month-to-month,71.31,2,0
A011205,2026-04,Month-to-month,63.72,2,0
A011206,2026-04,Month-to-month,61.82,1,0
A011207,2026-04,Month-to-month,86.2,3,0
A011208,2026-04,Month-to-month,78.28,2,0
A011209,2026-04,Month-to-month,53.7,3,0
A011210,2026-04,Month-to-month,81.63,5,0
A011211,2026-04,Month-to-month,74.78,1,0
A011212,2026-04,Month-to-month,61.76,2,0
A011213,2026-04,Month-to-month,66.48,3,0
A011214,2026-04,Month-to-month,87.19,4,0
A011215,2026-04,Month-to-month,63.14,2,0
A011216,2026-04,Month-to-month,78.69,2,0
A011217,2026-04,Month-to-month,61.39,1,0
A011218,2026-04,Month-to-month,50.34,3,0
A011219,2026-04,Month-to-month,61.65,3,0
A011220,2026-04,Month-to-month,47.91,3,0
A011221,2026-04,Month-to-month,66.53,3,0
A011222,2026-04,Month-to-month,49.2,3,0
A011223,2026-04,Month-to-month,55.34,2,0
A011224,2026-04,Month-to-month,72.19,1,0
A011225,2026-04,Month-to-month,77.58,1,0
A011226,2026-04,Month-to-month,87.04,5,0
A011227,2026-04,Month-to-month,69.63,4,0
A011228,2026-04,Month-to-month,37.96,2,0
A011229,2026-04,Month-to-month,72.95,2,0
A011230,2026-04,Month-to-month,100.68,5,0
A011231,2026-04,Month-to-month,79.27,2,0
A011232,2026-04,Month-to-month,62.71,3,0
A011233,2026-04,Month-to-month,68.73,0,0
A011234,2026-04,Month-to-month,86.89,1,0
A011235,2026-04,Month-to-month,74.23,2,0
A011236,2026-04,Month-to-month,95.04,0,0
A011237,2026-04,Month-to-month,67.16,1,0
A011238,2026-04,Month-to-month,48.97,2,0
A011239,2026-04,Month-to-month,78.61,3,0
A011240,2026-04,Month-to-month,61.19,2,0
A011241,2026-04,One-year,61.85,2,0
A011242,2026-04,One-year,68.33,2,0
A011243,2026-04,One-year,84.35,0,0
A011244,2026-04,One-year,98.94,3,0
A011245,2026-04,One-year,85.78,0,0
A011246,2026-04,One-year,89.09,1,0
A011247,2026-04,One-year,73.1,1,0
A011248,2026-04,One-year,68.57,2,0
A011249,2026-04,One-year,76.07,0,0
A011250,2026-04,One-year,72.11,2,0
A011251,2026-04,One-year,74.17,0,0
A011252,2026-04,One-year,57.76,0,0
A011253,2026-04,One-year,85.29,2,0
A011254,2026-04,One-year,81.42,0,0
A011255,2026-04,One-year,61.46,1,0
A011256,2026-04,One-year,86.01,0,0
A011257,2026-04,One-year,68.29,3,0
A011258,2026-04,One-year,70.26,2,0
A011259,2026-04,One-year,71.63,1,0
A011260,2026-04,One-year,61.13,0,0
A011261,2026-04,One-year,89.63,0,0
A011262,2026-04,One-year,54.83,1,0
A011263,2026-04,One-year,61.83,3,0
A011264,2026-04,One-year,87.86,2,0
A011265,2026-04,One-year,72.1,2,0
A011266,2026-04,One-year,92.47,2,0
A011267,2026-04,One-year,58.01,0,0
A011268,2026-04,One-year,73.52,2,0
A011269,2026-04,One-year,68.88,1,0
A011270,2026-04,One-year,88.66,4,1
A011271,2026-04,One-year,59.95,1,0
A011272,2026-04,One-year,77.22,1,0
A011273,2026-04,One-year,82.81,2,0
A011274,2026-04,One-year,80.19,2,0
A011275,2026-04,One-year,68.96,2,0
A011276,2026-04,One-year,87.26,2,1
A011277,2026-04,One-year,77.08,1,0
A011278,2026-04,One-year,55.95,2,0
A011279,2026-04,One-year,93.92,1,0
A011280,2026-04,One-year,100.43,0,0
A011281,2026-04,One-year,97.66,0,0
A011282,2026-04,One-year,70.84,3,0
A011283,2026-04,One-year,87.98,2,0
A011284,2026-04,One-year,64.61,3,0
A011285,2026-04,One-year,61.49,0,0
A011286,2026-04,One-year,73.76,3,0
A011287,2026-04,One-year,55.98,2,0
A011288,2026-04,One-year,82.15,3,0
A011289,2026-04,One-year,59.19,3,0
A011290,2026-04,One-year,69.46,1,1
A011291,2026-04,One-year,73.64,3,0
A011292,2026-04,One-year,56.19,0,0
A011293,2026-04,One-year,75.95,0,0
A011294,2026-04,One-year,72.45,4,0
A011295,2026-04,One-year,85.9,3,0
A011296,2026-04,One-year,90.72,2,0
A011297,2026-04,One-year,80.36,2,0
A011298,2026-04,One-year,85.86,1,0
A011299,2026-04,One-year,69.22,0,0
A011300,2026-04,One-year,59.32,3,0
A011301,2026-04,One-year,76.23,3,0
A011302,2026-04,One-year,63.7,0,0
A011303,2026-04,One-year,76.75,2,0
A011304,2026-04,One-year,63.86,1,0
A011305,2026-04,One-year,83.97,0,0
A011306,2026-04,One-year,79.89,1,0
A011307,2026-04,One-year,53.97,2,0
A011308,2026-04,One-year,78.25,2,0
A011309,2026-04,One-year,67.19,3,0
A011310,2026-04,One-year,59.39,0,0
A011311,2026-04,One-year,77.58,4,0
A011312,2026-04,One-year,81.48,0,0
A011313,2026-04,One-year,56.5,2,0
A011314,2026-04,One-year,66.29,0,0
A011315,2026-04,One-year,72.55,1,0
A011316,2026-04,One-year,96.75,0,0
A011317,2026-04,One-year,73.31,0,0
A011318,2026-04,One-year,87.3,1,0
A011319,2026-04,One-year,82.12,1,0
A011320,2026-04,One-year,73.45,2,0
A011321,2026-04,One-year,46.91,1,0
A011322,2026-04,One-year,78.16,1,0
A011323,2026-04,One-year,73.23,0,0
A011324,2026-04,One-year,49.03,2,0
A011325,2026-04,One-year,64.21,3,0
A011326,2026-04,One-year,93.23,4,0
A011327,2026-04,One-year,85.93,0,0
A011328,2026-04,One-year,81.91,0,0
A011329,2026-04,One-year,64.0,1,0
A011330,2026-04,One-year,87.75,0,0
A011331,2026-04,One-year,65.15,0,0
A011332,2026-04,One-year,56.66,4,0
A011333,2026-04,One-year,51.98,0,0
A011334,2026-04,One-year,81.63,2,0
A011335,2026-04,One-year,66.21,2,0
A011336,2026-04,One-year,93.02,1,0
A011337,2026-04,One-year,66.11,2,0
A011338,2026-04,One-year,54.63,2,0
A011339,2026-04,One-year,55.55,1,0
A011340,2026-04,One-year,59.72,2,0
A011341,2026-04,One-year,84.73,1,0
A011342,2026-04,One-year,52.71,3,0
A011343,2026-04,One-year,78.67,2,0
A011344,2026-04,One-year,73.23,1,0
A011345,2026-04,One-year,67.06,1,0
A011346,2026-04,One-year,70.15,3,0
A011347,2026-04,One-year,99.24,1,1
A011348,2026-04,One-year,79.51,2,0
A011349,2026-04,One-year,79.62,1,0
A011350,2026-04,One-year,89.8,2,0
A011351,2026-04,One-year,73.29,1,0
A011352,2026-04,One-year,87.0,2,0
A011353,2026-04,One-year,62.4,0,0
A011354,2026-04,One-year,76.25,1,0
A011355,2026-04,One-year,90.13,3,0
A011356,2026-04,One-year,56.7,1,0
A011357,2026-04,One-year,87.65,2,0
A011358,2026-04,One-year,78.1,2,0
A011359,2026-04,One-year,85.94,3,0
A011360,2026-04,One-year,87.76,0,0
A011361,2026-04,One-year,85.14,5,0
A011362,2026-04,One-year,90.68,4,0
A011363,2026-04,One-year,67.77,2,0
A011364,2026-04,One-year,63.32,3,0
A011365,2026-04,One-year,108.68,1,0
A011366,2026-04,One-year,71.53,3,0
A011367,2026-04,One-year,67.73,4,0
A011368,2026-04,One-year,93.13,3,0
A011369,2026-04,One-year,76.35,1,0
A011370,2026-04,One-year,61.72,4,0
A011371,2026-04,One-year,84.87,4,0
A011372,2026-04,One-year,88.39,1,0
A011373,2026-04,One-year,73.4,0,0
A011374,2026-04,One-year,81.82,4,0
A011375,2026-04,One-year,64.88,4,0
A011376,2026-04,One-year,77.04,1,0
A011377,2026-04,One-year,56.87,0,0
A011378,2026-04,One-year,72.49,1,0
A011379,2026-04,One-year,72.48,3,0
A011380,2026-04,One-year,63.31,0,0
A011381,2026-04,One-year,60.22,3,0
A011382,2026-04,One-year,74.15,1,0
A011383,2026-04,One-year,84.79,2,0
A011384,2026-04,One-year,88.66,1,0
A011385,2026-04,One-year,83.51,2,0
A011386,2026-04,One-year,63.43,4,0
A011387,2026-04,One-year,68.43,0,0
A011388,2026-04,One-year,72.16,2,0
A011389,2026-04,One-year,108.16,3,0
A011390,2026-04,One-year,100.52,0,0
A011391,2026-04,One-year,72.48,2,0
A011392,2026-04,One-year,50.47,3,0
A011393,2026-04,One-year,62.32,2,0
A011394,2026-04,One-year,75.51,1,0
A011395,2026-04,One-year,78.06,4,0
A011396,2026-04,One-year,90.69,3,0
A011397,2026-04,One-year,98.61,0,0
A011398,2026-04,One-year,89.2,4,0
A011399,2026-04,One-year,81.39,0,0
A011400,2026-04,One-year,63.03,2,0
A011401,2026-04,One-year,85.75,1,0
A011402,2026-04,One-year,77.8,1,0
A011403,2026-04,One-year,78.12,1,0
A011404,2026-04,One-year,81.38,1,0
A011405,2026-04,One-year,84.44,2,0
A011406,2026-04,One-year,94.25,1,0
A011407,2026-04,One-year,50.37,2,0
A011408,2026-04,One-year,77.11,1,0
A011409,2026-04,One-year,76.6,1,0
A011410,2026-04,One-year,68.64,2,0
A011411,2026-04,One-year,83.48,3,0
A011412,2026-04,One-year,64.05,0,0
A011413,2026-04,One-year,90.13,0,0
A011414,2026-04,One-year,92.57,2,0
A011415,2026-04,One-year,79.97,3,0
A011416,2026-04,One-year,77.0,1,0
A011417,2026-04,One-year,57.85,2,0
A011418,2026-04,One-year,69.97,2,0
A011419,2026-04,One-year,82.39,0,0
A011420,2026-04,One-year,74.49,2,0
A011421,2026-04,One-year,85.03,0,0
A011422,2026-04,One-year,63.83,2,0
A011423,2026-04,One-year,74.96,0,0
A011424,2026-04,One-year,73.51,1,0
A011425,2026-04,One-year,71.45,4,0
A011426,2026-04,One-year,74.6,3,0
A011427,2026-04,One-year,90.31,3,0
A011428,2026-04,One-year,83.39,1,0
A011429,2026-04,One-year,49.6,2,0
A011430,2026-04,One-year,62.13,1,0
A011431,2026-04,One-year,70.57,0,0
A011432,2026-04,One-year,69.4,3,0
A011433,2026-04,One-year,79.81,2,0
A011434,2026-04,One-year,63.05,1,0
A011435,2026-04,One-year,68.84,2,0
A011436,2026-04,One-year,54.01,2,0
A011437,2026-04,One-year,79.25,0,0
A011438,2026-04,One-year,86.29,1,0
A011439,2026-04,One-year,58.5,2,0
A011440,2026-04,One-year,71.47,5,0
A011441,2026-04,One-year,60.38,3,0
A011442,2026-04,One-year,93.27,2,0
A011443,2026-04,One-year,96.37,2,1
A011444,2026-04,One-year,76.55,1,0
A011445,2026-04,One-year,85.1,0,0
A011446,2026-04,One-year,83.06,1,0
A011447,2026-04,One-year,51.43,1,0
A011448,2026-04,One-year,94.53,3,0
A011449,2026-04,One-year,57.47,0,0
A011450,2026-04,One-year,66.21,0,0
A011451,2026-04,One-year,72.55,2,0
A011452,2026-04,One-year,79.91,4,0
A011453,2026-04,One-year,93.7,0,1
A011454,2026-04,One-year,61.91,3,0
A011455,2026-04,One-year,72.6,0,0
A011456,2026-04,One-year,55.25,0,0
A011457,2026-04,One-year,90.72,1,0
A011458,2026-04,One-year,87.31,1,0
A011459,2026-04,One-year,54.35,1,0
A011460,2026-04,One-year,47.98,1,0
A011461,2026-04,One-year,91.27,4,0
A011462,2026-04,One-year,63.56,5,0
A011463,2026-04,One-year,91.18,1,0
A011464,2026-04,One-year,85.58,2,0
A011465,2026-04,One-year,74.99,0,0
A011466,2026-04,One-year,75.67,1,0
A011467,2026-04,One-year,100.38,3,1
A011468,2026-04,One-year,60.55,3,0
A011469,2026-04,One-year,65.67,4,0
A011470,2026-04,One-year,62.93,4,0
A011471,2026-04,One-year,60.52,2,0
A011472,2026-04,One-year,52.05,2,0
A011473,2026-04,One-year,79.89,2,0
A011474,2026-04,One-year,78.82,1,0
A011475,2026-04,One-year,89.16,1,0
A011476,2026-04,One-year,53.0,2,0
A011477,2026-04,One-year,89.32,0,0
A011478,2026-04,One-year,89.21,2,0
A011479,2026-04,One-year,82.3,2,0
A011480,2026-04,One-year,84.37,0,0
A011481,2026-04,One-year,46.81,0,0
A011482,2026-04,One-year,86.69,2,0
A011483,2026-04,One-year,76.26,2,0
A011484,2026-04,One-year,92.81,4,0
A011485,2026-04,One-year,83.52,1,0
A011486,2026-04,One-year,67.51,2,0
A011487,2026-04,One-year,58.68,1,0
A011488,2026-04,One-year,55.19,2,0
A011489,2026-04,One-year,94.71,3,0
A011490,2026-04,One-year,56.99,1,0
A011491,2026-04,One-year,69.72,3,0
A011492,2026-04,One-year,98.86,0,0
A011493,2026-04,One-year,89.54,1,0
A011494,2026-04,One-year,41.52,1,0
A011495,2026-04,One-year,57.91,2,0
A011496,2026-04,One-year,65.5,1,0
A011497,2026-04,One-year,75.44,2,0
A011498,2026-04,One-year,63.02,1,0
A011499,2026-04,One-year,77.05,0,0
A011500,2026-04,One-year,70.32,2,0
A011501,2026-04,One-year,75.55,4,0
A011502,2026-04,One-year,82.18,2,0
A011503,2026-04,One-year,70.69,3,0
A011504,2026-04,One-year,76.45,1,0
A011505,2026-04,One-year,81.06,0,0
A011506,2026-04,One-year,70.25,1,0
A011507,2026-04,One-year,81.35,1,0
A011508,2026-04,One-year,95.18,2,0
A011509,2026-04,One-year,69.88,1,0
A011510,2026-04,One-year,52.88,2,0
A011511,2026-04,One-year,64.52,3,0
A011512,2026-04,One-year,56.92,3,0
A011513,2026-04,One-year,57.61,1,0
A011514,2026-04,One-year,60.05,4,0
A011515,2026-04,One-year,90.02,1,0
A011516,2026-04,One-year,77.96,3,0
A011517,2026-04,One-year,80.89,2,0
A011518,2026-04,One-year,42.68,2,0
A011519,2026-04,One-year,94.11,1,0
A011520,2026-04,One-year,67.4,0,0
A011521,2026-04,One-year,73.82,0,0
A011522,2026-04,One-year,71.2,4,0
A011523,2026-04,One-year,80.87,1,0
A011524,2026-04,One-year,79.6,4,0
A011525,2026-04,One-year,78.44,0,0
A011526,2026-04,One-year,92.8,0,0
A011527,2026-04,One-year,81.28,3,0
A011528,2026-04,One-year,75.74,1,0
A011529,2026-04,One-year,81.55,2,0
A011530,2026-04,One-year,75.96,4,0
A011531,2026-04,One-year,84.2,3,0
A011532,2026-04,One-year,73.15,2,0
A011533,2026-04,One-year,69.35,6,0
A011534,2026-04,One-year,68.35,2,0
A011535,2026-04,One-year,92.86,3,0
A011536,2026-04,One-year,59.29,1,0
A011537,2026-04,One-year,65.04,2,0
A011538,2026-04,One-year,84.71,1,0
A011539,2026-04,One-year,48.72,1,0
A011540,2026-04,One-year,57.39,3,0
A011541,2026-04,One-year,64.83,1,0
A011542,2026-04,One-year,84.27,0,0
A011543,2026-04,One-year,65.89,0,0
A011544,2026-04,One-year,61.49,0,0
A011545,2026-04,One-year,94.87,1,0
A011546,2026-04,One-year,86.09,3,0
A011547,2026-04,One-year,88.22,2,0
A011548,2026-04,One-year,94.62,2,0
A011549,2026-04,One-year,73.73,1,0
A011550,2026-04,One-year,84.43,2,0
A011551,2026-04,One-year,91.83,0,0
A011552,2026-04,One-year,72.05,3,0
A011553,2026-04,One-year,96.88,0,0
A011554,2026-04,One-year,80.4,1,0
A011555,2026-04,One-year,88.96,2,0
A011556,2026-04,One-year,43.94,2,0
A011557,2026-04,One-year,51.72,0,0
A011558,2026-04,One-year,91.75,2,0
A011559,2026-04,One-year,91.29,3,0
A011560,2026-04,One-year,85.52,2,0
A011561,2026-04,One-year,53.83,0,0
A011562,2026-04,One-year,75.31,3,0
A011563,2026-04,One-year,56.36,1,0
A011564,2026-04,One-year,58.61,1,0
A011565,2026-04,One-year,89.15,1,0
A011566,2026-04,One-year,79.29,0,0
A011567,2026-04,One-year,84.57,0,0
A011568,2026-04,One-year,84.52,0,0
A011569,2026-04,One-year,80.45,3,0
A011570,2026-04,One-year,84.53,1,0
A011571,2026-04,One-year,86.02,2,0
A011572,2026-04,One-year,63.81,2,0
A011573,2026-04,One-year,68.85,2,0
A011574,2026-04,One-year,72.35,1,0
A011575,2026-04,One-year,64.33,2,0
A011576,2026-04,One-year,88.94,3,0
A011577,2026-04,One-year,63.71,0,0
A011578,2026-04,One-year,69.71,0,0
A011579,2026-04,One-year,81.83,1,0
A011580,2026-04,One-year,92.97,2,0
A011581,2026-04,One-year,77.54,2,0
A011582,2026-04,One-year,99.03,1,0
A011583,2026-04,One-year,64.13,0,0
A011584,2026-04,One-year,81.12,0,0
A011585,2026-04,One-year,70.36,2,0
A011586,2026-04,One-year,78.75,3,0
A011587,2026-04,One-year,107.16,0,0
A011588,2026-04,One-year,76.74,0,0
A011589,2026-04,One-year,83.01,3,0
A011590,2026-04,One-year,61.91,2,0
A011591,2026-04,One-year,53.82,2,0
A011592,2026-04,One-year,74.99,0,0
A011593,2026-04,One-year,81.01,0,0
A011594,2026-04,One-year,67.27,2,0
A011595,2026-04,One-year,66.02,3,1
A011596,2026-04,One-year,79.39,0,0
A011597,2026-04,One-year,61.48,3,0
A011598,2026-04,One-year,98.77,3,0
A011599,2026-04,One-year,75.41,5,0
A011600,2026-04,One-year,77.46,1,0
A011601,2026-04,One-year,66.62,0,0
A011602,2026-04,One-year,53.71,3,0
A011603,2026-04,One-year,81.66,3,0
A011604,2026-04,One-year,54.22,1,0
A011605,2026-04,One-year,70.9,4,0
A011606,2026-04,One-year,59.79,3,0
A011607,2026-04,One-year,68.83,3,0
A011608,2026-04,One-year,29.28,0,0
A011609,2026-04,One-year,90.89,1,0
A011610,2026-04,One-year,70.88,1,0
A011611,2026-04,One-year,72.42,2,0
A011612,2026-04,One-year,103.12,2,0
A011613,2026-04,One-year,61.48,1,0
A011614,2026-04,One-year,53.36,2,0
A011615,2026-04,One-year,75.67,4,0
A011616,2026-04,One-year,56.44,5,0
A011617,2026-04,One-year,82.04,2,0
A011618,2026-04,One-year,106.32,1,0
A011619,2026-04,One-year,76.89,2,0
A011620,2026-04,One-year,81.08,1,0
A011621,2026-04,One-year,80.42,2,0
A011622,2026-04,One-year,89.63,0,0
A011623,2026-04,One-year,96.74,1,0
A011624,2026-04,One-year,47.97,3,0
A011625,2026-04,One-year,74.42,0,0
A011626,2026-04,One-year,47.84,2,0
A011627,2026-04,One-year,65.95,3,0
A011628,2026-04,One-year,58.4,2,0
A011629,2026-04,One-year,55.53,1,0
A011630,2026-04,One-year,65.0,0,0
A011631,2026-04,One-year,76.73,0,0
A011632,2026-04,One-year,49.87,0,0
A011633,2026-04,One-year,73.88,5,0
A011634,2026-04,One-year,96.28,4,0
A011635,2026-04,One-year,45.9,3,0
A011636,2026-04,One-year,63.28,2,0
A011637,2026-04,One-year,75.47,0,0
A011638,2026-04,One-year,91.53,2,0
A011639,2026-04,One-year,89.13,0,0
A011640,2026-04,One-year,74.85,0,0
A011641,2026-04,One-year,69.91,4,0
A011642,2026-04,One-year,71.32,3,0
A011643,2026-04,One-year,39.21,3,0
A011644,2026-04,One-year,72.47,0,0
A011645,2026-04,One-year,95.8,0,0
A011646,2026-04,One-year,47.64,4,1
A011647,2026-04,One-year,92.46,0,0
A011648,2026-04,One-year,73.1,1,0
A011649,2026-04,One-year,82.63,3,0
A011650,2026-04,One-year,75.5,3,0
A011651,2026-04,One-year,95.65,2,0
A011652,2026-04,One-year,95.92,0,0
A011653,2026-04,One-year,50.01,4,0
A011654,2026-04,One-year,84.87,4,0
A011655,2026-04,One-year,71.52,1,0
A011656,2026-04,One-year,75.19,5,0
A011657,2026-04,One-year,64.01,0,0
A011658,2026-04,One-year,85.33,2,0
A011659,2026-04,One-year,52.71,0,0
A011660,2026-04,One-year,82.67,2,0
A011661,2026-04,One-year,93.28,2,0
A011662,2026-04,One-year,76.23,3,0
A011663,2026-04,One-year,88.59,1,0
A011664,2026-04,One-year,73.84,1,0
A011665,2026-04,One-year,58.84,1,0
A011666,2026-04,One-year,75.7,3,0
A011667,2026-04,One-year,82.54,2,0
A011668,2026-04,One-year,53.14,0,0
A011669,2026-04,One-year,83.21,3,0
A011670,2026-04,One-year,83.17,1,0
A011671,2026-04,Two-year,92.97,3,0
A011672,2026-04,Two-year,83.23,2,0
A011673,2026-04,Two-year,84.68,1,0
A011674,2026-04,Two-year,82.2,0,0
A011675,2026-04,Two-year,74.99,0,0
A011676,2026-04,Two-year,98.69,0,0
A011677,2026-04,Two-year,87.34,2,0
A011678,2026-04,Two-year,105.54,0,0
A011679,2026-04,Two-year,60.12,2,0
A011680,2026-04,Two-year,68.69,1,0
A011681,2026-04,Two-year,91.12,4,0
A011682,2026-04,Two-year,76.09,0,0
A011683,2026-04,Two-year,71.84,2,0
A011684,2026-04,Two-year,71.96,1,0
A011685,2026-04,Two-year,76.36,3,0
A011686,2026-04,Two-year,69.43,1,0
A011687,2026-04,Two-year,97.74,1,0
A011688,2026-04,Two-year,91.01,0,0
A011689,2026-04,Two-year,92.76,0,0
A011690,2026-04,Two-year,50.61,0,0
A011691,2026-04,Two-year,74.68,1,0
A011692,2026-04,Two-year,76.71,2,0
A011693,2026-04,Two-year,96.44,0,0
A011694,2026-04,Two-year,89.73,1,0
A011695,2026-04,Two-year,85.24,2,0
A011696,2026-04,Two-year,91.65,1,0
A011697,2026-04,Two-year,77.81,3,0
A011698,2026-04,Two-year,85.16,0,0
A011699,2026-04,Two-year,86.34,3,0
A011700,2026-04,Two-year,84.88,2,0
A011701,2026-04,Two-year,96.0,3,0
A011702,2026-04,Two-year,77.51,0,0
A011703,2026-04,Two-year,77.21,3,1
A011704,2026-04,Two-year,73.35,0,0
A011705,2026-04,Two-year,80.47,3,0
A011706,2026-04,Two-year,71.64,1,0
A011707,2026-04,Two-year,76.68,3,0
A011708,2026-04,Two-year,80.46,1,0
A011709,2026-04,Two-year,79.69,1,0
A011710,2026-04,Two-year,61.94,2,0
A011711,2026-04,Two-year,73.57,2,0
A011712,2026-04,Two-year,101.28,2,0
A011713,2026-04,Two-year,79.8,0,0
A011714,2026-04,Two-year,97.61,0,0
A011715,2026-04,Two-year,67.97,2,0
A011716,2026-04,Two-year,81.87,1,0
A011717,2026-04,Two-year,91.81,0,0
A011718,2026-04,Two-year,66.63,0,0
A011719,2026-04,Two-year,77.0,0,0
A011720,2026-04,Two-year,83.62,1,0
A011721,2026-04,Two-year,87.04,0,1
A011722,2026-04,Two-year,78.38,2,0
A011723,2026-04,Two-year,79.22,1,0
A011724,2026-04,Two-year,64.23,0,0
A011725,2026-04,Two-year,96.09,1,0
A011726,2026-04,Two-year,54.63,0,0
A011727,2026-04,Two-year,106.84,3,0
A011728,2026-04,Two-year,116.54,0,0
A011729,2026-04,Two-year,84.96,1,0
A011730,2026-04,Two-year,106.32,0,0
A011731,2026-04,Two-year,77.49,0,0
A011732,2026-04,Two-year,65.57,0,0
A011733,2026-04,Two-year,105.83,3,0
A011734,2026-04,Two-year,92.15,1,0
A011735,2026-04,Two-year,79.13,1,0
A011736,2026-04,Two-year,81.52,2,0
A011737,2026-04,Two-year,64.98,1,0
A011738,2026-04,Two-year,82.89,3,0
A011739,2026-04,Two-year,73.89,2,0
A011740,2026-04,Two-year,91.21,1,0
A011741,2026-04,Two-year,82.89,0,0
A011742,2026-04,Two-year,60.43,0,0
A011743,2026-04,Two-year,86.52,0,0
A011744,2026-04,Two-year,83.42,2,0
A011745,2026-04,Two-year,127.39,0,0
A011746,2026-04,Two-year,47.25,3,0
A011747,2026-04,Two-year,91.89,1,0
A011748,2026-04,Two-year,85.97,3,0
A011749,2026-04,Two-year,78.58,0,0
A011750,2026-04,Two-year,90.84,1,0
A011751,2026-04,Two-year,61.63,1,0
A011752,2026-04,Two-year,88.8,1,0
A011753,2026-04,Two-year,76.48,1,0
A011754,2026-04,Two-year,95.47,3,0
A011755,2026-04,Two-year,82.16,2,0
A011756,2026-04,Two-year,85.32,2,0
A011757,2026-04,Two-year,72.8,3,0
A011758,2026-04,Two-year,90.98,1,0
A011759,2026-04,Two-year,76.22,3,0
A011760,2026-04,Two-year,94.52,3,0
A011761,2026-04,Two-year,70.77,1,0
A011762,2026-04,Two-year,88.74,2,0
A011763,2026-04,Two-year,83.28,0,0
A011764,2026-04,Two-year,65.67,3,0
A011765,2026-04,Two-year,62.41,0,0
A011766,2026-04,Two-year,62.83,3,0
A011767,2026-04,Two-year,87.97,1,0
A011768,2026-04,Two-year,68.22,3,0
A011769,2026-04,Two-year,72.91,1,0
A011770,2026-04,Two-year,54.77,1,0
A011771,2026-04,Two-year,92.63,2,0
A011772,2026-04,Two-year,94.4,2,0
A011773,2026-04,Two-year,66.65,2,0
A011774,2026-04,Two-year,81.58,0,0
A011775,2026-04,Two-year,87.84,1,0
A011776,2026-04,Two-year,104.21,2,0
A011777,2026-04,Two-year,74.11,2,0
A011778,2026-04,Two-year,65.06,0,0
A011779,2026-04,Two-year,86.85,0,0
A011780,2026-04,Two-year,62.23,0,0
A011781,2026-04,Two-year,41.17,3,0
A011782,2026-04,Two-year,58.83,1,0
A011783,2026-04,Two-year,86.82,0,1
A011784,2026-04,Two-year,72.89,0,0
A011785,2026-04,Two-year,88.82,1,0
A011786,2026-04,Two-year,57.31,0,0
A011787,2026-04,Two-year,79.38,2,0
A011788,2026-04,Two-year,76.64,0,0
A011789,2026-04,Two-year,90.44,0,0
A011790,2026-04,Two-year,79.22,2,0
A011791,2026-04,Two-year,85.52,4,0
A011792,2026-04,Two-year,88.11,1,0
A011793,2026-04,Two-year,82.37,2,0
A011794,2026-04,Two-year,101.53,2,0
A011795,2026-04,Two-year,87.76,1,0
A011796,2026-04,Two-year,61.23,2,0
A011797,2026-04,Two-year,80.53,0,0
A011798,2026-04,Two-year,78.29,0,0
A011799,2026-04,Two-year,68.87,1,0
A011800,2026-04,Two-year,83.29,1,0
A011801,2026-04,Two-year,68.63,2,0
A011802,2026-04,Two-year,72.07,0,0
A011803,2026-04,Two-year,63.97,0,0
A011804,2026-04,Two-year,81.42,2,0
A011805,2026-04,Two-year,91.02,2,0
A011806,2026-04,Two-year,82.68,1,0
A011807,2026-04,Two-year,96.88,1,0
A011808,2026-04,Two-year,81.8,0,0
A011809,2026-04,Two-year,83.13,2,0
A011810,2026-04,Two-year,69.42,0,0
A011811,2026-04,Two-year,65.65,0,0
A011812,2026-04,Two-year,75.82,1,0
A011813,2026-04,Two-year,92.57,0,0
A011814,2026-04,Two-year,96.29,0,0
A011815,2026-04,Two-year,80.28,0,0
A011816,2026-04,Two-year,72.98,1,0
A011817,2026-04,Two-year,103.51,0,0
A011818,2026-04,Two-year,101.7,5,0
A011819,2026-04,Two-year,82.04,0,0
A011820,2026-04,Two-year,91.05,0,0
A011821,2026-04,Two-year,62.25,1,0
A011822,2026-04,Two-year,58.22,1,0
A011823,2026-04,Two-year,68.16,2,0
A011824,2026-04,Two-year,70.52,1,0
A011825,2026-04,Two-year,102.54,2,0
A011826,2026-04,Two-year,71.37,1,0
A011827,2026-04,Two-year,91.17,2,0
A011828,2026-04,Two-year,102.84,1,0
A011829,2026-04,Two-year,86.3,3,0
A011830,2026-04,Two-year,86.69,1,0
A011831,2026-04,Two-year,83.7,0,0
A011832,2026-04,Two-year,89.53,0,0
A011833,2026-04,Two-year,42.27,0,0
A011834,2026-04,Two-year,79.92,0,0
A011835,2026-04,Two-year,84.07,2,0
A011836,2026-04,Two-year,75.53,1,0
A011837,2026-04,Two-year,60.96,2,0
A011838,2026-04,Two-year,90.1,2,0
A011839,2026-04,Two-year,65.98,0,0
A011840,2026-04,Two-year,86.37,1,0
A011841,2026-04,Two-year,74.81,2,0
A011842,2026-04,Two-year,105.82,4,1
A011843,2026-04,Two-year,88.0,3,0
A011844,2026-04,Two-year,64.98,0,0
A011845,2026-04,Two-year,78.93,0,0
A011846,2026-04,Two-year,86.15,0,0
A011847,2026-04,Two-year,68.73,3,0
A011848,2026-04,Two-year,85.51,1,0
A011849,2026-04,Two-year,75.02,2,0
A011850,2026-04,Two-year,93.68,0,0
A011851,2026-04,Two-year,59.04,2,0
A011852,2026-04,Two-year,76.35,0,0
A011853,2026-04,Two-year,70.08,5,0
A011854,2026-04,Two-year,95.23,0,0
A011855,2026-04,Two-year,91.85,2,0
A011856,2026-04,Two-year,87.42,2,0
A011857,2026-04,Two-year,106.59,2,0
A011858,2026-04,Two-year,84.51,4,0
A011859,2026-04,Two-year,91.84,2,1
A011860,2026-04,Two-year,85.86,3,0
A011861,2026-04,Two-year,101.78,0,0
A011862,2026-04,Two-year,62.29,0,0
A011863,2026-04,Two-year,71.37,1,0
A011864,2026-04,Two-year,77.14,1,0
A011865,2026-04,Two-year,49.87,1,0
A011866,2026-04,Two-year,95.69,0,0
A011867,2026-04,Two-year,79.84,0,0
A011868,2026-04,Two-year,88.14,1,0
A011869,2026-04,Two-year,73.74,1,0
A011870,2026-04,Two-year,65.42,0,0
A011871,2026-04,Two-year,48.29,1,0
A011872,2026-04,Two-year,86.19,0,0
A011873,2026-04,Two-year,92.69,1,0
A011874,2026-04,Two-year,81.31,0,0
A011875,2026-04,Two-year,110.04,1,0
A011876,2026-04,Two-year,78.15,0,0
A011877,2026-04,Two-year,95.43,2,0
A011878,2026-04,Two-year,76.47,3,0
A011879,2026-04,Two-year,48.04,1,0
A011880,2026-04,Two-year,39.02,3,0
A011881,2026-04,Two-year,75.01,2,0
A011882,2026-04,Two-year,71.12,1,0
A011883,2026-04,Two-year,79.24,0,0
A011884,2026-04,Two-year,106.1,0,0
A011885,2026-04,Two-year,88.17,0,0
A011886,2026-04,Two-year,77.7,1,0
A011887,2026-04,Two-year,93.08,2,0
A011888,2026-04,Two-year,93.38,3,0
A011889,2026-04,Two-year,87.91,2,0
A011890,2026-04,Two-year,99.01,0,0
A011891,2026-04,Two-year,51.83,0,0
A011892,2026-04,Two-year,52.72,1,0
A011893,2026-04,Two-year,75.18,1,0
A011894,2026-04,Two-year,95.62,3,0
A011895,2026-04,Two-year,59.8,1,0
A011896,2026-04,Two-year,74.81,3,0
A011897,2026-04,Two-year,64.72,3,0
A011898,2026-04,Two-year,90.97,4,0
A011899,2026-04,Two-year,73.76,0,0
A011900,2026-04,Two-year,69.85,1,0
A011901,2026-04,Two-year,98.66,1,0
A011902,2026-04,Two-year,67.62,3,0
A011903,2026-04,Two-year,104.4,1,0
A011904,2026-04,Two-year,72.33,0,0
A011905,2026-04,Two-year,87.02,3,0
A011906,2026-04,Two-year,75.4,0,0
A011907,2026-04,Two-year,90.43,1,0
A011908,2026-04,Two-year,78.89,0,0
A011909,2026-04,Two-year,95.37,2,0
A011910,2026-04,Two-year,87.01,1,0
A011911,2026-04,Two-year,66.1,3,0
A011912,2026-04,Two-year,74.12,0,0
A011913,2026-04,Two-year,75.77,3,0
A011914,2026-04,Two-year,66.92,0,0
A011915,2026-04,Two-year,85.36,4,0
A011916,2026-04,Two-year,75.28,2,0
A011917,2026-04,Two-year,93.38,3,0
A011918,2026-04,Two-year,74.24,2,0
A011919,2026-04,Two-year,61.43,1,0
A011920,2026-04,Two-year,77.82,1,0
A011921,2026-04,Two-year,65.88,0,0
A011922,2026-04,Two-year,92.7,2,0
A011923,2026-04,Two-year,76.44,1,0
A011924,2026-04,Two-year,99.86,2,0
A011925,2026-04,Two-year,94.2,1,0
A011926,2026-04,Two-year,100.74,1,0
A011927,2026-04,Two-year,76.72,0,0
A011928,2026-04,Two-year,77.69,0,0
A011929,2026-04,Two-year,83.23,0,0
A011930,2026-04,Two-year,84.3,1,0
A011931,2026-04,Two-year,89.61,1,0
A011932,2026-04,Two-year,73.62,0,0
A011933,2026-04,Two-year,86.39,0,0
A011934,2026-04,Two-year,96.27,2,0
A011935,2026-04,Two-year,73.57,4,0
A011936,2026-04,Two-year,69.59,3,0
A011937,2026-04,Two-year,79.53,2,0
A011938,2026-04,Two-year,92.91,0,0
A011939,2026-04,Two-year,70.6,1,0
A011940,2026-04,Two-year,83.35,0,0
A011941,2026-04,Two-year,83.94,2,0
A011942,2026-04,Two-year,97.69,1,0
A011943,2026-04,Two-year,90.02,0,0
A011944,2026-04,Two-year,87.55,2,0
A011945,2026-04,Two-year,78.5,2,0
A011946,2026-04,Two-year,94.52,1,0
A011947,2026-04,Two-year,74.58,2,0
A011948,2026-04,Two-year,102.75,0,0
A011949,2026-04,Two-year,59.12,0,0
A011950,2026-04,Two-year,83.2,4,0
A011951,2026-04,Two-year,81.19,1,0
A011952,2026-04,Two-year,94.65,3,0
A011953,2026-04,Two-year,63.71,0,0
A011954,2026-04,Two-year,77.45,1,0
A011955,2026-04,Two-year,95.67,3,0
A011956,2026-04,Two-year,85.36,1,0
A011957,2026-04,Two-year,81.82,0,0
A011958,2026-04,Two-year,92.14,1,0
A011959,2026-04,Two-year,71.4,2,0
A011960,2026-04,Two-year,53.23,1,0
A011961,2026-04,Two-year,97.59,0,0
A011962,2026-04,Two-year,89.85,2,0
A011963,2026-04,Two-year,78.04,0,0
A011964,2026-04,Two-year,83.98,0,0
A011965,2026-04,Two-year,64.91,1,0
A011966,2026-04,Two-year,83.41,0,0
A011967,2026-04,Two-year,107.37,1,0
A011968,2026-04,Two-year,85.81,0,0
A011969,2026-04,Two-year,94.4,2,0
A011970,2026-04,Two-year,62.46,1,0
A011971,2026-04,Two-year,55.74,1,0
A011972,2026-04,Two-year,75.82,2,0
A011973,2026-04,Two-year,79.18,0,0
A011974,2026-04,Two-year,72.62,0,0
A011975,2026-04,Two-year,94.09,3,0
A011976,2026-04,Two-year,96.94,1,0
A011977,2026-04,Two-year,77.85,2,0
A011978,2026-04,Two-year,86.63,1,0
A011979,2026-04,Two-year,90.72,0,0
A011980,2026-04,Two-year,103.42,0,0
A011981,2026-04,Two-year,55.78,3,0
A011982,2026-04,Two-year,68.54,3,0
A011983,2026-04,Two-year,75.21,0,0
A011984,2026-04,Two-year,78.03,3,0
A011985,2026-04,Two-year,92.93,0,0
A011986,2026-04,Two-year,100.87,0,0
A011987,2026-04,Two-year,56.26,0,0
A011988,2026-04,Two-year,109.23,0,0
A011989,2026-04,Two-year,94.62,0,0
A011990,2026-04,Two-year,88.71,0,0
A011991,2026-04,Two-year,53.18,1,0
A011992,2026-04,Two-year,86.49,0,0
A011993,2026-04,Two-year,77.58,3,0
A011994,2026-04,Two-year,78.25,2,0
A011995,2026-04,Two-year,78.78,1,0
A011996,2026-04,Two-year,89.34,0,0
A011997,2026-04,Two-year,94.98,3,0
A011998,2026-04,Two-year,88.59,0,0
A011999,2026-04,Two-year,77.23,0,0
A012000,2026-04,Two-year,80.68,1,0
A012001,2026-04,Two-year,77.52,1,0
A012002,2026-04,Two-year,81.56,2,0
A012003,2026-04,Two-year,103.24,0,0
A012004,2026-04,Two-year,81.6,0,0
A012005,2026-04,Two-year,88.02,0,0
A012006,2026-04,Two-year,81.07,0,0
A012007,2026-04,Two-year,94.13,0,0
A012008,2026-04,Two-year,76.5,0,0
A012009,2026-04,Two-year,95.85,2,0
A012010,2026-04,Two-year,100.45,2,0
A012011,2026-04,Two-year,93.38,1,0
A012012,2026-04,Two-year,71.73,1,0
A012013,2026-04,Two-year,70.51,1,0
A012014,2026-04,Two-year,90.9,3,0
A012015,2026-04,Two-year,114.75,2,0
A012016,2026-04,Two-year,69.19,0,0
A012017,2026-04,Two-year,56.67,3,0
A012018,2026-04,Two-year,85.07,2,0
A012019,2026-04,Two-year,86.48,1,0
A012020,2026-04,Two-year,72.51,1,0
A012021,2026-04,Two-year,74.87,2,0
A012022,2026-04,Two-year,89.41,1,0
A012023,2026-04,Two-year,97.42,0,0
A012024,2026-04,Two-year,83.51,0,0
A012025,2026-04,Two-year,73.65,0,0
A012026,2026-04,Two-year,71.79,1,0
A012027,2026-04,Two-year,87.22,2,0
A012028,2026-04,Two-year,75.48,3,0
A012029,2026-04,Two-year,96.89,1,0
A012030,2026-04,Two-year,69.78,1,0
A012031,2026-04,Two-year,84.94,1,0
A012032,2026-04,Two-year,52.12,3,1
A012033,2026-04,Two-year,65.73,0,0
A012034,2026-04,Two-year,95.06,0,0
A012035,2026-04,Two-year,89.22,1,0
A012036,2026-04,Two-year,57.23,2,0
A012037,2026-04,Two-year,67.81,3,0
A012038,2026-04,Two-year,86.49,0,0
A012039,2026-04,Two-year,92.68,3,0
A012040,2026-04,Two-year,88.41,2,0
A012041,2026-04,Two-year,71.03,1,0
A012042,2026-04,Two-year,82.06,0,1
A012043,2026-04,Two-year,81.82,0,0
A012044,2026-04,Two-year,60.69,0,0
A012045,2026-04,Two-year,52.72,2,0
A012046,2026-04,Two-year,95.15,1,0
A012047,2026-04,Two-year,69.08,1,0
A012048,2026-04,Two-year,90.15,0,0
A012049,2026-04,Two-year,81.55,0,0
A012050,2026-04,Two-year,54.95,0,0
A012051,2026-04,Two-year,68.16,0,0
A012052,2026-04,Two-year,62.45,0,0
A012053,2026-04,Two-year,65.29,1,0
A012054,2026-04,Two-year,119.8,3,0
A012055,2026-04,Two-year,91.28,2,0
A012056,2026-04,Two-year,55.77,1,0
A012057,2026-04,Two-year,73.33,1,0
A012058,2026-04,Two-year,59.83,2,0
A012059,2026-04,Two-year,94.33,0,0
A012060,2026-04,Two-year,99.03,0,0
A012061,2026-05,Month-to-month,68.22,3,0
A012062,2026-05,Month-to-month,65.51,0,0
A012063,2026-05,Month-to-month,74.97,2,0
A012064,2026-05,Month-to-month,35.45,4,0
A012065,2026-05,Month-to-month,69.48,3,0
A012066,2026-05,Month-to-month,56.56,4,0
A012067,2026-05,Month-to-month,74.75,3,0
A012068,2026-05,Month-to-month,71.84,4,0
A012069,2026-05,Month-to-month,44.39,0,0
A012070,2026-05,Month-to-month,83.7,1,0
A012071,2026-05,Month-to-month,101.83,0,0
A012072,2026-05,Month-to-month,58.1,4,0
A012073,2026-05,Month-to-month,62.76,1,0
A012074,2026-05,Month-to-month,80.84,2,0
A012075,2026-05,Month-to-month,81.79,4,0
A012076,2026-05,Month-to-month,64.71,2,0
A012077,2026-05,Month-to-month,81.83,1,1
A012078,2026-05,Month-to-month,56.19,3,0
A012079,2026-05,Month-to-month,57.43,1,0
A012080,2026-05,Month-to-month,81.54,3,0
A012081,2026-05,Month-to-month,63.42,2,0
A012082,2026-05,Month-to-month,76.4,4,0
A012083,2026-05,Month-to-month,91.72,2,0
A012084,2026-05,Month-to-month,70.91,1,0
A012085,2026-05,Month-to-month,66.62,0,0
A012086,2026-05,Month-to-month,79.87,2,0
A012087,2026-05,Month-to-month,71.9,1,0
A012088,2026-05,Month-to-month,63.72,1,0
A012089,2026-05,Month-to-month,101.88,3,0
A012090,2026-05,Month-to-month,67.45,3,1
A012091,2026-05,Month-to-month,66.28,2,0
A012092,2026-05,Month-to-month,81.28,4,0
A012093,2026-05,Month-to-month,66.93,3,0
A012094,2026-05,Month-to-month,70.82,1,0
A012095,2026-05,Month-to-month,67.63,2,0
A012096,2026-05,Month-to-month,73.99,3,0
A012097,2026-05,Month-to-month,68.66,1,0
A012098,2026-05,Month-to-month,55.44,1,0
A012099,2026-05,Month-to-month,35.13,2,0
A012100,2026-05,Month-to-month,50.29,2,0
A012101,2026-05,Month-to-month,68.01,3,0
A012102,2026-05,Month-to-month,79.53,1,0
A012103,2026-05,Month-to-month,84.93,1,0
A012104,2026-05,Month-to-month,48.8,3,0
A012105,2026-05,Month-to-month,62.96,4,0
A012106,2026-05,Month-to-month,67.2,6,0
A012107,2026-05,Month-to-month,56.77,3,0
A012108,2026-05,Month-to-month,71.99,2,0
A012109,2026-05,Month-to-month,92.86,1,0
A012110,2026-05,Month-to-month,57.09,2,0
A012111,2026-05,Month-to-month,60.86,2,0
A012112,2026-05,Month-to-month,68.85,2,0
A012113,2026-05,Month-to-month,69.65,4,1
A012114,2026-05,Month-to-month,67.26,2,0
A012115,2026-05,Month-to-month,102.71,4,0
A012116,2026-05,Month-to-month,88.27,2,0
A012117,2026-05,Month-to-month,79.27,1,0
A012118,2026-05,Month-to-month,61.03,2,0
A012119,2026-05,Month-to-month,55.68,6,0
A012120,2026-05,Month-to-month,80.26,5,0
A012121,2026-05,Month-to-month,97.66,2,0
A012122,2026-05,Month-to-month,72.19,3,0
A012123,2026-05,Month-to-month,73.47,2,0
A012124,2026-05,Month-to-month,54.52,4,0
A012125,2026-05,Month-to-month,75.2,2,0
A012126,2026-05,Month-to-month,86.57,5,0
A012127,2026-05,Month-to-month,37.2,1,0
A012128,2026-05,Month-to-month,81.04,2,0
A012129,2026-05,Month-to-month,58.91,1,0
A012130,2026-05,Month-to-month,33.88,4,0
A012131,2026-05,Month-to-month,57.94,2,0
A012132,2026-05,Month-to-month,67.72,2,0
A012133,2026-05,Month-to-month,74.43,2,0
A012134,2026-05,Month-to-month,44.03,3,0
A012135,2026-05,Month-to-month,73.16,5,0
A012136,2026-05,Month-to-month,59.71,2,0
A012137,2026-05,Month-to-month,75.7,4,0
A012138,2026-05,Month-to-month,85.84,2,0
A012139,2026-05,Month-to-month,58.92,2,0
A012140,2026-05,Month-to-month,59.82,3,0
A012141,2026-05,Month-to-month,54.22,1,0
A012142,2026-05,Month-to-month,60.99,5,0
A012143,2026-05,Month-to-month,53.58,2,0
A012144,2026-05,Month-to-month,59.4,3,0
A012145,2026-05,Month-to-month,62.4,2,0
A012146,2026-05,Month-to-month,92.33,3,0
A012147,2026-05,Month-to-month,75.0,2,0
A012148,2026-05,Month-to-month,48.19,2,0
A012149,2026-05,Month-to-month,74.63,2,0
A012150,2026-05,Month-to-month,34.0,0,0
A012151,2026-05,Month-to-month,84.56,3,0
A012152,2026-05,Month-to-month,61.91,5,0
A012153,2026-05,Month-to-month,79.36,1,0
A012154,2026-05,Month-to-month,81.65,6,1
A012155,2026-05,Month-to-month,64.47,4,1
A012156,2026-05,Month-to-month,77.88,2,0
A012157,2026-05,Month-to-month,57.54,3,0
A012158,2026-05,Month-to-month,58.56,3,0
A012159,2026-05,Month-to-month,86.9,1,0
A012160,2026-05,Month-to-month,86.29,4,0
A012161,2026-05,Month-to-month,65.51,3,0
A012162,2026-05,Month-to-month,65.52,1,0
A012163,2026-05,Month-to-month,78.71,2,0
A012164,2026-05,Month-to-month,73.65,5,0
A012165,2026-05,Month-to-month,67.23,3,0
A012166,2026-05,Month-to-month,63.65,2,0
A012167,2026-05,Month-to-month,49.16,4,0
A012168,2026-05,Month-to-month,55.3,1,0
A012169,2026-05,Month-to-month,67.07,4,0
A012170,2026-05,Month-to-month,64.91,4,0
A012171,2026-05,Month-to-month,57.5,3,0
A012172,2026-05,Month-to-month,76.63,3,0
A012173,2026-05,Month-to-month,55.08,3,0
A012174,2026-05,Month-to-month,71.45,2,0
A012175,2026-05,Month-to-month,68.75,5,0
A012176,2026-05,Month-to-month,55.85,1,0
A012177,2026-05,Month-to-month,60.73,3,0
A012178,2026-05,Month-to-month,79.46,3,0
A012179,2026-05,Month-to-month,42.61,3,0
A012180,2026-05,Month-to-month,49.97,1,0
A012181,2026-05,Month-to-month,77.73,2,0
A012182,2026-05,Month-to-month,60.19,1,0
A012183,2026-05,Month-to-month,58.91,3,0
A012184,2026-05,Month-to-month,83.65,0,0
A012185,2026-05,Month-to-month,74.56,3,0
A012186,2026-05,Month-to-month,81.36,1,0
A012187,2026-05,Month-to-month,63.5,2,0
A012188,2026-05,Month-to-month,79.16,4,0
A012189,2026-05,Month-to-month,60.75,1,0
A012190,2026-05,Month-to-month,68.11,2,0
A012191,2026-05,Month-to-month,48.29,4,0
A012192,2026-05,Month-to-month,73.98,6,0
A012193,2026-05,Month-to-month,89.72,1,0
A012194,2026-05,Month-to-month,66.72,3,0
A012195,2026-05,Month-to-month,83.72,3,0
A012196,2026-05,Month-to-month,45.25,3,1
A012197,2026-05,Month-to-month,64.25,4,0
A012198,2026-05,Month-to-month,54.06,2,0
A012199,2026-05,Month-to-month,74.07,2,0
A012200,2026-05,Month-to-month,76.49,0,0
A012201,2026-05,Month-to-month,85.47,3,0
A012202,2026-05,Month-to-month,62.79,2,0
A012203,2026-05,Month-to-month,98.32,2,0
A012204,2026-05,Month-to-month,76.36,2,0
A012205,2026-05,Month-to-month,77.14,3,0
A012206,2026-05,Month-to-month,41.55,0,0
A012207,2026-05,Month-to-month,55.79,4,0
A012208,2026-05,Month-to-month,94.78,0,0
A012209,2026-05,Month-to-month,73.62,4,0
A012210,2026-05,Month-to-month,72.29,2,0
A012211,2026-05,Month-to-month,58.79,3,0
A012212,2026-05,Month-to-month,89.7,2,0
A012213,2026-05,Month-to-month,48.97,2,0
A012214,2026-05,Month-to-month,60.32,2,0
A012215,2026-05,Month-to-month,80.74,5,0
A012216,2026-05,Month-to-month,83.38,0,0
A012217,2026-05,Month-to-month,91.11,4,0
A012218,2026-05,Month-to-month,56.76,3,1
A012219,2026-05,Month-to-month,54.17,4,0
A012220,2026-05,Month-to-month,54.45,2,0
A012221,2026-05,Month-to-month,66.02,0,0
A012222,2026-05,Month-to-month,61.9,1,0
A012223,2026-05,Month-to-month,82.33,2,0
A012224,2026-05,Month-to-month,54.19,1,0
A012225,2026-05,Month-to-month,47.61,3,0
A012226,2026-05,Month-to-month,78.7,5,0
A012227,2026-05,Month-to-month,68.58,0,0
A012228,2026-05,Month-to-month,61.4,2,1
A012229,2026-05,Month-to-month,73.76,0,0
A012230,2026-05,Month-to-month,73.5,1,0
A012231,2026-05,Month-to-month,75.24,4,0
A012232,2026-05,Month-to-month,59.92,5,0
A012233,2026-05,Month-to-month,79.37,3,0
A012234,2026-05,Month-to-month,61.39,1,0
A012235,2026-05,Month-to-month,71.29,4,1
A012236,2026-05,Month-to-month,69.18,3,0
A012237,2026-05,Month-to-month,77.85,0,0
A012238,2026-05,Month-to-month,54.99,3,0
A012239,2026-05,Month-to-month,69.92,2,0
A012240,2026-05,Month-to-month,70.71,1,0
A012241,2026-05,Month-to-month,67.9,4,0
A012242,2026-05,Month-to-month,54.05,2,0
A012243,2026-05,Month-to-month,60.25,2,0
A012244,2026-05,Month-to-month,79.29,3,0
A012245,2026-05,Month-to-month,86.9,0,0
A012246,2026-05,Month-to-month,57.29,0,0
A012247,2026-05,Month-to-month,79.76,2,0
A012248,2026-05,Month-to-month,32.52,2,0
A012249,2026-05,Month-to-month,73.15,2,0
A012250,2026-05,Month-to-month,68.16,3,0
A012251,2026-05,Month-to-month,81.8,0,0
A012252,2026-05,Month-to-month,78.7,1,0
A012253,2026-05,Month-to-month,74.08,4,0
A012254,2026-05,Month-to-month,70.86,0,0
A012255,2026-05,Month-to-month,82.68,2,0
A012256,2026-05,Month-to-month,60.15,2,0
A012257,2026-05,Month-to-month,61.81,1,0
A012258,2026-05,Month-to-month,68.47,4,0
A012259,2026-05,Month-to-month,38.02,3,0
A012260,2026-05,Month-to-month,84.23,3,0
A012261,2026-05,Month-to-month,73.61,0,0
A012262,2026-05,Month-to-month,54.74,3,0
A012263,2026-05,Month-to-month,82.12,0,0
A012264,2026-05,Month-to-month,56.26,3,0
A012265,2026-05,Month-to-month,57.1,2,0
A012266,2026-05,Month-to-month,72.84,4,1
A012267,2026-05,Month-to-month,37.92,0,0
A012268,2026-05,Month-to-month,54.9,3,0
A012269,2026-05,Month-to-month,64.33,1,0
A012270,2026-05,Month-to-month,98.81,2,0
A012271,2026-05,Month-to-month,70.43,1,0
A012272,2026-05,Month-to-month,74.67,3,0
A012273,2026-05,Month-to-month,90.23,4,0
A012274,2026-05,Month-to-month,91.31,2,0
A012275,2026-05,Month-to-month,56.38,2,0
A012276,2026-05,Month-to-month,61.24,3,0
A012277,2026-05,Month-to-month,52.01,4,0
A012278,2026-05,Month-to-month,43.09,1,0
A012279,2026-05,Month-to-month,85.2,4,0
A012280,2026-05,Month-to-month,72.83,2,0
A012281,2026-05,Month-to-month,93.74,0,0
A012282,2026-05,Month-to-month,59.63,4,0
A012283,2026-05,Month-to-month,78.25,2,0
A012284,2026-05,Month-to-month,52.44,2,0
A012285,2026-05,Month-to-month,60.76,2,0
A012286,2026-05,Month-to-month,49.74,0,0
A012287,2026-05,Month-to-month,74.66,2,0
A012288,2026-05,Month-to-month,78.38,3,0
A012289,2026-05,Month-to-month,51.88,2,0
A012290,2026-05,Month-to-month,77.01,2,0
A012291,2026-05,Month-to-month,61.28,2,0
A012292,2026-05,Month-to-month,62.91,0,0
A012293,2026-05,Month-to-month,84.54,4,0
A012294,2026-05,Month-to-month,69.96,2,0
A012295,2026-05,Month-to-month,73.79,3,0
A012296,2026-05,Month-to-month,60.8,1,0
A012297,2026-05,Month-to-month,83.44,3,0
A012298,2026-05,Month-to-month,57.86,1,0
A012299,2026-05,Month-to-month,72.17,5,0
A012300,2026-05,Month-to-month,69.56,1,0
A012301,2026-05,Month-to-month,69.1,3,0
A012302,2026-05,Month-to-month,82.71,2,0
A012303,2026-05,Month-to-month,79.68,1,0
A012304,2026-05,Month-to-month,84.72,1,0
A012305,2026-05,Month-to-month,82.36,2,0
A012306,2026-05,Month-to-month,79.89,0,0
A012307,2026-05,Month-to-month,72.26,2,0
A012308,2026-05,Month-to-month,68.12,5,0
A012309,2026-05,Month-to-month,53.23,0,0
A012310,2026-05,Month-to-month,71.55,1,0
A012311,2026-05,Month-to-month,78.56,2,0
A012312,2026-05,Month-to-month,75.44,3,0
A012313,2026-05,Month-to-month,61.09,2,0
A012314,2026-05,Month-to-month,62.51,1,0
A012315,2026-05,Month-to-month,46.26,2,0
A012316,2026-05,Month-to-month,65.59,3,0
A012317,2026-05,Month-to-month,65.55,2,0
A012318,2026-05,Month-to-month,72.55,3,0
A012319,2026-05,Month-to-month,79.96,1,0
A012320,2026-05,Month-to-month,56.4,2,0
A012321,2026-05,Month-to-month,69.19,3,1
A012322,2026-05,Month-to-month,78.61,4,0
A012323,2026-05,Month-to-month,45.87,0,0
A012324,2026-05,Month-to-month,93.4,0,0
A012325,2026-05,Month-to-month,70.94,2,0
A012326,2026-05,Month-to-month,56.07,2,0
A012327,2026-05,Month-to-month,75.01,4,0
A012328,2026-05,Month-to-month,105.02,0,0
A012329,2026-05,Month-to-month,76.74,2,0
A012330,2026-05,Month-to-month,75.73,2,0
A012331,2026-05,Month-to-month,89.57,4,0
A012332,2026-05,Month-to-month,60.08,2,0
A012333,2026-05,Month-to-month,64.13,3,0
A012334,2026-05,Month-to-month,80.35,4,0
A012335,2026-05,Month-to-month,72.08,2,0
A012336,2026-05,Month-to-month,69.61,1,0
A012337,2026-05,Month-to-month,100.78,2,0
A012338,2026-05,Month-to-month,95.94,4,0
A012339,2026-05,Month-to-month,73.55,3,0
A012340,2026-05,Month-to-month,53.45,3,0
A012341,2026-05,Month-to-month,70.62,2,0
A012342,2026-05,Month-to-month,60.16,4,0
A012343,2026-05,Month-to-month,78.4,4,0
A012344,2026-05,Month-to-month,57.87,4,0
A012345,2026-05,Month-to-month,76.88,1,0
A012346,2026-05,Month-to-month,62.18,1,0
A012347,2026-05,Month-to-month,81.56,3,0
A012348,2026-05,Month-to-month,72.43,4,0
A012349,2026-05,Month-to-month,72.77,1,0
A012350,2026-05,Month-to-month,57.89,2,0
A012351,2026-05,Month-to-month,47.91,4,0
A012352,2026-05,Month-to-month,67.38,0,0
A012353,2026-05,Month-to-month,69.04,0,0
A012354,2026-05,Month-to-month,74.21,1,0
A012355,2026-05,Month-to-month,70.21,3,0
A012356,2026-05,Month-to-month,51.2,4,0
A012357,2026-05,Month-to-month,77.78,2,0
A012358,2026-05,Month-to-month,63.4,2,0
A012359,2026-05,Month-to-month,55.51,3,1
A012360,2026-05,Month-to-month,51.85,0,0
A012361,2026-05,Month-to-month,62.41,4,0
A012362,2026-05,Month-to-month,92.51,5,0
A012363,2026-05,Month-to-month,76.35,3,0
A012364,2026-05,Month-to-month,69.17,4,0
A012365,2026-05,Month-to-month,82.1,2,0
A012366,2026-05,Month-to-month,67.33,1,0
A012367,2026-05,Month-to-month,78.73,2,0
A012368,2026-05,Month-to-month,62.67,3,0
A012369,2026-05,Month-to-month,65.64,4,0
A012370,2026-05,Month-to-month,55.01,2,0
A012371,2026-05,Month-to-month,74.08,2,0
A012372,2026-05,Month-to-month,53.8,4,0
A012373,2026-05,Month-to-month,76.52,1,0
A012374,2026-05,Month-to-month,80.06,1,0
A012375,2026-05,Month-to-month,66.15,3,0
A012376,2026-05,Month-to-month,68.24,0,0
A012377,2026-05,Month-to-month,82.4,2,1
A012378,2026-05,Month-to-month,67.69,2,0
A012379,2026-05,Month-to-month,54.12,2,0
A012380,2026-05,Month-to-month,61.19,3,0
A012381,2026-05,Month-to-month,71.02,0,0
A012382,2026-05,Month-to-month,62.78,4,0
A012383,2026-05,Month-to-month,70.91,3,0
A012384,2026-05,Month-to-month,69.13,4,0
A012385,2026-05,Month-to-month,53.2,4,1
A012386,2026-05,Month-to-month,69.97,1,0
A012387,2026-05,Month-to-month,81.2,7,0
A012388,2026-05,Month-to-month,63.05,1,1
A012389,2026-05,Month-to-month,49.84,4,0
A012390,2026-05,Month-to-month,103.58,3,0
A012391,2026-05,Month-to-month,74.45,2,0
A012392,2026-05,Month-to-month,84.24,3,0
A012393,2026-05,Month-to-month,55.43,3,1
A012394,2026-05,Month-to-month,68.82,2,0
A012395,2026-05,Month-to-month,90.8,0,0
A012396,2026-05,Month-to-month,84.18,3,0
A012397,2026-05,Month-to-month,53.02,1,0
A012398,2026-05,Month-to-month,75.57,2,0
A012399,2026-05,Month-to-month,47.18,1,0
A012400,2026-05,Month-to-month,78.98,3,0
A012401,2026-05,Month-to-month,37.97,3,0
A012402,2026-05,Month-to-month,80.29,1,0
A012403,2026-05,Month-to-month,72.49,4,0
A012404,2026-05,Month-to-month,84.28,4,0
A012405,2026-05,Month-to-month,52.35,0,0
A012406,2026-05,Month-to-month,80.11,2,0
A012407,2026-05,Month-to-month,41.27,0,0
A012408,2026-05,Month-to-month,79.51,3,0
A012409,2026-05,Month-to-month,64.19,3,0
A012410,2026-05,Month-to-month,38.25,3,1
A012411,2026-05,Month-to-month,53.21,2,1
A012412,2026-05,Month-to-month,84.33,2,0
A012413,2026-05,Month-to-month,61.74,1,0
A012414,2026-05,Month-to-month,55.81,1,0
A012415,2026-05,Month-to-month,52.68,2,0
A012416,2026-05,Month-to-month,66.63,4,0
A012417,2026-05,Month-to-month,49.36,4,0
A012418,2026-05,Month-to-month,61.51,4,0
A012419,2026-05,Month-to-month,78.5,4,0
A012420,2026-05,Month-to-month,56.18,2,0
A012421,2026-05,Month-to-month,66.02,3,0
A012422,2026-05,Month-to-month,54.22,4,0
A012423,2026-05,Month-to-month,47.21,3,0
A012424,2026-05,Month-to-month,79.09,1,0
A012425,2026-05,Month-to-month,58.29,3,0
A012426,2026-05,Month-to-month,69.58,2,0
A012427,2026-05,Month-to-month,72.93,1,0
A012428,2026-05,Month-to-month,77.91,3,0
A012429,2026-05,Month-to-month,80.38,1,0
A012430,2026-05,Month-to-month,49.8,4,0
A012431,2026-05,Month-to-month,56.57,2,0
A012432,2026-05,Month-to-month,41.94,1,0
A012433,2026-05,Month-to-month,84.39,1,0
A012434,2026-05,Month-to-month,71.66,2,0
A012435,2026-05,Month-to-month,79.12,3,0
A012436,2026-05,Month-to-month,71.73,3,0
A012437,2026-05,Month-to-month,89.69,2,0
A012438,2026-05,Month-to-month,73.5,3,0
A012439,2026-05,Month-to-month,65.01,2,0
A012440,2026-05,Month-to-month,59.67,2,1
A012441,2026-05,Month-to-month,80.24,0,0
A012442,2026-05,Month-to-month,62.98,2,0
A012443,2026-05,Month-to-month,57.97,1,1
A012444,2026-05,Month-to-month,69.21,2,0
A012445,2026-05,Month-to-month,60.94,1,1
A012446,2026-05,Month-to-month,73.96,1,0
A012447,2026-05,Month-to-month,60.79,5,0
A012448,2026-05,Month-to-month,45.85,4,0
A012449,2026-05,Month-to-month,37.98,3,0
A012450,2026-05,Month-to-month,69.33,3,1
A012451,2026-05,Month-to-month,77.22,4,0
A012452,2026-05,Month-to-month,53.84,3,0
A012453,2026-05,Month-to-month,81.7,1,0
A012454,2026-05,Month-to-month,59.28,3,0
A012455,2026-05,Month-to-month,61.99,3,0
A012456,2026-05,Month-to-month,63.87,1,0
A012457,2026-05,Month-to-month,78.84,0,0
A012458,2026-05,Month-to-month,66.14,6,0
A012459,2026-05,Month-to-month,54.01,3,0
A012460,2026-05,Month-to-month,42.3,1,0
A012461,2026-05,Month-to-month,59.63,4,0
A012462,2026-05,Month-to-month,62.69,3,0
A012463,2026-05,Month-to-month,71.69,2,0
A012464,2026-05,Month-to-month,58.29,4,0
A012465,2026-05,Month-to-month,67.08,2,0
A012466,2026-05,Month-to-month,69.04,2,0
A012467,2026-05,Month-to-month,69.4,5,0
A012468,2026-05,Month-to-month,60.96,4,0
A012469,2026-05,Month-to-month,74.2,4,0
A012470,2026-05,Month-to-month,48.26,3,0
A012471,2026-05,Month-to-month,62.55,1,0
A012472,2026-05,Month-to-month,74.13,1,0
A012473,2026-05,Month-to-month,67.66,2,0
A012474,2026-05,Month-to-month,64.93,3,0
A012475,2026-05,Month-to-month,91.51,2,0
A012476,2026-05,Month-to-month,67.26,2,0
A012477,2026-05,Month-to-month,61.95,2,0
A012478,2026-05,Month-to-month,56.76,0,0
A012479,2026-05,Month-to-month,68.86,4,0
A012480,2026-05,Month-to-month,63.97,4,0
A012481,2026-05,Month-to-month,62.66,3,0
A012482,2026-05,Month-to-month,67.17,2,0
A012483,2026-05,Month-to-month,90.71,3,1
A012484,2026-05,Month-to-month,60.02,1,0
A012485,2026-05,Month-to-month,55.21,1,0
A012486,2026-05,Month-to-month,45.73,4,0
A012487,2026-05,Month-to-month,59.59,0,0
A012488,2026-05,Month-to-month,74.56,2,0
A012489,2026-05,Month-to-month,69.46,5,0
A012490,2026-05,Month-to-month,86.76,2,0
A012491,2026-05,Month-to-month,89.17,4,0
A012492,2026-05,Month-to-month,80.3,4,0
A012493,2026-05,Month-to-month,70.89,2,0
A012494,2026-05,Month-to-month,89.04,4,0
A012495,2026-05,Month-to-month,49.86,4,0
A012496,2026-05,Month-to-month,78.17,2,0
A012497,2026-05,Month-to-month,88.78,4,0
A012498,2026-05,Month-to-month,73.19,4,1
A012499,2026-05,Month-to-month,85.33,4,0
A012500,2026-05,Month-to-month,47.33,3,0
A012501,2026-05,Month-to-month,73.06,3,0
A012502,2026-05,Month-to-month,67.42,4,0
A012503,2026-05,Month-to-month,55.66,3,0
A012504,2026-05,Month-to-month,58.05,4,0
A012505,2026-05,Month-to-month,76.64,2,0
A012506,2026-05,Month-to-month,59.11,1,0
A012507,2026-05,Month-to-month,61.21,5,0
A012508,2026-05,Month-to-month,59.6,2,0
A012509,2026-05,Month-to-month,85.29,4,0
A012510,2026-05,Month-to-month,60.38,2,0
A012511,2026-05,Month-to-month,64.18,2,0
A012512,2026-05,Month-to-month,57.29,2,0
A012513,2026-05,Month-to-month,67.55,2,0
A012514,2026-05,Month-to-month,92.77,0,0
A012515,2026-05,Month-to-month,37.45,3,0
A012516,2026-05,Month-to-month,82.7,1,0
A012517,2026-05,Month-to-month,72.7,3,0
A012518,2026-05,Month-to-month,55.17,2,0
A012519,2026-05,Month-to-month,75.9,2,0
A012520,2026-05,Month-to-month,57.06,1,0
A012521,2026-05,Month-to-month,58.2,4,0
A012522,2026-05,Month-to-month,39.18,2,0
A012523,2026-05,Month-to-month,72.67,0,0
A012524,2026-05,Month-to-month,65.29,5,0
A012525,2026-05,Month-to-month,84.35,4,0
A012526,2026-05,Month-to-month,81.25,1,0
A012527,2026-05,Month-to-month,70.25,2,0
A012528,2026-05,Month-to-month,65.72,0,0
A012529,2026-05,Month-to-month,62.22,1,0
A012530,2026-05,Month-to-month,78.35,4,0
A012531,2026-05,Month-to-month,70.55,2,0
A012532,2026-05,Month-to-month,83.82,1,0
A012533,2026-05,Month-to-month,76.62,2,0
A012534,2026-05,Month-to-month,79.12,2,0
A012535,2026-05,Month-to-month,62.93,1,0
A012536,2026-05,Month-to-month,73.86,2,0
A012537,2026-05,Month-to-month,74.73,3,0
A012538,2026-05,Month-to-month,70.1,0,0
A012539,2026-05,Month-to-month,78.4,1,0
A012540,2026-05,Month-to-month,73.91,1,0
A012541,2026-05,Month-to-month,57.68,4,0
A012542,2026-05,Month-to-month,64.2,2,0
A012543,2026-05,Month-to-month,72.84,5,0
A012544,2026-05,Month-to-month,61.21,2,0
A012545,2026-05,Month-to-month,69.73,2,0
A012546,2026-05,Month-to-month,87.81,1,0
A012547,2026-05,Month-to-month,47.44,3,0
A012548,2026-05,Month-to-month,53.47,5,0
A012549,2026-05,Month-to-month,38.49,1,0
A012550,2026-05,Month-to-month,40.69,4,0
A012551,2026-05,Month-to-month,66.2,4,0
A012552,2026-05,Month-to-month,76.75,3,0
A012553,2026-05,Month-to-month,45.03,2,0
A012554,2026-05,Month-to-month,84.24,4,0
A012555,2026-05,Month-to-month,73.49,2,0
A012556,2026-05,Month-to-month,58.18,2,0
A012557,2026-05,Month-to-month,58.27,3,0
A012558,2026-05,Month-to-month,63.15,1,0
A012559,2026-05,Month-to-month,57.81,4,0
A012560,2026-05,Month-to-month,65.93,1,0
A012561,2026-05,Month-to-month,85.42,4,0
A012562,2026-05,Month-to-month,77.92,2,0
A012563,2026-05,Month-to-month,72.28,4,0
A012564,2026-05,Month-to-month,50.09,3,0
A012565,2026-05,Month-to-month,66.96,3,0
A012566,2026-05,Month-to-month,79.69,0,0
A012567,2026-05,Month-to-month,82.16,2,0
A012568,2026-05,Month-to-month,71.34,1,0
A012569,2026-05,Month-to-month,69.86,2,0
A012570,2026-05,Month-to-month,73.11,3,0
A012571,2026-05,Month-to-month,74.92,6,0
A012572,2026-05,Month-to-month,104.41,2,0
A012573,2026-05,Month-to-month,81.08,3,0
A012574,2026-05,Month-to-month,72.34,4,0
A012575,2026-05,Month-to-month,70.8,2,0
A012576,2026-05,Month-to-month,53.39,2,0
A012577,2026-05,Month-to-month,72.53,4,0
A012578,2026-05,Month-to-month,72.66,2,0
A012579,2026-05,Month-to-month,87.34,2,1
A012580,2026-05,Month-to-month,85.89,3,0
A012581,2026-05,One-year,82.4,1,0
A012582,2026-05,One-year,98.12,2,0
A012583,2026-05,One-year,94.01,0,0
A012584,2026-05,One-year,68.04,2,0
A012585,2026-05,One-year,86.37,1,0
A012586,2026-05,One-year,71.47,0,0
A012587,2026-05,One-year,63.65,3,0
A012588,2026-05,One-year,76.0,1,1
A012589,2026-05,One-year,76.63,1,0
A012590,2026-05,One-year,80.31,0,0
A012591,2026-05,One-year,88.03,0,0
A012592,2026-05,One-year,74.0,0,0
A012593,2026-05,One-year,99.07,2,0
A012594,2026-05,One-year,68.6,1,0
A012595,2026-05,One-year,67.47,1,0
A012596,2026-05,One-year,67.27,2,0
A012597,2026-05,One-year,113.22,2,0
A012598,2026-05,One-year,98.01,2,0
A012599,2026-05,One-year,85.96,2,0
A012600,2026-05,One-year,82.08,2,0
A012601,2026-05,One-year,47.02,2,0
A012602,2026-05,One-year,54.77,0,0
A012603,2026-05,One-year,85.8,2,0
A012604,2026-05,One-year,84.68,5,0
A012605,2026-05,One-year,74.2,1,0
A012606,2026-05,One-year,86.65,1,0
A012607,2026-05,One-year,76.45,1,0
A012608,2026-05,One-year,79.44,4,0
A012609,2026-05,One-year,42.33,0,0
A012610,2026-05,One-year,85.4,2,0
A012611,2026-05,One-year,77.84,0,0
A012612,2026-05,One-year,69.96,2,0
A012613,2026-05,One-year,61.12,2,0
A012614,2026-05,One-year,103.98,1,0
A012615,2026-05,One-year,62.72,5,0
A012616,2026-05,One-year,75.27,3,0
A012617,2026-05,One-year,67.85,3,0
A012618,2026-05,One-year,71.68,2,0
A012619,2026-05,One-year,73.24,1,0
A012620,2026-05,One-year,85.48,0,0
A012621,2026-05,One-year,63.44,0,0
A012622,2026-05,One-year,101.01,0,0
A012623,2026-05,One-year,89.88,1,0
A012624,2026-05,One-year,68.42,2,0
A012625,2026-05,One-year,41.7,0,0
A012626,2026-05,One-year,71.95,1,0
A012627,2026-05,One-year,104.34,0,0
A012628,2026-05,One-year,98.31,3,0
A012629,2026-05,One-year,82.15,2,0
A012630,2026-05,One-year,63.25,0,0
A012631,2026-05,One-year,84.1,1,0
A012632,2026-05,One-year,72.66,2,0
A012633,2026-05,One-year,90.87,3,0
A012634,2026-05,One-year,83.07,0,0
A012635,2026-05,One-year,65.69,0,0
A012636,2026-05,One-year,94.42,0,0
A012637,2026-05,One-year,64.03,1,0
A012638,2026-05,One-year,64.96,0,0
A012639,2026-05,One-year,66.91,1,0
A012640,2026-05,One-year,76.85,4,0
A012641,2026-05,One-year,73.95,1,0
A012642,2026-05,One-year,71.28,1,0
A012643,2026-05,One-year,86.88,1,0
A012644,2026-05,One-year,89.05,2,0
A012645,2026-05,One-year,62.74,4,0
A012646,2026-05,One-year,58.8,4,0
A012647,2026-05,One-year,84.29,1,0
A012648,2026-05,One-year,92.98,2,0
A012649,2026-05,One-year,90.12,1,0
A012650,2026-05,One-year,59.09,3,0
A012651,2026-05,One-year,89.53,1,0
A012652,2026-05,One-year,57.19,1,0
A012653,2026-05,One-year,61.59,0,0
A012654,2026-05,One-year,73.9,1,0
A012655,2026-05,One-year,55.75,3,0
A012656,2026-05,One-year,69.58,1,0
A012657,2026-05,One-year,81.86,3,0
A012658,2026-05,One-year,84.49,4,0
A012659,2026-05,One-year,97.31,0,0
A012660,2026-05,One-year,101.32,2,0
A012661,2026-05,One-year,62.52,2,0
A012662,2026-05,One-year,71.34,5,0
A012663,2026-05,One-year,64.21,2,0
A012664,2026-05,One-year,72.65,0,0
A012665,2026-05,One-year,91.22,5,0
A012666,2026-05,One-year,56.83,2,0
A012667,2026-05,One-year,85.99,4,0
A012668,2026-05,One-year,87.94,1,0
A012669,2026-05,One-year,61.85,3,0
A012670,2026-05,One-year,58.27,1,0
A012671,2026-05,One-year,66.85,1,0
A012672,2026-05,One-year,48.87,5,0
A012673,2026-05,One-year,92.95,3,0
A012674,2026-05,One-year,79.77,0,0
A012675,2026-05,One-year,81.73,2,0
A012676,2026-05,One-year,55.9,0,0
A012677,2026-05,One-year,66.39,0,0
A012678,2026-05,One-year,65.46,2,0
A012679,2026-05,One-year,73.98,3,0
A012680,2026-05,One-year,84.73,0,0
A012681,2026-05,One-year,77.49,0,0
A012682,2026-05,One-year,72.36,3,0
A012683,2026-05,One-year,84.84,3,0
A012684,2026-05,One-year,75.09,4,0
A012685,2026-05,One-year,93.04,1,0
A012686,2026-05,One-year,93.6,0,0
A012687,2026-05,One-year,74.35,2,0
A012688,2026-05,One-year,46.76,0,0
A012689,2026-05,One-year,65.43,3,0
A012690,2026-05,One-year,66.07,2,0
A012691,2026-05,One-year,71.16,1,0
A012692,2026-05,One-year,101.88,1,0
A012693,2026-05,One-year,62.1,3,0
A012694,2026-05,One-year,55.14,1,0
A012695,2026-05,One-year,45.85,3,0
A012696,2026-05,One-year,85.45,0,0
A012697,2026-05,One-year,90.88,0,0
A012698,2026-05,One-year,91.5,1,0
A012699,2026-05,One-year,67.06,4,0
A012700,2026-05,One-year,92.34,1,0
A012701,2026-05,One-year,66.94,1,0
A012702,2026-05,One-year,87.52,1,0
A012703,2026-05,One-year,103.65,1,0
A012704,2026-05,One-year,81.38,4,0
A012705,2026-05,One-year,68.3,4,0
A012706,2026-05,One-year,67.66,2,0
A012707,2026-05,One-year,85.22,3,0
A012708,2026-05,One-year,44.5,1,0
A012709,2026-05,One-year,60.57,3,0
A012710,2026-05,One-year,109.22,0,0
A012711,2026-05,One-year,87.25,2,0
A012712,2026-05,One-year,82.7,1,0
A012713,2026-05,One-year,113.64,1,0
A012714,2026-05,One-year,83.77,0,0
A012715,2026-05,One-year,74.46,0,0
A012716,2026-05,One-year,52.38,1,0
A012717,2026-05,One-year,80.34,2,0
A012718,2026-05,One-year,69.32,1,0
A012719,2026-05,One-year,87.37,1,0
A012720,2026-05,One-year,63.62,0,0
A012721,2026-05,One-year,71.13,5,0
A012722,2026-05,One-year,98.96,3,0
A012723,2026-05,One-year,85.95,4,0
A012724,2026-05,One-year,81.19,3,0
A012725,2026-05,One-year,52.96,1,0
A012726,2026-05,One-year,89.94,3,0
A012727,2026-05,One-year,40.49,2,0
A012728,2026-05,One-year,103.85,0,0
A012729,2026-05,One-year,86.2,2,0
A012730,2026-05,One-year,80.5,3,0
A012731,2026-05,One-year,81.37,0,0
A012732,2026-05,One-year,53.8,3,0
A012733,2026-05,One-year,85.21,3,0
A012734,2026-05,One-year,71.19,4,0
A012735,2026-05,One-year,72.13,3,0
A012736,2026-05,One-year,62.9,0,0
A012737,2026-05,One-year,77.4,0,0
A012738,2026-05,One-year,44.97,2,0
A012739,2026-05,One-year,55.31,5,0
A012740,2026-05,One-year,74.27,1,0
A012741,2026-05,One-year,101.29,1,0
A012742,2026-05,One-year,90.59,1,0
A012743,2026-05,One-year,70.12,1,0
A012744,2026-05,One-year,72.87,1,0
A012745,2026-05,One-year,76.61,0,0
A012746,2026-05,One-year,77.89,4,0
A012747,2026-05,One-year,49.44,2,0
A012748,2026-05,One-year,83.04,2,0
A012749,2026-05,One-year,84.3,2,0
A012750,2026-05,One-year,55.78,1,0
A012751,2026-05,One-year,80.32,3,0
A012752,2026-05,One-year,93.68,1,0
A012753,2026-05,One-year,73.75,3,0
A012754,2026-05,One-year,80.15,0,0
A012755,2026-05,One-year,53.31,1,0
A012756,2026-05,One-year,73.6,7,0
A012757,2026-05,One-year,92.94,2,0
A012758,2026-05,One-year,65.8,2,0
A012759,2026-05,One-year,78.93,4,0
A012760,2026-05,One-year,49.72,2,0
A012761,2026-05,One-year,49.24,1,0
A012762,2026-05,One-year,96.31,2,0
A012763,2026-05,One-year,59.48,2,0
A012764,2026-05,One-year,71.29,1,0
A012765,2026-05,One-year,85.08,3,0
A012766,2026-05,One-year,76.53,0,0
A012767,2026-05,One-year,88.98,1,0
A012768,2026-05,One-year,66.95,0,0
A012769,2026-05,One-year,59.7,0,0
A012770,2026-05,One-year,56.66,5,0
A012771,2026-05,One-year,108.96,2,0
A012772,2026-05,One-year,95.5,3,0
A012773,2026-05,One-year,66.03,2,0
A012774,2026-05,One-year,50.59,2,0
A012775,2026-05,One-year,60.75,2,0
A012776,2026-05,One-year,58.2,4,0
A012777,2026-05,One-year,87.48,2,0
A012778,2026-05,One-year,102.63,2,0
A012779,2026-05,One-year,78.45,2,0
A012780,2026-05,One-year,89.75,0,0
A012781,2026-05,One-year,78.98,3,0
A012782,2026-05,One-year,66.25,2,0
A012783,2026-05,One-year,71.29,2,0
A012784,2026-05,One-year,81.28,1,0
A012785,2026-05,One-year,71.33,2,0
A012786,2026-05,One-year,68.4,1,0
A012787,2026-05,One-year,84.18,1,0
A012788,2026-05,One-year,56.92,1,0
A012789,2026-05,One-year,92.04,0,0
A012790,2026-05,One-year,60.58,2,0
A012791,2026-05,One-year,81.06,3,0
A012792,2026-05,One-year,71.14,5,0
A012793,2026-05,One-year,79.04,4,0
A012794,2026-05,One-year,85.16,0,0
A012795,2026-05,One-year,90.92,3,0
A012796,2026-05,One-year,85.75,1,0
A012797,2026-05,One-year,79.19,3,0
A012798,2026-05,One-year,83.4,3,0
A012799,2026-05,One-year,111.17,0,0
A012800,2026-05,One-year,45.49,0,0
A012801,2026-05,One-year,80.7,0,0
A012802,2026-05,One-year,69.41,2,0
A012803,2026-05,One-year,65.67,0,0
A012804,2026-05,One-year,68.61,2,0
A012805,2026-05,One-year,99.16,0,0
A012806,2026-05,One-year,64.08,1,0
A012807,2026-05,One-year,71.92,2,0
A012808,2026-05,One-year,76.54,2,0
A012809,2026-05,One-year,67.63,1,0
A012810,2026-05,One-year,78.86,3,0
A012811,2026-05,One-year,86.94,0,0
A012812,2026-05,One-year,52.9,3,1
A012813,2026-05,One-year,72.7,1,0
A012814,2026-05,One-year,87.36,3,1
A012815,2026-05,One-year,67.55,0,0
A012816,2026-05,One-year,69.33,2,0
A012817,2026-05,One-year,98.08,2,0
A012818,2026-05,One-year,79.79,1,0
A012819,2026-05,One-year,67.6,2,0
A012820,2026-05,One-year,70.16,2,0
A012821,2026-05,One-year,44.62,0,0
A012822,2026-05,One-year,101.36,3,0
A012823,2026-05,One-year,58.72,2,0
A012824,2026-05,One-year,80.32,1,0
A012825,2026-05,One-year,70.22,1,0
A012826,2026-05,One-year,70.66,0,0
A012827,2026-05,One-year,69.8,2,0
A012828,2026-05,One-year,81.14,2,0
A012829,2026-05,One-year,68.05,4,1
A012830,2026-05,One-year,49.14,2,0
A012831,2026-05,One-year,74.03,3,0
A012832,2026-05,One-year,68.19,0,0
A012833,2026-05,One-year,56.76,0,0
A012834,2026-05,One-year,83.12,0,0
A012835,2026-05,One-year,65.05,0,0
A012836,2026-05,One-year,82.72,2,0
A012837,2026-05,One-year,79.46,1,0
A012838,2026-05,One-year,89.92,1,0
A012839,2026-05,One-year,85.41,3,0
A012840,2026-05,One-year,70.6,3,0
A012841,2026-05,One-year,62.46,1,0
A012842,2026-05,One-year,79.06,1,0
A012843,2026-05,One-year,87.19,0,0
A012844,2026-05,One-year,66.51,2,0
A012845,2026-05,One-year,88.36,3,0
A012846,2026-05,One-year,63.39,4,0
A012847,2026-05,One-year,51.16,1,0
A012848,2026-05,One-year,67.66,0,0
A012849,2026-05,One-year,87.86,0,0
A012850,2026-05,One-year,76.83,0,0
A012851,2026-05,One-year,74.67,0,0
A012852,2026-05,One-year,77.56,2,0
A012853,2026-05,One-year,81.44,3,0
A012854,2026-05,One-year,78.42,2,0
A012855,2026-05,One-year,57.49,0,0
A012856,2026-05,One-year,48.91,1,0
A012857,2026-05,One-year,95.78,1,0
A012858,2026-05,One-year,85.18,4,0
A012859,2026-05,One-year,56.72,0,0
A012860,2026-05,One-year,71.18,2,0
A012861,2026-05,One-year,60.06,3,0
A012862,2026-05,One-year,76.78,2,0
A012863,2026-05,One-year,64.2,2,0
A012864,2026-05,One-year,88.81,2,1
A012865,2026-05,One-year,81.0,0,0
A012866,2026-05,One-year,61.2,4,0
A012867,2026-05,One-year,57.69,3,0
A012868,2026-05,One-year,83.24,2,0
A012869,2026-05,One-year,54.9,2,0
A012870,2026-05,One-year,53.56,2,0
A012871,2026-05,One-year,72.11,3,0
A012872,2026-05,One-year,65.61,3,0
A012873,2026-05,One-year,79.57,2,0
A012874,2026-05,One-year,86.56,0,0
A012875,2026-05,One-year,74.92,0,0
A012876,2026-05,One-year,89.89,1,0
A012877,2026-05,One-year,50.97,4,0
A012878,2026-05,One-year,59.05,0,0
A012879,2026-05,One-year,47.39,2,0
A012880,2026-05,One-year,82.33,3,0
A012881,2026-05,One-year,76.31,1,1
A012882,2026-05,One-year,69.64,2,0
A012883,2026-05,One-year,92.55,2,0
A012884,2026-05,One-year,77.73,2,0
A012885,2026-05,One-year,62.03,5,0
A012886,2026-05,One-year,61.96,0,0
A012887,2026-05,One-year,66.77,2,0
A012888,2026-05,One-year,51.51,1,0
A012889,2026-05,One-year,79.86,3,0
A012890,2026-05,One-year,56.63,0,1
A012891,2026-05,One-year,77.3,4,0
A012892,2026-05,One-year,66.74,2,0
A012893,2026-05,One-year,105.37,2,0
A012894,2026-05,One-year,82.51,1,0
A012895,2026-05,One-year,57.67,0,0
A012896,2026-05,One-year,76.05,1,0
A012897,2026-05,One-year,50.39,3,0
A012898,2026-05,One-year,73.98,4,0
A012899,2026-05,One-year,79.79,2,1
A012900,2026-05,One-year,50.25,2,0
A012901,2026-05,One-year,56.45,3,0
A012902,2026-05,One-year,91.43,4,0
A012903,2026-05,One-year,86.44,0,0
A012904,2026-05,One-year,75.72,2,0
A012905,2026-05,One-year,54.26,4,0
A012906,2026-05,One-year,65.29,1,0
A012907,2026-05,One-year,72.17,0,0
A012908,2026-05,One-year,62.7,2,0
A012909,2026-05,One-year,74.38,0,0
A012910,2026-05,One-year,98.19,2,0
A012911,2026-05,One-year,63.87,0,0
A012912,2026-05,One-year,89.38,2,0
A012913,2026-05,One-year,57.36,3,0
A012914,2026-05,One-year,58.52,5,0
A012915,2026-05,One-year,65.48,1,0
A012916,2026-05,One-year,73.77,2,0
A012917,2026-05,One-year,48.74,1,0
A012918,2026-05,One-year,75.52,1,0
A012919,2026-05,One-year,83.51,0,0
A012920,2026-05,One-year,71.52,1,0
A012921,2026-05,One-year,55.18,2,0
A012922,2026-05,One-year,91.51,4,0
A012923,2026-05,One-year,81.38,1,0
A012924,2026-05,One-year,82.52,3,0
A012925,2026-05,One-year,66.09,0,0
A012926,2026-05,One-year,86.18,2,0
A012927,2026-05,One-year,62.46,3,0
A012928,2026-05,One-year,74.69,0,0
A012929,2026-05,One-year,49.77,4,0
A012930,2026-05,One-year,78.4,0,0
A012931,2026-05,One-year,58.22,2,0
A012932,2026-05,One-year,53.83,0,0
A012933,2026-05,One-year,74.08,3,0
A012934,2026-05,One-year,64.04,2,0
A012935,2026-05,One-year,87.63,4,0
A012936,2026-05,One-year,73.02,0,0
A012937,2026-05,One-year,67.52,3,0
A012938,2026-05,One-year,67.86,3,0
A012939,2026-05,One-year,77.63,4,0
A012940,2026-05,One-year,50.8,0,0
A012941,2026-05,One-year,79.31,2,0
A012942,2026-05,One-year,52.07,1,0
A012943,2026-05,One-year,68.91,6,0
A012944,2026-05,One-year,85.69,2,0
A012945,2026-05,One-year,63.79,2,0
A012946,2026-05,One-year,79.57,1,0
A012947,2026-05,One-year,80.71,1,0
A012948,2026-05,One-year,96.34,0,0
A012949,2026-05,One-year,55.0,0,0
A012950,2026-05,One-year,69.42,3,1
A012951,2026-05,One-year,73.54,2,0
A012952,2026-05,One-year,70.07,0,0
A012953,2026-05,One-year,72.76,0,0
A012954,2026-05,One-year,86.78,2,0
A012955,2026-05,One-year,76.95,4,0
A012956,2026-05,One-year,77.59,2,0
A012957,2026-05,One-year,78.7,3,0
A012958,2026-05,One-year,69.36,0,0
A012959,2026-05,One-year,84.47,0,0
A012960,2026-05,One-year,53.18,2,0
A012961,2026-05,One-year,58.04,2,0
A012962,2026-05,One-year,99.02,1,0
A012963,2026-05,One-year,71.2,0,0
A012964,2026-05,One-year,72.77,1,0
A012965,2026-05,One-year,60.97,1,0
A012966,2026-05,One-year,79.66,1,0
A012967,2026-05,One-year,101.29,4,0
A012968,2026-05,One-year,57.53,0,0
A012969,2026-05,One-year,87.35,2,0
A012970,2026-05,One-year,73.37,2,0
A012971,2026-05,One-year,45.14,3,1
A012972,2026-05,One-year,72.79,0,0
A012973,2026-05,One-year,80.4,1,0
A012974,2026-05,One-year,95.79,1,0
A012975,2026-05,One-year,56.62,2,0
A012976,2026-05,One-year,84.41,2,0
A012977,2026-05,One-year,88.63,2,0
A012978,2026-05,One-year,68.45,3,0
A012979,2026-05,One-year,58.3,1,0
A012980,2026-05,One-year,54.38,3,0
A012981,2026-05,One-year,75.82,1,0
A012982,2026-05,One-year,66.1,1,0
A012983,2026-05,One-year,85.17,4,0
A012984,2026-05,One-year,32.62,2,0
A012985,2026-05,One-year,59.5,5,0
A012986,2026-05,One-year,72.16,1,0
A012987,2026-05,One-year,71.73,2,0
A012988,2026-05,One-year,62.02,3,0
A012989,2026-05,One-year,94.9,2,0
A012990,2026-05,One-year,73.31,1,0
A012991,2026-05,One-year,68.64,1,0
A012992,2026-05,One-year,76.49,6,0
A012993,2026-05,One-year,66.78,1,0
A012994,2026-05,One-year,91.2,0,0
A012995,2026-05,One-year,94.63,2,0
A012996,2026-05,One-year,65.94,2,0
A012997,2026-05,One-year,72.85,1,0
A012998,2026-05,One-year,74.23,3,0
A012999,2026-05,One-year,98.39,2,0
A013000,2026-05,One-year,49.48,1,0
A013001,2026-05,One-year,68.77,2,0
A013002,2026-05,One-year,78.48,0,0
A013003,2026-05,One-year,97.42,2,0
A013004,2026-05,One-year,59.74,2,0
A013005,2026-05,One-year,86.27,2,0
A013006,2026-05,One-year,78.3,3,0
A013007,2026-05,One-year,64.14,1,0
A013008,2026-05,One-year,104.07,1,0
A013009,2026-05,One-year,67.67,0,0
A013010,2026-05,One-year,76.39,2,0
A013011,2026-05,Two-year,84.51,1,0
A013012,2026-05,Two-year,76.17,4,0
A013013,2026-05,Two-year,85.72,0,0
A013014,2026-05,Two-year,83.91,0,0
A013015,2026-05,Two-year,63.07,1,0
A013016,2026-05,Two-year,42.72,1,0
A013017,2026-05,Two-year,59.57,1,0
A013018,2026-05,Two-year,75.61,2,0
A013019,2026-05,Two-year,73.66,0,0
A013020,2026-05,Two-year,78.33,0,0
A013021,2026-05,Two-year,107.8,3,0
A013022,2026-05,Two-year,61.42,0,0
A013023,2026-05,Two-year,87.84,0,0
A013024,2026-05,Two-year,123.6,1,0
A013025,2026-05,Two-year,108.23,3,0
A013026,2026-05,Two-year,63.09,2,0
A013027,2026-05,Two-year,101.3,2,0
A013028,2026-05,Two-year,76.76,0,0
A013029,2026-05,Two-year,63.82,0,0
A013030,2026-05,Two-year,82.72,2,0
A013031,2026-05,Two-year,91.81,3,0
A013032,2026-05,Two-year,74.98,2,0
A013033,2026-05,Two-year,80.87,0,0
A013034,2026-05,Two-year,76.01,1,0
A013035,2026-05,Two-year,106.2,0,0
A013036,2026-05,Two-year,99.64,1,0
A013037,2026-05,Two-year,88.09,0,0
A013038,2026-05,Two-year,82.56,0,0
A013039,2026-05,Two-year,93.79,1,0
A013040,2026-05,Two-year,91.26,0,0
A013041,2026-05,Two-year,109.47,2,0
A013042,2026-05,Two-year,78.83,2,0
A013043,2026-05,Two-year,100.19,0,0
A013044,2026-05,Two-year,90.33,2,0
A013045,2026-05,Two-year,61.07,0,0
A013046,2026-05,Two-year,68.24,2,0
A013047,2026-05,Two-year,68.13,2,0
A013048,2026-05,Two-year,74.3,1,0
A013049,2026-05,Two-year,99.14,0,0
A013050,2026-05,Two-year,65.0,1,0
A013051,2026-05,Two-year,84.91,1,0
A013052,2026-05,Two-year,81.77,1,0
A013053,2026-05,Two-year,100.78,0,0
A013054,2026-05,Two-year,83.51,1,0
A013055,2026-05,Two-year,67.34,2,0
A013056,2026-05,Two-year,75.78,1,0
A013057,2026-05,Two-year,70.92,0,0
A013058,2026-05,Two-year,66.45,0,0
A013059,2026-05,Two-year,75.13,0,0
A013060,2026-05,Two-year,64.16,0,0
A013061,2026-05,Two-year,83.17,1,0
A013062,2026-05,Two-year,55.05,3,0
A013063,2026-05,Two-year,83.81,0,0
A013064,2026-05,Two-year,66.87,1,0
A013065,2026-05,Two-year,61.11,0,0
A013066,2026-05,Two-year,80.9,0,0
A013067,2026-05,Two-year,75.0,3,0
A013068,2026-05,Two-year,89.47,3,0
A013069,2026-05,Two-year,71.05,2,0
A013070,2026-05,Two-year,101.35,0,0
A013071,2026-05,Two-year,96.56,2,0
A013072,2026-05,Two-year,80.82,1,0
A013073,2026-05,Two-year,66.58,1,0
A013074,2026-05,Two-year,75.49,1,0
A013075,2026-05,Two-year,60.94,0,0
A013076,2026-05,Two-year,69.06,0,0
A013077,2026-05,Two-year,82.95,1,0
A013078,2026-05,Two-year,75.32,2,0
A013079,2026-05,Two-year,89.44,1,0
A013080,2026-05,Two-year,73.27,2,0
A013081,2026-05,Two-year,62.89,3,0
A013082,2026-05,Two-year,86.2,1,0
A013083,2026-05,Two-year,76.15,2,0
A013084,2026-05,Two-year,59.64,3,0
A013085,2026-05,Two-year,56.26,3,0
A013086,2026-05,Two-year,82.41,1,0
A013087,2026-05,Two-year,60.89,0,0
A013088,2026-05,Two-year,95.71,0,0
A013089,2026-05,Two-year,84.93,2,0
A013090,2026-05,Two-year,71.6,1,0
A013091,2026-05,Two-year,92.93,2,0
A013092,2026-05,Two-year,72.3,1,0
A013093,2026-05,Two-year,87.97,2,0
A013094,2026-05,Two-year,77.51,1,0
A013095,2026-05,Two-year,59.44,2,0
A013096,2026-05,Two-year,86.69,1,0
A013097,2026-05,Two-year,75.35,2,0
A013098,2026-05,Two-year,99.61,1,0
A013099,2026-05,Two-year,77.84,1,0
A013100,2026-05,Two-year,67.48,0,0
A013101,2026-05,Two-year,72.04,0,0
A013102,2026-05,Two-year,90.2,0,0
A013103,2026-05,Two-year,103.61,0,0
A013104,2026-05,Two-year,86.05,1,0
A013105,2026-05,Two-year,75.26,2,0
A013106,2026-05,Two-year,63.49,0,0
A013107,2026-05,Two-year,85.33,0,0
A013108,2026-05,Two-year,84.63,2,0
A013109,2026-05,Two-year,65.72,0,0
A013110,2026-05,Two-year,84.98,1,0
A013111,2026-05,Two-year,86.76,0,0
A013112,2026-05,Two-year,77.95,2,0
A013113,2026-05,Two-year,77.63,0,0
A013114,2026-05,Two-year,56.95,2,0
A013115,2026-05,Two-year,72.93,0,0
A013116,2026-05,Two-year,55.53,2,0
A013117,2026-05,Two-year,69.6,1,0
A013118,2026-05,Two-year,64.72,4,0
A013119,2026-05,Two-year,79.76,3,0
A013120,2026-05,Two-year,70.61,2,0
A013121,2026-05,Two-year,82.45,2,0
A013122,2026-05,Two-year,82.41,2,0
A013123,2026-05,Two-year,108.92,2,0
A013124,2026-05,Two-year,90.2,0,0
A013125,2026-05,Two-year,76.41,0,0
A013126,2026-05,Two-year,49.59,0,0
A013127,2026-05,Two-year,85.8,0,0
A013128,2026-05,Two-year,85.65,0,0
A013129,2026-05,Two-year,81.74,2,0
A013130,2026-05,Two-year,69.98,0,0
A013131,2026-05,Two-year,105.54,0,0
A013132,2026-05,Two-year,102.18,0,0
A013133,2026-05,Two-year,88.16,1,0
A013134,2026-05,Two-year,90.8,1,0
A013135,2026-05,Two-year,110.35,1,0
A013136,2026-05,Two-year,98.01,2,0
A013137,2026-05,Two-year,96.28,1,0
A013138,2026-05,Two-year,56.82,1,0
A013139,2026-05,Two-year,79.94,2,0
A013140,2026-05,Two-year,87.16,0,0
A013141,2026-05,Two-year,62.96,3,0
A013142,2026-05,Two-year,84.53,2,0
A013143,2026-05,Two-year,59.28,2,0
A013144,2026-05,Two-year,88.82,0,0
A013145,2026-05,Two-year,84.83,0,0
A013146,2026-05,Two-year,74.12,0,0
A013147,2026-05,Two-year,38.84,2,0
A013148,2026-05,Two-year,104.32,1,0
A013149,2026-05,Two-year,80.42,0,0
A013150,2026-05,Two-year,77.13,1,1
A013151,2026-05,Two-year,107.87,2,0
A013152,2026-05,Two-year,64.18,2,0
A013153,2026-05,Two-year,104.32,2,0
A013154,2026-05,Two-year,82.59,2,0
A013155,2026-05,Two-year,86.07,0,0
A013156,2026-05,Two-year,80.63,0,0
A013157,2026-05,Two-year,102.72,1,0
A013158,2026-05,Two-year,56.17,3,0
A013159,2026-05,Two-year,66.17,1,0
A013160,2026-05,Two-year,65.72,3,0
A013161,2026-05,Two-year,71.28,0,0
A013162,2026-05,Two-year,65.77,0,0
A013163,2026-05,Two-year,73.45,2,0
A013164,2026-05,Two-year,83.98,0,0
A013165,2026-05,Two-year,70.83,1,0
A013166,2026-05,Two-year,79.58,2,0
A013167,2026-05,Two-year,70.89,2,0
A013168,2026-05,Two-year,68.88,1,0
A013169,2026-05,Two-year,72.39,2,0
A013170,2026-05,Two-year,67.53,0,0
A013171,2026-05,Two-year,53.47,2,0
A013172,2026-05,Two-year,61.83,2,0
A013173,2026-05,Two-year,105.1,2,0
A013174,2026-05,Two-year,70.79,0,0
A013175,2026-05,Two-year,82.97,0,0
A013176,2026-05,Two-year,105.64,1,0
A013177,2026-05,Two-year,80.79,2,0
A013178,2026-05,Two-year,57.59,1,0
A013179,2026-05,Two-year,69.92,1,0
A013180,2026-05,Two-year,82.42,3,0
A013181,2026-05,Two-year,50.43,5,0
A013182,2026-05,Two-year,93.81,2,0
A013183,2026-05,Two-year,51.89,1,0
A013184,2026-05,Two-year,106.69,2,0
A013185,2026-05,Two-year,78.13,1,0
A013186,2026-05,Two-year,101.88,1,0
A013187,2026-05,Two-year,89.97,1,0
A013188,2026-05,Two-year,97.51,2,0
A013189,2026-05,Two-year,77.19,2,0
A013190,2026-05,Two-year,84.28,1,0
A013191,2026-05,Two-year,85.78,0,0
A013192,2026-05,Two-year,49.11,0,0
A013193,2026-05,Two-year,59.61,1,0
A013194,2026-05,Two-year,67.74,0,0
A013195,2026-05,Two-year,69.31,0,0
A013196,2026-05,Two-year,103.3,0,0
A013197,2026-05,Two-year,93.55,1,0
A013198,2026-05,Two-year,82.45,2,0
A013199,2026-05,Two-year,98.94,2,0
A013200,2026-05,Two-year,67.24,1,0
A013201,2026-05,Two-year,114.61,2,0
A013202,2026-05,Two-year,60.41,0,0
A013203,2026-05,Two-year,88.87,3,0
A013204,2026-05,Two-year,93.94,3,0
A013205,2026-05,Two-year,81.68,1,0
A013206,2026-05,Two-year,91.22,4,0
A013207,2026-05,Two-year,76.32,3,0
A013208,2026-05,Two-year,92.88,2,0
A013209,2026-05,Two-year,84.82,0,0
A013210,2026-05,Two-year,56.52,1,0
A013211,2026-05,Two-year,74.28,2,0
A013212,2026-05,Two-year,72.02,0,0
A013213,2026-05,Two-year,72.89,2,0
A013214,2026-05,Two-year,80.31,0,0
A013215,2026-05,Two-year,74.98,2,0
A013216,2026-05,Two-year,80.56,0,0
A013217,2026-05,Two-year,72.35,0,0
A013218,2026-05,Two-year,88.94,2,0
A013219,2026-05,Two-year,66.15,2,0
A013220,2026-05,Two-year,86.28,3,0
A013221,2026-05,Two-year,99.24,2,0
A013222,2026-05,Two-year,76.5,2,0
A013223,2026-05,Two-year,103.07,2,0
A013224,2026-05,Two-year,67.5,1,0
A013225,2026-05,Two-year,75.97,4,0
A013226,2026-05,Two-year,67.23,3,0
A013227,2026-05,Two-year,89.54,0,0
A013228,2026-05,Two-year,75.33,0,0
A013229,2026-05,Two-year,65.62,0,0
A013230,2026-05,Two-year,67.19,3,0
A013231,2026-05,Two-year,94.55,4,0
A013232,2026-05,Two-year,90.15,2,0
A013233,2026-05,Two-year,61.1,0,0
A013234,2026-05,Two-year,82.0,0,0
A013235,2026-05,Two-year,81.0,0,0
A013236,2026-05,Two-year,92.16,0,1
A013237,2026-05,Two-year,75.4,2,0
A013238,2026-05,Two-year,70.99,3,0
A013239,2026-05,Two-year,69.12,0,0
A013240,2026-05,Two-year,81.11,1,0
A013241,2026-05,Two-year,91.57,3,0
A013242,2026-05,Two-year,76.22,5,0
A013243,2026-05,Two-year,70.09,4,0
A013244,2026-05,Two-year,57.32,1,0
A013245,2026-05,Two-year,66.44,1,0
A013246,2026-05,Two-year,55.88,1,0
A013247,2026-05,Two-year,107.65,3,0
A013248,2026-05,Two-year,76.94,2,0
A013249,2026-05,Two-year,68.05,1,0
A013250,2026-05,Two-year,99.89,0,0
A013251,2026-05,Two-year,81.37,4,0
A013252,2026-05,Two-year,93.12,1,0
A013253,2026-05,Two-year,88.71,0,0
A013254,2026-05,Two-year,75.5,2,0
A013255,2026-05,Two-year,59.55,2,0
A013256,2026-05,Two-year,72.46,0,0
A013257,2026-05,Two-year,85.65,4,0
A013258,2026-05,Two-year,73.8,3,0
A013259,2026-05,Two-year,84.76,0,0
A013260,2026-05,Two-year,57.39,0,0
A013261,2026-05,Two-year,79.11,0,0
A013262,2026-05,Two-year,82.0,4,0
A013263,2026-05,Two-year,67.11,1,0
A013264,2026-05,Two-year,69.08,3,0
A013265,2026-05,Two-year,89.19,0,0
A013266,2026-05,Two-year,101.27,0,0
A013267,2026-05,Two-year,58.03,5,0
A013268,2026-05,Two-year,72.44,0,0
A013269,2026-05,Two-year,64.37,2,0
A013270,2026-05,Two-year,71.55,1,0
A013271,2026-05,Two-year,77.63,3,0
A013272,2026-05,Two-year,78.8,1,0
A013273,2026-05,Two-year,63.46,3,0
A013274,2026-05,Two-year,82.69,0,0
A013275,2026-05,Two-year,88.68,2,0
A013276,2026-05,Two-year,65.98,3,0
A013277,2026-05,Two-year,72.4,1,0
A013278,2026-05,Two-year,71.6,1,0
A013279,2026-05,Two-year,85.4,0,0
A013280,2026-05,Two-year,86.1,2,0
A013281,2026-05,Two-year,76.64,1,0
A013282,2026-05,Two-year,81.25,3,0
A013283,2026-05,Two-year,64.03,0,0
A013284,2026-05,Two-year,79.66,1,0
A013285,2026-05,Two-year,91.33,1,0
A013286,2026-05,Two-year,88.06,1,0
A013287,2026-05,Two-year,74.48,0,0
A013288,2026-05,Two-year,62.05,1,0
A013289,2026-05,Two-year,83.42,0,0
A013290,2026-05,Two-year,91.06,0,0
A013291,2026-05,Two-year,81.84,0,0
A013292,2026-05,Two-year,74.89,1,0
A013293,2026-05,Two-year,85.63,2,0
A013294,2026-05,Two-year,80.25,1,0
A013295,2026-05,Two-year,98.9,0,0
A013296,2026-05,Two-year,95.18,2,0
A013297,2026-05,Two-year,62.16,0,0
A013298,2026-05,Two-year,60.75,1,0
A013299,2026-05,Two-year,79.2,0,0
A013300,2026-05,Two-year,71.66,0,0
A013301,2026-05,Two-year,82.75,3,0
A013302,2026-05,Two-year,74.71,0,0
A013303,2026-05,Two-year,77.93,1,0
A013304,2026-05,Two-year,85.96,1,0
A013305,2026-05,Two-year,66.0,0,0
A013306,2026-05,Two-year,81.85,0,0
A013307,2026-05,Two-year,72.72,1,0
A013308,2026-05,Two-year,60.93,2,0
A013309,2026-05,Two-year,60.27,0,0
A013310,2026-05,Two-year,53.93,0,0
A013311,2026-05,Two-year,89.65,0,0
A013312,2026-05,Two-year,84.91,1,0
A013313,2026-05,Two-year,46.34,1,0
A013314,2026-05,Two-year,75.27,1,0
A013315,2026-05,Two-year,82.78,2,0
A013316,2026-05,Two-year,79.86,0,0
A013317,2026-05,Two-year,95.46,1,0
A013318,2026-05,Two-year,87.3,2,0
A013319,2026-05,Two-year,119.28,4,0
A013320,2026-05,Two-year,55.68,2,0
A013321,2026-05,Two-year,31.58,0,0
A013322,2026-05,Two-year,116.01,0,0
A013323,2026-05,Two-year,67.58,1,0
A013324,2026-05,Two-year,84.33,0,0
A013325,2026-05,Two-year,65.42,0,0
A013326,2026-05,Two-year,84.59,0,0
A013327,2026-05,Two-year,89.53,0,0
A013328,2026-05,Two-year,77.6,1,0
A013329,2026-05,Two-year,57.04,2,0
A013330,2026-05,Two-year,72.86,3,0
A013331,2026-05,Two-year,66.01,2,0
A013332,2026-05,Two-year,86.07,2,0
A013333,2026-05,Two-year,65.5,1,0
A013334,2026-05,Two-year,90.58,0,0
A013335,2026-05,Two-year,85.62,0,0
A013336,2026-05,Two-year,89.01,2,0
A013337,2026-05,Two-year,73.87,2,0
A013338,2026-05,Two-year,55.69,3,0
A013339,2026-05,Two-year,77.5,3,0
A013340,2026-05,Two-year,87.3,3,0
A013341,2026-05,Two-year,48.79,0,0
A013342,2026-05,Two-year,86.18,0,0
A013343,2026-05,Two-year,82.49,2,0
A013344,2026-05,Two-year,47.93,2,0
A013345,2026-05,Two-year,57.57,2,0
A013346,2026-05,Two-year,77.88,0,0
A013347,2026-05,Two-year,67.62,0,0
A013348,2026-05,Two-year,87.24,4,0
A013349,2026-05,Two-year,85.74,0,0
A013350,2026-05,Two-year,60.87,4,0
A013351,2026-05,Two-year,62.1,0,0
A013352,2026-05,Two-year,68.92,3,0
A013353,2026-05,Two-year,88.11,2,0
A013354,2026-05,Two-year,73.13,0,0
A013355,2026-05,Two-year,62.25,0,0
A013356,2026-05,Two-year,92.01,2,0
A013357,2026-05,Two-year,76.62,1,0
A013358,2026-05,Two-year,88.57,1,0
A013359,2026-05,Two-year,65.87,0,0
A013360,2026-05,Two-year,68.79,1,0
A013361,2026-05,Two-year,72.29,1,0
A013362,2026-05,Two-year,97.17,2,0
A013363,2026-05,Two-year,75.29,2,0
A013364,2026-05,Two-year,101.67,0,0
A013365,2026-05,Two-year,70.06,1,0
A013366,2026-05,Two-year,89.15,1,0
A013367,2026-05,Two-year,81.35,0,0
A013368,2026-05,Two-year,60.16,0,0
A013369,2026-05,Two-year,43.6,0,0
A013370,2026-05,Two-year,81.18,2,0
A013371,2026-05,Two-year,72.91,1,0
A013372,2026-05,Two-year,45.53,3,0
A013373,2026-05,Two-year,79.01,2,0
A013374,2026-05,Two-year,70.61,3,0
A013375,2026-05,Two-year,91.89,4,0
A013376,2026-05,Two-year,75.32,2,0
A013377,2026-05,Two-year,56.08,1,0
A013378,2026-05,Two-year,90.96,0,0
A013379,2026-05,Two-year,62.43,3,0
A013380,2026-05,Two-year,82.06,2,0
A013381,2026-05,Two-year,85.99,2,0
A013382,2026-05,Two-year,74.99,0,0
A013383,2026-05,Two-year,74.02,1,0
A013384,2026-05,Two-year,67.87,0,0
A013385,2026-05,Two-year,107.36,2,0
A013386,2026-05,Two-year,42.45,1,0
A013387,2026-05,Two-year,106.83,0,0
A013388,2026-05,Two-year,79.03,3,0
A013389,2026-05,Two-year,99.69,0,0
A013390,2026-05,Two-year,81.73,0,0
A013391,2026-05,Two-year,86.17,1,0
A013392,2026-05,Two-year,119.31,1,0
A013393,2026-05,Two-year,77.55,0,0
A013394,2026-05,Two-year,88.81,2,0
A013395,2026-05,Two-year,69.72,0,0
A013396,2026-05,Two-year,67.33,1,0
A013397,2026-05,Two-year,66.32,3,0
A013398,2026-05,Two-year,83.99,1,0
A013399,2026-05,Two-year,93.74,0,0
A013400,2026-05,Two-year,71.28,1,0
A013401,2026-06,Month-to-month,62.28,5,0
A013402,2026-06,Month-to-month,96.57,2,0
A013403,2026-06,Month-to-month,56.31,1,0
A013404,2026-06,Month-to-month,70.87,0,0
A013405,2026-06,Month-to-month,69.57,2,0
A013406,2026-06,Month-to-month,80.51,1,0
A013407,2026-06,Month-to-month,54.94,5,0
A013408,2026-06,Month-to-month,83.39,4,0
A013409,2026-06,Month-to-month,57.42,1,1
A013410,2026-06,Month-to-month,73.96,1,0
A013411,2026-06,Month-to-month,65.14,2,0
A013412,2026-06,Month-to-month,65.41,3,0
A013413,2026-06,Month-to-month,56.11,3,0
A013414,2026-06,Month-to-month,72.43,4,0
A013415,2026-06,Month-to-month,75.39,2,0
A013416,2026-06,Month-to-month,74.3,1,0
A013417,2026-06,Month-to-month,56.01,5,0
A013418,2026-06,Month-to-month,60.16,1,0
A013419,2026-06,Month-to-month,59.18,3,0
A013420,2026-06,Month-to-month,58.37,3,1
A013421,2026-06,Month-to-month,73.7,2,0
A013422,2026-06,Month-to-month,78.88,1,0
A013423,2026-06,Month-to-month,75.81,3,0
A013424,2026-06,Month-to-month,31.11,4,0
A013425,2026-06,Month-to-month,58.84,3,0
A013426,2026-06,Month-to-month,74.19,2,0
A013427,2026-06,Month-to-month,75.96,5,0
A013428,2026-06,Month-to-month,72.35,4,0
A013429,2026-06,Month-to-month,65.94,2,0
A013430,2026-06,Month-to-month,93.93,2,0
A013431,2026-06,Month-to-month,58.15,1,0
A013432,2026-06,Month-to-month,85.59,3,0
A013433,2026-06,Month-to-month,33.69,2,0
A013434,2026-06,Month-to-month,56.74,5,0
A013435,2026-06,Month-to-month,41.65,5,0
A013436,2026-06,Month-to-month,70.73,2,0
A013437,2026-06,Month-to-month,78.39,1,0
A013438,2026-06,Month-to-month,69.98,3,0
A013439,2026-06,Month-to-month,75.7,3,0
A013440,2026-06,Month-to-month,64.82,3,0
A013441,2026-06,Month-to-month,59.29,4,1
A013442,2026-06,Month-to-month,66.02,3,0
A013443,2026-06,Month-to-month,48.69,5,0
A013444,2026-06,Month-to-month,50.77,2,0
A013445,2026-06,Month-to-month,60.96,3,0
A013446,2026-06,Month-to-month,60.45,2,0
A013447,2026-06,Month-to-month,87.07,2,0
A013448,2026-06,Month-to-month,81.2,2,0
A013449,2026-06,Month-to-month,94.12,2,0
A013450,2026-06,Month-to-month,53.36,3,0
A013451,2026-06,Month-to-month,47.14,3,0
A013452,2026-06,Month-to-month,48.62,2,0
A013453,2026-06,Month-to-month,68.58,1,0
A013454,2026-06,Month-to-month,79.71,1,0
A013455,2026-06,Month-to-month,44.56,0,0
A013456,2026-06,Month-to-month,62.4,2,0
A013457,2026-06,Month-to-month,83.58,1,0
A013458,2026-06,Month-to-month,64.98,2,0
A013459,2026-06,Month-to-month,70.14,4,0
A013460,2026-06,Month-to-month,65.01,2,0
A013461,2026-06,Month-to-month,71.52,1,0
A013462,2026-06,Month-to-month,75.69,3,0
A013463,2026-06,Month-to-month,78.88,3,0
A013464,2026-06,Month-to-month,58.7,2,1
A013465,2026-06,Month-to-month,93.06,1,0
A013466,2026-06,Month-to-month,56.93,3,0
A013467,2026-06,Month-to-month,63.71,4,0
A013468,2026-06,Month-to-month,52.49,2,0
A013469,2026-06,Month-to-month,76.36,4,0
A013470,2026-06,Month-to-month,61.06,1,0
A013471,2026-06,Month-to-month,62.18,4,0
A013472,2026-06,Month-to-month,77.6,4,0
A013473,2026-06,Month-to-month,78.87,2,0
A013474,2026-06,Month-to-month,73.48,1,0
A013475,2026-06,Month-to-month,55.99,4,0
A013476,2026-06,Month-to-month,69.53,3,0
A013477,2026-06,Month-to-month,54.85,4,0
A013478,2026-06,Month-to-month,89.24,4,0
A013479,2026-06,Month-to-month,86.24,3,0
A013480,2026-06,Month-to-month,44.2,2,0
A013481,2026-06,Month-to-month,48.9,3,0
A013482,2026-06,Month-to-month,77.02,2,0
A013483,2026-06,Month-to-month,42.33,1,0
A013484,2026-06,Month-to-month,58.97,3,1
A013485,2026-06,Month-to-month,54.64,3,0
A013486,2026-06,Month-to-month,67.13,2,0
A013487,2026-06,Month-to-month,63.69,0,0
A013488,2026-06,Month-to-month,72.72,3,0
A013489,2026-06,Month-to-month,55.77,3,0
A013490,2026-06,Month-to-month,64.65,1,0
A013491,2026-06,Month-to-month,61.03,4,0
A013492,2026-06,Month-to-month,79.97,3,0
A013493,2026-06,Month-to-month,80.77,1,0
A013494,2026-06,Month-to-month,76.39,3,0
A013495,2026-06,Month-to-month,52.9,3,0
A013496,2026-06,Month-to-month,84.59,1,0
A013497,2026-06,Month-to-month,29.32,2,0
A013498,2026-06,Month-to-month,57.68,0,0
A013499,2026-06,Month-to-month,65.7,5,0
A013500,2026-06,Month-to-month,41.53,3,0
A013501,2026-06,Month-to-month,58.04,3,0
A013502,2026-06,Month-to-month,75.59,3,0
A013503,2026-06,Month-to-month,50.51,5,1
A013504,2026-06,Month-to-month,45.74,1,0
A013505,2026-06,Month-to-month,46.3,2,0
A013506,2026-06,Month-to-month,108.64,3,0
A013507,2026-06,Month-to-month,83.96,0,0
A013508,2026-06,Month-to-month,59.83,6,0
A013509,2026-06,Month-to-month,59.01,3,0
A013510,2026-06,Month-to-month,70.21,3,1
A013511,2026-06,Month-to-month,58.93,1,0
A013512,2026-06,Month-to-month,56.91,2,0
A013513,2026-06,Month-to-month,68.06,2,0
A013514,2026-06,Month-to-month,65.68,1,0
A013515,2026-06,Month-to-month,78.06,1,0
A013516,2026-06,Month-to-month,86.19,2,0
A013517,2026-06,Month-to-month,68.27,2,0
A013518,2026-06,Month-to-month,51.8,3,0
A013519,2026-06,Month-to-month,85.39,2,0
A013520,2026-06,Month-to-month,87.13,2,0
A013521,2026-06,Month-to-month,66.12,2,0
A013522,2026-06,Month-to-month,77.43,2,0
A013523,2026-06,Month-to-month,69.32,3,0
A013524,2026-06,Month-to-month,69.87,3,0
A013525,2026-06,Month-to-month,75.97,4,0
A013526,2026-06,Month-to-month,50.43,2,0
A013527,2026-06,Month-to-month,71.41,2,0
A013528,2026-06,Month-to-month,38.96,2,0
A013529,2026-06,Month-to-month,54.77,2,0
A013530,2026-06,Month-to-month,69.26,1,0
A013531,2026-06,Month-to-month,50.02,5,0
A013532,2026-06,Month-to-month,95.04,2,0
A013533,2026-06,Month-to-month,60.46,0,0
A013534,2026-06,Month-to-month,51.67,5,0
A013535,2026-06,Month-to-month,43.0,2,0
A013536,2026-06,Month-to-month,97.63,2,0
A013537,2026-06,Month-to-month,113.23,2,0
A013538,2026-06,Month-to-month,72.28,2,0
A013539,2026-06,Month-to-month,50.07,0,0
A013540,2026-06,Month-to-month,68.38,4,0
A013541,2026-06,Month-to-month,68.27,3,1
A013542,2026-06,Month-to-month,49.79,2,0
A013543,2026-06,Month-to-month,67.98,3,1
A013544,2026-06,Month-to-month,63.02,3,0
A013545,2026-06,Month-to-month,56.7,0,0
A013546,2026-06,Month-to-month,62.84,3,0
A013547,2026-06,Month-to-month,63.18,2,0
A013548,2026-06,Month-to-month,68.45,4,0
A013549,2026-06,Month-to-month,51.65,1,0
A013550,2026-06,Month-to-month,66.46,3,0
A013551,2026-06,Month-to-month,91.55,3,0
A013552,2026-06,Month-to-month,94.29,2,0
A013553,2026-06,Month-to-month,54.73,2,0
A013554,2026-06,Month-to-month,28.74,3,0
A013555,2026-06,Month-to-month,68.77,1,0
A013556,2026-06,Month-to-month,92.44,3,0
A013557,2026-06,Month-to-month,55.56,3,1
A013558,2026-06,Month-to-month,99.11,2,0
A013559,2026-06,Month-to-month,78.48,3,0
A013560,2026-06,Month-to-month,97.4,3,0
A013561,2026-06,Month-to-month,66.11,3,0
A013562,2026-06,Month-to-month,60.09,1,0
A013563,2026-06,Month-to-month,77.68,3,0
A013564,2026-06,Month-to-month,61.18,2,0
A013565,2026-06,Month-to-month,85.22,1,0
A013566,2026-06,Month-to-month,67.56,3,0
A013567,2026-06,Month-to-month,59.5,0,0
A013568,2026-06,Month-to-month,77.22,4,0
A013569,2026-06,Month-to-month,93.53,3,0
A013570,2026-06,Month-to-month,83.39,1,0
A013571,2026-06,Month-to-month,65.15,3,0
A013572,2026-06,Month-to-month,65.67,1,0
A013573,2026-06,Month-to-month,54.49,2,0
A013574,2026-06,Month-to-month,59.56,3,0
A013575,2026-06,Month-to-month,71.98,1,0
A013576,2026-06,Month-to-month,58.17,3,0
A013577,2026-06,Month-to-month,56.72,1,0
A013578,2026-06,Month-to-month,76.31,4,0
A013579,2026-06,Month-to-month,74.52,1,0
A013580,2026-06,Month-to-month,70.6,0,0
A013581,2026-06,Month-to-month,71.07,4,0
A013582,2026-06,Month-to-month,78.43,4,0
A013583,2026-06,Month-to-month,65.0,1,0
A013584,2026-06,Month-to-month,79.08,3,0
A013585,2026-06,Month-to-month,79.52,2,0
A013586,2026-06,Month-to-month,64.72,1,0
A013587,2026-06,Month-to-month,99.09,1,0
A013588,2026-06,Month-to-month,63.92,1,0
A013589,2026-06,Month-to-month,75.73,1,0
A013590,2026-06,Month-to-month,67.4,4,0
A013591,2026-06,Month-to-month,28.1,4,0
A013592,2026-06,Month-to-month,75.34,5,0
A013593,2026-06,Month-to-month,74.12,5,0
A013594,2026-06,Month-to-month,68.51,4,0
A013595,2026-06,Month-to-month,69.26,1,0
A013596,2026-06,Month-to-month,60.47,2,0
A013597,2026-06,Month-to-month,47.54,3,0
A013598,2026-06,Month-to-month,53.77,1,0
A013599,2026-06,Month-to-month,80.45,2,0
A013600,2026-06,Month-to-month,71.35,2,0
A013601,2026-06,Month-to-month,58.94,4,0
A013602,2026-06,Month-to-month,73.94,2,0
A013603,2026-06,Month-to-month,73.21,4,0
A013604,2026-06,Month-to-month,98.93,3,0
A013605,2026-06,Month-to-month,77.07,2,0
A013606,2026-06,Month-to-month,79.42,0,0
A013607,2026-06,Month-to-month,77.33,4,1
A013608,2026-06,Month-to-month,69.53,3,0
A013609,2026-06,Month-to-month,61.14,2,0
A013610,2026-06,Month-to-month,79.8,2,0
A013611,2026-06,Month-to-month,54.44,2,0
A013612,2026-06,Month-to-month,60.4,2,0
A013613,2026-06,Month-to-month,65.63,3,0
A013614,2026-06,Month-to-month,63.48,2,0
A013615,2026-06,Month-to-month,104.43,4,0
A013616,2026-06,Month-to-month,57.17,2,0
A013617,2026-06,Month-to-month,73.57,4,0
A013618,2026-06,Month-to-month,60.01,3,0
A013619,2026-06,Month-to-month,64.38,3,0
A013620,2026-06,Month-to-month,56.78,1,0
A013621,2026-06,Month-to-month,64.17,2,0
A013622,2026-06,Month-to-month,72.44,3,0
A013623,2026-06,Month-to-month,72.22,0,0
A013624,2026-06,Month-to-month,70.64,2,0
A013625,2026-06,Month-to-month,84.29,1,0
A013626,2026-06,Month-to-month,53.57,2,0
A013627,2026-06,Month-to-month,58.66,2,0
A013628,2026-06,Month-to-month,88.71,4,0
A013629,2026-06,Month-to-month,47.55,1,0
A013630,2026-06,Month-to-month,41.56,2,0
A013631,2026-06,Month-to-month,56.23,1,0
A013632,2026-06,Month-to-month,82.62,1,0
A013633,2026-06,Month-to-month,101.83,3,0
A013634,2026-06,Month-to-month,59.67,4,0
A013635,2026-06,Month-to-month,88.04,3,0
A013636,2026-06,Month-to-month,86.22,0,0
A013637,2026-06,Month-to-month,70.98,2,0
A013638,2026-06,Month-to-month,26.53,1,0
A013639,2026-06,Month-to-month,59.0,3,0
A013640,2026-06,Month-to-month,76.74,2,0
A013641,2026-06,Month-to-month,56.71,3,0
A013642,2026-06,Month-to-month,52.12,0,0
A013643,2026-06,Month-to-month,73.33,4,0
A013644,2026-06,Month-to-month,69.44,7,0
A013645,2026-06,Month-to-month,49.96,2,0
A013646,2026-06,Month-to-month,54.16,2,1
A013647,2026-06,Month-to-month,70.15,4,0
A013648,2026-06,Month-to-month,83.17,0,0
A013649,2026-06,Month-to-month,49.96,2,0
A013650,2026-06,Month-to-month,96.72,0,0
A013651,2026-06,Month-to-month,79.86,2,0
A013652,2026-06,Month-to-month,54.69,2,0
A013653,2026-06,Month-to-month,55.27,0,0
A013654,2026-06,Month-to-month,88.66,3,0
A013655,2026-06,Month-to-month,65.42,0,0
A013656,2026-06,Month-to-month,62.68,4,0
A013657,2026-06,Month-to-month,50.9,4,0
A013658,2026-06,Month-to-month,73.86,5,0
A013659,2026-06,Month-to-month,68.86,0,0
A013660,2026-06,Month-to-month,80.24,4,0
A013661,2026-06,Month-to-month,109.01,2,0
A013662,2026-06,Month-to-month,70.18,5,0
A013663,2026-06,Month-to-month,64.29,2,0
A013664,2026-06,Month-to-month,56.79,2,0
A013665,2026-06,Month-to-month,68.25,2,0
A013666,2026-06,Month-to-month,67.09,3,0
A013667,2026-06,Month-to-month,79.65,3,0
A013668,2026-06,Month-to-month,41.26,4,0
A013669,2026-06,Month-to-month,75.67,0,0
A013670,2026-06,Month-to-month,70.69,3,0
A013671,2026-06,Month-to-month,59.39,3,0
A013672,2026-06,Month-to-month,65.49,2,0
A013673,2026-06,Month-to-month,86.31,4,0
A013674,2026-06,Month-to-month,68.07,4,0
A013675,2026-06,Month-to-month,41.74,0,0
A013676,2026-06,Month-to-month,64.39,2,0
A013677,2026-06,Month-to-month,76.48,5,0
A013678,2026-06,Month-to-month,55.84,2,0
A013679,2026-06,Month-to-month,79.94,3,0
A013680,2026-06,Month-to-month,61.62,3,0
A013681,2026-06,Month-to-month,64.89,2,0
A013682,2026-06,Month-to-month,62.42,4,0
A013683,2026-06,Month-to-month,48.24,5,0
A013684,2026-06,Month-to-month,100.14,0,0
A013685,2026-06,Month-to-month,93.62,2,0
A013686,2026-06,Month-to-month,84.25,2,0
A013687,2026-06,Month-to-month,88.0,0,0
A013688,2026-06,Month-to-month,35.14,3,0
A013689,2026-06,Month-to-month,63.02,5,0
A013690,2026-06,Month-to-month,76.42,3,0
A013691,2026-06,Month-to-month,88.32,3,0
A013692,2026-06,Month-to-month,60.42,2,0
A013693,2026-06,Month-to-month,81.36,3,0
A013694,2026-06,Month-to-month,53.85,4,0
A013695,2026-06,Month-to-month,59.48,4,0
A013696,2026-06,Month-to-month,78.77,4,0
A013697,2026-06,Month-to-month,54.94,1,0
A013698,2026-06,Month-to-month,60.12,3,0
A013699,2026-06,Month-to-month,51.5,2,0
A013700,2026-06,Month-to-month,64.16,3,0
A013701,2026-06,Month-to-month,71.67,2,0
A013702,2026-06,Month-to-month,63.65,2,0
A013703,2026-06,Month-to-month,77.59,3,0
A013704,2026-06,Month-to-month,78.52,2,0
A013705,2026-06,Month-to-month,70.65,3,0
A013706,2026-06,Month-to-month,63.88,4,0
A013707,2026-06,Month-to-month,79.05,3,0
A013708,2026-06,Month-to-month,68.04,4,0
A013709,2026-06,Month-to-month,58.83,0,0
A013710,2026-06,Month-to-month,50.94,3,0
A013711,2026-06,Month-to-month,82.7,4,0
A013712,2026-06,Month-to-month,58.34,0,0
A013713,2026-06,Month-to-month,57.65,1,0
A013714,2026-06,Month-to-month,67.85,2,0
A013715,2026-06,Month-to-month,80.17,4,0
A013716,2026-06,Month-to-month,28.76,1,0
A013717,2026-06,Month-to-month,78.86,2,0
A013718,2026-06,Month-to-month,51.15,4,0
A013719,2026-06,Month-to-month,41.36,2,0
A013720,2026-06,Month-to-month,54.29,4,0
A013721,2026-06,Month-to-month,46.6,3,0
A013722,2026-06,Month-to-month,56.3,0,0
A013723,2026-06,Month-to-month,78.81,4,0
A013724,2026-06,Month-to-month,73.76,2,0
A013725,2026-06,Month-to-month,59.2,4,0
A013726,2026-06,Month-to-month,46.69,4,0
A013727,2026-06,Month-to-month,55.59,3,0
A013728,2026-06,Month-to-month,81.43,2,1
A013729,2026-06,Month-to-month,86.81,0,0
A013730,2026-06,Month-to-month,46.05,1,0
A013731,2026-06,Month-to-month,59.23,3,0
A013732,2026-06,Month-to-month,77.29,3,0
A013733,2026-06,Month-to-month,75.44,7,0
A013734,2026-06,Month-to-month,82.41,1,0
A013735,2026-06,Month-to-month,69.09,0,0
A013736,2026-06,Month-to-month,61.55,4,0
A013737,2026-06,Month-to-month,62.12,4,0
A013738,2026-06,Month-to-month,67.55,3,0
A013739,2026-06,Month-to-month,52.22,1,0
A013740,2026-06,Month-to-month,78.53,1,0
A013741,2026-06,Month-to-month,65.6,3,0
A013742,2026-06,Month-to-month,80.46,0,0
A013743,2026-06,Month-to-month,58.99,1,0
A013744,2026-06,Month-to-month,73.45,4,0
A013745,2026-06,Month-to-month,46.52,3,0
A013746,2026-06,Month-to-month,51.44,1,0
A013747,2026-06,Month-to-month,62.62,3,0
A013748,2026-06,Month-to-month,93.36,2,0
A013749,2026-06,Month-to-month,72.06,2,0
A013750,2026-06,Month-to-month,70.99,1,0
A013751,2026-06,Month-to-month,95.29,4,0
A013752,2026-06,Month-to-month,68.99,4,0
A013753,2026-06,Month-to-month,57.82,1,0
A013754,2026-06,Month-to-month,61.89,2,0
A013755,2026-06,Month-to-month,69.62,1,0
A013756,2026-06,Month-to-month,87.66,0,0
A013757,2026-06,Month-to-month,64.43,1,1
A013758,2026-06,Month-to-month,41.74,3,0
A013759,2026-06,Month-to-month,65.41,3,0
A013760,2026-06,Month-to-month,68.06,1,0
A013761,2026-06,Month-to-month,69.52,4,0
A013762,2026-06,Month-to-month,76.64,5,0
A013763,2026-06,Month-to-month,39.13,3,0
A013764,2026-06,Month-to-month,75.07,5,0
A013765,2026-06,Month-to-month,74.86,2,0
A013766,2026-06,Month-to-month,69.46,3,0
A013767,2026-06,Month-to-month,63.72,2,0
A013768,2026-06,Month-to-month,78.62,2,0
A013769,2026-06,Month-to-month,51.33,2,0
A013770,2026-06,Month-to-month,66.51,5,0
A013771,2026-06,Month-to-month,70.91,4,0
A013772,2026-06,Month-to-month,79.41,1,0
A013773,2026-06,Month-to-month,74.35,2,0
A013774,2026-06,Month-to-month,61.53,1,0
A013775,2026-06,Month-to-month,52.08,2,0
A013776,2026-06,Month-to-month,63.9,2,0
A013777,2026-06,Month-to-month,68.53,4,1
A013778,2026-06,Month-to-month,57.67,0,0
A013779,2026-06,Month-to-month,80.21,5,0
A013780,2026-06,Month-to-month,61.56,3,0
A013781,2026-06,Month-to-month,67.82,1,0
A013782,2026-06,Month-to-month,69.31,3,0
A013783,2026-06,Month-to-month,74.54,2,0
A013784,2026-06,Month-to-month,69.57,2,0
A013785,2026-06,Month-to-month,68.34,0,0
A013786,2026-06,Month-to-month,64.16,2,0
A013787,2026-06,Month-to-month,91.84,2,0
A013788,2026-06,Month-to-month,63.26,3,0
A013789,2026-06,Month-to-month,90.02,3,0
A013790,2026-06,Month-to-month,71.16,1,0
A013791,2026-06,Month-to-month,65.4,3,0
A013792,2026-06,Month-to-month,63.28,1,0
A013793,2026-06,Month-to-month,66.5,3,0
A013794,2026-06,Month-to-month,56.71,3,0
A013795,2026-06,Month-to-month,72.07,0,0
A013796,2026-06,Month-to-month,53.57,3,1
A013797,2026-06,Month-to-month,77.36,1,0
A013798,2026-06,Month-to-month,71.05,3,0
A013799,2026-06,Month-to-month,85.29,3,0
A013800,2026-06,Month-to-month,48.85,2,0
A013801,2026-06,Month-to-month,69.54,4,0
A013802,2026-06,Month-to-month,57.76,2,0
A013803,2026-06,Month-to-month,84.7,1,0
A013804,2026-06,Month-to-month,72.66,0,0
A013805,2026-06,Month-to-month,63.8,2,0
A013806,2026-06,Month-to-month,75.47,2,0
A013807,2026-06,Month-to-month,69.85,2,1
A013808,2026-06,Month-to-month,75.61,3,0
A013809,2026-06,Month-to-month,26.02,2,0
A013810,2026-06,Month-to-month,64.37,2,0
A013811,2026-06,Month-to-month,29.61,2,0
A013812,2026-06,Month-to-month,62.03,3,0
A013813,2026-06,Month-to-month,58.2,0,1
A013814,2026-06,Month-to-month,57.49,1,0
A013815,2026-06,Month-to-month,61.95,2,0
A013816,2026-06,Month-to-month,51.4,3,0
A013817,2026-06,Month-to-month,85.49,2,0
A013818,2026-06,Month-to-month,70.1,1,0
A013819,2026-06,Month-to-month,92.12,3,0
A013820,2026-06,Month-to-month,78.9,1,0
A013821,2026-06,Month-to-month,62.56,1,0
A013822,2026-06,Month-to-month,87.84,4,0
A013823,2026-06,Month-to-month,60.38,1,0
A013824,2026-06,Month-to-month,52.04,1,0
A013825,2026-06,Month-to-month,76.03,5,0
A013826,2026-06,Month-to-month,83.71,2,0
A013827,2026-06,Month-to-month,58.29,3,0
A013828,2026-06,Month-to-month,53.51,3,0
A013829,2026-06,Month-to-month,81.67,3,0
A013830,2026-06,Month-to-month,79.1,4,0
A013831,2026-06,Month-to-month,44.61,5,0
A013832,2026-06,Month-to-month,74.12,2,0
A013833,2026-06,Month-to-month,82.16,3,0
A013834,2026-06,Month-to-month,63.66,2,0
A013835,2026-06,Month-to-month,43.31,2,0
A013836,2026-06,Month-to-month,69.33,2,0
A013837,2026-06,Month-to-month,74.46,3,1
A013838,2026-06,Month-to-month,76.57,3,0
A013839,2026-06,Month-to-month,58.27,3,0
A013840,2026-06,Month-to-month,68.31,6,0
A013841,2026-06,Month-to-month,68.17,4,0
A013842,2026-06,Month-to-month,59.73,1,0
A013843,2026-06,Month-to-month,69.72,2,0
A013844,2026-06,Month-to-month,74.54,1,0
A013845,2026-06,Month-to-month,55.38,2,0
A013846,2026-06,Month-to-month,78.01,2,0
A013847,2026-06,Month-to-month,57.38,1,0
A013848,2026-06,Month-to-month,78.64,1,0
A013849,2026-06,Month-to-month,72.82,5,0
A013850,2026-06,Month-to-month,68.43,3,0
A013851,2026-06,Month-to-month,85.97,5,0
A013852,2026-06,Month-to-month,67.56,2,0
A013853,2026-06,Month-to-month,46.66,2,0
A013854,2026-06,Month-to-month,51.74,1,0
A013855,2026-06,Month-to-month,65.37,0,0
A013856,2026-06,Month-to-month,71.42,3,0
A013857,2026-06,Month-to-month,106.91,2,0
A013858,2026-06,Month-to-month,57.14,4,0
A013859,2026-06,Month-to-month,70.93,3,0
A013860,2026-06,Month-to-month,61.68,2,0
A013861,2026-06,Month-to-month,82.46,3,0
A013862,2026-06,Month-to-month,79.63,3,0
A013863,2026-06,Month-to-month,65.34,2,0
A013864,2026-06,Month-to-month,58.47,1,0
A013865,2026-06,Month-to-month,65.3,4,0
A013866,2026-06,Month-to-month,36.68,5,0
A013867,2026-06,Month-to-month,58.1,3,0
A013868,2026-06,Month-to-month,59.01,3,0
A013869,2026-06,Month-to-month,57.37,3,0
A013870,2026-06,Month-to-month,101.56,2,1
A013871,2026-06,Month-to-month,69.89,1,0
A013872,2026-06,Month-to-month,59.24,3,0
A013873,2026-06,Month-to-month,82.92,5,0
A013874,2026-06,Month-to-month,48.98,4,0
A013875,2026-06,Month-to-month,67.28,3,0
A013876,2026-06,Month-to-month,63.51,4,0
A013877,2026-06,Month-to-month,47.34,2,0
A013878,2026-06,Month-to-month,76.29,1,0
A013879,2026-06,Month-to-month,74.87,4,0
A013880,2026-06,Month-to-month,66.44,1,0
A013881,2026-06,Month-to-month,59.08,3,0
A013882,2026-06,Month-to-month,67.32,0,0
A013883,2026-06,Month-to-month,92.67,3,0
A013884,2026-06,Month-to-month,63.37,2,0
A013885,2026-06,Month-to-month,99.24,3,0
A013886,2026-06,Month-to-month,58.99,3,0
A013887,2026-06,Month-to-month,42.95,0,0
A013888,2026-06,Month-to-month,60.27,2,0
A013889,2026-06,Month-to-month,79.24,3,0
A013890,2026-06,Month-to-month,68.39,0,0
A013891,2026-06,Month-to-month,49.49,1,0
A013892,2026-06,Month-to-month,52.12,2,0
A013893,2026-06,Month-to-month,72.2,3,0
A013894,2026-06,Month-to-month,81.35,2,0
A013895,2026-06,Month-to-month,73.57,1,0
A013896,2026-06,Month-to-month,74.19,0,0
A013897,2026-06,Month-to-month,37.41,2,0
A013898,2026-06,Month-to-month,62.63,3,0
A013899,2026-06,Month-to-month,60.87,2,0
A013900,2026-06,Month-to-month,49.31,3,0
A013901,2026-06,Month-to-month,64.26,1,0
A013902,2026-06,Month-to-month,93.93,0,0
A013903,2026-06,Month-to-month,51.37,0,0
A013904,2026-06,Month-to-month,63.2,2,0
A013905,2026-06,Month-to-month,57.61,4,0
A013906,2026-06,Month-to-month,75.65,3,0
A013907,2026-06,Month-to-month,63.82,4,0
A013908,2026-06,Month-to-month,54.1,0,0
A013909,2026-06,Month-to-month,65.56,2,0
A013910,2026-06,Month-to-month,60.23,3,0
A013911,2026-06,Month-to-month,61.58,3,0
A013912,2026-06,Month-to-month,46.84,1,0
A013913,2026-06,Month-to-month,74.1,2,0
A013914,2026-06,Month-to-month,69.31,2,0
A013915,2026-06,Month-to-month,51.52,2,0
A013916,2026-06,Month-to-month,62.37,4,0
A013917,2026-06,Month-to-month,60.96,2,0
A013918,2026-06,Month-to-month,72.53,3,0
A013919,2026-06,Month-to-month,60.28,1,0
A013920,2026-06,Month-to-month,45.96,0,0
A013921,2026-06,One-year,84.0,1,0
A013922,2026-06,One-year,87.03,0,0
A013923,2026-06,One-year,48.26,0,0
A013924,2026-06,One-year,92.07,4,0
A013925,2026-06,One-year,57.41,2,0
A013926,2026-06,One-year,80.58,1,0
A013927,2026-06,One-year,34.62,2,0
A013928,2026-06,One-year,77.81,1,0
A013929,2026-06,One-year,45.57,2,0
A013930,2026-06,One-year,66.46,1,0
A013931,2026-06,One-year,97.11,1,0
A013932,2026-06,One-year,40.79,1,0
A013933,2026-06,One-year,89.78,1,0
A013934,2026-06,One-year,59.51,1,0
A013935,2026-06,One-year,71.29,2,0
A013936,2026-06,One-year,72.6,3,1
A013937,2026-06,One-year,80.0,0,0
A013938,2026-06,One-year,74.41,0,0
A013939,2026-06,One-year,78.33,2,0
A013940,2026-06,One-year,63.19,1,0
A013941,2026-06,One-year,82.78,2,0
A013942,2026-06,One-year,70.9,1,0
A013943,2026-06,One-year,63.15,2,0
A013944,2026-06,One-year,86.31,2,0
A013945,2026-06,One-year,78.86,1,0
A013946,2026-06,One-year,56.21,0,0
A013947,2026-06,One-year,79.73,1,0
A013948,2026-06,One-year,74.09,3,0
A013949,2026-06,One-year,86.59,3,1
A013950,2026-06,One-year,86.57,2,0
A013951,2026-06,One-year,80.23,1,0
A013952,2026-06,One-year,58.72,3,0
A013953,2026-06,One-year,58.25,0,0
A013954,2026-06,One-year,91.01,1,0
A013955,2026-06,One-year,58.32,0,0
A013956,2026-06,One-year,69.62,3,0
A013957,2026-06,One-year,77.69,1,0
A013958,2026-06,One-year,72.79,3,0
A013959,2026-06,One-year,67.7,3,0
A013960,2026-06,One-year,68.49,0,1
A013961,2026-06,One-year,70.4,2,0
A013962,2026-06,One-year,83.53,0,0
A013963,2026-06,One-year,72.19,1,0
A013964,2026-06,One-year,91.99,2,0
A013965,2026-06,One-year,51.61,0,0
A013966,2026-06,One-year,42.98,2,0
A013967,2026-06,One-year,63.52,2,0
A013968,2026-06,One-year,62.66,3,0
A013969,2026-06,One-year,80.17,0,0
A013970,2026-06,One-year,48.95,3,0
A013971,2026-06,One-year,76.24,0,0
A013972,2026-06,One-year,96.83,0,0
A013973,2026-06,One-year,70.84,2,0
A013974,2026-06,One-year,115.61,3,0
A013975,2026-06,One-year,75.88,3,0
A013976,2026-06,One-year,103.51,2,0
A013977,2026-06,One-year,64.06,0,0
A013978,2026-06,One-year,66.76,3,0
A013979,2026-06,One-year,70.08,6,0
A013980,2026-06,One-year,81.77,0,0
A013981,2026-06,One-year,101.36,2,0
A013982,2026-06,One-year,48.67,2,0
A013983,2026-06,One-year,91.92,2,0
A013984,2026-06,One-year,69.14,1,0
A013985,2026-06,One-year,97.43,2,0
A013986,2026-06,One-year,90.92,1,0
A013987,2026-06,One-year,67.78,2,0
A013988,2026-06,One-year,73.08,2,0
A013989,2026-06,One-year,68.44,2,0
A013990,2026-06,One-year,76.32,2,0
A013991,2026-06,One-year,76.89,1,0
A013992,2026-06,One-year,93.94,3,0
A013993,2026-06,One-year,90.25,1,0
A013994,2026-06,One-year,55.32,3,0
A013995,2026-06,One-year,94.67,0,0
A013996,2026-06,One-year,73.31,0,0
A013997,2026-06,One-year,70.54,1,0
A013998,2026-06,One-year,98.3,0,0
A013999,2026-06,One-year,72.82,0,0
A014000,2026-06,One-year,61.21,2,0
A014001,2026-06,One-year,54.12,2,0
A014002,2026-06,One-year,75.23,3,0
A014003,2026-06,One-year,73.51,0,0
A014004,2026-06,One-year,74.47,2,0
A014005,2026-06,One-year,81.69,3,0
A014006,2026-06,One-year,71.5,0,0
A014007,2026-06,One-year,75.78,1,0
A014008,2026-06,One-year,59.42,2,0
A014009,2026-06,One-year,88.63,3,0
A014010,2026-06,One-year,90.58,3,0
A014011,2026-06,One-year,78.86,0,0
A014012,2026-06,One-year,63.38,2,0
A014013,2026-06,One-year,75.4,3,0
A014014,2026-06,One-year,86.51,1,0
A014015,2026-06,One-year,87.74,0,0
A014016,2026-06,One-year,51.12,0,0
A014017,2026-06,One-year,60.63,1,0
A014018,2026-06,One-year,69.02,2,0
A014019,2026-06,One-year,73.92,1,0
A014020,2026-06,One-year,78.58,1,0
A014021,2026-06,One-year,103.93,3,0
A014022,2026-06,One-year,61.47,0,0
A014023,2026-06,One-year,77.96,0,0
A014024,2026-06,One-year,89.42,5,0
A014025,2026-06,One-year,71.7,3,1
A014026,2026-06,One-year,85.9,3,0
A014027,2026-06,One-year,71.98,2,0
A014028,2026-06,One-year,69.85,0,0
A014029,2026-06,One-year,47.73,2,0
A014030,2026-06,One-year,76.44,0,0
A014031,2026-06,One-year,81.09,2,0
A014032,2026-06,One-year,87.55,3,0
A014033,2026-06,One-year,50.66,2,0
A014034,2026-06,One-year,78.53,2,0
A014035,2026-06,One-year,56.51,1,0
A014036,2026-06,One-year,45.56,4,0
A014037,2026-06,One-year,61.2,2,0
A014038,2026-06,One-year,84.5,3,0
A014039,2026-06,One-year,69.29,3,0
A014040,2026-06,One-year,91.84,0,0
A014041,2026-06,One-year,78.86,3,0
A014042,2026-06,One-year,84.08,0,0
A014043,2026-06,One-year,80.91,3,0
A014044,2026-06,One-year,64.05,2,0
A014045,2026-06,One-year,45.5,3,0
A014046,2026-06,One-year,88.49,2,0
A014047,2026-06,One-year,76.84,1,0
A014048,2026-06,One-year,71.63,2,0
A014049,2026-06,One-year,80.9,0,0
A014050,2026-06,One-year,76.15,0,0
A014051,2026-06,One-year,92.45,4,0
A014052,2026-06,One-year,95.42,1,0
A014053,2026-06,One-year,55.88,4,0
A014054,2026-06,One-year,62.65,2,0
A014055,2026-06,One-year,59.35,0,0
A014056,2026-06,One-year,108.65,2,0
A014057,2026-06,One-year,110.47,3,0
A014058,2026-06,One-year,101.11,3,0
A014059,2026-06,One-year,74.6,1,0
A014060,2026-06,One-year,84.98,4,0
A014061,2026-06,One-year,59.59,3,0
A014062,2026-06,One-year,69.91,2,0
A014063,2026-06,One-year,68.53,2,0
A014064,2026-06,One-year,75.74,4,0
A014065,2026-06,One-year,78.56,2,0
A014066,2026-06,One-year,68.88,2,0
A014067,2026-06,One-year,85.09,2,0
A014068,2026-06,One-year,89.35,0,0
A014069,2026-06,One-year,74.72,3,0
A014070,2026-06,One-year,73.23,1,0
A014071,2026-06,One-year,65.74,0,0
A014072,2026-06,One-year,71.88,3,0
A014073,2026-06,One-year,63.25,5,0
A014074,2026-06,One-year,59.49,2,0
A014075,2026-06,One-year,52.84,0,0
A014076,2026-06,One-year,69.89,1,0
A014077,2026-06,One-year,77.1,1,0
A014078,2026-06,One-year,79.79,1,0
A014079,2026-06,One-year,75.77,3,0
A014080,2026-06,One-year,74.62,1,0
A014081,2026-06,One-year,86.93,0,0
A014082,2026-06,One-year,59.75,2,0
A014083,2026-06,One-year,63.32,2,0
A014084,2026-06,One-year,60.26,3,0
A014085,2026-06,One-year,62.03,0,0
A014086,2026-06,One-year,49.08,4,0
A014087,2026-06,One-year,72.31,0,0
A014088,2026-06,One-year,58.15,3,0
A014089,2026-06,One-year,80.78,2,0
A014090,2026-06,One-year,60.61,1,0
A014091,2026-06,One-year,58.9,2,0
A014092,2026-06,One-year,73.28,2,0
A014093,2026-06,One-year,77.93,0,0
A014094,2026-06,One-year,63.82,2,0
A014095,2026-06,One-year,98.62,1,0
A014096,2026-06,One-year,67.25,3,0
A014097,2026-06,One-year,68.25,0,0
A014098,2026-06,One-year,106.73,0,0
A014099,2026-06,One-year,65.81,0,0
A014100,2026-06,One-year,91.39,2,0
A014101,2026-06,One-year,70.68,1,0
A014102,2026-06,One-year,60.05,0,0
A014103,2026-06,One-year,57.34,0,0
A014104,2026-06,One-year,78.33,0,1
A014105,2026-06,One-year,107.42,1,0
A014106,2026-06,One-year,72.88,3,0
A014107,2026-06,One-year,73.56,2,0
A014108,2026-06,One-year,73.82,2,0
A014109,2026-06,One-year,89.09,0,0
A014110,2026-06,One-year,78.09,1,0
A014111,2026-06,One-year,95.62,0,0
A014112,2026-06,One-year,72.93,0,0
A014113,2026-06,One-year,75.21,1,0
A014114,2026-06,One-year,101.96,3,0
A014115,2026-06,One-year,62.95,3,0
A014116,2026-06,One-year,81.2,2,0
A014117,2026-06,One-year,53.92,2,0
A014118,2026-06,One-year,90.55,0,1
A014119,2026-06,One-year,53.98,1,0
A014120,2026-06,One-year,91.83,1,0
A014121,2026-06,One-year,82.54,4,0
A014122,2026-06,One-year,86.12,3,0
A014123,2026-06,One-year,69.48,4,0
A014124,2026-06,One-year,48.42,1,0
A014125,2026-06,One-year,72.55,1,0
A014126,2026-06,One-year,48.22,3,0
A014127,2026-06,One-year,76.26,0,0
A014128,2026-06,One-year,91.34,2,0
A014129,2026-06,One-year,56.88,2,0
A014130,2026-06,One-year,85.65,2,0
A014131,2026-06,One-year,71.82,1,0
A014132,2026-06,One-year,79.69,3,0
A014133,2026-06,One-year,84.49,1,0
A014134,2026-06,One-year,48.71,0,0
A014135,2026-06,One-year,79.62,0,0
A014136,2026-06,One-year,72.33,2,0
A014137,2026-06,One-year,73.71,2,0
A014138,2026-06,One-year,67.0,2,0
A014139,2026-06,One-year,71.5,1,0
A014140,2026-06,One-year,84.17,2,0
A014141,2026-06,One-year,89.66,3,1
A014142,2026-06,One-year,74.23,1,0
A014143,2026-06,One-year,70.88,1,0
A014144,2026-06,One-year,71.54,3,0
A014145,2026-06,One-year,85.68,3,0
A014146,2026-06,One-year,78.11,0,0
A014147,2026-06,One-year,49.11,2,0
A014148,2026-06,One-year,79.13,3,1
A014149,2026-06,One-year,77.7,1,0
A014150,2026-06,One-year,95.19,0,0
A014151,2026-06,One-year,94.06,2,0
A014152,2026-06,One-year,70.16,2,0
A014153,2026-06,One-year,74.49,2,0
A014154,2026-06,One-year,69.16,0,0
A014155,2026-06,One-year,60.89,6,0
A014156,2026-06,One-year,60.79,1,0
A014157,2026-06,One-year,78.73,0,0
A014158,2026-06,One-year,74.46,1,0
A014159,2026-06,One-year,93.04,1,0
A014160,2026-06,One-year,72.7,1,0
A014161,2026-06,One-year,50.36,2,0
A014162,2026-06,One-year,72.7,2,0
A014163,2026-06,One-year,62.6,2,0
A014164,2026-06,One-year,70.37,2,0
A014165,2026-06,One-year,61.19,3,0
A014166,2026-06,One-year,86.26,0,0
A014167,2026-06,One-year,83.8,1,0
A014168,2026-06,One-year,91.65,7,1
A014169,2026-06,One-year,76.71,0,0
A014170,2026-06,One-year,100.77,5,0
A014171,2026-06,One-year,62.32,0,0
A014172,2026-06,One-year,84.65,1,0
A014173,2026-06,One-year,76.03,2,0
A014174,2026-06,One-year,59.64,2,0
A014175,2026-06,One-year,73.11,2,0
A014176,2026-06,One-year,67.87,2,0
A014177,2026-06,One-year,100.63,1,0
A014178,2026-06,One-year,63.44,2,0
A014179,2026-06,One-year,83.64,3,0
A014180,2026-06,One-year,79.26,1,0
A014181,2026-06,One-year,47.76,3,0
A014182,2026-06,One-year,79.23,2,0
A014183,2026-06,One-year,80.62,3,0
A014184,2026-06,One-year,73.65,1,0
A014185,2026-06,One-year,71.01,1,0
A014186,2026-06,One-year,62.73,3,0
A014187,2026-06,One-year,55.4,1,0
A014188,2026-06,One-year,101.22,3,0
A014189,2026-06,One-year,59.88,3,0
A014190,2026-06,One-year,74.53,2,0
A014191,2026-06,One-year,61.77,4,0
A014192,2026-06,One-year,62.97,2,0
A014193,2026-06,One-year,99.72,3,0
A014194,2026-06,One-year,61.47,1,0
A014195,2026-06,One-year,84.34,0,0
A014196,2026-06,One-year,64.92,0,0
A014197,2026-06,One-year,81.87,3,0
A014198,2026-06,One-year,107.05,5,0
A014199,2026-06,One-year,74.68,3,0
A014200,2026-06,One-year,73.62,0,0
A014201,2026-06,One-year,51.6,1,0
A014202,2026-06,One-year,111.1,1,0
A014203,2026-06,One-year,62.49,2,0
A014204,2026-06,One-year,75.08,1,0
A014205,2026-06,One-year,67.66,2,0
A014206,2026-06,One-year,73.67,0,0
A014207,2026-06,One-year,56.14,0,0
A014208,2026-06,One-year,82.39,0,0
A014209,2026-06,One-year,63.49,2,0
A014210,2026-06,One-year,81.22,1,0
A014211,2026-06,One-year,64.2,1,0
A014212,2026-06,One-year,54.21,2,0
A014213,2026-06,One-year,88.53,2,0
A014214,2026-06,One-year,96.24,2,0
A014215,2026-06,One-year,83.33,0,0
A014216,2026-06,One-year,84.86,0,0
A014217,2026-06,One-year,77.34,1,0
A014218,2026-06,One-year,73.84,2,0
A014219,2026-06,One-year,64.66,1,0
A014220,2026-06,One-year,78.23,1,0
A014221,2026-06,One-year,70.17,1,0
A014222,2026-06,One-year,81.03,1,0
A014223,2026-06,One-year,80.8,0,0
A014224,2026-06,One-year,96.86,1,0
A014225,2026-06,One-year,78.3,0,0
A014226,2026-06,One-year,58.49,2,0
A014227,2026-06,One-year,65.0,0,0
A014228,2026-06,One-year,63.39,4,0
A014229,2026-06,One-year,97.77,3,1
A014230,2026-06,One-year,57.2,3,0
A014231,2026-06,One-year,82.66,3,0
A014232,2026-06,One-year,70.39,0,0
A014233,2026-06,One-year,60.22,2,0
A014234,2026-06,One-year,95.91,1,0
A014235,2026-06,One-year,85.56,1,0
A014236,2026-06,One-year,73.43,0,1
A014237,2026-06,One-year,80.15,0,0
A014238,2026-06,One-year,59.58,2,0
A014239,2026-06,One-year,91.42,1,0
A014240,2026-06,One-year,66.6,3,1
A014241,2026-06,One-year,56.59,2,0
A014242,2026-06,One-year,55.8,2,0
A014243,2026-06,One-year,67.48,2,0
A014244,2026-06,One-year,77.91,1,0
A014245,2026-06,One-year,73.99,2,0
A014246,2026-06,One-year,45.8,3,0
A014247,2026-06,One-year,71.04,0,0
A014248,2026-06,One-year,89.16,0,0
A014249,2026-06,One-year,107.71,4,0
A014250,2026-06,One-year,79.68,0,0
A014251,2026-06,One-year,48.14,3,0
A014252,2026-06,One-year,65.45,3,0
A014253,2026-06,One-year,70.06,0,0
A014254,2026-06,One-year,68.4,1,0
A014255,2026-06,One-year,79.84,2,0
A014256,2026-06,One-year,79.81,2,0
A014257,2026-06,One-year,80.81,1,1
A014258,2026-06,One-year,90.03,1,0
A014259,2026-06,One-year,64.91,1,0
A014260,2026-06,One-year,63.93,2,0
A014261,2026-06,One-year,72.96,1,0
A014262,2026-06,One-year,73.98,4,0
A014263,2026-06,One-year,80.73,0,0
A014264,2026-06,One-year,72.95,3,0
A014265,2026-06,One-year,81.49,2,0
A014266,2026-06,One-year,50.86,1,0
A014267,2026-06,One-year,63.33,1,0
A014268,2026-06,One-year,85.29,2,0
A014269,2026-06,One-year,81.98,0,0
A014270,2026-06,One-year,61.91,1,0
A014271,2026-06,One-year,64.89,2,0
A014272,2026-06,One-year,83.94,1,0
A014273,2026-06,One-year,92.29,1,0
A014274,2026-06,One-year,73.37,3,0
A014275,2026-06,One-year,78.36,3,0
A014276,2026-06,One-year,105.58,1,0
A014277,2026-06,One-year,55.68,1,0
A014278,2026-06,One-year,76.64,0,0
A014279,2026-06,One-year,46.66,2,0
A014280,2026-06,One-year,88.08,3,0
A014281,2026-06,One-year,55.91,1,0
A014282,2026-06,One-year,106.35,1,0
A014283,2026-06,One-year,70.7,0,0
A014284,2026-06,One-year,73.44,1,0
A014285,2026-06,One-year,57.13,3,0
A014286,2026-06,One-year,63.82,2,0
A014287,2026-06,One-year,79.28,1,0
A014288,2026-06,One-year,47.86,0,0
A014289,2026-06,One-year,83.23,2,0
A014290,2026-06,One-year,101.8,3,0
A014291,2026-06,One-year,64.58,2,0
A014292,2026-06,One-year,74.49,1,0
A014293,2026-06,One-year,94.88,1,0
A014294,2026-06,One-year,62.43,2,0
A014295,2026-06,One-year,80.44,1,0
A014296,2026-06,One-year,77.51,1,0
A014297,2026-06,One-year,97.71,0,0
A014298,2026-06,One-year,77.25,1,0
A014299,2026-06,One-year,58.94,0,0
A014300,2026-06,One-year,65.6,3,0
A014301,2026-06,One-year,64.63,1,0
A014302,2026-06,One-year,56.24,3,0
A014303,2026-06,One-year,54.44,0,0
A014304,2026-06,One-year,65.99,1,0
A014305,2026-06,One-year,81.84,1,0
A014306,2026-06,One-year,47.57,4,0
A014307,2026-06,One-year,73.53,2,0
A014308,2026-06,One-year,73.76,2,0
A014309,2026-06,One-year,77.3,0,0
A014310,2026-06,One-year,67.26,2,0
A014311,2026-06,One-year,81.21,2,0
A014312,2026-06,One-year,65.18,0,0
A014313,2026-06,One-year,86.38,0,0
A014314,2026-06,One-year,73.56,0,0
A014315,2026-06,One-year,86.26,2,0
A014316,2026-06,One-year,77.92,2,0
A014317,2026-06,One-year,54.18,1,0
A014318,2026-06,One-year,54.19,0,0
A014319,2026-06,One-year,81.98,2,0
A014320,2026-06,One-year,80.84,1,0
A014321,2026-06,One-year,74.37,0,0
A014322,2026-06,One-year,67.87,1,0
A014323,2026-06,One-year,71.97,1,0
A014324,2026-06,One-year,72.63,1,0
A014325,2026-06,One-year,89.99,0,1
A014326,2026-06,One-year,68.04,1,0
A014327,2026-06,One-year,75.54,1,0
A014328,2026-06,One-year,78.51,0,0
A014329,2026-06,One-year,57.84,2,0
A014330,2026-06,One-year,80.55,1,0
A014331,2026-06,One-year,94.28,1,0
A014332,2026-06,One-year,74.28,1,0
A014333,2026-06,One-year,91.48,5,0
A014334,2026-06,One-year,64.68,2,0
A014335,2026-06,One-year,81.27,0,0
A014336,2026-06,One-year,105.67,3,0
A014337,2026-06,One-year,67.57,2,0
A014338,2026-06,One-year,87.7,0,0
A014339,2026-06,One-year,42.96,1,0
A014340,2026-06,One-year,61.99,0,0
A014341,2026-06,One-year,50.25,1,0
A014342,2026-06,One-year,72.57,1,0
A014343,2026-06,One-year,85.11,0,0
A014344,2026-06,One-year,66.01,0,1
A014345,2026-06,One-year,71.62,3,0
A014346,2026-06,One-year,92.44,1,0
A014347,2026-06,One-year,55.94,1,0
A014348,2026-06,One-year,70.23,2,0
A014349,2026-06,One-year,74.17,1,0
A014350,2026-06,One-year,51.48,2,0
A014351,2026-06,Two-year,76.78,1,0
A014352,2026-06,Two-year,71.86,3,0
A014353,2026-06,Two-year,88.0,4,0
A014354,2026-06,Two-year,93.73,2,0
A014355,2026-06,Two-year,96.26,3,0
A014356,2026-06,Two-year,71.19,1,0
A014357,2026-06,Two-year,73.22,3,0
A014358,2026-06,Two-year,79.23,0,0
A014359,2026-06,Two-year,94.29,1,0
A014360,2026-06,Two-year,73.6,3,0
A014361,2026-06,Two-year,92.95,3,0
A014362,2026-06,Two-year,84.52,3,0
A014363,2026-06,Two-year,80.81,3,0
A014364,2026-06,Two-year,93.84,1,0
A014365,2026-06,Two-year,63.07,3,0
A014366,2026-06,Two-year,69.17,2,0
A014367,2026-06,Two-year,89.58,0,0
A014368,2026-06,Two-year,92.25,2,0
A014369,2026-06,Two-year,42.77,5,0
A014370,2026-06,Two-year,71.62,3,0
A014371,2026-06,Two-year,59.09,0,0
A014372,2026-06,Two-year,56.51,0,0
A014373,2026-06,Two-year,75.99,1,0
A014374,2026-06,Two-year,90.68,2,0
A014375,2026-06,Two-year,80.15,0,0
A014376,2026-06,Two-year,70.91,1,0
A014377,2026-06,Two-year,83.04,4,0
A014378,2026-06,Two-year,85.97,2,0
A014379,2026-06,Two-year,83.08,1,0
A014380,2026-06,Two-year,86.47,2,0
A014381,2026-06,Two-year,78.45,0,0
A014382,2026-06,Two-year,78.21,2,0
A014383,2026-06,Two-year,75.83,1,0
A014384,2026-06,Two-year,107.76,3,0
A014385,2026-06,Two-year,90.55,0,0
A014386,2026-06,Two-year,63.45,0,0
A014387,2026-06,Two-year,107.26,2,0
A014388,2026-06,Two-year,73.46,1,0
A014389,2026-06,Two-year,55.13,2,0
A014390,2026-06,Two-year,96.81,0,0
A014391,2026-06,Two-year,91.6,0,0
A014392,2026-06,Two-year,73.93,3,0
A014393,2026-06,Two-year,83.22,1,0
A014394,2026-06,Two-year,74.01,2,0
A014395,2026-06,Two-year,61.34,0,0
A014396,2026-06,Two-year,61.25,2,0
A014397,2026-06,Two-year,79.05,3,0
A014398,2026-06,Two-year,55.34,1,0
A014399,2026-06,Two-year,84.9,3,0
A014400,2026-06,Two-year,72.89,0,0
A014401,2026-06,Two-year,80.52,0,0
A014402,2026-06,Two-year,73.2,2,0
A014403,2026-06,Two-year,65.39,4,0
A014404,2026-06,Two-year,66.31,4,0
A014405,2026-06,Two-year,76.3,1,0
A014406,2026-06,Two-year,79.04,0,0
A014407,2026-06,Two-year,75.59,3,0
A014408,2026-06,Two-year,77.21,0,0
A014409,2026-06,Two-year,116.92,1,0
A014410,2026-06,Two-year,80.78,2,0
A014411,2026-06,Two-year,76.97,2,0
A014412,2026-06,Two-year,94.83,1,0
A014413,2026-06,Two-year,74.06,1,0
A014414,2026-06,Two-year,98.37,0,1
A014415,2026-06,Two-year,94.84,0,0
A014416,2026-06,Two-year,73.92,2,0
A014417,2026-06,Two-year,112.85,1,0
A014418,2026-06,Two-year,78.76,0,0
A014419,2026-06,Two-year,79.61,2,0
A014420,2026-06,Two-year,81.04,2,0
A014421,2026-06,Two-year,94.34,0,0
A014422,2026-06,Two-year,58.26,3,0
A014423,2026-06,Two-year,63.34,0,0
A014424,2026-06,Two-year,57.4,0,0
A014425,2026-06,Two-year,109.38,3,0
A014426,2026-06,Two-year,67.21,0,0
A014427,2026-06,Two-year,67.03,0,0
A014428,2026-06,Two-year,76.22,2,0
A014429,2026-06,Two-year,76.25,0,0
A014430,2026-06,Two-year,98.19,1,0
A014431,2026-06,Two-year,61.23,3,0
A014432,2026-06,Two-year,68.02,0,0
A014433,2026-06,Two-year,93.0,1,0
A014434,2026-06,Two-year,75.24,1,0
A014435,2026-06,Two-year,102.6,0,0
A014436,2026-06,Two-year,53.81,0,0
A014437,2026-06,Two-year,77.23,0,0
A014438,2026-06,Two-year,110.52,1,0
A014439,2026-06,Two-year,79.93,0,0
A014440,2026-06,Two-year,85.41,3,0
A014441,2026-06,Two-year,75.47,1,0
A014442,2026-06,Two-year,58.8,0,1
A014443,2026-06,Two-year,78.66,1,0
A014444,2026-06,Two-year,94.14,1,0
A014445,2026-06,Two-year,76.81,2,0
A014446,2026-06,Two-year,59.24,0,0
A014447,2026-06,Two-year,104.86,3,0
A014448,2026-06,Two-year,88.96,1,0
A014449,2026-06,Two-year,111.5,0,0
A014450,2026-06,Two-year,61.62,2,0
A014451,2026-06,Two-year,75.53,1,0
A014452,2026-06,Two-year,103.42,3,0
A014453,2026-06,Two-year,105.61,2,0
A014454,2026-06,Two-year,87.48,2,0
A014455,2026-06,Two-year,78.02,1,0
A014456,2026-06,Two-year,87.11,2,0
A014457,2026-06,Two-year,59.91,1,0
A014458,2026-06,Two-year,92.33,2,1
A014459,2026-06,Two-year,75.57,0,0
A014460,2026-06,Two-year,72.41,1,0
A014461,2026-06,Two-year,66.62,0,0
A014462,2026-06,Two-year,97.21,0,0
A014463,2026-06,Two-year,63.93,2,0
A014464,2026-06,Two-year,58.58,0,0
A014465,2026-06,Two-year,98.84,3,0
A014466,2026-06,Two-year,75.08,2,0
A014467,2026-06,Two-year,72.61,0,0
A014468,2026-06,Two-year,87.66,4,0
A014469,2026-06,Two-year,90.12,1,0
A014470,2026-06,Two-year,76.97,0,0
A014471,2026-06,Two-year,70.45,1,0
A014472,2026-06,Two-year,70.76,0,0
A014473,2026-06,Two-year,107.37,0,1
A014474,2026-06,Two-year,80.87,2,0
A014475,2026-06,Two-year,75.12,0,0
A014476,2026-06,Two-year,78.29,3,0
A014477,2026-06,Two-year,81.66,1,0
A014478,2026-06,Two-year,104.07,1,0
A014479,2026-06,Two-year,87.79,3,0
A014480,2026-06,Two-year,76.95,1,0
A014481,2026-06,Two-year,75.72,0,0
A014482,2026-06,Two-year,81.12,1,0
A014483,2026-06,Two-year,93.93,1,0
A014484,2026-06,Two-year,103.15,2,0
A014485,2026-06,Two-year,73.68,0,0
A014486,2026-06,Two-year,75.18,0,0
A014487,2026-06,Two-year,62.37,2,0
A014488,2026-06,Two-year,77.36,0,0
A014489,2026-06,Two-year,79.29,3,0
A014490,2026-06,Two-year,94.99,0,0
A014491,2026-06,Two-year,55.38,0,0
A014492,2026-06,Two-year,68.85,0,0
A014493,2026-06,Two-year,82.24,2,0
A014494,2026-06,Two-year,95.72,0,0
A014495,2026-06,Two-year,73.34,2,0
A014496,2026-06,Two-year,96.23,3,0
A014497,2026-06,Two-year,77.05,2,0
A014498,2026-06,Two-year,76.89,6,0
A014499,2026-06,Two-year,76.01,0,0
A014500,2026-06,Two-year,72.46,0,0
A014501,2026-06,Two-year,65.93,0,0
A014502,2026-06,Two-year,75.09,0,0
A014503,2026-06,Two-year,77.09,2,0
A014504,2026-06,Two-year,74.14,3,0
A014505,2026-06,Two-year,76.09,0,0
A014506,2026-06,Two-year,89.53,1,0
A014507,2026-06,Two-year,69.63,0,0
A014508,2026-06,Two-year,89.81,2,0
A014509,2026-06,Two-year,89.09,1,0
A014510,2026-06,Two-year,102.55,0,0
A014511,2026-06,Two-year,90.89,3,0
A014512,2026-06,Two-year,87.15,1,0
A014513,2026-06,Two-year,97.55,0,0
A014514,2026-06,Two-year,62.18,3,0
A014515,2026-06,Two-year,64.24,1,0
A014516,2026-06,Two-year,89.67,0,0
A014517,2026-06,Two-year,89.53,3,0
A014518,2026-06,Two-year,67.12,0,0
A014519,2026-06,Two-year,93.37,1,0
A014520,2026-06,Two-year,53.74,3,0
A014521,2026-06,Two-year,25,2,0
A014522,2026-06,Two-year,53.65,0,0
A014523,2026-06,Two-year,96.9,2,0
A014524,2026-06,Two-year,80.79,1,0
A014525,2026-06,Two-year,90.38,3,0
A014526,2026-06,Two-year,85.03,0,0
A014527,2026-06,Two-year,96.69,0,0
A014528,2026-06,Two-year,92.51,2,0
A014529,2026-06,Two-year,85.64,2,0
A014530,2026-06,Two-year,94.97,2,0
A014531,2026-06,Two-year,93.11,1,0
A014532,2026-06,Two-year,98.82,1,0
A014533,2026-06,Two-year,85.72,1,0
A014534,2026-06,Two-year,92.01,0,0
A014535,2026-06,Two-year,62.36,0,0
A014536,2026-06,Two-year,79.76,0,0
A014537,2026-06,Two-year,63.28,1,0
A014538,2026-06,Two-year,98.93,2,0
A014539,2026-06,Two-year,73.03,0,0
A014540,2026-06,Two-year,61.64,0,0
A014541,2026-06,Two-year,80.87,1,0
A014542,2026-06,Two-year,93.53,3,0
A014543,2026-06,Two-year,85.02,1,0
A014544,2026-06,Two-year,89.46,0,0
A014545,2026-06,Two-year,72.51,2,0
A014546,2026-06,Two-year,79.89,2,0
A014547,2026-06,Two-year,81.5,1,0
A014548,2026-06,Two-year,94.02,0,0
A014549,2026-06,Two-year,83.77,2,0
A014550,2026-06,Two-year,82.96,1,0
A014551,2026-06,Two-year,79.64,1,0
A014552,2026-06,Two-year,99.25,0,0
A014553,2026-06,Two-year,82.15,0,0
A014554,2026-06,Two-year,68.98,1,0
A014555,2026-06,Two-year,77.76,2,0
A014556,2026-06,Two-year,68.54,0,0
A014557,2026-06,Two-year,88.05,0,0
A014558,2026-06,Two-year,77.87,3,0
A014559,2026-06,Two-year,119.15,2,0
A014560,2026-06,Two-year,79.71,3,0
A014561,2026-06,Two-year,81.07,2,0
A014562,2026-06,Two-year,65.93,1,0
A014563,2026-06,Two-year,77.24,3,0
A014564,2026-06,Two-year,95.48,3,0
A014565,2026-06,Two-year,93.65,3,0
A014566,2026-06,Two-year,103.12,1,0
A014567,2026-06,Two-year,59.68,0,0
A014568,2026-06,Two-year,85.59,0,0
A014569,2026-06,Two-year,71.69,0,0
A014570,2026-06,Two-year,74.23,0,0
A014571,2026-06,Two-year,89.24,3,0
A014572,2026-06,Two-year,76.06,2,0
A014573,2026-06,Two-year,62.9,2,0
A014574,2026-06,Two-year,68.9,0,0
A014575,2026-06,Two-year,63.21,1,0
A014576,2026-06,Two-year,65.52,2,0
A014577,2026-06,Two-year,82.04,2,0
A014578,2026-06,Two-year,61.97,0,0
A014579,2026-06,Two-year,69.21,0,0
A014580,2026-06,Two-year,90.68,3,0
A014581,2026-06,Two-year,64.68,1,0
A014582,2026-06,Two-year,83.03,2,0
A014583,2026-06,Two-year,95.46,1,0
A014584,2026-06,Two-year,74.33,2,0
A014585,2026-06,Two-year,97.07,1,0
A014586,2026-06,Two-year,83.5,2,0
A014587,2026-06,Two-year,99.82,2,0
A014588,2026-06,Two-year,92.45,0,0
A014589,2026-06,Two-year,79.46,4,0
A014590,2026-06,Two-year,73.56,0,0
A014591,2026-06,Two-year,116.35,1,0
A014592,2026-06,Two-year,87.1,0,0
A014593,2026-06,Two-year,91.2,1,0
A014594,2026-06,Two-year,72.25,1,0
A014595,2026-06,Two-year,102.86,3,0
A014596,2026-06,Two-year,71.73,0,0
A014597,2026-06,Two-year,72.13,1,0
A014598,2026-06,Two-year,87.05,0,0
A014599,2026-06,Two-year,56.24,2,0
A014600,2026-06,Two-year,95.6,2,0
A014601,2026-06,Two-year,81.95,0,0
A014602,2026-06,Two-year,46.64,1,0
A014603,2026-06,Two-year,73.35,1,0
A014604,2026-06,Two-year,93.02,2,0
A014605,2026-06,Two-year,72.2,2,0
A014606,2026-06,Two-year,86.83,1,0
A014607,2026-06,Two-year,71.01,1,0
A014608,2026-06,Two-year,95.0,2,0
A014609,2026-06,Two-year,81.56,2,0
A014610,2026-06,Two-year,93.09,1,1
A014611,2026-06,Two-year,82.85,0,0
A014612,2026-06,Two-year,86.63,2,0
A014613,2026-06,Two-year,84.04,0,0
A014614,2026-06,Two-year,67.52,2,0
A014615,2026-06,Two-year,76.26,0,0
A014616,2026-06,Two-year,95.37,0,0
A014617,2026-06,Two-year,98.66,2,0
A014618,2026-06,Two-year,116.21,1,0
A014619,2026-06,Two-year,82.4,2,0
A014620,2026-06,Two-year,65.95,1,0
A014621,2026-06,Two-year,54.68,0,0
A014622,2026-06,Two-year,74.08,1,0
A014623,2026-06,Two-year,73.46,0,0
A014624,2026-06,Two-year,78.88,0,0
A014625,2026-06,Two-year,69.9,4,0
A014626,2026-06,Two-year,90.49,3,0
A014627,2026-06,Two-year,72.1,1,0
A014628,2026-06,Two-year,99.32,3,0
A014629,2026-06,Two-year,81.02,2,0
A014630,2026-06,Two-year,116.06,2,0
A014631,2026-06,Two-year,100.35,3,0
A014632,2026-06,Two-year,99.96,0,0
A014633,2026-06,Two-year,85.75,1,0
A014634,2026-06,Two-year,90.29,1,0
A014635,2026-06,Two-year,80.27,2,0
A014636,2026-06,Two-year,87.82,2,0
A014637,2026-06,Two-year,82.02,3,0
A014638,2026-06,Two-year,78.73,0,0
A014639,2026-06,Two-year,94.24,3,0
A014640,2026-06,Two-year,89.23,1,0
A014641,2026-06,Two-year,83.01,2,0
A014642,2026-06,Two-year,63.41,3,0
A014643,2026-06,Two-year,71.76,2,0
A014644,2026-06,Two-year,95.69,3,0
A014645,2026-06,Two-year,76.7,2,0
A014646,2026-06,Two-year,86.53,0,0
A014647,2026-06,Two-year,95.46,1,0
A014648,2026-06,Two-year,91.5,1,0
A014649,2026-06,Two-year,67.89,3,0
A014650,2026-06,Two-year,89.15,1,0
A014651,2026-06,Two-year,91.2,0,0
A014652,2026-06,Two-year,95.83,1,0
A014653,2026-06,Two-year,104.38,2,0
A014654,2026-06,Two-year,91.16,1,0
A014655,2026-06,Two-year,94.64,2,0
A014656,2026-06,Two-year,102.02,0,0
A014657,2026-06,Two-year,75.11,0,0
A014658,2026-06,Two-year,80.02,2,0
A014659,2026-06,Two-year,74.68,0,0
A014660,2026-06,Two-year,61.07,2,0
A014661,2026-06,Two-year,80.52,2,0
A014662,2026-06,Two-year,64.05,0,0
A014663,2026-06,Two-year,100.96,0,0
A014664,2026-06,Two-year,58.84,1,0
A014665,2026-06,Two-year,72.56,0,0
A014666,2026-06,Two-year,95.88,1,0
A014667,2026-06,Two-year,73.53,1,0
A014668,2026-06,Two-year,75.27,2,0
A014669,2026-06,Two-year,68.57,2,0
A014670,2026-06,Two-year,88.02,0,0
A014671,2026-06,Two-year,71.33,2,0
A014672,2026-06,Two-year,108.51,2,0
A014673,2026-06,Two-year,41.59,2,0
A014674,2026-06,Two-year,77.27,1,0
A014675,2026-06,Two-year,93.79,1,0
A014676,2026-06,Two-year,68.73,3,0
A014677,2026-06,Two-year,81.59,0,0
A014678,2026-06,Two-year,87.96,0,0
A014679,2026-06,Two-year,90.62,1,0
A014680,2026-06,Two-year,83.32,1,0
A014681,2026-06,Two-year,85.74,1,0
A014682,2026-06,Two-year,86.28,0,0
A014683,2026-06,Two-year,80.85,0,0
A014684,2026-06,Two-year,74.57,0,0
A014685,2026-06,Two-year,65.52,1,0
A014686,2026-06,Two-year,61.09,0,0
A014687,2026-06,Two-year,77.67,2,0
A014688,2026-06,Two-year,103.04,1,0
A014689,2026-06,Two-year,76.85,3,0
A014690,2026-06,Two-year,66.02,0,0
A014691,2026-06,Two-year,68.54,2,0
A014692,2026-06,Two-year,87.7,0,0
A014693,2026-06,Two-year,96.48,2,0
A014694,2026-06,Two-year,100.24,1,0
A014695,2026-06,Two-year,94.43,0,0
A014696,2026-06,Two-year,78.09,0,0
A014697,2026-06,Two-year,86.88,2,0
A014698,2026-06,Two-year,100.56,3,0
A014699,2026-06,Two-year,57.83,1,0
A014700,2026-06,Two-year,72.12,3,0
A014701,2026-06,Two-year,92.55,2,0
A014702,2026-06,Two-year,61.13,0,0
A014703,2026-06,Two-year,89.1,3,0
A014704,2026-06,Two-year,90.45,0,0
A014705,2026-06,Two-year,80.61,2,0
A014706,2026-06,Two-year,92.7,3,0
A014707,2026-06,Two-year,85.67,0,0
A014708,2026-06,Two-year,73.41,1,0
A014709,2026-06,Two-year,41.26,1,0
A014710,2026-06,Two-year,116.3,0,0
A014711,2026-06,Two-year,74.9,1,0
A014712,2026-06,Two-year,74.64,2,0
A014713,2026-06,Two-year,69.46,0,0
A014714,2026-06,Two-year,62.54,1,0
A014715,2026-06,Two-year,91.33,0,0
A014716,2026-06,Two-year,43.31,0,0
A014717,2026-06,Two-year,86.15,1,0
A014718,2026-06,Two-year,82.85,2,0
A014719,2026-06,Two-year,92.47,0,0
A014720,2026-06,Two-year,70.81,0,0
A014721,2026-06,Two-year,98.16,3,0
A014722,2026-06,Two-year,106.33,0,0
A014723,2026-06,Two-year,89.48,0,0
A014724,2026-06,Two-year,78.39,2,0
A014725,2026-06,Two-year,87.47,0,0
A014726,2026-06,Two-year,110.08,3,0
A014727,2026-06,Two-year,82.12,1,0
A014728,2026-06,Two-year,109.79,0,0
A014729,2026-06,Two-year,94.58,2,0
A014730,2026-06,Two-year,87.16,0,0
A014731,2026-06,Two-year,101.18,0,0
A014732,2026-06,Two-year,63.22,1,0
A014733,2026-06,Two-year,82.14,1,0
A014734,2026-06,Two-year,82.27,2,0
A014735,2026-06,Two-year,97.51,3,0
A014736,2026-06,Two-year,72.26,0,0
A014737,2026-06,Two-year,64.54,0,0
A014738,2026-06,Two-year,86.27,1,0
A014739,2026-06,Two-year,86.8,1,0
A014740,2026-06,Two-year,95.57,2,0
A014741,2026-07,Month-to-month,75.53,4,0
A014742,2026-07,Month-to-month,79.83,1,0
A014743,2026-07,Month-to-month,60.95,2,0
A014744,2026-07,Month-to-month,84.88,4,0
A014745,2026-07,Month-to-month,70.18,2,0
A014746,2026-07,Month-to-month,63.28,2,0
A014747,2026-07,Month-to-month,39.35,5,0
A014748,2026-07,Month-to-month,48.48,5,0
A014749,2026-07,Month-to-month,67.67,0,0
A014750,2026-07,Month-to-month,74.75,3,0
A014751,2026-07,Month-to-month,95.37,2,0
A014752,2026-07,Month-to-month,62.55,4,0
A014753,2026-07,Month-to-month,69.75,3,0
A014754,2026-07,Month-to-month,67.17,2,0
A014755,2026-07,Month-to-month,47.46,0,0
A014756,2026-07,Month-to-month,83.21,2,0
A014757,2026-07,Month-to-month,44.95,1,0
A014758,2026-07,Month-to-month,47.15,2,0
A014759,2026-07,Month-to-month,75.81,5,0
A014760,2026-07,Month-to-month,29.71,2,0
A014761,2026-07,Month-to-month,61.38,4,0
A014762,2026-07,Month-to-month,48.1,2,0
A014763,2026-07,Month-to-month,58.96,3,0
A014764,2026-07,Month-to-month,83.59,5,0
A014765,2026-07,Month-to-month,77.86,1,0
A014766,2026-07,Month-to-month,79.5,2,0
A014767,2026-07,Month-to-month,62.4,4,0
A014768,2026-07,Month-to-month,55.32,2,0
A014769,2026-07,Month-to-month,76.08,2,0
A014770,2026-07,Month-to-month,63.56,3,0
A014771,2026-07,Month-to-month,55.21,4,0
A014772,2026-07,Month-to-month,90.66,2,0
A014773,2026-07,Month-to-month,89.84,3,0
A014774,2026-07,Month-to-month,84.74,3,0
A014775,2026-07,Month-to-month,51.36,2,1
A014776,2026-07,Month-to-month,71.22,2,0
A014777,2026-07,Month-to-month,73.56,3,0
A014778,2026-07,Month-to-month,64.9,2,0
A014779,2026-07,Month-to-month,88.86,4,0
A014780,2026-07,Month-to-month,80.09,5,0
A014781,2026-07,Month-to-month,59.24,4,0
A014782,2026-07,Month-to-month,39.33,1,0
A014783,2026-07,Month-to-month,60.03,4,0
A014784,2026-07,Month-to-month,77.33,4,0
A014785,2026-07,Month-to-month,83.29,4,0
A014786,2026-07,Month-to-month,57.48,4,0
A014787,2026-07,Month-to-month,89.38,3,0
A014788,2026-07,Month-to-month,48.03,4,0
A014789,2026-07,Month-to-month,71.82,3,0
A014790,2026-07,Month-to-month,72.81,3,0
A014791,2026-07,Month-to-month,55.63,1,0
A014792,2026-07,Month-to-month,70.55,2,0
A014793,2026-07,Month-to-month,72.56,4,0
A014794,2026-07,Month-to-month,85.27,3,0
A014795,2026-07,Month-to-month,67.36,1,0
A014796,2026-07,Month-to-month,79.09,1,0
A014797,2026-07,Month-to-month,50.43,5,0
A014798,2026-07,Month-to-month,55.86,6,0
A014799,2026-07,Month-to-month,39.61,3,0
A014800,2026-07,Month-to-month,73.69,6,0
A014801,2026-07,Month-to-month,63.09,5,0
A014802,2026-07,Month-to-month,54.3,1,0
A014803,2026-07,Month-to-month,74.96,2,0
A014804,2026-07,Month-to-month,52.12,4,0
A014805,2026-07,Month-to-month,69.52,2,0
A014806,2026-07,Month-to-month,74.96,1,0
A014807,2026-07,Month-to-month,69.38,3,0
A014808,2026-07,Month-to-month,84.36,2,0
A014809,2026-07,Month-to-month,71.2,0,0
A014810,2026-07,Month-to-month,63.76,4,0
A014811,2026-07,Month-to-month,69.92,1,0
A014812,2026-07,Month-to-month,91.64,2,0
A014813,2026-07,Month-to-month,89.85,1,1
A014814,2026-07,Month-to-month,67.24,3,0
A014815,2026-07,Month-to-month,64.45,2,0
A014816,2026-07,Month-to-month,69.1,2,0
A014817,2026-07,Month-to-month,79.68,1,0
A014818,2026-07,Month-to-month,68.88,3,0
A014819,2026-07,Month-to-month,56.85,3,0
A014820,2026-07,Month-to-month,65.18,3,0
A014821,2026-07,Month-to-month,81.24,1,0
A014822,2026-07,Month-to-month,53.93,4,0
A014823,2026-07,Month-to-month,48.11,2,0
A014824,2026-07,Month-to-month,81.04,2,0
A014825,2026-07,Month-to-month,65.26,3,0
A014826,2026-07,Month-to-month,59.79,3,1
A014827,2026-07,Month-to-month,78.48,2,0
A014828,2026-07,Month-to-month,96.16,5,0
A014829,2026-07,Month-to-month,70.58,4,0
A014830,2026-07,Month-to-month,69.21,3,0
A014831,2026-07,Month-to-month,47.27,4,0
A014832,2026-07,Month-to-month,75.81,2,0
A014833,2026-07,Month-to-month,69.79,1,0
A014834,2026-07,Month-to-month,75.86,2,0
A014835,2026-07,Month-to-month,87.37,3,0
A014836,2026-07,Month-to-month,61.87,3,0
A014837,2026-07,Month-to-month,72.38,3,0
A014838,2026-07,Month-to-month,56.33,2,0
A014839,2026-07,Month-to-month,78.76,1,0
A014840,2026-07,Month-to-month,54.56,3,0
A014841,2026-07,Month-to-month,54.12,3,0
A014842,2026-07,Month-to-month,66.28,3,0
A014843,2026-07,Month-to-month,72.48,0,0
A014844,2026-07,Month-to-month,41.44,4,0
A014845,2026-07,Month-to-month,73.74,4,0
A014846,2026-07,Month-to-month,95.2,3,0
A014847,2026-07,Month-to-month,65.99,3,0
A014848,2026-07,Month-to-month,80.23,3,0
A014849,2026-07,Month-to-month,38.78,2,0
A014850,2026-07,Month-to-month,79.08,2,0
A014851,2026-07,Month-to-month,73.0,1,0
A014852,2026-07,Month-to-month,67.55,2,0
A014853,2026-07,Month-to-month,83.55,0,0
A014854,2026-07,Month-to-month,73.21,1,0
A014855,2026-07,Month-to-month,77.6,2,0
A014856,2026-07,Month-to-month,32.56,4,1
A014857,2026-07,Month-to-month,69.19,0,0
A014858,2026-07,Month-to-month,75.3,2,0
A014859,2026-07,Month-to-month,66.48,4,0
A014860,2026-07,Month-to-month,51.72,2,0
A014861,2026-07,Month-to-month,95.61,3,0
A014862,2026-07,Month-to-month,57.08,4,0
A014863,2026-07,Month-to-month,75.35,2,0
A014864,2026-07,Month-to-month,78.72,2,0
A014865,2026-07,Month-to-month,69.54,3,1
A014866,2026-07,Month-to-month,49.18,4,0
A014867,2026-07,Month-to-month,78.6,0,0
A014868,2026-07,Month-to-month,93.54,3,0
A014869,2026-07,Month-to-month,59.96,1,0
A014870,2026-07,Month-to-month,40.97,4,0
A014871,2026-07,Month-to-month,82.69,3,0
A014872,2026-07,Month-to-month,70.14,1,0
A014873,2026-07,Month-to-month,81.75,1,0
A014874,2026-07,Month-to-month,77.65,4,0
A014875,2026-07,Month-to-month,82.17,3,0
A014876,2026-07,Month-to-month,69.28,4,0
A014877,2026-07,Month-to-month,85.53,1,0
A014878,2026-07,Month-to-month,79.56,4,0
A014879,2026-07,Month-to-month,75.15,5,0
A014880,2026-07,Month-to-month,62.57,2,0
A014881,2026-07,Month-to-month,84.11,1,0
A014882,2026-07,Month-to-month,72.37,4,0
A014883,2026-07,Month-to-month,74.83,3,0
A014884,2026-07,Month-to-month,45.93,1,0
A014885,2026-07,Month-to-month,59.14,2,0
A014886,2026-07,Month-to-month,82.01,1,0
A014887,2026-07,Month-to-month,87.83,3,0
A014888,2026-07,Month-to-month,69.61,0,0
A014889,2026-07,Month-to-month,69.05,3,0
A014890,2026-07,Month-to-month,74.74,5,0
A014891,2026-07,Month-to-month,66.27,5,0
A014892,2026-07,Month-to-month,82.4,4,1
A014893,2026-07,Month-to-month,54.98,5,0
A014894,2026-07,Month-to-month,57.01,0,0
A014895,2026-07,Month-to-month,75.46,3,0
A014896,2026-07,Month-to-month,64.05,1,0
A014897,2026-07,Month-to-month,73.47,5,0
A014898,2026-07,Month-to-month,73.78,2,0
A014899,2026-07,Month-to-month,54.52,4,0
A014900,2026-07,Month-to-month,72.01,4,0
A014901,2026-07,Month-to-month,61.96,0,0
A014902,2026-07,Month-to-month,71.57,3,0
A014903,2026-07,Month-to-month,66.91,1,0
A014904,2026-07,Month-to-month,39.98,2,0
A014905,2026-07,Month-to-month,69.77,3,0
A014906,2026-07,Month-to-month,70.86,1,0
A014907,2026-07,Month-to-month,80.73,1,0
A014908,2026-07,Month-to-month,73.93,5,0
A014909,2026-07,Month-to-month,67.01,1,0
A014910,2026-07,Month-to-month,70.07,2,0
A014911,2026-07,Month-to-month,84.73,3,0
A014912,2026-07,Month-to-month,68.74,1,0
A014913,2026-07,Month-to-month,43.46,4,0
A014914,2026-07,Month-to-month,56.53,2,0
A014915,2026-07,Month-to-month,75.13,4,0
A014916,2026-07,Month-to-month,71.27,3,0
A014917,2026-07,Month-to-month,74.73,0,0
A014918,2026-07,Month-to-month,65.55,2,0
A014919,2026-07,Month-to-month,88.9,5,0
A014920,2026-07,Month-to-month,90.15,2,0
A014921,2026-07,Month-to-month,68.2,4,0
A014922,2026-07,Month-to-month,75.48,3,0
A014923,2026-07,Month-to-month,90.91,1,0
A014924,2026-07,Month-to-month,71.35,2,0
A014925,2026-07,Month-to-month,40.32,3,0
A014926,2026-07,Month-to-month,104.23,1,0
A014927,2026-07,Month-to-month,46.16,2,0
A014928,2026-07,Month-to-month,64.47,1,0
A014929,2026-07,Month-to-month,52.02,4,0
A014930,2026-07,Month-to-month,61.13,1,0
A014931,2026-07,Month-to-month,78.44,2,0
A014932,2026-07,Month-to-month,79.97,4,0
A014933,2026-07,Month-to-month,84.38,3,0
A014934,2026-07,Month-to-month,36.06,3,0
A014935,2026-07,Month-to-month,73.41,1,0
A014936,2026-07,Month-to-month,73.01,4,0
A014937,2026-07,Month-to-month,71.62,2,0
A014938,2026-07,Month-to-month,90.86,2,0
A014939,2026-07,Month-to-month,87.48,3,0
A014940,2026-07,Month-to-month,91.83,4,0
A014941,2026-07,Month-to-month,51.6,1,0
A014942,2026-07,Month-to-month,75.85,2,0
A014943,2026-07,Month-to-month,72.41,1,0
A014944,2026-07,Month-to-month,57.14,3,0
A014945,2026-07,Month-to-month,63.57,4,0
A014946,2026-07,Month-to-month,50.69,4,0
A014947,2026-07,Month-to-month,74.61,1,0
A014948,2026-07,Month-to-month,59.31,5,0
A014949,2026-07,Month-to-month,63.37,4,0
A014950,2026-07,Month-to-month,66.22,3,0
A014951,2026-07,Month-to-month,98.6,5,0
A014952,2026-07,Month-to-month,59.72,2,0
A014953,2026-07,Month-to-month,59.82,4,0
A014954,2026-07,Month-to-month,68.13,2,0
A014955,2026-07,Month-to-month,61.4,1,0
A014956,2026-07,Month-to-month,73.32,3,0
A014957,2026-07,Month-to-month,47.72,2,0
A014958,2026-07,Month-to-month,51.45,2,0
A014959,2026-07,Month-to-month,82.14,2,0
A014960,2026-07,Month-to-month,70.01,5,0
A014961,2026-07,Month-to-month,54.18,1,0
A014962,2026-07,Month-to-month,92.99,1,0
A014963,2026-07,Month-to-month,65.34,3,0
A014964,2026-07,Month-to-month,52.7,3,0
A014965,2026-07,Month-to-month,72.67,2,0
A014966,2026-07,Month-to-month,67.9,4,0
A014967,2026-07,Month-to-month,60.16,3,0
A014968,2026-07,Month-to-month,68.0,2,0
A014969,2026-07,Month-to-month,60.19,3,0
A014970,2026-07,Month-to-month,58.97,5,0
A014971,2026-07,Month-to-month,57.02,4,0
A014972,2026-07,Month-to-month,83.2,2,0
A014973,2026-07,Month-to-month,83.56,2,0
A014974,2026-07,Month-to-month,25,2,1
A014975,2026-07,Month-to-month,107.69,2,0
A014976,2026-07,Month-to-month,74.68,2,0
A014977,2026-07,Month-to-month,75.6,2,0
A014978,2026-07,Month-to-month,69.27,3,0
A014979,2026-07,Month-to-month,90.1,5,0
A014980,2026-07,Month-to-month,69.37,2,0
A014981,2026-07,Month-to-month,54.76,3,0
A014982,2026-07,Month-to-month,85.5,3,0
A014983,2026-07,Month-to-month,68.13,3,0
A014984,2026-07,Month-to-month,44.57,1,0
A014985,2026-07,Month-to-month,70.29,2,0
A014986,2026-07,Month-to-month,77.16,3,1
A014987,2026-07,Month-to-month,65.73,4,0
A014988,2026-07,Month-to-month,77.35,3,0
A014989,2026-07,Month-to-month,69.69,4,0
A014990,2026-07,Month-to-month,80.79,3,0
A014991,2026-07,Month-to-month,58.46,1,0
A014992,2026-07,Month-to-month,80.91,3,0
A014993,2026-07,Month-to-month,66.24,3,0
A014994,2026-07,Month-to-month,68.72,3,0
A014995,2026-07,Month-to-month,70.1,3,0
A014996,2026-07,Month-to-month,60.23,4,0
A014997,2026-07,Month-to-month,69.68,2,0
A014998,2026-07,Month-to-month,82.43,3,0
A014999,2026-07,Month-to-month,70.98,1,0
A015000,2026-07,Month-to-month,53.53,3,0
A015001,2026-07,Month-to-month,73.84,3,1
A015002,2026-07,Month-to-month,74.48,2,0
A015003,2026-07,Month-to-month,73.43,1,0
A015004,2026-07,Month-to-month,72.04,3,0
A015005,2026-07,Month-to-month,77.68,3,0
A015006,2026-07,Month-to-month,87.8,0,0
A015007,2026-07,Month-to-month,79.2,3,0
A015008,2026-07,Month-to-month,80.09,5,0
A015009,2026-07,Month-to-month,61.6,3,0
A015010,2026-07,Month-to-month,75.45,3,0
A015011,2026-07,Month-to-month,77.09,2,0
A015012,2026-07,Month-to-month,65.2,5,0
A015013,2026-07,Month-to-month,49.95,1,0
A015014,2026-07,Month-to-month,67.43,4,0
A015015,2026-07,Month-to-month,55.61,2,0
A015016,2026-07,Month-to-month,52.29,1,0
A015017,2026-07,Month-to-month,68.31,3,0
A015018,2026-07,Month-to-month,71.89,2,0
A015019,2026-07,Month-to-month,67.03,0,0
A015020,2026-07,Month-to-month,55.27,1,0
A015021,2026-07,Month-to-month,51.32,1,0
A015022,2026-07,Month-to-month,65.07,3,0
A015023,2026-07,Month-to-month,63.7,4,0
A015024,2026-07,Month-to-month,96.28,3,0
A015025,2026-07,Month-to-month,70.79,3,0
A015026,2026-07,Month-to-month,78.36,3,0
A015027,2026-07,Month-to-month,89.7,3,0
A015028,2026-07,Month-to-month,88.74,4,0
A015029,2026-07,Month-to-month,50.44,3,0
A015030,2026-07,Month-to-month,79.46,3,0
A015031,2026-07,Month-to-month,65.97,1,0
A015032,2026-07,Month-to-month,49.94,4,0
A015033,2026-07,Month-to-month,52.51,0,0
A015034,2026-07,Month-to-month,64.02,2,0
A015035,2026-07,Month-to-month,66.84,3,0
A015036,2026-07,Month-to-month,55.46,1,0
A015037,2026-07,Month-to-month,60.57,2,0
A015038,2026-07,Month-to-month,57.48,0,0
A015039,2026-07,Month-to-month,89.32,3,0
A015040,2026-07,Month-to-month,64.94,2,0
A015041,2026-07,Month-to-month,41.3,4,0
A015042,2026-07,Month-to-month,59.12,1,0
A015043,2026-07,Month-to-month,87.26,1,0
A015044,2026-07,Month-to-month,58.56,2,0
A015045,2026-07,Month-to-month,77.22,3,0
A015046,2026-07,Month-to-month,64.64,2,0
A015047,2026-07,Month-to-month,85.66,2,0
A015048,2026-07,Month-to-month,75.56,2,0
A015049,2026-07,Month-to-month,58.55,1,0
A015050,2026-07,Month-to-month,64.52,0,0
A015051,2026-07,Month-to-month,54.45,1,0
A015052,2026-07,Month-to-month,86.0,4,0
A015053,2026-07,Month-to-month,71.69,2,0
A015054,2026-07,Month-to-month,66.09,4,0
A015055,2026-07,Month-to-month,77.65,2,0
A015056,2026-07,Month-to-month,69.9,2,0
A015057,2026-07,Month-to-month,78.2,0,0
A015058,2026-07,Month-to-month,46.49,2,0
A015059,2026-07,Month-to-month,55.65,2,0
A015060,2026-07,Month-to-month,72.26,4,0
A015061,2026-07,Month-to-month,59.25,2,0
A015062,2026-07,Month-to-month,64.43,2,0
A015063,2026-07,Month-to-month,35.41,2,0
A015064,2026-07,Month-to-month,60.35,2,0
A015065,2026-07,Month-to-month,54.88,6,0
A015066,2026-07,Month-to-month,46.87,1,0
A015067,2026-07,Month-to-month,53.72,2,0
A015068,2026-07,Month-to-month,61.77,4,0
A015069,2026-07,Month-to-month,69.79,2,0
A015070,2026-07,Month-to-month,68.64,3,0
A015071,2026-07,Month-to-month,80.46,4,0
A015072,2026-07,Month-to-month,33.94,4,0
A015073,2026-07,Month-to-month,76.77,2,0
A015074,2026-07,Month-to-month,46.74,1,0
A015075,2026-07,Month-to-month,70.42,3,0
A015076,2026-07,Month-to-month,72.12,3,0
A015077,2026-07,Month-to-month,71.77,5,0
A015078,2026-07,Month-to-month,78.25,5,0
A015079,2026-07,Month-to-month,113.05,5,0
A015080,2026-07,Month-to-month,89.53,1,0
A015081,2026-07,Month-to-month,59.09,3,0
A015082,2026-07,Month-to-month,78.83,4,0
A015083,2026-07,Month-to-month,61.02,5,0
A015084,2026-07,Month-to-month,64.04,3,0
A015085,2026-07,Month-to-month,58.22,2,0
A015086,2026-07,Month-to-month,51.35,2,0
A015087,2026-07,Month-to-month,43.63,2,0
A015088,2026-07,Month-to-month,76.47,5,0
A015089,2026-07,Month-to-month,72.52,2,0
A015090,2026-07,Month-to-month,75.89,2,0
A015091,2026-07,Month-to-month,82.97,4,0
A015092,2026-07,Month-to-month,75.35,1,0
A015093,2026-07,Month-to-month,70.83,1,0
A015094,2026-07,Month-to-month,53.67,4,0
A015095,2026-07,Month-to-month,70.73,2,0
A015096,2026-07,Month-to-month,53.84,2,0
A015097,2026-07,Month-to-month,39.02,1,0
A015098,2026-07,Month-to-month,78.86,2,0
A015099,2026-07,Month-to-month,58.32,3,0
A015100,2026-07,Month-to-month,65.24,4,0
A015101,2026-07,Month-to-month,30.14,4,0
A015102,2026-07,Month-to-month,85.86,2,0
A015103,2026-07,Month-to-month,54.08,5,0
A015104,2026-07,Month-to-month,70.77,1,0
A015105,2026-07,Month-to-month,43.29,5,0
A015106,2026-07,Month-to-month,57.88,3,0
A015107,2026-07,Month-to-month,90.08,3,0
A015108,2026-07,Month-to-month,74.07,4,0
A015109,2026-07,Month-to-month,74.32,2,0
A015110,2026-07,Month-to-month,52.88,3,1
A015111,2026-07,Month-to-month,38.02,7,0
A015112,2026-07,Month-to-month,85.21,4,1
A015113,2026-07,Month-to-month,52.22,4,0
A015114,2026-07,Month-to-month,89.06,3,1
A015115,2026-07,Month-to-month,53.92,2,0
A015116,2026-07,Month-to-month,85.55,0,0
A015117,2026-07,Month-to-month,65.32,2,0
A015118,2026-07,Month-to-month,66.06,1,0
A015119,2026-07,Month-to-month,74.27,4,0
A015120,2026-07,Month-to-month,61.87,3,1
A015121,2026-07,Month-to-month,76.71,2,0
A015122,2026-07,Month-to-month,67.71,4,0
A015123,2026-07,Month-to-month,75.33,4,0
A015124,2026-07,Month-to-month,77.03,3,0
A015125,2026-07,Month-to-month,82.87,3,0
A015126,2026-07,Month-to-month,79.14,1,0
A015127,2026-07,Month-to-month,65.91,2,0
A015128,2026-07,Month-to-month,66.71,1,0
A015129,2026-07,Month-to-month,51.43,5,0
A015130,2026-07,Month-to-month,50.57,4,0
A015131,2026-07,Month-to-month,80.89,3,0
A015132,2026-07,Month-to-month,65.04,3,1
A015133,2026-07,Month-to-month,85.59,3,0
A015134,2026-07,Month-to-month,75.23,0,0
A015135,2026-07,Month-to-month,75.19,2,0
A015136,2026-07,Month-to-month,66.21,3,0
A015137,2026-07,Month-to-month,93.75,2,0
A015138,2026-07,Month-to-month,74.66,3,0
A015139,2026-07,Month-to-month,69.51,3,0
A015140,2026-07,Month-to-month,63.16,3,0
A015141,2026-07,Month-to-month,73.68,1,0
A015142,2026-07,Month-to-month,68.23,2,0
A015143,2026-07,Month-to-month,72.72,4,0
A015144,2026-07,Month-to-month,71.01,2,1
A015145,2026-07,Month-to-month,75.67,4,0
A015146,2026-07,Month-to-month,96.05,3,0
A015147,2026-07,Month-to-month,79.8,1,0
A015148,2026-07,Month-to-month,44.46,2,0
A015149,2026-07,Month-to-month,81.45,4,0
A015150,2026-07,Month-to-month,68.19,3,0
A015151,2026-07,Month-to-month,51.19,1,0
A015152,2026-07,Month-to-month,60.71,3,0
A015153,2026-07,Month-to-month,51.83,4,0
A015154,2026-07,Month-to-month,68.4,4,0
A015155,2026-07,Month-to-month,58.29,3,0
A015156,2026-07,Month-to-month,65.42,1,0
A015157,2026-07,Month-to-month,62.35,2,0
A015158,2026-07,Month-to-month,64.78,3,0
A015159,2026-07,Month-to-month,66.54,4,0
A015160,2026-07,Month-to-month,76.67,3,0
A015161,2026-07,Month-to-month,73.95,5,0
A015162,2026-07,Month-to-month,25.7,0,0
A015163,2026-07,Month-to-month,31.41,3,0
A015164,2026-07,Month-to-month,51.66,5,0
A015165,2026-07,Month-to-month,81.06,2,0
A015166,2026-07,Month-to-month,80.35,3,0
A015167,2026-07,Month-to-month,34.87,3,0
A015168,2026-07,Month-to-month,72.75,4,0
A015169,2026-07,Month-to-month,85.98,4,0
A015170,2026-07,Month-to-month,56.08,0,0
A015171,2026-07,Month-to-month,75.54,2,0
A015172,2026-07,Month-to-month,65.48,3,0
A015173,2026-07,Month-to-month,78.28,4,0
A015174,2026-07,Month-to-month,54.6,2,0
A015175,2026-07,Month-to-month,58.57,5,0
A015176,2026-07,Month-to-month,88.09,3,0
A015177,2026-07,Month-to-month,70.67,2,0
A015178,2026-07,Month-to-month,70.0,3,0
A015179,2026-07,Month-to-month,59.83,3,0
A015180,2026-07,Month-to-month,42.19,4,0
A015181,2026-07,Month-to-month,61.5,2,0
A015182,2026-07,Month-to-month,54.01,3,0
A015183,2026-07,Month-to-month,38.23,2,0
A015184,2026-07,Month-to-month,77.43,2,0
A015185,2026-07,Month-to-month,52.36,3,0
A015186,2026-07,Month-to-month,71.13,0,0
A015187,2026-07,Month-to-month,52.74,1,0
A015188,2026-07,Month-to-month,75.49,3,0
A015189,2026-07,Month-to-month,43.2,1,0
A015190,2026-07,Month-to-month,69.71,4,0
A015191,2026-07,Month-to-month,83.07,3,0
A015192,2026-07,Month-to-month,68.65,0,0
A015193,2026-07,Month-to-month,76.21,1,0
A015194,2026-07,Month-to-month,83.34,2,0
A015195,2026-07,Month-to-month,70.31,4,0
A015196,2026-07,Month-to-month,75.03,3,0
A015197,2026-07,Month-to-month,85.29,2,0
A015198,2026-07,Month-to-month,77.87,2,0
A015199,2026-07,Month-to-month,69.29,3,0
A015200,2026-07,Month-to-month,71.04,3,1
A015201,2026-07,Month-to-month,47.66,1,0
A015202,2026-07,Month-to-month,65.64,5,0
A015203,2026-07,Month-to-month,55.17,3,0
A015204,2026-07,Month-to-month,88.78,1,0
A015205,2026-07,Month-to-month,76.79,5,0
A015206,2026-07,Month-to-month,93.32,2,0
A015207,2026-07,Month-to-month,66.7,2,0
A015208,2026-07,Month-to-month,70.96,4,0
A015209,2026-07,Month-to-month,68.85,2,0
A015210,2026-07,Month-to-month,86.61,5,0
A015211,2026-07,Month-to-month,49.06,3,0
A015212,2026-07,Month-to-month,70.37,1,0
A015213,2026-07,Month-to-month,69.94,3,0
A015214,2026-07,Month-to-month,70.21,2,0
A015215,2026-07,Month-to-month,62.26,4,0
A015216,2026-07,Month-to-month,51.79,2,0
A015217,2026-07,Month-to-month,76.66,3,0
A015218,2026-07,Month-to-month,86.24,3,0
A015219,2026-07,Month-to-month,47.13,5,0
A015220,2026-07,Month-to-month,62.53,0,0
A015221,2026-07,Month-to-month,64.33,1,0
A015222,2026-07,Month-to-month,83.42,5,0
A015223,2026-07,Month-to-month,57.41,0,0
A015224,2026-07,Month-to-month,44.71,3,0
A015225,2026-07,Month-to-month,67.15,4,0
A015226,2026-07,Month-to-month,79.53,2,0
A015227,2026-07,Month-to-month,71.92,3,0
A015228,2026-07,Month-to-month,63.27,4,0
A015229,2026-07,Month-to-month,38.24,1,0
A015230,2026-07,Month-to-month,74.1,3,0
A015231,2026-07,Month-to-month,90.45,0,0
A015232,2026-07,Month-to-month,75.39,5,0
A015233,2026-07,Month-to-month,61.96,4,0
A015234,2026-07,Month-to-month,78.1,2,0
A015235,2026-07,Month-to-month,73.69,2,0
A015236,2026-07,Month-to-month,83.63,3,0
A015237,2026-07,Month-to-month,67.95,1,0
A015238,2026-07,Month-to-month,54.68,4,0
A015239,2026-07,Month-to-month,51.75,1,0
A015240,2026-07,Month-to-month,55.15,5,0
A015241,2026-07,Month-to-month,63.35,2,0
A015242,2026-07,Month-to-month,49.84,4,0
A015243,2026-07,Month-to-month,70.02,3,0
A015244,2026-07,Month-to-month,68.25,1,0
A015245,2026-07,Month-to-month,45.59,4,0
A015246,2026-07,Month-to-month,61.78,4,0
A015247,2026-07,Month-to-month,79.73,3,0
A015248,2026-07,Month-to-month,58.09,1,0
A015249,2026-07,Month-to-month,70.11,3,0
A015250,2026-07,Month-to-month,87.61,3,0
A015251,2026-07,Month-to-month,67.99,3,0
A015252,2026-07,Month-to-month,62.34,2,0
A015253,2026-07,Month-to-month,83.43,3,0
A015254,2026-07,Month-to-month,88.2,1,0
A015255,2026-07,Month-to-month,56.4,2,0
A015256,2026-07,Month-to-month,51.44,2,0
A015257,2026-07,Month-to-month,82.11,2,0
A015258,2026-07,Month-to-month,63.95,3,0
A015259,2026-07,Month-to-month,84.6,1,0
A015260,2026-07,Month-to-month,73.38,5,0
A015261,2026-07,One-year,61.16,1,0
A015262,2026-07,One-year,64.8,1,0
A015263,2026-07,One-year,90.32,1,0
A015264,2026-07,One-year,74.3,0,0
A015265,2026-07,One-year,66.2,1,0
A015266,2026-07,One-year,84.55,0,0
A015267,2026-07,One-year,70.92,3,0
A015268,2026-07,One-year,79.73,0,0
A015269,2026-07,One-year,62.81,1,0
A015270,2026-07,One-year,98.38,2,0
A015271,2026-07,One-year,85.23,3,0
A015272,2026-07,One-year,78.27,0,0
A015273,2026-07,One-year,63.76,3,0
A015274,2026-07,One-year,79.95,1,0
A015275,2026-07,One-year,104.35,0,0
A015276,2026-07,One-year,53.56,0,0
A015277,2026-07,One-year,61.71,2,0
A015278,2026-07,One-year,58.61,0,0
A015279,2026-07,One-year,70.36,0,0
A015280,2026-07,One-year,91.31,0,0
A015281,2026-07,One-year,60.82,3,0
A015282,2026-07,One-year,58.77,0,1
A015283,2026-07,One-year,56.81,1,0
A015284,2026-07,One-year,48.15,1,0
A015285,2026-07,One-year,91.42,3,0
A015286,2026-07,One-year,72.11,2,1
A015287,2026-07,One-year,71.08,1,0
A015288,2026-07,One-year,74.53,4,0
A015289,2026-07,One-year,85.38,0,0
A015290,2026-07,One-year,86.23,2,0
A015291,2026-07,One-year,63.59,0,0
A015292,2026-07,One-year,83.26,4,0
A015293,2026-07,One-year,67.31,1,0
A015294,2026-07,One-year,78.48,2,0
A015295,2026-07,One-year,79.89,3,0
A015296,2026-07,One-year,36.94,4,0
A015297,2026-07,One-year,70.01,1,0
A015298,2026-07,One-year,55.4,3,0
A015299,2026-07,One-year,74.07,1,0
A015300,2026-07,One-year,68.64,2,0
A015301,2026-07,One-year,80.1,0,0
A015302,2026-07,One-year,85.48,1,0
A015303,2026-07,One-year,82.2,1,0
A015304,2026-07,One-year,82.11,2,0
A015305,2026-07,One-year,83.12,3,0
A015306,2026-07,One-year,68.25,0,0
A015307,2026-07,One-year,92.63,1,0
A015308,2026-07,One-year,84.39,2,0
A015309,2026-07,One-year,81.11,2,0
A015310,2026-07,One-year,97.1,0,0
A015311,2026-07,One-year,79.23,0,0
A015312,2026-07,One-year,85.32,2,0
A015313,2026-07,One-year,72.37,3,1
A015314,2026-07,One-year,63.22,2,0
A015315,2026-07,One-year,75.65,2,0
A015316,2026-07,One-year,90.15,2,0
A015317,2026-07,One-year,85.22,2,1
A015318,2026-07,One-year,76.33,2,0
A015319,2026-07,One-year,85.3,1,0
A015320,2026-07,One-year,79.42,3,0
A015321,2026-07,One-year,74.76,3,0
A015322,2026-07,One-year,97.0,0,0
A015323,2026-07,One-year,58.35,1,0
A015324,2026-07,One-year,67.01,2,0
A015325,2026-07,One-year,89.45,3,0
A015326,2026-07,One-year,75.95,3,1
A015327,2026-07,One-year,78.88,3,0
A015328,2026-07,One-year,66.88,2,0
A015329,2026-07,One-year,71.39,0,0
A015330,2026-07,One-year,74.22,0,0
A015331,2026-07,One-year,62.19,1,0
A015332,2026-07,One-year,59.56,1,0
A015333,2026-07,One-year,83.98,1,0
A015334,2026-07,One-year,71.94,1,0
A015335,2026-07,One-year,109.65,2,0
A015336,2026-07,One-year,88.61,0,0
A015337,2026-07,One-year,89.92,5,0
A015338,2026-07,One-year,88.41,1,0
A015339,2026-07,One-year,85.12,3,0
A015340,2026-07,One-year,67.81,2,0
A015341,2026-07,One-year,68.43,0,0
A015342,2026-07,One-year,73.88,3,0
A015343,2026-07,One-year,66.39,3,0
A015344,2026-07,One-year,80.05,2,0
A015345,2026-07,One-year,83.51,1,0
A015346,2026-07,One-year,56.19,0,0
A015347,2026-07,One-year,60.5,0,0
A015348,2026-07,One-year,83.94,1,0
A015349,2026-07,One-year,67.34,0,0
A015350,2026-07,One-year,67.63,0,0
A015351,2026-07,One-year,83.0,4,0
A015352,2026-07,One-year,82.14,4,0
A015353,2026-07,One-year,56.77,0,0
A015354,2026-07,One-year,42.46,1,0
A015355,2026-07,One-year,69.95,4,0
A015356,2026-07,One-year,57.76,1,0
A015357,2026-07,One-year,62.55,0,0
A015358,2026-07,One-year,82.76,3,0
A015359,2026-07,One-year,72.55,0,0
A015360,2026-07,One-year,86.36,1,0
A015361,2026-07,One-year,76.06,1,0
A015362,2026-07,One-year,74.47,1,0
A015363,2026-07,One-year,61.24,2,0
A015364,2026-07,One-year,68.21,3,1
A015365,2026-07,One-year,71.66,0,0
A015366,2026-07,One-year,84.78,3,0
A015367,2026-07,One-year,70.89,1,0
A015368,2026-07,One-year,52.35,2,0
A015369,2026-07,One-year,95.39,2,0
A015370,2026-07,One-year,81.17,2,0
A015371,2026-07,One-year,45.8,0,0
A015372,2026-07,One-year,71.33,3,0
A015373,2026-07,One-year,56.2,4,0
A015374,2026-07,One-year,79.66,1,0
A015375,2026-07,One-year,74.45,4,0
A015376,2026-07,One-year,64.57,1,1
A015377,2026-07,One-year,100.59,1,0
A015378,2026-07,One-year,74.82,2,0
A015379,2026-07,One-year,79.67,1,0
A015380,2026-07,One-year,59.89,1,0
A015381,2026-07,One-year,85.69,2,0
A015382,2026-07,One-year,72.13,0,0
A015383,2026-07,One-year,80.23,1,0
A015384,2026-07,One-year,69.94,3,1
A015385,2026-07,One-year,64.6,3,0
A015386,2026-07,One-year,66.84,1,0
A015387,2026-07,One-year,79.56,1,0
A015388,2026-07,One-year,81.86,2,0
A015389,2026-07,One-year,76.12,3,0
A015390,2026-07,One-year,93.82,1,0
A015391,2026-07,One-year,50.13,0,0
A015392,2026-07,One-year,98.18,0,0
A015393,2026-07,One-year,57.12,2,0
A015394,2026-07,One-year,88.03,1,0
A015395,2026-07,One-year,74.26,2,0
A015396,2026-07,One-year,89.36,1,0
A015397,2026-07,One-year,53.95,3,0
A015398,2026-07,One-year,85.64,2,0
A015399,2026-07,One-year,58.6,4,0
A015400,2026-07,One-year,94.28,2,0
A015401,2026-07,One-year,93.97,2,0
A015402,2026-07,One-year,71.74,4,0
A015403,2026-07,One-year,93.19,0,0
A015404,2026-07,One-year,66.24,2,0
A015405,2026-07,One-year,50.54,1,0
A015406,2026-07,One-year,91.73,1,0
A015407,2026-07,One-year,70.06,0,0
A015408,2026-07,One-year,83.36,2,0
A015409,2026-07,One-year,115.32,3,0
A015410,2026-07,One-year,53.59,3,0
A015411,2026-07,One-year,67.95,1,0
A015412,2026-07,One-year,100.85,3,0
A015413,2026-07,One-year,51.02,0,0
A015414,2026-07,One-year,77.27,3,0
A015415,2026-07,One-year,90.54,0,0
A015416,2026-07,One-year,62.41,3,0
A015417,2026-07,One-year,50.23,1,0
A015418,2026-07,One-year,83.69,2,0
A015419,2026-07,One-year,86.58,2,0
A015420,2026-07,One-year,66.04,1,0
A015421,2026-07,One-year,107.33,3,0
A015422,2026-07,One-year,69.55,3,0
A015423,2026-07,One-year,72.58,4,0
A015424,2026-07,One-year,52.87,2,1
A015425,2026-07,One-year,82.84,0,0
A015426,2026-07,One-year,71.98,2,0
A015427,2026-07,One-year,64.5,0,0
A015428,2026-07,One-year,81.85,0,0
A015429,2026-07,One-year,50.07,2,0
A015430,2026-07,One-year,84.99,1,0
A015431,2026-07,One-year,87.89,2,0
A015432,2026-07,One-year,75.47,2,0
A015433,2026-07,One-year,51.74,2,0
A015434,2026-07,One-year,73.77,2,0
A015435,2026-07,One-year,86.36,2,0
A015436,2026-07,One-year,83.12,0,0
A015437,2026-07,One-year,92.82,0,0
A015438,2026-07,One-year,48.89,5,0
A015439,2026-07,One-year,109.74,1,0
A015440,2026-07,One-year,79.29,1,0
A015441,2026-07,One-year,78.6,1,0
A015442,2026-07,One-year,82.45,4,0
A015443,2026-07,One-year,75.3,0,0
A015444,2026-07,One-year,66.37,4,0
A015445,2026-07,One-year,91.51,1,0
A015446,2026-07,One-year,63.28,0,0
A015447,2026-07,One-year,67.11,0,0
A015448,2026-07,One-year,51.93,2,0
A015449,2026-07,One-year,65.23,2,0
A015450,2026-07,One-year,59.0,2,0
A015451,2026-07,One-year,96.49,0,0
A015452,2026-07,One-year,88.74,0,0
A015453,2026-07,One-year,55.86,2,0
A015454,2026-07,One-year,73.89,3,0
A015455,2026-07,One-year,57.71,0,0
A015456,2026-07,One-year,84.9,1,0
A015457,2026-07,One-year,89.27,3,0
A015458,2026-07,One-year,96.86,2,0
A015459,2026-07,One-year,77.99,0,0
A015460,2026-07,One-year,76.86,0,0
A015461,2026-07,One-year,86.61,3,0
A015462,2026-07,One-year,66.95,0,0
A015463,2026-07,One-year,54.22,3,0
A015464,2026-07,One-year,75.95,2,0
A015465,2026-07,One-year,37.53,0,0
A015466,2026-07,One-year,108.37,0,0
A015467,2026-07,One-year,51.86,2,0
A015468,2026-07,One-year,89.73,0,0
A015469,2026-07,One-year,65.36,2,0
A015470,2026-07,One-year,67.42,3,0
A015471,2026-07,One-year,65.67,0,0
A015472,2026-07,One-year,60.83,2,0
A015473,2026-07,One-year,83.47,2,0
A015474,2026-07,One-year,104.95,1,0
A015475,2026-07,One-year,53.52,1,0
A015476,2026-07,One-year,59.44,2,0
A015477,2026-07,One-year,77.18,2,0
A015478,2026-07,One-year,54.66,2,0
A015479,2026-07,One-year,88.26,1,0
A015480,2026-07,One-year,70.88,2,0
A015481,2026-07,One-year,52.6,1,0
A015482,2026-07,One-year,75.62,1,0
A015483,2026-07,One-year,73.88,2,0
A015484,2026-07,One-year,72.95,0,0
A015485,2026-07,One-year,78.08,2,0
A015486,2026-07,One-year,81.28,3,0
A015487,2026-07,One-year,41.3,2,0
A015488,2026-07,One-year,77.17,2,0
A015489,2026-07,One-year,106.12,4,0
A015490,2026-07,One-year,45.02,0,0
A015491,2026-07,One-year,67.78,2,0
A015492,2026-07,One-year,63.17,1,0
A015493,2026-07,One-year,74.95,2,0
A015494,2026-07,One-year,64.54,1,0
A015495,2026-07,One-year,77.86,1,0
A015496,2026-07,One-year,70.67,2,0
A015497,2026-07,One-year,73.6,0,0
A015498,2026-07,One-year,78.81,4,0
A015499,2026-07,One-year,74.84,1,0
A015500,2026-07,One-year,68.06,1,0
A015501,2026-07,One-year,65.44,0,0
A015502,2026-07,One-year,64.52,1,0
A015503,2026-07,One-year,74.4,0,0
A015504,2026-07,One-year,61.0,1,0
A015505,2026-07,One-year,65.3,3,0
A015506,2026-07,One-year,97.12,1,0
A015507,2026-07,One-year,90.17,4,0
A015508,2026-07,One-year,76.74,0,0
A015509,2026-07,One-year,94.55,2,0
A015510,2026-07,One-year,76.49,1,0
A015511,2026-07,One-year,54.02,5,0
A015512,2026-07,One-year,75.59,2,0
A015513,2026-07,One-year,100.24,2,0
A015514,2026-07,One-year,53.78,1,0
A015515,2026-07,One-year,81.56,2,0
A015516,2026-07,One-year,75.51,2,0
A015517,2026-07,One-year,87.82,0,0
A015518,2026-07,One-year,73.84,3,0
A015519,2026-07,One-year,74.31,4,0
A015520,2026-07,One-year,81.95,3,0
A015521,2026-07,One-year,84.23,1,0
A015522,2026-07,One-year,72.71,2,0
A015523,2026-07,One-year,72.9,0,0
A015524,2026-07,One-year,86.04,2,0
A015525,2026-07,One-year,59.97,3,0
A015526,2026-07,One-year,70.5,3,1
A015527,2026-07,One-year,69.74,0,0
A015528,2026-07,One-year,80.0,2,0
A015529,2026-07,One-year,78.64,1,0
A015530,2026-07,One-year,83.57,0,0
A015531,2026-07,One-year,55.46,0,0
A015532,2026-07,One-year,79.9,2,0
A015533,2026-07,One-year,73.13,3,0
A015534,2026-07,One-year,85.74,0,0
A015535,2026-07,One-year,82.66,2,0
A015536,2026-07,One-year,60.9,0,0
A015537,2026-07,One-year,61.45,2,0
A015538,2026-07,One-year,60.92,3,0
A015539,2026-07,One-year,61.46,1,0
A015540,2026-07,One-year,59.19,0,0
A015541,2026-07,One-year,58.05,0,0
A015542,2026-07,One-year,76.23,1,0
A015543,2026-07,One-year,80.94,0,0
A015544,2026-07,One-year,56.96,2,0
A015545,2026-07,One-year,80.19,2,0
A015546,2026-07,One-year,57.55,2,0
A015547,2026-07,One-year,64.59,1,0
A015548,2026-07,One-year,72.03,3,0
A015549,2026-07,One-year,74.75,4,0
A015550,2026-07,One-year,48.94,2,0
A015551,2026-07,One-year,85.44,1,0
A015552,2026-07,One-year,52.52,1,0
A015553,2026-07,One-year,65.77,1,0
A015554,2026-07,One-year,61.26,0,0
A015555,2026-07,One-year,98.28,2,0
A015556,2026-07,One-year,53.15,4,0
A015557,2026-07,One-year,71.7,2,0
A015558,2026-07,One-year,84.77,1,0
A015559,2026-07,One-year,92.15,1,0
A015560,2026-07,One-year,43.84,3,0
A015561,2026-07,One-year,89.49,2,0
A015562,2026-07,One-year,107.36,3,0
A015563,2026-07,One-year,85.94,1,0
A015564,2026-07,One-year,58.09,1,0
A015565,2026-07,One-year,46.38,0,0
A015566,2026-07,One-year,60.35,2,0
A015567,2026-07,One-year,63.0,1,0
A015568,2026-07,One-year,87.38,4,0
A015569,2026-07,One-year,62.63,0,0
A015570,2026-07,One-year,61.53,0,0
A015571,2026-07,One-year,73.99,2,0
A015572,2026-07,One-year,87.31,2,0
A015573,2026-07,One-year,79.61,0,0
A015574,2026-07,One-year,85.57,2,0
A015575,2026-07,One-year,81.58,4,0
A015576,2026-07,One-year,74.09,1,0
A015577,2026-07,One-year,64.38,2,0
A015578,2026-07,One-year,57.13,0,0
A015579,2026-07,One-year,83.39,2,0
A015580,2026-07,One-year,85.8,0,0
A015581,2026-07,One-year,63.84,1,0
A015582,2026-07,One-year,104.03,3,0
A015583,2026-07,One-year,94.96,1,0
A015584,2026-07,One-year,88.07,1,0
A015585,2026-07,One-year,92.03,1,0
A015586,2026-07,One-year,60.84,0,0
A015587,2026-07,One-year,94.32,2,0
A015588,2026-07,One-year,104.25,1,0
A015589,2026-07,One-year,60.36,3,0
A015590,2026-07,One-year,52.8,3,0
A015591,2026-07,One-year,82.59,0,0
A015592,2026-07,One-year,74.2,4,0
A015593,2026-07,One-year,77.75,4,0
A015594,2026-07,One-year,76.51,1,0
A015595,2026-07,One-year,71.28,0,0
A015596,2026-07,One-year,63.51,2,0
A015597,2026-07,One-year,66.17,0,0
A015598,2026-07,One-year,55.65,1,0
A015599,2026-07,One-year,63.87,3,0
A015600,2026-07,One-year,79.89,0,0
A015601,2026-07,One-year,65.8,1,0
A015602,2026-07,One-year,76.58,0,0
A015603,2026-07,One-year,63.47,5,0
A015604,2026-07,One-year,99.67,4,0
A015605,2026-07,One-year,79.94,1,0
A015606,2026-07,One-year,56.56,2,0
A015607,2026-07,One-year,78.81,1,0
A015608,2026-07,One-year,70.27,3,0
A015609,2026-07,One-year,90.91,0,0
A015610,2026-07,One-year,78.17,1,0
A015611,2026-07,One-year,51.54,2,0
A015612,2026-07,One-year,64.98,2,0
A015613,2026-07,One-year,59.01,4,0
A015614,2026-07,One-year,63.46,1,0
A015615,2026-07,One-year,93.48,1,0
A015616,2026-07,One-year,51.0,2,0
A015617,2026-07,One-year,55.39,1,1
A015618,2026-07,One-year,68.21,1,0
A015619,2026-07,One-year,78.51,1,0
A015620,2026-07,One-year,74.07,3,0
A015621,2026-07,One-year,76.95,1,0
A015622,2026-07,One-year,82.13,3,0
A015623,2026-07,One-year,90.89,1,0
A015624,2026-07,One-year,72.09,4,0
A015625,2026-07,One-year,97.34,2,0
A015626,2026-07,One-year,61.73,2,0
A015627,2026-07,One-year,87.87,2,0
A015628,2026-07,One-year,99.62,2,0
A015629,2026-07,One-year,53.74,1,0
A015630,2026-07,One-year,51.87,0,0
A015631,2026-07,One-year,72.54,3,0
A015632,2026-07,One-year,59.18,1,0
A015633,2026-07,One-year,82.08,2,0
A015634,2026-07,One-year,61.87,4,0
A015635,2026-07,One-year,84.93,2,0
A015636,2026-07,One-year,91.22,2,0
A015637,2026-07,One-year,61.75,2,0
A015638,2026-07,One-year,54.43,2,0
A015639,2026-07,One-year,83.86,2,0
A015640,2026-07,One-year,73.59,2,0
A015641,2026-07,One-year,80.61,1,0
A015642,2026-07,One-year,75.66,1,0
A015643,2026-07,One-year,56.31,2,0
A015644,2026-07,One-year,84.45,0,0
A015645,2026-07,One-year,72.07,1,0
A015646,2026-07,One-year,85.56,1,0
A015647,2026-07,One-year,104.04,2,0
A015648,2026-07,One-year,89.73,0,0
A015649,2026-07,One-year,57.28,1,0
A015650,2026-07,One-year,71.39,1,0
A015651,2026-07,One-year,98.92,0,0
A015652,2026-07,One-year,96.38,0,0
A015653,2026-07,One-year,76.67,1,0
A015654,2026-07,One-year,76.63,4,0
A015655,2026-07,One-year,55.78,0,0
A015656,2026-07,One-year,88.83,1,0
A015657,2026-07,One-year,63.45,1,0
A015658,2026-07,One-year,99.82,1,0
A015659,2026-07,One-year,43.83,1,0
A015660,2026-07,One-year,54.79,0,0
A015661,2026-07,One-year,67.05,1,0
A015662,2026-07,One-year,68.29,1,0
A015663,2026-07,One-year,47.69,0,0
A015664,2026-07,One-year,74.18,1,0
A015665,2026-07,One-year,39.03,0,0
A015666,2026-07,One-year,76.41,0,0
A015667,2026-07,One-year,96.07,0,0
A015668,2026-07,One-year,84.4,2,0
A015669,2026-07,One-year,61.05,1,0
A015670,2026-07,One-year,52.54,4,0
A015671,2026-07,One-year,82.88,3,0
A015672,2026-07,One-year,84.25,0,0
A015673,2026-07,One-year,77.85,1,0
A015674,2026-07,One-year,25,2,0
A015675,2026-07,One-year,92.04,1,0
A015676,2026-07,One-year,69.07,3,0
A015677,2026-07,One-year,73.12,0,0
A015678,2026-07,One-year,55.15,1,0
A015679,2026-07,One-year,85.11,0,0
A015680,2026-07,One-year,80.47,1,0
A015681,2026-07,One-year,71.12,3,0
A015682,2026-07,One-year,65.08,1,0
A015683,2026-07,One-year,77.75,1,0
A015684,2026-07,One-year,79.62,0,0
A015685,2026-07,One-year,66.51,1,0
A015686,2026-07,One-year,74.87,4,0
A015687,2026-07,One-year,56.72,1,0
A015688,2026-07,One-year,61.09,0,0
A015689,2026-07,One-year,46.74,3,0
A015690,2026-07,One-year,58.42,3,0
A015691,2026-07,Two-year,87.64,0,0
A015692,2026-07,Two-year,82.81,0,0
A015693,2026-07,Two-year,70.99,3,0
A015694,2026-07,Two-year,66.07,0,0
A015695,2026-07,Two-year,96.99,0,0
A015696,2026-07,Two-year,75.55,2,0
A015697,2026-07,Two-year,86.96,1,0
A015698,2026-07,Two-year,63.44,2,0
A015699,2026-07,Two-year,103.19,0,0
A015700,2026-07,Two-year,75.5,1,0
A015701,2026-07,Two-year,84.99,0,0
A015702,2026-07,Two-year,69.96,3,0
A015703,2026-07,Two-year,75.98,0,1
A015704,2026-07,Two-year,87.77,1,0
A015705,2026-07,Two-year,99.09,3,0
A015706,2026-07,Two-year,72.69,1,0
A015707,2026-07,Two-year,101.54,2,0
A015708,2026-07,Two-year,76.15,0,0
A015709,2026-07,Two-year,69.18,5,0
A015710,2026-07,Two-year,57.86,2,0
A015711,2026-07,Two-year,87.04,3,0
A015712,2026-07,Two-year,67.46,0,0
A015713,2026-07,Two-year,91.15,2,0
A015714,2026-07,Two-year,107.26,0,0
A015715,2026-07,Two-year,65.05,1,0
A015716,2026-07,Two-year,91.18,0,0
A015717,2026-07,Two-year,87.33,1,0
A015718,2026-07,Two-year,82.65,2,0
A015719,2026-07,Two-year,87.74,2,0
A015720,2026-07,Two-year,69.95,2,0
A015721,2026-07,Two-year,64.99,4,0
A015722,2026-07,Two-year,67.77,1,0
A015723,2026-07,Two-year,69.57,1,0
A015724,2026-07,Two-year,104.63,2,0
A015725,2026-07,Two-year,67.75,0,0
A015726,2026-07,Two-year,100.71,0,0
A015727,2026-07,Two-year,90.72,0,0
A015728,2026-07,Two-year,74.89,0,0
A015729,2026-07,Two-year,61.6,1,0
A015730,2026-07,Two-year,68.09,0,0
A015731,2026-07,Two-year,85.63,2,0
A015732,2026-07,Two-year,89.34,3,0
A015733,2026-07,Two-year,79.67,3,0
A015734,2026-07,Two-year,58.59,2,0
A015735,2026-07,Two-year,69.83,2,0
A015736,2026-07,Two-year,77.37,1,0
A015737,2026-07,Two-year,93.7,0,0
A015738,2026-07,Two-year,68.43,0,0
A015739,2026-07,Two-year,88.34,0,0
A015740,2026-07,Two-year,80.73,0,0
A015741,2026-07,Two-year,83.42,0,0
A015742,2026-07,Two-year,102.76,1,0
A015743,2026-07,Two-year,88.85,1,0
A015744,2026-07,Two-year,84.82,0,0
A015745,2026-07,Two-year,81.61,1,0
A015746,2026-07,Two-year,81.39,1,0
A015747,2026-07,Two-year,95.29,2,0
A015748,2026-07,Two-year,85.84,1,0
A015749,2026-07,Two-year,96.3,1,0
A015750,2026-07,Two-year,87.84,0,0
A015751,2026-07,Two-year,70.18,3,0
A015752,2026-07,Two-year,96.94,2,0
A015753,2026-07,Two-year,77.7,0,0
A015754,2026-07,Two-year,95.96,1,0
A015755,2026-07,Two-year,94.97,1,0
A015756,2026-07,Two-year,80.78,0,0
A015757,2026-07,Two-year,88.33,1,0
A015758,2026-07,Two-year,69.92,1,0
A015759,2026-07,Two-year,78.65,3,0
A015760,2026-07,Two-year,87.05,0,0
A015761,2026-07,Two-year,52.01,1,0
A015762,2026-07,Two-year,58.34,3,0
A015763,2026-07,Two-year,56.71,4,0
A015764,2026-07,Two-year,76.35,1,0
A015765,2026-07,Two-year,114.66,2,0
A015766,2026-07,Two-year,111.86,2,0
A015767,2026-07,Two-year,65.3,1,0
A015768,2026-07,Two-year,99.1,1,0
A015769,2026-07,Two-year,87.66,0,0
A015770,2026-07,Two-year,79.87,3,0
A015771,2026-07,Two-year,78.41,0,0
A015772,2026-07,Two-year,80.07,0,0
A015773,2026-07,Two-year,69.68,2,0
A015774,2026-07,Two-year,79.74,0,0
A015775,2026-07,Two-year,104.03,4,0
A015776,2026-07,Two-year,93.28,2,0
A015777,2026-07,Two-year,90.18,1,0
A015778,2026-07,Two-year,62.28,1,0
A015779,2026-07,Two-year,83.61,0,0
A015780,2026-07,Two-year,68.96,1,0
A015781,2026-07,Two-year,78.67,2,0
A015782,2026-07,Two-year,108.74,1,0
A015783,2026-07,Two-year,86.75,1,0
A015784,2026-07,Two-year,65.07,1,0
A015785,2026-07,Two-year,97.34,2,0
A015786,2026-07,Two-year,112.08,2,0
A015787,2026-07,Two-year,75.34,0,0
A015788,2026-07,Two-year,69.52,1,0
A015789,2026-07,Two-year,77.94,2,0
A015790,2026-07,Two-year,68.25,1,0
A015791,2026-07,Two-year,52.4,1,0
A015792,2026-07,Two-year,105.86,0,0
A015793,2026-07,Two-year,91.41,0,0
A015794,2026-07,Two-year,88.85,2,0
A015795,2026-07,Two-year,74.5,1,0
A015796,2026-07,Two-year,67.39,1,0
A015797,2026-07,Two-year,82.22,2,1
A015798,2026-07,Two-year,73.17,3,0
A015799,2026-07,Two-year,99.1,0,0
A015800,2026-07,Two-year,73.49,2,0
A015801,2026-07,Two-year,98.33,0,0
A015802,2026-07,Two-year,51.69,1,0
A015803,2026-07,Two-year,96.27,3,0
A015804,2026-07,Two-year,94.69,0,0
A015805,2026-07,Two-year,87.55,1,0
A015806,2026-07,Two-year,86.72,2,0
A015807,2026-07,Two-year,79.82,0,0
A015808,2026-07,Two-year,46.49,0,0
A015809,2026-07,Two-year,90.81,1,0
A015810,2026-07,Two-year,70.96,0,0
A015811,2026-07,Two-year,88.62,2,0
A015812,2026-07,Two-year,77.74,2,0
A015813,2026-07,Two-year,58.59,1,0
A015814,2026-07,Two-year,83.66,1,0
A015815,2026-07,Two-year,67.61,1,0
A015816,2026-07,Two-year,69.71,0,0
A015817,2026-07,Two-year,93.97,2,0
A015818,2026-07,Two-year,87.95,2,0
A015819,2026-07,Two-year,76.75,4,0
A015820,2026-07,Two-year,77.36,0,0
A015821,2026-07,Two-year,87.64,0,0
A015822,2026-07,Two-year,80.55,0,0
A015823,2026-07,Two-year,91.15,0,0
A015824,2026-07,Two-year,72.06,3,0
A015825,2026-07,Two-year,69.17,4,0
A015826,2026-07,Two-year,70.82,0,0
A015827,2026-07,Two-year,90.67,2,0
A015828,2026-07,Two-year,62.06,0,0
A015829,2026-07,Two-year,87.44,2,0
A015830,2026-07,Two-year,88.29,0,0
A015831,2026-07,Two-year,79.61,3,0
A015832,2026-07,Two-year,95.63,0,0
A015833,2026-07,Two-year,85.23,2,0
A015834,2026-07,Two-year,83.09,3,0
A015835,2026-07,Two-year,85.41,0,0
A015836,2026-07,Two-year,85.59,1,0
A015837,2026-07,Two-year,73.2,0,0
A015838,2026-07,Two-year,83.63,2,0
A015839,2026-07,Two-year,98.21,1,0
A015840,2026-07,Two-year,60.58,1,0
A015841,2026-07,Two-year,77.37,1,0
A015842,2026-07,Two-year,99.53,0,0
A015843,2026-07,Two-year,91.93,0,0
A015844,2026-07,Two-year,69.96,4,0
A015845,2026-07,Two-year,85.4,2,0
A015846,2026-07,Two-year,60.14,0,0
A015847,2026-07,Two-year,102.91,2,0
A015848,2026-07,Two-year,65.75,2,0
A015849,2026-07,Two-year,87.12,0,0
A015850,2026-07,Two-year,127.74,0,0
A015851,2026-07,Two-year,71.26,0,0
A015852,2026-07,Two-year,77.24,1,0
A015853,2026-07,Two-year,78.08,0,0
A015854,2026-07,Two-year,77.5,0,0
A015855,2026-07,Two-year,87.53,3,0
A015856,2026-07,Two-year,93.9,0,0
A015857,2026-07,Two-year,56.2,0,0
A015858,2026-07,Two-year,93.26,4,0
A015859,2026-07,Two-year,83.21,2,1
A015860,2026-07,Two-year,76.02,0,0
A015861,2026-07,Two-year,92.45,2,0
A015862,2026-07,Two-year,91.28,0,0
A015863,2026-07,Two-year,81.86,0,0
A015864,2026-07,Two-year,71.86,0,0
A015865,2026-07,Two-year,88.66,3,0
A015866,2026-07,Two-year,75.51,0,0
A015867,2026-07,Two-year,116.99,2,0
A015868,2026-07,Two-year,70.04,3,0
A015869,2026-07,Two-year,75.15,0,0
A015870,2026-07,Two-year,92.95,3,0
A015871,2026-07,Two-year,82.0,2,0
A015872,2026-07,Two-year,63.21,0,0
A015873,2026-07,Two-year,82.79,2,0
A015874,2026-07,Two-year,106.82,1,0
A015875,2026-07,Two-year,64.46,1,0
A015876,2026-07,Two-year,73.48,0,0
A015877,2026-07,Two-year,100.64,2,0
A015878,2026-07,Two-year,67.12,0,0
A015879,2026-07,Two-year,103.39,0,0
A015880,2026-07,Two-year,63.32,1,0
A015881,2026-07,Two-year,94.2,3,0
A015882,2026-07,Two-year,70.61,2,0
A015883,2026-07,Two-year,102.16,0,0
A015884,2026-07,Two-year,56.76,0,0
A015885,2026-07,Two-year,82.3,3,0
A015886,2026-07,Two-year,76.68,3,0
A015887,2026-07,Two-year,101.24,0,0
A015888,2026-07,Two-year,93.35,2,0
A015889,2026-07,Two-year,74.23,0,0
A015890,2026-07,Two-year,76.12,2,0
A015891,2026-07,Two-year,73.87,0,0
A015892,2026-07,Two-year,84.01,2,0
A015893,2026-07,Two-year,68.33,2,0
A015894,2026-07,Two-year,88.58,0,0
A015895,2026-07,Two-year,78.74,3,0
A015896,2026-07,Two-year,84.37,0,0
A015897,2026-07,Two-year,77.91,1,0
A015898,2026-07,Two-year,86.71,0,0
A015899,2026-07,Two-year,90.9,2,0
A015900,2026-07,Two-year,50.81,4,0
A015901,2026-07,Two-year,79.79,1,0
A015902,2026-07,Two-year,81.18,0,0
A015903,2026-07,Two-year,114.39,2,0
A015904,2026-07,Two-year,85.46,0,0
A015905,2026-07,Two-year,72.63,1,0
A015906,2026-07,Two-year,93.36,2,0
A015907,2026-07,Two-year,93.65,1,0
A015908,2026-07,Two-year,73.82,4,0
A015909,2026-07,Two-year,81.22,1,0
A015910,2026-07,Two-year,80.21,1,0
A015911,2026-07,Two-year,44.5,2,0
A015912,2026-07,Two-year,78.26,1,0
A015913,2026-07,Two-year,77.02,2,0
A015914,2026-07,Two-year,72.41,1,0
A015915,2026-07,Two-year,103.33,2,0
A015916,2026-07,Two-year,72.87,0,0
A015917,2026-07,Two-year,83.8,2,0
A015918,2026-07,Two-year,86.25,0,0
A015919,2026-07,Two-year,76.99,3,0
A015920,2026-07,Two-year,70.5,0,0
A015921,2026-07,Two-year,91.68,1,0
A015922,2026-07,Two-year,65.35,0,0
A015923,2026-07,Two-year,107.67,1,0
A015924,2026-07,Two-year,79.33,0,0
A015925,2026-07,Two-year,76.41,2,0
A015926,2026-07,Two-year,79.25,3,0
A015927,2026-07,Two-year,81.39,1,0
A015928,2026-07,Two-year,49.42,0,0
A015929,2026-07,Two-year,77.57,1,0
A015930,2026-07,Two-year,64.82,1,0
A015931,2026-07,Two-year,73.14,0,0
A015932,2026-07,Two-year,87.51,1,0
A015933,2026-07,Two-year,67.43,2,0
A015934,2026-07,Two-year,99.46,2,0
A015935,2026-07,Two-year,91.97,0,0
A015936,2026-07,Two-year,107.42,1,0
A015937,2026-07,Two-year,76.52,2,0
A015938,2026-07,Two-year,102.61,1,0
A015939,2026-07,Two-year,94.02,1,0
A015940,2026-07,Two-year,81.38,0,0
A015941,2026-07,Two-year,60.45,0,0
A015942,2026-07,Two-year,62.03,1,0
A015943,2026-07,Two-year,86.46,3,0
A015944,2026-07,Two-year,88.01,1,0
A015945,2026-07,Two-year,100.53,2,0
A015946,2026-07,Two-year,67.56,1,0
A015947,2026-07,Two-year,92.49,2,0
A015948,2026-07,Two-year,90.52,0,0
A015949,2026-07,Two-year,61.99,2,0
A015950,2026-07,Two-year,99.57,0,0
A015951,2026-07,Two-year,94.83,2,0
A015952,2026-07,Two-year,72.63,0,0
A015953,2026-07,Two-year,72.96,2,0
A015954,2026-07,Two-year,83.46,2,0
A015955,2026-07,Two-year,84.78,1,0
A015956,2026-07,Two-year,94.83,1,0
A015957,2026-07,Two-year,53.41,4,0
A015958,2026-07,Two-year,71.34,3,0
A015959,2026-07,Two-year,74.67,1,0
A015960,2026-07,Two-year,119.72,2,0
A015961,2026-07,Two-year,82.31,1,0
A015962,2026-07,Two-year,91.84,0,0
A015963,2026-07,Two-year,92.57,2,0
A015964,2026-07,Two-year,65.94,0,0
A015965,2026-07,Two-year,80.78,1,0
A015966,2026-07,Two-year,73.63,1,0
A015967,2026-07,Two-year,84.42,1,0
A015968,2026-07,Two-year,77.39,0,0
A015969,2026-07,Two-year,93.26,0,0
A015970,2026-07,Two-year,77.03,1,0
A015971,2026-07,Two-year,102.77,1,0
A015972,2026-07,Two-year,67.14,0,0
A015973,2026-07,Two-year,83.2,1,0
A015974,2026-07,Two-year,83.63,0,0
A015975,2026-07,Two-year,71.31,1,0
A015976,2026-07,Two-year,97.03,0,0
A015977,2026-07,Two-year,95.21,2,0
A015978,2026-07,Two-year,86.53,1,0
A015979,2026-07,Two-year,80.31,2,0
A015980,2026-07,Two-year,74.61,1,0
A015981,2026-07,Two-year,72.66,0,0
A015982,2026-07,Two-year,91.37,3,0
A015983,2026-07,Two-year,76.48,1,0
A015984,2026-07,Two-year,73.67,1,0
A015985,2026-07,Two-year,74.85,1,0
A015986,2026-07,Two-year,79.19,2,0
A015987,2026-07,Two-year,96.37,0,0
A015988,2026-07,Two-year,58.06,1,0
A015989,2026-07,Two-year,75.49,2,0
A015990,2026-07,Two-year,83.54,0,0
A015991,2026-07,Two-year,94.76,0,0
A015992,2026-07,Two-year,50.98,1,0
A015993,2026-07,Two-year,90.51,1,0
A015994,2026-07,Two-year,61.46,0,0
A015995,2026-07,Two-year,81.59,2,0
A015996,2026-07,Two-year,101.24,2,0
A015997,2026-07,Two-year,43.15,1,0
A015998,2026-07,Two-year,90.72,2,0
A015999,2026-07,Two-year,82.81,1,0
A016000,2026-07,Two-year,63.42,0,0
A016001,2026-07,Two-year,91.81,0,0
A016002,2026-07,Two-year,67.85,1,0
A016003,2026-07,Two-year,82.13,1,0
A016004,2026-07,Two-year,67.19,1,0
A016005,2026-07,Two-year,76.96,1,0
A016006,2026-07,Two-year,60.43,3,0
A016007,2026-07,Two-year,69.96,3,0
A016008,2026-07,Two-year,87.49,0,0
A016009,2026-07,Two-year,77.34,0,0
A016010,2026-07,Two-year,79.48,3,0
A016011,2026-07,Two-year,88.57,2,0
A016012,2026-07,Two-year,96.98,2,0
A016013,2026-07,Two-year,127.87,1,0
A016014,2026-07,Two-year,88.23,0,0
A016015,2026-07,Two-year,83.3,3,0
A016016,2026-07,Two-year,74.82,2,0
A016017,2026-07,Two-year,72.17,2,0
A016018,2026-07,Two-year,59.42,6,0
A016019,2026-07,Two-year,73.1,0,0
A016020,2026-07,Two-year,67.53,1,0
A016021,2026-07,Two-year,106.28,1,0
A016022,2026-07,Two-year,79.23,3,0
A016023,2026-07,Two-year,49.83,1,0
A016024,2026-07,Two-year,101.48,1,0
A016025,2026-07,Two-year,105.87,0,0
A016026,2026-07,Two-year,84.48,1,0
A016027,2026-07,Two-year,66.03,0,0
A016028,2026-07,Two-year,84.46,2,0
A016029,2026-07,Two-year,75.51,2,0
A016030,2026-07,Two-year,58.39,0,0
A016031,2026-07,Two-year,92.06,0,0
A016032,2026-07,Two-year,72.13,1,0
A016033,2026-07,Two-year,67.17,0,0
A016034,2026-07,Two-year,87.98,1,0
A016035,2026-07,Two-year,91.01,1,0
A016036,2026-07,Two-year,69.04,3,0
A016037,2026-07,Two-year,66.53,0,0
A016038,2026-07,Two-year,51.38,0,0
A016039,2026-07,Two-year,67.11,2,0
A016040,2026-07,Two-year,90.9,1,0
A016041,2026-07,Two-year,66.26,2,0
A016042,2026-07,Two-year,83.95,0,0
A016043,2026-07,Two-year,56.65,1,0
A016044,2026-07,Two-year,69.23,0,0
A016045,2026-07,Two-year,82.51,0,0
A016046,2026-07,Two-year,99.64,1,0
A016047,2026-07,Two-year,57.22,0,0
A016048,2026-07,Two-year,56.63,1,0
A016049,2026-07,Two-year,80.61,0,0
A016050,2026-07,Two-year,82.9,3,0
A016051,2026-07,Two-year,70.33,1,0
A016052,2026-07,Two-year,62.43,0,0
A016053,2026-07,Two-year,70.59,2,0
A016054,2026-07,Two-year,88.59,1,0
A016055,2026-07,Two-year,72.83,0,0
A016056,2026-07,Two-year,100.06,1,0
A016057,2026-07,Two-year,86.93,3,0
A016058,2026-07,Two-year,101.53,0,0
A016059,2026-07,Two-year,86.87,0,0
A016060,2026-07,Two-year,92.76,1,0
A016061,2026-07,Two-year,72.68,1,0
A016062,2026-07,Two-year,67.53,3,0
A016063,2026-07,Two-year,80.52,0,0
A016064,2026-07,Two-year,63.65,0,0
A016065,2026-07,Two-year,65.66,0,0
A016066,2026-07,Two-year,84.43,2,0
A016067,2026-07,Two-year,114.67,0,0
A016068,2026-07,Two-year,83.84,1,0
A016069,2026-07,Two-year,66.19,3,0
A016070,2026-07,Two-year,85.93,1,0
A016071,2026-07,Two-year,86.33,1,0
A016072,2026-07,Two-year,82.11,3,0
A016073,2026-07,Two-year,93.52,0,0
A016074,2026-07,Two-year,81.63,1,0
A016075,2026-07,Two-year,80.82,0,0
A016076,2026-07,Two-year,72.07,2,0
A016077,2026-07,Two-year,84.72,0,0
A016078,2026-07,Two-year,89.22,2,0
A016079,2026-07,Two-year,72.37,1,0
A016080,2026-07,Two-year,83.69,0,0
